tinker_cookbook.utils.ml_log:525 [INFO] Logging to: logs/aws/wave4/ahc039-ugttt
__main__:1657 [INFO] Active loggers: ['JsonLogger', 'PrettyPrintLogger', 'WandbLogger']
__main__:1690 [INFO] Loading base model: Qwen/Qwen3-8B (fp16)
root:227 [INFO] Loading model with precision - fp16
root:255 [INFO] loading llama compatible model - qwen3
root:49 [INFO] Adapter ensemble_0 without lr_scheduler.
root:49 [INFO] Adapter ensemble_1 without lr_scheduler.
root:49 [INFO] Adapter ensemble_2 without lr_scheduler.
root:49 [INFO] Adapter ensemble_3 without lr_scheduler.
root:49 [INFO] Adapter ensemble_4 without lr_scheduler.
tinker_cookbook.rl.ensemble:123 [INFO] Initialized 5 LoRA ensemble members (rank=16)
__main__:1779 [INFO] Training: 6 epochs, 8 groups/batch × 8 rollouts/group, K=5 adapters, γ=0.1
__main__:1784 [INFO] Parallelism: batched generation (8 seqs/batch), threaded rewards (8 workers), batched ensemble scoring
__main__:1807 [INFO] Two-phase sampling enabled: phase1_max=26000, context_window=32768, prefill_len=22, stop_ids=[151645]
__main__:1836 [INFO] [Epoch 0/6] Starting rollout phase: 8 groups × 8 rollouts
tinker_cookbook.rl.ensemble:1082 [INFO]   generate_batch_multi_adapter_two_phase: N=8 phase1_max=26000 streaming_mi=False kv_q=False
tinker_cookbook.rl.ensemble:1270 [INFO]     [gen/p1] step=2048/24800 active=8/8 mi_stopped=0
tinker_cookbook.rl.ensemble:1270 [INFO]     [gen/p1] step=4096/24800 active=8/8 mi_stopped=0
tinker_cookbook.rl.ensemble:1270 [INFO]     [gen/p1] step=6144/24800 active=8/8 mi_stopped=0
tinker_cookbook.rl.ensemble:1270 [INFO]     [gen/p1] step=8192/24800 active=8/8 mi_stopped=0
tinker_cookbook.rl.ensemble:1270 [INFO]     [gen/p1] step=10240/24800 active=8/8 mi_stopped=0
tinker_cookbook.rl.ensemble:1270 [INFO]     [gen/p1] step=12288/24800 active=8/8 mi_stopped=0
tinker_cookbook.rl.ensemble:1270 [INFO]     [gen/p1] step=14336/24800 active=4/8 mi_stopped=0
tinker_cookbook.rl.ensemble:1270 [INFO]     [gen/p1] step=16384/24800 active=4/8 mi_stopped=0
tinker_cookbook.rl.ensemble:1270 [INFO]     [gen/p1] step=18432/24800 active=3/8 mi_stopped=0
tinker_cookbook.rl.ensemble:1270 [INFO]     [gen/p1] step=20480/24800 active=1/8 mi_stopped=0
tinker_cookbook.rl.ensemble:1270 [INFO]     [gen/p1] step=22528/24800 active=1/8 mi_stopped=0
__main__:1078 [INFO]   Group 0: multi-adapter generation 8 seqs in 3082.9s
__main__:1096 [INFO]   Group 0: batched ensemble scoring in 74.8s
__main__:1108 [INFO]   Group 0: rewards computed in 256.3s
__main__:1150 [INFO]     [g0][r1/8] adapter=0 R_exec=0.0947 true_MI=0.01184 RMI=0.0118 R_total=0.0959 correct=1 tokens=13003
__main__:1150 [INFO]     [g0][r2/8] adapter=1 R_exec=0.0947 true_MI=0.01183 RMI=0.0118 R_total=0.0959 correct=1 tokens=13624
__main__:1150 [INFO]     [g0][r3/8] adapter=2 R_exec=0.2030 true_MI=0.01185 RMI=0.0119 R_total=0.2042 correct=1 tokens=19165
__main__:1150 [INFO]     [g0][r4/8] adapter=3 R_exec=0.0947 true_MI=0.01225 RMI=0.0123 R_total=0.0959 correct=1 tokens=13768
__main__:1150 [INFO]     [g0][r5/8] adapter=4 R_exec=1.0669 true_MI=0.01224 RMI=0.0122 R_total=1.0681 correct=1 tokens=19231
__main__:1150 [INFO]     [g0][r6/8] adapter=0 R_exec=0.0013 true_MI=0.01102 RMI=0.0110 R_total=0.0024 correct=1 tokens=18409
__main__:1150 [INFO]     [g0][r7/8] adapter=1 R_exec=0.0000 true_MI=0.01220 RMI=0.0122 R_total=0.0012 correct=0 tokens=23143
__main__:1150 [INFO]     [g0][r8/8] adapter=2 R_exec=0.0947 true_MI=0.01146 RMI=0.0115 R_total=0.0958 correct=1 tokens=13464
__main__:1167 [INFO]   [g0] group true_MI: mean=0.01184 std=0.00043 max=0.01225 normalized=[1.00 1.00 1.00 1.04 1.03 0.93 1.03 0.97]
tinker_cookbook.utils.ml_log:143 [INFO] Wrote metrics to logs/aws/wave4/ahc039-ugttt/metrics.jsonl
tinker_cookbook.utils.ml_log:240 [INFO] Logging to: https://wandb.ai/kriaz-msee20seecs-nust/ugttt-rebuttal/runs/1r8hc8kt
tinker_cookbook.utils.ml_log:143 [INFO] Wrote metrics to logs/aws/wave4/ahc039-ugttt/metrics.jsonl
tinker_cookbook.utils.ml_log:240 [INFO] Logging to: https://wandb.ai/kriaz-msee20seecs-nust/ugttt-rebuttal/runs/1r8hc8kt
tinker_cookbook.utils.ml_log:143 [INFO] Wrote metrics to logs/aws/wave4/ahc039-ugttt/metrics.jsonl
tinker_cookbook.utils.ml_log:240 [INFO] Logging to: https://wandb.ai/kriaz-msee20seecs-nust/ugttt-rebuttal/runs/1r8hc8kt
tinker_cookbook.utils.ml_log:143 [INFO] Wrote metrics to logs/aws/wave4/ahc039-ugttt/metrics.jsonl
tinker_cookbook.utils.ml_log:240 [INFO] Logging to: https://wandb.ai/kriaz-msee20seecs-nust/ugttt-rebuttal/runs/1r8hc8kt
tinker_cookbook.utils.ml_log:143 [INFO] Wrote metrics to logs/aws/wave4/ahc039-ugttt/metrics.jsonl
tinker_cookbook.utils.ml_log:240 [INFO] Logging to: https://wandb.ai/kriaz-msee20seecs-nust/ugttt-rebuttal/runs/1r8hc8kt
tinker_cookbook.utils.ml_log:143 [INFO] Wrote metrics to logs/aws/wave4/ahc039-ugttt/metrics.jsonl
tinker_cookbook.utils.ml_log:240 [INFO] Logging to: https://wandb.ai/kriaz-msee20seecs-nust/ugttt-rebuttal/runs/1r8hc8kt
tinker_cookbook.utils.ml_log:143 [INFO] Wrote metrics to logs/aws/wave4/ahc039-ugttt/metrics.jsonl
tinker_cookbook.utils.ml_log:240 [INFO] Logging to: https://wandb.ai/kriaz-msee20seecs-nust/ugttt-rebuttal/runs/1r8hc8kt
tinker_cookbook.utils.ml_log:143 [INFO] Wrote metrics to logs/aws/wave4/ahc039-ugttt/metrics.jsonl
tinker_cookbook.utils.ml_log:240 [INFO] Logging to: https://wandb.ai/kriaz-msee20seecs-nust/ugttt-rebuttal/runs/1r8hc8kt
__main__:1949 [INFO]   [0][1/8] KEPT | R_exec=0.2062 (max=1.0669) RMI=0.0118 R_total=0.2074 | 3339.3s | GPU: 18.2/18.9GB
tinker_cookbook.utils.ml_log:143 [INFO] Wrote metrics to logs/aws/wave4/ahc039-ugttt/metrics.jsonl
tinker_cookbook.utils.ml_log:240 [INFO] Logging to: https://wandb.ai/kriaz-msee20seecs-nust/ugttt-rebuttal/runs/1r8hc8kt
tinker_cookbook.rl.ensemble:1082 [INFO]   generate_batch_multi_adapter_two_phase: N=8 phase1_max=26000 streaming_mi=False kv_q=False
tinker_cookbook.rl.ensemble:1270 [INFO]     [gen/p1] step=2048/24800 active=8/8 mi_stopped=0
tinker_cookbook.rl.ensemble:1270 [INFO]     [gen/p1] step=4096/24800 active=8/8 mi_stopped=0
tinker_cookbook.rl.ensemble:1270 [INFO]     [gen/p1] step=6144/24800 active=8/8 mi_stopped=0
tinker_cookbook.rl.ensemble:1270 [INFO]     [gen/p1] step=8192/24800 active=8/8 mi_stopped=0
tinker_cookbook.rl.ensemble:1270 [INFO]     [gen/p1] step=10240/24800 active=8/8 mi_stopped=0
tinker_cookbook.rl.ensemble:1270 [INFO]     [gen/p1] step=12288/24800 active=7/8 mi_stopped=0
tinker_cookbook.rl.ensemble:1270 [INFO]     [gen/p1] step=14336/24800 active=6/8 mi_stopped=0
tinker_cookbook.rl.ensemble:1270 [INFO]     [gen/p1] step=16384/24800 active=4/8 mi_stopped=0
tinker_cookbook.rl.ensemble:1270 [INFO]     [gen/p1] step=18432/24800 active=1/8 mi_stopped=0
__main__:1078 [INFO]   Group 1: multi-adapter generation 8 seqs in 2198.3s
__main__:1096 [INFO]   Group 1: batched ensemble scoring in 69.7s
__main__:1108 [INFO]   Group 1: rewards computed in 109.4s
__main__:1150 [INFO]     [g1][r1/8] adapter=0 R_exec=1.0169 true_MI=0.01133 RMI=0.0113 R_total=1.0180 correct=1 tokens=17224
__main__:1150 [INFO]     [g1][r2/8] adapter=1 R_exec=0.0974 true_MI=0.01212 RMI=0.0121 R_total=0.0986 correct=1 tokens=17635
__main__:1150 [INFO]     [g1][r3/8] adapter=2 R_exec=0.0475 true_MI=0.01305 RMI=0.0130 R_total=0.0488 correct=1 tokens=18501
__main__:1150 [INFO]     [g1][r4/8] adapter=3 R_exec=1.0169 true_MI=0.01110 RMI=0.0111 R_total=1.0180 correct=1 tokens=15559
__main__:1150 [INFO]     [g1][r5/8] adapter=4 R_exec=0.0947 true_MI=0.01265 RMI=0.0127 R_total=0.0959 correct=1 tokens=11866
__main__:1150 [INFO]     [g1][r6/8] adapter=0 R_exec=0.0947 true_MI=0.01214 RMI=0.0121 R_total=0.0959 correct=1 tokens=14789
__main__:1150 [INFO]     [g1][r7/8] adapter=1 R_exec=0.0947 true_MI=0.01218 RMI=0.0122 R_total=0.0959 correct=1 tokens=13189
__main__:1150 [INFO]     [g1][r8/8] adapter=2 R_exec=0.0947 true_MI=0.01162 RMI=0.0116 R_total=0.0958 correct=1 tokens=16876
__main__:1167 [INFO]   [g1] group true_MI: mean=0.01202 std=0.00065 max=0.01305 normalized=[0.94 1.01 1.09 0.92 1.05 1.01 1.01 0.97]
tinker_cookbook.utils.ml_log:143 [INFO] Wrote metrics to logs/aws/wave4/ahc039-ugttt/metrics.jsonl
tinker_cookbook.utils.ml_log:240 [INFO] Logging to: https://wandb.ai/kriaz-msee20seecs-nust/ugttt-rebuttal/runs/1r8hc8kt
tinker_cookbook.utils.ml_log:143 [INFO] Wrote metrics to logs/aws/wave4/ahc039-ugttt/metrics.jsonl
tinker_cookbook.utils.ml_log:240 [INFO] Logging to: https://wandb.ai/kriaz-msee20seecs-nust/ugttt-rebuttal/runs/1r8hc8kt
tinker_cookbook.utils.ml_log:143 [INFO] Wrote metrics to logs/aws/wave4/ahc039-ugttt/metrics.jsonl
tinker_cookbook.utils.ml_log:240 [INFO] Logging to: https://wandb.ai/kriaz-msee20seecs-nust/ugttt-rebuttal/runs/1r8hc8kt
tinker_cookbook.utils.ml_log:143 [INFO] Wrote metrics to logs/aws/wave4/ahc039-ugttt/metrics.jsonl
tinker_cookbook.utils.ml_log:240 [INFO] Logging to: https://wandb.ai/kriaz-msee20seecs-nust/ugttt-rebuttal/runs/1r8hc8kt
tinker_cookbook.utils.ml_log:143 [INFO] Wrote metrics to logs/aws/wave4/ahc039-ugttt/metrics.jsonl
tinker_cookbook.utils.ml_log:240 [INFO] Logging to: https://wandb.ai/kriaz-msee20seecs-nust/ugttt-rebuttal/runs/1r8hc8kt
tinker_cookbook.utils.ml_log:143 [INFO] Wrote metrics to logs/aws/wave4/ahc039-ugttt/metrics.jsonl
tinker_cookbook.utils.ml_log:240 [INFO] Logging to: https://wandb.ai/kriaz-msee20seecs-nust/ugttt-rebuttal/runs/1r8hc8kt
tinker_cookbook.utils.ml_log:143 [INFO] Wrote metrics to logs/aws/wave4/ahc039-ugttt/metrics.jsonl
tinker_cookbook.utils.ml_log:240 [INFO] Logging to: https://wandb.ai/kriaz-msee20seecs-nust/ugttt-rebuttal/runs/1r8hc8kt
tinker_cookbook.utils.ml_log:143 [INFO] Wrote metrics to logs/aws/wave4/ahc039-ugttt/metrics.jsonl
tinker_cookbook.utils.ml_log:240 [INFO] Logging to: https://wandb.ai/kriaz-msee20seecs-nust/ugttt-rebuttal/runs/1r8hc8kt
__main__:1949 [INFO]   [0][2/8] KEPT | R_exec=0.3197 (max=1.0169) RMI=0.0120 R_total=0.3209 | 2307.7s | GPU: 18.2/19.0GB
tinker_cookbook.utils.ml_log:143 [INFO] Wrote metrics to logs/aws/wave4/ahc039-ugttt/metrics.jsonl
tinker_cookbook.utils.ml_log:240 [INFO] Logging to: https://wandb.ai/kriaz-msee20seecs-nust/ugttt-rebuttal/runs/1r8hc8kt
tinker_cookbook.rl.ensemble:1082 [INFO]   generate_batch_multi_adapter_two_phase: N=8 phase1_max=26000 streaming_mi=False kv_q=False
tinker_cookbook.rl.ensemble:1270 [INFO]     [gen/p1] step=2048/24800 active=8/8 mi_stopped=0
tinker_cookbook.rl.ensemble:1270 [INFO]     [gen/p1] step=4096/24800 active=8/8 mi_stopped=0
tinker_cookbook.rl.ensemble:1270 [INFO]     [gen/p1] step=6144/24800 active=8/8 mi_stopped=0
tinker_cookbook.rl.ensemble:1270 [INFO]     [gen/p1] step=8192/24800 active=8/8 mi_stopped=0
tinker_cookbook.rl.ensemble:1270 [INFO]     [gen/p1] step=10240/24800 active=8/8 mi_stopped=0
tinker_cookbook.rl.ensemble:1270 [INFO]     [gen/p1] step=12288/24800 active=8/8 mi_stopped=0
tinker_cookbook.rl.ensemble:1270 [INFO]     [gen/p1] step=14336/24800 active=7/8 mi_stopped=0
tinker_cookbook.rl.ensemble:1270 [INFO]     [gen/p1] step=16384/24800 active=4/8 mi_stopped=0
tinker_cookbook.rl.ensemble:1270 [INFO]     [gen/p1] step=18432/24800 active=3/8 mi_stopped=0
tinker_cookbook.rl.ensemble:1270 [INFO]     [gen/p1] step=20480/24800 active=2/8 mi_stopped=0
tinker_cookbook.rl.ensemble:1270 [INFO]     [gen/p1] step=22528/24800 active=1/8 mi_stopped=0
tinker_cookbook.rl.ensemble:1270 [INFO]     [gen/p1] step=24576/24800 active=1/8 mi_stopped=0
__main__:1078 [INFO]   Group 2: multi-adapter generation 8 seqs in 3854.9s
__main__:1096 [INFO]   Group 2: batched ensemble scoring in 82.2s
__main__:1108 [INFO]   Group 2: rewards computed in 100.7s
__main__:1150 [INFO]     [g2][r1/8] adapter=0 R_exec=1.0169 true_MI=0.01270 RMI=0.0127 R_total=1.0181 correct=1 tokens=26621 p1=24800 p2=1799
__main__:1150 [INFO]     [g2][r2/8] adapter=1 R_exec=0.0947 true_MI=0.01318 RMI=0.0132 R_total=0.0960 correct=1 tokens=19576
__main__:1150 [INFO]     [g2][r3/8] adapter=2 R_exec=1.0169 true_MI=0.01217 RMI=0.0122 R_total=1.0181 correct=1 tokens=17528
__main__:1150 [INFO]     [g2][r4/8] adapter=3 R_exec=0.7885 true_MI=0.01165 RMI=0.0117 R_total=0.7897 correct=1 tokens=16276
__main__:1150 [INFO]     [g2][r5/8] adapter=4 R_exec=0.0947 true_MI=0.01219 RMI=0.0122 R_total=0.0959 correct=1 tokens=13897
__main__:1150 [INFO]     [g2][r6/8] adapter=0 R_exec=0.0947 true_MI=0.01197 RMI=0.0120 R_total=0.0959 correct=1 tokens=14568
__main__:1150 [INFO]     [g2][r7/8] adapter=1 R_exec=0.0947 true_MI=0.01252 RMI=0.0125 R_total=0.0959 correct=1 tokens=16291
__main__:1150 [INFO]     [g2][r8/8] adapter=2 R_exec=1.0165 true_MI=0.01201 RMI=0.0120 R_total=1.0177 correct=1 tokens=21212
__main__:1167 [INFO]   [g2] group true_MI: mean=0.01230 std=0.00048 max=0.01318 normalized=[1.03 1.07 0.99 0.95 0.99 0.97 1.02 0.98]
tinker_cookbook.utils.ml_log:143 [INFO] Wrote metrics to logs/aws/wave4/ahc039-ugttt/metrics.jsonl
tinker_cookbook.utils.ml_log:240 [INFO] Logging to: https://wandb.ai/kriaz-msee20seecs-nust/ugttt-rebuttal/runs/1r8hc8kt
tinker_cookbook.utils.ml_log:143 [INFO] Wrote metrics to logs/aws/wave4/ahc039-ugttt/metrics.jsonl
tinker_cookbook.utils.ml_log:240 [INFO] Logging to: https://wandb.ai/kriaz-msee20seecs-nust/ugttt-rebuttal/runs/1r8hc8kt
tinker_cookbook.utils.ml_log:143 [INFO] Wrote metrics to logs/aws/wave4/ahc039-ugttt/metrics.jsonl
tinker_cookbook.utils.ml_log:240 [INFO] Logging to: https://wandb.ai/kriaz-msee20seecs-nust/ugttt-rebuttal/runs/1r8hc8kt
tinker_cookbook.utils.ml_log:143 [INFO] Wrote metrics to logs/aws/wave4/ahc039-ugttt/metrics.jsonl
tinker_cookbook.utils.ml_log:240 [INFO] Logging to: https://wandb.ai/kriaz-msee20seecs-nust/ugttt-rebuttal/runs/1r8hc8kt
tinker_cookbook.utils.ml_log:143 [INFO] Wrote metrics to logs/aws/wave4/ahc039-ugttt/metrics.jsonl
tinker_cookbook.utils.ml_log:240 [INFO] Logging to: https://wandb.ai/kriaz-msee20seecs-nust/ugttt-rebuttal/runs/1r8hc8kt
tinker_cookbook.utils.ml_log:143 [INFO] Wrote metrics to logs/aws/wave4/ahc039-ugttt/metrics.jsonl
tinker_cookbook.utils.ml_log:240 [INFO] Logging to: https://wandb.ai/kriaz-msee20seecs-nust/ugttt-rebuttal/runs/1r8hc8kt
tinker_cookbook.utils.ml_log:143 [INFO] Wrote metrics to logs/aws/wave4/ahc039-ugttt/metrics.jsonl
tinker_cookbook.utils.ml_log:240 [INFO] Logging to: https://wandb.ai/kriaz-msee20seecs-nust/ugttt-rebuttal/runs/1r8hc8kt
tinker_cookbook.utils.ml_log:143 [INFO] Wrote metrics to logs/aws/wave4/ahc039-ugttt/metrics.jsonl
tinker_cookbook.utils.ml_log:240 [INFO] Logging to: https://wandb.ai/kriaz-msee20seecs-nust/ugttt-rebuttal/runs/1r8hc8kt
__main__:1949 [INFO]   [0][3/8] KEPT | R_exec=0.5272 (max=1.0169) RMI=0.0123 R_total=0.5284 | 3955.6s | GPU: 18.2/19.2GB
tinker_cookbook.utils.ml_log:143 [INFO] Wrote metrics to logs/aws/wave4/ahc039-ugttt/metrics.jsonl
tinker_cookbook.utils.ml_log:240 [INFO] Logging to: https://wandb.ai/kriaz-msee20seecs-nust/ugttt-rebuttal/runs/1r8hc8kt
tinker_cookbook.rl.ensemble:1082 [INFO]   generate_batch_multi_adapter_two_phase: N=8 phase1_max=26000 streaming_mi=False kv_q=False
tinker_cookbook.rl.ensemble:1270 [INFO]     [gen/p1] step=2048/24800 active=8/8 mi_stopped=0
tinker_cookbook.rl.ensemble:1270 [INFO]     [gen/p1] step=4096/24800 active=8/8 mi_stopped=0
tinker_cookbook.rl.ensemble:1270 [INFO]     [gen/p1] step=6144/24800 active=8/8 mi_stopped=0
tinker_cookbook.rl.ensemble:1270 [INFO]     [gen/p1] step=8192/24800 active=8/8 mi_stopped=0
tinker_cookbook.rl.ensemble:1270 [INFO]     [gen/p1] step=10240/24800 active=8/8 mi_stopped=0
tinker_cookbook.rl.ensemble:1270 [INFO]     [gen/p1] step=12288/24800 active=6/8 mi_stopped=0
tinker_cookbook.rl.ensemble:1270 [INFO]     [gen/p1] step=14336/24800 active=4/8 mi_stopped=0
tinker_cookbook.rl.ensemble:1270 [INFO]     [gen/p1] step=16384/24800 active=1/8 mi_stopped=0
tinker_cookbook.rl.ensemble:1270 [INFO]     [gen/p1] step=18432/24800 active=1/8 mi_stopped=0
tinker_cookbook.rl.ensemble:1270 [INFO]     [gen/p1] step=20480/24800 active=1/8 mi_stopped=0
tinker_cookbook.rl.ensemble:1270 [INFO]     [gen/p1] step=22528/24800 active=1/8 mi_stopped=0
__main__:1078 [INFO]   Group 3: multi-adapter generation 8 seqs in 3106.8s
__main__:1096 [INFO]   Group 3: batched ensemble scoring in 66.2s
__main__:1108 [INFO]   Group 3: rewards computed in 136.9s
__main__:1150 [INFO]     [g3][r1/8] adapter=0 R_exec=0.0947 true_MI=0.01201 RMI=0.0120 R_total=0.0959 correct=1 tokens=15146
__main__:1150 [INFO]     [g3][r2/8] adapter=1 R_exec=0.0947 true_MI=0.01212 RMI=0.0121 R_total=0.0959 correct=1 tokens=14262
__main__:1150 [INFO]     [g3][r3/8] adapter=2 R_exec=0.0947 true_MI=0.01168 RMI=0.0117 R_total=0.0959 correct=1 tokens=15103
__main__:1150 [INFO]     [g3][r4/8] adapter=3 R_exec=0.0000 true_MI=0.01173 RMI=0.0117 R_total=0.0012 correct=0 tokens=23217
__main__:1150 [INFO]     [g3][r5/8] adapter=4 R_exec=0.0000 true_MI=0.01234 RMI=0.0123 R_total=0.0012 correct=0 tokens=15721
__main__:1150 [INFO]     [g3][r6/8] adapter=0 R_exec=0.0013 true_MI=0.01197 RMI=0.0120 R_total=0.0025 correct=1 tokens=13861
__main__:1150 [INFO]     [g3][r7/8] adapter=1 R_exec=0.0947 true_MI=0.01254 RMI=0.0125 R_total=0.0959 correct=1 tokens=10613
__main__:1150 [INFO]     [g3][r8/8] adapter=2 R_exec=0.0947 true_MI=0.01195 RMI=0.0120 R_total=0.0959 correct=1 tokens=11003
__main__:1167 [INFO]   [g3] group true_MI: mean=0.01204 std=0.00029 max=0.01254 normalized=[1.00 1.01 0.97 0.97 1.02 0.99 1.04 0.99]
tinker_cookbook.utils.ml_log:143 [INFO] Wrote metrics to logs/aws/wave4/ahc039-ugttt/metrics.jsonl
tinker_cookbook.utils.ml_log:240 [INFO] Logging to: https://wandb.ai/kriaz-msee20seecs-nust/ugttt-rebuttal/runs/1r8hc8kt
tinker_cookbook.utils.ml_log:143 [INFO] Wrote metrics to logs/aws/wave4/ahc039-ugttt/metrics.jsonl
tinker_cookbook.utils.ml_log:240 [INFO] Logging to: https://wandb.ai/kriaz-msee20seecs-nust/ugttt-rebuttal/runs/1r8hc8kt
tinker_cookbook.utils.ml_log:143 [INFO] Wrote metrics to logs/aws/wave4/ahc039-ugttt/metrics.jsonl
tinker_cookbook.utils.ml_log:240 [INFO] Logging to: https://wandb.ai/kriaz-msee20seecs-nust/ugttt-rebuttal/runs/1r8hc8kt
tinker_cookbook.utils.ml_log:143 [INFO] Wrote metrics to logs/aws/wave4/ahc039-ugttt/metrics.jsonl
tinker_cookbook.utils.ml_log:240 [INFO] Logging to: https://wandb.ai/kriaz-msee20seecs-nust/ugttt-rebuttal/runs/1r8hc8kt
tinker_cookbook.utils.ml_log:143 [INFO] Wrote metrics to logs/aws/wave4/ahc039-ugttt/metrics.jsonl
tinker_cookbook.utils.ml_log:240 [INFO] Logging to: https://wandb.ai/kriaz-msee20seecs-nust/ugttt-rebuttal/runs/1r8hc8kt
tinker_cookbook.utils.ml_log:143 [INFO] Wrote metrics to logs/aws/wave4/ahc039-ugttt/metrics.jsonl
tinker_cookbook.utils.ml_log:240 [INFO] Logging to: https://wandb.ai/kriaz-msee20seecs-nust/ugttt-rebuttal/runs/1r8hc8kt
tinker_cookbook.utils.ml_log:143 [INFO] Wrote metrics to logs/aws/wave4/ahc039-ugttt/metrics.jsonl
tinker_cookbook.utils.ml_log:240 [INFO] Logging to: https://wandb.ai/kriaz-msee20seecs-nust/ugttt-rebuttal/runs/1r8hc8kt
tinker_cookbook.utils.ml_log:143 [INFO] Wrote metrics to logs/aws/wave4/ahc039-ugttt/metrics.jsonl
tinker_cookbook.utils.ml_log:240 [INFO] Logging to: https://wandb.ai/kriaz-msee20seecs-nust/ugttt-rebuttal/runs/1r8hc8kt
__main__:1949 [INFO]   [0][4/8] KEPT | R_exec=0.0593 (max=0.0947) RMI=0.0120 R_total=0.0605 | 3243.7s | GPU: 18.2/18.8GB
tinker_cookbook.utils.ml_log:143 [INFO] Wrote metrics to logs/aws/wave4/ahc039-ugttt/metrics.jsonl
tinker_cookbook.utils.ml_log:240 [INFO] Logging to: https://wandb.ai/kriaz-msee20seecs-nust/ugttt-rebuttal/runs/1r8hc8kt
tinker_cookbook.rl.ensemble:1082 [INFO]   generate_batch_multi_adapter_two_phase: N=8 phase1_max=26000 streaming_mi=False kv_q=False
tinker_cookbook.rl.ensemble:1270 [INFO]     [gen/p1] step=2048/24800 active=8/8 mi_stopped=0
tinker_cookbook.rl.ensemble:1270 [INFO]     [gen/p1] step=4096/24800 active=8/8 mi_stopped=0
tinker_cookbook.rl.ensemble:1270 [INFO]     [gen/p1] step=6144/24800 active=8/8 mi_stopped=0
tinker_cookbook.rl.ensemble:1270 [INFO]     [gen/p1] step=8192/24800 active=8/8 mi_stopped=0
tinker_cookbook.rl.ensemble:1270 [INFO]     [gen/p1] step=10240/24800 active=8/8 mi_stopped=0
tinker_cookbook.rl.ensemble:1270 [INFO]     [gen/p1] step=12288/24800 active=8/8 mi_stopped=0
tinker_cookbook.rl.ensemble:1270 [INFO]     [gen/p1] step=14336/24800 active=7/8 mi_stopped=0
tinker_cookbook.rl.ensemble:1270 [INFO]     [gen/p1] step=16384/24800 active=4/8 mi_stopped=0
tinker_cookbook.rl.ensemble:1270 [INFO]     [gen/p1] step=18432/24800 active=4/8 mi_stopped=0
tinker_cookbook.rl.ensemble:1270 [INFO]     [gen/p1] step=20480/24800 active=2/8 mi_stopped=0
__main__:1078 [INFO]   Group 4: multi-adapter generation 8 seqs in 2846.7s
__main__:1096 [INFO]   Group 4: batched ensemble scoring in 78.7s
__main__:1108 [INFO]   Group 4: rewards computed in 236.2s
__main__:1150 [INFO]     [g4][r1/8] adapter=0 R_exec=0.0947 true_MI=0.01141 RMI=0.0114 R_total=0.0958 correct=1 tokens=15423
__main__:1150 [INFO]     [g4][r2/8] adapter=1 R_exec=0.0000 true_MI=0.01198 RMI=0.0120 R_total=0.0012 correct=0 tokens=18920
__main__:1150 [INFO]     [g4][r3/8] adapter=2 R_exec=0.0000 true_MI=0.01207 RMI=0.0121 R_total=0.0012 correct=0 tokens=21945
__main__:1150 [INFO]     [g4][r4/8] adapter=3 R_exec=0.0947 true_MI=0.01246 RMI=0.0125 R_total=0.0959 correct=1 tokens=15314
__main__:1150 [INFO]     [g4][r5/8] adapter=4 R_exec=0.1505 true_MI=0.01269 RMI=0.0127 R_total=0.1517 correct=1 tokens=13114
__main__:1150 [INFO]     [g4][r6/8] adapter=0 R_exec=1.0169 true_MI=0.01168 RMI=0.0117 R_total=1.0180 correct=1 tokens=15550
__main__:1150 [INFO]     [g4][r7/8] adapter=1 R_exec=0.0000 true_MI=0.01151 RMI=0.0115 R_total=0.0012 correct=0 tokens=21448
__main__:1150 [INFO]     [g4][r8/8] adapter=2 R_exec=0.3195 true_MI=0.01109 RMI=0.0111 R_total=0.3206 correct=1 tokens=18981
__main__:1167 [INFO]   [g4] group true_MI: mean=0.01186 std=0.00054 max=0.01269 normalized=[0.96 1.01 1.02 1.05 1.07 0.98 0.97 0.93]
tinker_cookbook.utils.ml_log:143 [INFO] Wrote metrics to logs/aws/wave4/ahc039-ugttt/metrics.jsonl
tinker_cookbook.utils.ml_log:240 [INFO] Logging to: https://wandb.ai/kriaz-msee20seecs-nust/ugttt-rebuttal/runs/1r8hc8kt
tinker_cookbook.utils.ml_log:143 [INFO] Wrote metrics to logs/aws/wave4/ahc039-ugttt/metrics.jsonl
tinker_cookbook.utils.ml_log:240 [INFO] Logging to: https://wandb.ai/kriaz-msee20seecs-nust/ugttt-rebuttal/runs/1r8hc8kt
tinker_cookbook.utils.ml_log:143 [INFO] Wrote metrics to logs/aws/wave4/ahc039-ugttt/metrics.jsonl
tinker_cookbook.utils.ml_log:240 [INFO] Logging to: https://wandb.ai/kriaz-msee20seecs-nust/ugttt-rebuttal/runs/1r8hc8kt
tinker_cookbook.utils.ml_log:143 [INFO] Wrote metrics to logs/aws/wave4/ahc039-ugttt/metrics.jsonl
tinker_cookbook.utils.ml_log:240 [INFO] Logging to: https://wandb.ai/kriaz-msee20seecs-nust/ugttt-rebuttal/runs/1r8hc8kt
tinker_cookbook.utils.ml_log:143 [INFO] Wrote metrics to logs/aws/wave4/ahc039-ugttt/metrics.jsonl
tinker_cookbook.utils.ml_log:240 [INFO] Logging to: https://wandb.ai/kriaz-msee20seecs-nust/ugttt-rebuttal/runs/1r8hc8kt
tinker_cookbook.utils.ml_log:143 [INFO] Wrote metrics to logs/aws/wave4/ahc039-ugttt/metrics.jsonl
tinker_cookbook.utils.ml_log:240 [INFO] Logging to: https://wandb.ai/kriaz-msee20seecs-nust/ugttt-rebuttal/runs/1r8hc8kt
tinker_cookbook.utils.ml_log:143 [INFO] Wrote metrics to logs/aws/wave4/ahc039-ugttt/metrics.jsonl
tinker_cookbook.utils.ml_log:240 [INFO] Logging to: https://wandb.ai/kriaz-msee20seecs-nust/ugttt-rebuttal/runs/1r8hc8kt
tinker_cookbook.utils.ml_log:143 [INFO] Wrote metrics to logs/aws/wave4/ahc039-ugttt/metrics.jsonl
tinker_cookbook.utils.ml_log:240 [INFO] Logging to: https://wandb.ai/kriaz-msee20seecs-nust/ugttt-rebuttal/runs/1r8hc8kt
__main__:1949 [INFO]   [0][5/8] KEPT | R_exec=0.2095 (max=1.0169) RMI=0.0119 R_total=0.2107 | 3083.0s | GPU: 18.2/19.1GB
tinker_cookbook.utils.ml_log:143 [INFO] Wrote metrics to logs/aws/wave4/ahc039-ugttt/metrics.jsonl
tinker_cookbook.utils.ml_log:240 [INFO] Logging to: https://wandb.ai/kriaz-msee20seecs-nust/ugttt-rebuttal/runs/1r8hc8kt
tinker_cookbook.rl.ensemble:1082 [INFO]   generate_batch_multi_adapter_two_phase: N=8 phase1_max=26000 streaming_mi=False kv_q=False
tinker_cookbook.rl.ensemble:1270 [INFO]     [gen/p1] step=2048/24800 active=8/8 mi_stopped=0
tinker_cookbook.rl.ensemble:1270 [INFO]     [gen/p1] step=4096/24800 active=8/8 mi_stopped=0
tinker_cookbook.rl.ensemble:1270 [INFO]     [gen/p1] step=6144/24800 active=8/8 mi_stopped=0
tinker_cookbook.rl.ensemble:1270 [INFO]     [gen/p1] step=8192/24800 active=8/8 mi_stopped=0
tinker_cookbook.rl.ensemble:1270 [INFO]     [gen/p1] step=10240/24800 active=8/8 mi_stopped=0
tinker_cookbook.rl.ensemble:1270 [INFO]     [gen/p1] step=12288/24800 active=8/8 mi_stopped=0
tinker_cookbook.rl.ensemble:1270 [INFO]     [gen/p1] step=14336/24800 active=6/8 mi_stopped=0
tinker_cookbook.rl.ensemble:1270 [INFO]     [gen/p1] step=16384/24800 active=5/8 mi_stopped=0
tinker_cookbook.rl.ensemble:1270 [INFO]     [gen/p1] step=18432/24800 active=4/8 mi_stopped=0
tinker_cookbook.rl.ensemble:1270 [INFO]     [gen/p1] step=20480/24800 active=2/8 mi_stopped=0
__main__:1078 [INFO]   Group 5: multi-adapter generation 8 seqs in 2700.8s
__main__:1096 [INFO]   Group 5: batched ensemble scoring in 78.1s
__main__:1108 [INFO]   Group 5: rewards computed in 193.8s
__main__:1150 [INFO]     [g5][r1/8] adapter=0 R_exec=0.0013 true_MI=0.01275 RMI=0.0128 R_total=0.0026 correct=1 tokens=19193
__main__:1150 [INFO]     [g5][r2/8] adapter=1 R_exec=0.0954 true_MI=0.01163 RMI=0.0116 R_total=0.0966 correct=1 tokens=18639
__main__:1150 [INFO]     [g5][r3/8] adapter=2 R_exec=0.0947 true_MI=0.01230 RMI=0.0123 R_total=0.0959 correct=1 tokens=12999
__main__:1150 [INFO]     [g5][r4/8] adapter=3 R_exec=1.0169 true_MI=0.01230 RMI=0.0123 R_total=1.0181 correct=1 tokens=18201
__main__:1150 [INFO]     [g5][r5/8] adapter=4 R_exec=0.0947 true_MI=0.01162 RMI=0.0116 R_total=0.0958 correct=1 tokens=13729
__main__:1150 [INFO]     [g5][r6/8] adapter=0 R_exec=0.0954 true_MI=0.01279 RMI=0.0128 R_total=0.0967 correct=1 tokens=14625
__main__:1150 [INFO]     [g5][r7/8] adapter=1 R_exec=0.0000 true_MI=0.01252 RMI=0.0125 R_total=0.0013 correct=0 tokens=21158
__main__:1150 [INFO]     [g5][r8/8] adapter=2 R_exec=1.0452 true_MI=0.01048 RMI=0.0105 R_total=1.0462 correct=1 tokens=21017
__main__:1167 [INFO]   [g5] group true_MI: mean=0.01205 std=0.00078 max=0.01279 normalized=[1.06 0.96 1.02 1.02 0.96 1.06 1.04 0.87]
tinker_cookbook.utils.ml_log:143 [INFO] Wrote metrics to logs/aws/wave4/ahc039-ugttt/metrics.jsonl
tinker_cookbook.utils.ml_log:240 [INFO] Logging to: https://wandb.ai/kriaz-msee20seecs-nust/ugttt-rebuttal/runs/1r8hc8kt
tinker_cookbook.utils.ml_log:143 [INFO] Wrote metrics to logs/aws/wave4/ahc039-ugttt/metrics.jsonl
tinker_cookbook.utils.ml_log:240 [INFO] Logging to: https://wandb.ai/kriaz-msee20seecs-nust/ugttt-rebuttal/runs/1r8hc8kt
tinker_cookbook.utils.ml_log:143 [INFO] Wrote metrics to logs/aws/wave4/ahc039-ugttt/metrics.jsonl
tinker_cookbook.utils.ml_log:240 [INFO] Logging to: https://wandb.ai/kriaz-msee20seecs-nust/ugttt-rebuttal/runs/1r8hc8kt
tinker_cookbook.utils.ml_log:143 [INFO] Wrote metrics to logs/aws/wave4/ahc039-ugttt/metrics.jsonl
tinker_cookbook.utils.ml_log:240 [INFO] Logging to: https://wandb.ai/kriaz-msee20seecs-nust/ugttt-rebuttal/runs/1r8hc8kt
tinker_cookbook.utils.ml_log:143 [INFO] Wrote metrics to logs/aws/wave4/ahc039-ugttt/metrics.jsonl
tinker_cookbook.utils.ml_log:240 [INFO] Logging to: https://wandb.ai/kriaz-msee20seecs-nust/ugttt-rebuttal/runs/1r8hc8kt
tinker_cookbook.utils.ml_log:143 [INFO] Wrote metrics to logs/aws/wave4/ahc039-ugttt/metrics.jsonl
tinker_cookbook.utils.ml_log:240 [INFO] Logging to: https://wandb.ai/kriaz-msee20seecs-nust/ugttt-rebuttal/runs/1r8hc8kt
tinker_cookbook.utils.ml_log:143 [INFO] Wrote metrics to logs/aws/wave4/ahc039-ugttt/metrics.jsonl
tinker_cookbook.utils.ml_log:240 [INFO] Logging to: https://wandb.ai/kriaz-msee20seecs-nust/ugttt-rebuttal/runs/1r8hc8kt
tinker_cookbook.utils.ml_log:143 [INFO] Wrote metrics to logs/aws/wave4/ahc039-ugttt/metrics.jsonl
tinker_cookbook.utils.ml_log:240 [INFO] Logging to: https://wandb.ai/kriaz-msee20seecs-nust/ugttt-rebuttal/runs/1r8hc8kt
__main__:1949 [INFO]   [0][6/8] KEPT | R_exec=0.3054 (max=1.0452) RMI=0.0120 R_total=0.3067 | 2894.7s | GPU: 18.2/19.2GB
tinker_cookbook.utils.ml_log:143 [INFO] Wrote metrics to logs/aws/wave4/ahc039-ugttt/metrics.jsonl
tinker_cookbook.utils.ml_log:240 [INFO] Logging to: https://wandb.ai/kriaz-msee20seecs-nust/ugttt-rebuttal/runs/1r8hc8kt
tinker_cookbook.rl.ensemble:1082 [INFO]   generate_batch_multi_adapter_two_phase: N=8 phase1_max=26000 streaming_mi=False kv_q=False
tinker_cookbook.rl.ensemble:1270 [INFO]     [gen/p1] step=2048/24800 active=8/8 mi_stopped=0
tinker_cookbook.rl.ensemble:1270 [INFO]     [gen/p1] step=4096/24800 active=8/8 mi_stopped=0
tinker_cookbook.rl.ensemble:1270 [INFO]     [gen/p1] step=6144/24800 active=8/8 mi_stopped=0
tinker_cookbook.rl.ensemble:1270 [INFO]     [gen/p1] step=8192/24800 active=8/8 mi_stopped=0
tinker_cookbook.rl.ensemble:1270 [INFO]     [gen/p1] step=10240/24800 active=8/8 mi_stopped=0
tinker_cookbook.rl.ensemble:1270 [INFO]     [gen/p1] step=12288/24800 active=7/8 mi_stopped=0
tinker_cookbook.rl.ensemble:1270 [INFO]     [gen/p1] step=14336/24800 active=7/8 mi_stopped=0
tinker_cookbook.rl.ensemble:1270 [INFO]     [gen/p1] step=16384/24800 active=6/8 mi_stopped=0
tinker_cookbook.rl.ensemble:1270 [INFO]     [gen/p1] step=18432/24800 active=4/8 mi_stopped=0
tinker_cookbook.rl.ensemble:1270 [INFO]     [gen/p1] step=20480/24800 active=1/8 mi_stopped=0
__main__:1078 [INFO]   Group 6: multi-adapter generation 8 seqs in 2874.4s
__main__:1096 [INFO]   Group 6: batched ensemble scoring in 80.2s
__main__:1108 [INFO]   Group 6: rewards computed in 80.3s
__main__:1150 [INFO]     [g6][r1/8] adapter=0 R_exec=0.0947 true_MI=0.01272 RMI=0.0127 R_total=0.0960 correct=1 tokens=19388
__main__:1150 [INFO]     [g6][r2/8] adapter=1 R_exec=0.0990 true_MI=0.01164 RMI=0.0116 R_total=0.1001 correct=1 tokens=16550
__main__:1150 [INFO]     [g6][r3/8] adapter=2 R_exec=0.5940 true_MI=0.01178 RMI=0.0118 R_total=0.5952 correct=1 tokens=20354
__main__:1150 [INFO]     [g6][r4/8] adapter=3 R_exec=0.0948 true_MI=0.01324 RMI=0.0132 R_total=0.0961 correct=1 tokens=22109
__main__:1150 [INFO]     [g6][r5/8] adapter=4 R_exec=0.0947 true_MI=0.01273 RMI=0.0127 R_total=0.0960 correct=1 tokens=11154
__main__:1150 [INFO]     [g6][r6/8] adapter=0 R_exec=0.9108 true_MI=0.01135 RMI=0.0113 R_total=0.9119 correct=1 tokens=19970
__main__:1150 [INFO]     [g6][r7/8] adapter=1 R_exec=1.0169 true_MI=0.01203 RMI=0.0120 R_total=1.0181 correct=1 tokens=17608
__main__:1150 [INFO]     [g6][r8/8] adapter=2 R_exec=0.0947 true_MI=0.01240 RMI=0.0124 R_total=0.0959 correct=1 tokens=15934
__main__:1167 [INFO]   [g6] group true_MI: mean=0.01224 std=0.00065 max=0.01324 normalized=[1.04 0.95 0.96 1.08 1.04 0.93 0.98 1.01]
tinker_cookbook.utils.ml_log:143 [INFO] Wrote metrics to logs/aws/wave4/ahc039-ugttt/metrics.jsonl
tinker_cookbook.utils.ml_log:240 [INFO] Logging to: https://wandb.ai/kriaz-msee20seecs-nust/ugttt-rebuttal/runs/1r8hc8kt
tinker_cookbook.utils.ml_log:143 [INFO] Wrote metrics to logs/aws/wave4/ahc039-ugttt/metrics.jsonl
tinker_cookbook.utils.ml_log:240 [INFO] Logging to: https://wandb.ai/kriaz-msee20seecs-nust/ugttt-rebuttal/runs/1r8hc8kt
tinker_cookbook.utils.ml_log:143 [INFO] Wrote metrics to logs/aws/wave4/ahc039-ugttt/metrics.jsonl
tinker_cookbook.utils.ml_log:240 [INFO] Logging to: https://wandb.ai/kriaz-msee20seecs-nust/ugttt-rebuttal/runs/1r8hc8kt
tinker_cookbook.utils.ml_log:143 [INFO] Wrote metrics to logs/aws/wave4/ahc039-ugttt/metrics.jsonl
tinker_cookbook.utils.ml_log:240 [INFO] Logging to: https://wandb.ai/kriaz-msee20seecs-nust/ugttt-rebuttal/runs/1r8hc8kt
tinker_cookbook.utils.ml_log:143 [INFO] Wrote metrics to logs/aws/wave4/ahc039-ugttt/metrics.jsonl
tinker_cookbook.utils.ml_log:240 [INFO] Logging to: https://wandb.ai/kriaz-msee20seecs-nust/ugttt-rebuttal/runs/1r8hc8kt
tinker_cookbook.utils.ml_log:143 [INFO] Wrote metrics to logs/aws/wave4/ahc039-ugttt/metrics.jsonl
tinker_cookbook.utils.ml_log:240 [INFO] Logging to: https://wandb.ai/kriaz-msee20seecs-nust/ugttt-rebuttal/runs/1r8hc8kt
tinker_cookbook.utils.ml_log:143 [INFO] Wrote metrics to logs/aws/wave4/ahc039-ugttt/metrics.jsonl
tinker_cookbook.utils.ml_log:240 [INFO] Logging to: https://wandb.ai/kriaz-msee20seecs-nust/ugttt-rebuttal/runs/1r8hc8kt
tinker_cookbook.utils.ml_log:143 [INFO] Wrote metrics to logs/aws/wave4/ahc039-ugttt/metrics.jsonl
tinker_cookbook.utils.ml_log:240 [INFO] Logging to: https://wandb.ai/kriaz-msee20seecs-nust/ugttt-rebuttal/runs/1r8hc8kt
__main__:1949 [INFO]   [0][7/8] KEPT | R_exec=0.3749 (max=1.0169) RMI=0.0122 R_total=0.3761 | 2954.7s | GPU: 18.2/19.0GB
tinker_cookbook.utils.ml_log:143 [INFO] Wrote metrics to logs/aws/wave4/ahc039-ugttt/metrics.jsonl
tinker_cookbook.utils.ml_log:240 [INFO] Logging to: https://wandb.ai/kriaz-msee20seecs-nust/ugttt-rebuttal/runs/1r8hc8kt
tinker_cookbook.rl.ensemble:1082 [INFO]   generate_batch_multi_adapter_two_phase: N=8 phase1_max=26000 streaming_mi=False kv_q=False
tinker_cookbook.rl.ensemble:1270 [INFO]     [gen/p1] step=2048/24800 active=8/8 mi_stopped=0
tinker_cookbook.rl.ensemble:1270 [INFO]     [gen/p1] step=4096/24800 active=8/8 mi_stopped=0
tinker_cookbook.rl.ensemble:1270 [INFO]     [gen/p1] step=6144/24800 active=8/8 mi_stopped=0
tinker_cookbook.rl.ensemble:1270 [INFO]     [gen/p1] step=8192/24800 active=8/8 mi_stopped=0
tinker_cookbook.rl.ensemble:1270 [INFO]     [gen/p1] step=10240/24800 active=8/8 mi_stopped=0
tinker_cookbook.rl.ensemble:1270 [INFO]     [gen/p1] step=12288/24800 active=8/8 mi_stopped=0
tinker_cookbook.rl.ensemble:1270 [INFO]     [gen/p1] step=14336/24800 active=7/8 mi_stopped=0
tinker_cookbook.rl.ensemble:1270 [INFO]     [gen/p1] step=16384/24800 active=3/8 mi_stopped=0
tinker_cookbook.rl.ensemble:1270 [INFO]     [gen/p1] step=18432/24800 active=2/8 mi_stopped=0
tinker_cookbook.rl.ensemble:1270 [INFO]     [gen/p1] step=20480/24800 active=1/8 mi_stopped=0
__main__:1078 [INFO]   Group 7: multi-adapter generation 8 seqs in 2637.8s
__main__:1096 [INFO]   Group 7: batched ensemble scoring in 73.8s
__main__:1108 [INFO]   Group 7: rewards computed in 98.1s
__main__:1150 [INFO]     [g7][r1/8] adapter=0 R_exec=0.0947 true_MI=0.01251 RMI=0.0125 R_total=0.0959 correct=1 tokens=15965
__main__:1150 [INFO]     [g7][r2/8] adapter=1 R_exec=0.0000 true_MI=0.01194 RMI=0.0119 R_total=0.0012 correct=0 tokens=16161
__main__:1150 [INFO]     [g7][r3/8] adapter=2 R_exec=0.0947 true_MI=0.01288 RMI=0.0129 R_total=0.0960 correct=1 tokens=15163
__main__:1150 [INFO]     [g7][r4/8] adapter=3 R_exec=1.0169 true_MI=0.01168 RMI=0.0117 R_total=1.0180 correct=1 tokens=20884
__main__:1150 [INFO]     [g7][r5/8] adapter=4 R_exec=0.0947 true_MI=0.01146 RMI=0.0115 R_total=0.0958 correct=1 tokens=12501
__main__:1150 [INFO]     [g7][r6/8] adapter=0 R_exec=0.0947 true_MI=0.01114 RMI=0.0111 R_total=0.0958 correct=1 tokens=15486
__main__:1150 [INFO]     [g7][r7/8] adapter=1 R_exec=0.0948 true_MI=0.01173 RMI=0.0117 R_total=0.0960 correct=1 tokens=19277
__main__:1150 [INFO]     [g7][r8/8] adapter=2 R_exec=1.0169 true_MI=0.01216 RMI=0.0122 R_total=1.0181 correct=1 tokens=17350
__main__:1167 [INFO]   [g7] group true_MI: mean=0.01194 std=0.00057 max=0.01288 normalized=[1.05 1.00 1.08 0.98 0.96 0.93 0.98 1.02]
tinker_cookbook.utils.ml_log:143 [INFO] Wrote metrics to logs/aws/wave4/ahc039-ugttt/metrics.jsonl
tinker_cookbook.utils.ml_log:240 [INFO] Logging to: https://wandb.ai/kriaz-msee20seecs-nust/ugttt-rebuttal/runs/1r8hc8kt
tinker_cookbook.utils.ml_log:143 [INFO] Wrote metrics to logs/aws/wave4/ahc039-ugttt/metrics.jsonl
tinker_cookbook.utils.ml_log:240 [INFO] Logging to: https://wandb.ai/kriaz-msee20seecs-nust/ugttt-rebuttal/runs/1r8hc8kt
tinker_cookbook.utils.ml_log:143 [INFO] Wrote metrics to logs/aws/wave4/ahc039-ugttt/metrics.jsonl
tinker_cookbook.utils.ml_log:240 [INFO] Logging to: https://wandb.ai/kriaz-msee20seecs-nust/ugttt-rebuttal/runs/1r8hc8kt
tinker_cookbook.utils.ml_log:143 [INFO] Wrote metrics to logs/aws/wave4/ahc039-ugttt/metrics.jsonl
tinker_cookbook.utils.ml_log:240 [INFO] Logging to: https://wandb.ai/kriaz-msee20seecs-nust/ugttt-rebuttal/runs/1r8hc8kt
tinker_cookbook.utils.ml_log:143 [INFO] Wrote metrics to logs/aws/wave4/ahc039-ugttt/metrics.jsonl
tinker_cookbook.utils.ml_log:240 [INFO] Logging to: https://wandb.ai/kriaz-msee20seecs-nust/ugttt-rebuttal/runs/1r8hc8kt
tinker_cookbook.utils.ml_log:143 [INFO] Wrote metrics to logs/aws/wave4/ahc039-ugttt/metrics.jsonl
tinker_cookbook.utils.ml_log:240 [INFO] Logging to: https://wandb.ai/kriaz-msee20seecs-nust/ugttt-rebuttal/runs/1r8hc8kt
tinker_cookbook.utils.ml_log:143 [INFO] Wrote metrics to logs/aws/wave4/ahc039-ugttt/metrics.jsonl
tinker_cookbook.utils.ml_log:240 [INFO] Logging to: https://wandb.ai/kriaz-msee20seecs-nust/ugttt-rebuttal/runs/1r8hc8kt
tinker_cookbook.utils.ml_log:143 [INFO] Wrote metrics to logs/aws/wave4/ahc039-ugttt/metrics.jsonl
tinker_cookbook.utils.ml_log:240 [INFO] Logging to: https://wandb.ai/kriaz-msee20seecs-nust/ugttt-rebuttal/runs/1r8hc8kt
__main__:1949 [INFO]   [0][8/8] KEPT | R_exec=0.3134 (max=1.0169) RMI=0.0119 R_total=0.3146 | 2735.9s | GPU: 18.2/19.0GB
tinker_cookbook.utils.ml_log:143 [INFO] Wrote metrics to logs/aws/wave4/ahc039-ugttt/metrics.jsonl
tinker_cookbook.utils.ml_log:240 [INFO] Logging to: https://wandb.ai/kriaz-msee20seecs-nust/ugttt-rebuttal/runs/1r8hc8kt
__main__:1988 [INFO] [Epoch 0] Rollout phase done in 24514.7s. Training on 8/8 groups...
tinker_cookbook.utils.ml_log:143 [INFO] Wrote metrics to logs/aws/wave4/ahc039-ugttt/metrics.jsonl
tinker_cookbook.utils.ml_log:195 [INFO] 
┏━━━━━━━━━━━━━━━━━━━━━━━━━━━━━━━━┳━━━━━━━━━━━━━━━┓
┃ Metric                         ┃ Value         ┃
┡━━━━━━━━━━━━━━━━━━━━━━━━━━━━━━━━╇━━━━━━━━━━━━━━━┩
│ gpu/memory_allocated_gb        │ 18.828612     │
│ gpu/memory_peak_gb             │ 65.125735     │
│ gpu/memory_reserved_gb         │ 18.868077     │
│ kl_policy_base                 │ 0.002503      │
│ optim/entropy                  │ 0.488379      │
│ optim/kl_sample_train_v1       │ 0.003571      │
│ optim/kl_sample_train_v2       │ 0.003506      │
│ progress/done_frac             │ 0.166667      │
│ progress/epoch                 │ 0             │
│ rollout/groups_attempted       │ 8.000000      │
│ rollout/groups_filtered        │ 0.000000      │
│ rollout/groups_kept            │ 8.000000      │
│ rollout/intra_group_reward_std │ 0.342948      │
│ time/rollout                   │ 24514.686496  │
│ time/total                     │ 26575.382621  │
│ time/train                     │ 2060.576220   │
│ train/advantage/max            │ 10.889508     │
│ train/advantage/mean           │ 0.417444      │
│ train/advantage/min            │ -1.925348     │
│ train/advantage/std            │ 2.347042      │
│ train/beta/mean                │ 131074.681580 │
│ train/beta/std                 │ 346782.902303 │
│ train/correctness/mean         │ 0.875000      │
│ train/correctness/rate         │ 0.875000      │
│ train/ensemble/frac_high_disa… │ 0.499987      │
│ train/ensemble/max_token_disa… │ 10.199672     │
│ train/ensemble/member_logprob… │ 0.005013      │
│ train/ensemble/member_logprob… │ 0.002030      │
│ train/gamma_eff/mean           │ 0.259079      │
│ train/gen/num_tokens/max       │ 26621.000000  │
│ train/gen/num_tokens/mean      │ 16882.046875  │
│ train/gen/num_tokens/std       │ 3329.634831   │
│ train/group/rmi_exec_corr/mean │ -0.249826     │
│ train/group/rmi_exec_corr/std  │ 0.377167      │
│ train/loss                     │ -0.417591     │
│ train/nnm_loss                 │ -0.053994     │
│ train/nnm_nuclear_norm         │ 46.074634     │
│ train/num_groups               │ 8.000000      │
│ train/num_rollouts             │ 64.000000     │
│ train/num_rollouts_total       │ 64.000000     │
│ train/reward/exec/best         │ 1.066853      │
│ train/reward/exec/max          │ 1.066853      │
│ train/reward/exec/mean         │ 0.289470      │
│ train/reward/exec/min          │ 0.000000      │
│ train/reward/exec/std          │ 0.384993      │
│ train/reward/rmi/max           │ 0.013243      │
│ train/reward/rmi/mean          │ 0.012036      │
│ train/reward/rmi/min           │ 0.010475      │
│ train/reward/rmi/std           │ 0.000551      │
│ train/reward/total/best        │ 1.068078      │
│ train/reward/total/max         │ 1.068078      │
│ train/reward/total/mean        │ 0.290673      │
│ train/reward/total/min         │ 0.001151      │
│ train/reward/total/std         │ 0.384978      │
│ train/streaming_mi/stop_rate   │ 0.000000      │
│ train/streaming_mi/tokens_sav… │ 0.000000      │
│ train/streaming_mi/tokens_sav… │ 0.000000      │
│ train/two_phase/phase1_tokens… │ 16853.593750  │
│ train/two_phase/phase2_tokens… │ 28.109375     │
│ train/two_phase/prefill_rate   │ 0.015625      │
│ train/uncertainty/predictive_… │ 0.137082      │
│ train/uncertainty/predictive_… │ 0.123491      │
│ train/uncertainty/predictive_… │ 0.103769      │
│ train/uncertainty/predictive_… │ 0.009140      │
│ train/uncertainty/predictive_… │ 0.365896      │
│ train/uncertainty/predictive_… │ 0.364838      │
│ train/uncertainty/predictive_… │ 0.363482      │
│ train/uncertainty/predictive_… │ 0.000535      │
│ train/uncertainty/rmi/max      │ 0.002829      │
│ train/uncertainty/rmi/mean     │ 0.002424      │
│ train/uncertainty/rmi/min      │ 0.001916      │
│ train/uncertainty/rmi/std      │ 0.000194      │
│ train/uncertainty/rmi_top7/max │ 0.030450      │
│ train/uncertainty/rmi_top7/me… │ 0.026131      │
│ train/uncertainty/rmi_top7/min │ 0.021173      │
│ train/uncertainty/rmi_top7/std │ 0.001897      │
│ train/uncertainty/top7_mi_cod… │ 0.000152      │
│ train/uncertainty/top7_mi_cod… │ 0.001210      │
│ train/uncertainty/top7_mi_thi… │ 0.010411      │
│ train/uncertainty/top7_mi_thi… │ 0.000639      │
│ train/uncertainty/top7_pct_co… │ 0.000008      │
│ train/uncertainty/top7_pct_co… │ 0.000064      │
│ train/uncertainty/top7_pct_th… │ 0.915092      │
│ train/uncertainty/top7_pct_th… │ 0.017523      │
│ train/uncertainty/true_mi/max  │ 0.013243      │
│ train/uncertainty/true_mi/mean │ 0.012036      │
│ train/uncertainty/true_mi/min  │ 0.010475      │
│ train/uncertainty/true_mi/std  │ 0.000551      │
│ train/uncertainty/variance/max │ 0.007923      │
│ train/uncertainty/variance/me… │ 0.006654      │
│ train/uncertainty/variance/min │ 0.005081      │
│ train/uncertainty/variance/std │ 0.000608      │
│ train/uncertainty/variance_to… │ 0.089607      │
│ train/uncertainty/variance_to… │ 0.073751      │
│ train/uncertainty/variance_to… │ 0.057086      │
│ train/uncertainty/variance_to… │ 0.006765      │
└────────────────────────────────┴───────────────┘
tinker_cookbook.utils.ml_log:240 [INFO] Logging to: https://wandb.ai/kriaz-msee20seecs-nust/ugttt-rebuttal/runs/1r8hc8kt
__main__:2062 [INFO] [Epoch 0] R_exec=0.2895 (max=1.0669 best=1.0669) RMI=0.0120 beta=131074.68 corr=87.5% loss=-0.4176 nuc=46.075 groups=8/8 time=26575.4s
__main__:2073 [INFO] Checkpoint saved at epoch 0
__main__:1836 [INFO] [Epoch 1/6] Starting rollout phase: 8 groups × 8 rollouts
tinker_cookbook.rl.ensemble:1082 [INFO]   generate_batch_multi_adapter_two_phase: N=8 phase1_max=26000 streaming_mi=False kv_q=False
tinker_cookbook.rl.ensemble:1270 [INFO]     [gen/p1] step=2048/23269 active=8/8 mi_stopped=0
tinker_cookbook.rl.ensemble:1270 [INFO]     [gen/p1] step=4096/23269 active=8/8 mi_stopped=0
tinker_cookbook.rl.ensemble:1270 [INFO]     [gen/p1] step=6144/23269 active=8/8 mi_stopped=0
tinker_cookbook.rl.ensemble:1270 [INFO]     [gen/p1] step=8192/23269 active=8/8 mi_stopped=0
tinker_cookbook.rl.ensemble:1270 [INFO]     [gen/p1] step=10240/23269 active=8/8 mi_stopped=0
tinker_cookbook.rl.ensemble:1270 [INFO]     [gen/p1] step=12288/23269 active=8/8 mi_stopped=0
tinker_cookbook.rl.ensemble:1270 [INFO]     [gen/p1] step=14336/23269 active=7/8 mi_stopped=0
tinker_cookbook.rl.ensemble:1270 [INFO]     [gen/p1] step=16384/23269 active=4/8 mi_stopped=0
tinker_cookbook.rl.ensemble:1270 [INFO]     [gen/p1] step=18432/23269 active=2/8 mi_stopped=0
tinker_cookbook.rl.ensemble:1270 [INFO]     [gen/p1] step=20480/23269 active=1/8 mi_stopped=0
tinker_cookbook.rl.ensemble:1270 [INFO]     [gen/p1] step=22528/23269 active=1/8 mi_stopped=0
__main__:1078 [INFO]   Group 0: multi-adapter generation 8 seqs in 3808.6s
__main__:1096 [INFO]   Group 0: batched ensemble scoring in 87.1s
__main__:1108 [INFO]   Group 0: rewards computed in 302.7s
__main__:1150 [INFO]     [g0][r1/8] adapter=3 R_exec=1.1312 true_MI=0.01171 RMI=0.0117 R_total=1.1324 correct=1 tokens=25471 p1=23269 p2=2180
__main__:1150 [INFO]     [g0][r2/8] adapter=4 R_exec=0.0000 true_MI=0.01275 RMI=0.0127 R_total=0.0013 correct=0 tokens=17596
__main__:1150 [INFO]     [g0][r3/8] adapter=0 R_exec=1.2105 true_MI=0.01206 RMI=0.0121 R_total=1.2117 correct=1 tokens=16175
__main__:1150 [INFO]     [g0][r4/8] adapter=1 R_exec=1.2532 true_MI=0.01159 RMI=0.0116 R_total=1.2543 correct=1 tokens=15495
__main__:1150 [INFO]     [g0][r5/8] adapter=2 R_exec=0.0947 true_MI=0.01303 RMI=0.0130 R_total=0.0960 correct=1 tokens=14284
__main__:1150 [INFO]     [g0][r6/8] adapter=3 R_exec=1.2361 true_MI=0.01191 RMI=0.0119 R_total=1.2373 correct=1 tokens=18341
__main__:1150 [INFO]     [g0][r7/8] adapter=4 R_exec=1.0707 true_MI=0.01246 RMI=0.0125 R_total=1.0720 correct=1 tokens=19681
__main__:1150 [INFO]     [g0][r8/8] adapter=0 R_exec=1.2361 true_MI=0.01289 RMI=0.0129 R_total=1.2374 correct=1 tokens=14931
__main__:1167 [INFO]   [g0] group true_MI: mean=0.01230 std=0.00056 max=0.01303 normalized=[0.95 1.04 0.98 0.94 1.06 0.97 1.01 1.05]
tinker_cookbook.utils.ml_log:143 [INFO] Wrote metrics to logs/aws/wave4/ahc039-ugttt/metrics.jsonl
tinker_cookbook.utils.ml_log:240 [INFO] Logging to: https://wandb.ai/kriaz-msee20seecs-nust/ugttt-rebuttal/runs/1r8hc8kt
tinker_cookbook.utils.ml_log:143 [INFO] Wrote metrics to logs/aws/wave4/ahc039-ugttt/metrics.jsonl
tinker_cookbook.utils.ml_log:240 [INFO] Logging to: https://wandb.ai/kriaz-msee20seecs-nust/ugttt-rebuttal/runs/1r8hc8kt
tinker_cookbook.utils.ml_log:143 [INFO] Wrote metrics to logs/aws/wave4/ahc039-ugttt/metrics.jsonl
tinker_cookbook.utils.ml_log:240 [INFO] Logging to: https://wandb.ai/kriaz-msee20seecs-nust/ugttt-rebuttal/runs/1r8hc8kt
tinker_cookbook.utils.ml_log:143 [INFO] Wrote metrics to logs/aws/wave4/ahc039-ugttt/metrics.jsonl
tinker_cookbook.utils.ml_log:240 [INFO] Logging to: https://wandb.ai/kriaz-msee20seecs-nust/ugttt-rebuttal/runs/1r8hc8kt
tinker_cookbook.utils.ml_log:143 [INFO] Wrote metrics to logs/aws/wave4/ahc039-ugttt/metrics.jsonl
tinker_cookbook.utils.ml_log:240 [INFO] Logging to: https://wandb.ai/kriaz-msee20seecs-nust/ugttt-rebuttal/runs/1r8hc8kt
tinker_cookbook.utils.ml_log:143 [INFO] Wrote metrics to logs/aws/wave4/ahc039-ugttt/metrics.jsonl
tinker_cookbook.utils.ml_log:240 [INFO] Logging to: https://wandb.ai/kriaz-msee20seecs-nust/ugttt-rebuttal/runs/1r8hc8kt
tinker_cookbook.utils.ml_log:143 [INFO] Wrote metrics to logs/aws/wave4/ahc039-ugttt/metrics.jsonl
tinker_cookbook.utils.ml_log:240 [INFO] Logging to: https://wandb.ai/kriaz-msee20seecs-nust/ugttt-rebuttal/runs/1r8hc8kt
tinker_cookbook.utils.ml_log:143 [INFO] Wrote metrics to logs/aws/wave4/ahc039-ugttt/metrics.jsonl
tinker_cookbook.utils.ml_log:240 [INFO] Logging to: https://wandb.ai/kriaz-msee20seecs-nust/ugttt-rebuttal/runs/1r8hc8kt
__main__:1949 [INFO]   [1][1/8] KEPT | R_exec=0.9041 (max=1.2532) RMI=0.0123 R_total=0.9053 | 4111.4s | GPU: 18.8/19.6GB
tinker_cookbook.utils.ml_log:143 [INFO] Wrote metrics to logs/aws/wave4/ahc039-ugttt/metrics.jsonl
tinker_cookbook.utils.ml_log:240 [INFO] Logging to: https://wandb.ai/kriaz-msee20seecs-nust/ugttt-rebuttal/runs/1r8hc8kt
tinker_cookbook.rl.ensemble:1082 [INFO]   generate_batch_multi_adapter_two_phase: N=8 phase1_max=26000 streaming_mi=False kv_q=False
tinker_cookbook.rl.ensemble:1270 [INFO]     [gen/p1] step=2048/22550 active=8/8 mi_stopped=0
tinker_cookbook.rl.ensemble:1270 [INFO]     [gen/p1] step=4096/22550 active=8/8 mi_stopped=0
tinker_cookbook.rl.ensemble:1270 [INFO]     [gen/p1] step=6144/22550 active=8/8 mi_stopped=0
tinker_cookbook.rl.ensemble:1270 [INFO]     [gen/p1] step=8192/22550 active=8/8 mi_stopped=0
tinker_cookbook.rl.ensemble:1270 [INFO]     [gen/p1] step=10240/22550 active=8/8 mi_stopped=0
tinker_cookbook.rl.ensemble:1270 [INFO]     [gen/p1] step=12288/22550 active=8/8 mi_stopped=0
tinker_cookbook.rl.ensemble:1270 [INFO]     [gen/p1] step=14336/22550 active=8/8 mi_stopped=0
tinker_cookbook.rl.ensemble:1270 [INFO]     [gen/p1] step=16384/22550 active=5/8 mi_stopped=0
tinker_cookbook.rl.ensemble:1270 [INFO]     [gen/p1] step=18432/22550 active=3/8 mi_stopped=0
tinker_cookbook.rl.ensemble:1270 [INFO]     [gen/p1] step=20480/22550 active=1/8 mi_stopped=0
tinker_cookbook.rl.ensemble:1270 [INFO]     [gen/p1] step=22528/22550 active=1/8 mi_stopped=0
__main__:1078 [INFO]   Group 1: multi-adapter generation 8 seqs in 3877.3s
__main__:1096 [INFO]   Group 1: batched ensemble scoring in 95.2s
__main__:1108 [INFO]   Group 1: rewards computed in 407.9s
__main__:1150 [INFO]     [g1][r1/8] adapter=3 R_exec=0.0000 true_MI=0.01229 RMI=0.0123 R_total=0.0012 correct=0 tokens=18100
__main__:1150 [INFO]     [g1][r2/8] adapter=4 R_exec=0.0000 true_MI=0.01390 RMI=0.0139 R_total=0.0014 correct=0 tokens=15792
__main__:1150 [INFO]     [g1][r3/8] adapter=0 R_exec=1.0452 true_MI=0.01322 RMI=0.0132 R_total=1.0465 correct=1 tokens=20104
__main__:1150 [INFO]     [g1][r4/8] adapter=1 R_exec=0.0000 true_MI=0.01335 RMI=0.0134 R_total=0.0013 correct=0 tokens=20331
__main__:1150 [INFO]     [g1][r5/8] adapter=2 R_exec=1.0169 true_MI=0.01319 RMI=0.0132 R_total=1.0182 correct=1 tokens=15712
__main__:1150 [INFO]     [g1][r6/8] adapter=3 R_exec=1.1898 true_MI=0.01273 RMI=0.0127 R_total=1.1911 correct=1 tokens=15615
__main__:1150 [INFO]     [g1][r7/8] adapter=4 R_exec=0.0000 true_MI=0.01267 RMI=0.0127 R_total=0.0013 correct=0 tokens=18359
__main__:1150 [INFO]     [g1][r8/8] adapter=0 R_exec=0.0000 true_MI=0.01083 RMI=0.0108 R_total=0.0011 correct=0 tokens=25287 p1=22550 p2=2715
__main__:1167 [INFO]   [g1] group true_MI: mean=0.01277 std=0.00092 max=0.01390 normalized=[0.96 1.09 1.03 1.05 1.03 1.00 0.99 0.85]
tinker_cookbook.utils.ml_log:143 [INFO] Wrote metrics to logs/aws/wave4/ahc039-ugttt/metrics.jsonl
tinker_cookbook.utils.ml_log:240 [INFO] Logging to: https://wandb.ai/kriaz-msee20seecs-nust/ugttt-rebuttal/runs/1r8hc8kt
tinker_cookbook.utils.ml_log:143 [INFO] Wrote metrics to logs/aws/wave4/ahc039-ugttt/metrics.jsonl
tinker_cookbook.utils.ml_log:240 [INFO] Logging to: https://wandb.ai/kriaz-msee20seecs-nust/ugttt-rebuttal/runs/1r8hc8kt
tinker_cookbook.utils.ml_log:143 [INFO] Wrote metrics to logs/aws/wave4/ahc039-ugttt/metrics.jsonl
tinker_cookbook.utils.ml_log:240 [INFO] Logging to: https://wandb.ai/kriaz-msee20seecs-nust/ugttt-rebuttal/runs/1r8hc8kt
tinker_cookbook.utils.ml_log:143 [INFO] Wrote metrics to logs/aws/wave4/ahc039-ugttt/metrics.jsonl
tinker_cookbook.utils.ml_log:240 [INFO] Logging to: https://wandb.ai/kriaz-msee20seecs-nust/ugttt-rebuttal/runs/1r8hc8kt
tinker_cookbook.utils.ml_log:143 [INFO] Wrote metrics to logs/aws/wave4/ahc039-ugttt/metrics.jsonl
tinker_cookbook.utils.ml_log:240 [INFO] Logging to: https://wandb.ai/kriaz-msee20seecs-nust/ugttt-rebuttal/runs/1r8hc8kt
tinker_cookbook.utils.ml_log:143 [INFO] Wrote metrics to logs/aws/wave4/ahc039-ugttt/metrics.jsonl
tinker_cookbook.utils.ml_log:240 [INFO] Logging to: https://wandb.ai/kriaz-msee20seecs-nust/ugttt-rebuttal/runs/1r8hc8kt
tinker_cookbook.utils.ml_log:143 [INFO] Wrote metrics to logs/aws/wave4/ahc039-ugttt/metrics.jsonl
tinker_cookbook.utils.ml_log:240 [INFO] Logging to: https://wandb.ai/kriaz-msee20seecs-nust/ugttt-rebuttal/runs/1r8hc8kt
tinker_cookbook.utils.ml_log:143 [INFO] Wrote metrics to logs/aws/wave4/ahc039-ugttt/metrics.jsonl
tinker_cookbook.utils.ml_log:240 [INFO] Logging to: https://wandb.ai/kriaz-msee20seecs-nust/ugttt-rebuttal/runs/1r8hc8kt
__main__:1949 [INFO]   [1][2/8] KEPT | R_exec=0.4065 (max=1.1898) RMI=0.0128 R_total=0.4078 | 4285.3s | GPU: 18.8/20.1GB
tinker_cookbook.utils.ml_log:143 [INFO] Wrote metrics to logs/aws/wave4/ahc039-ugttt/metrics.jsonl
tinker_cookbook.utils.ml_log:240 [INFO] Logging to: https://wandb.ai/kriaz-msee20seecs-nust/ugttt-rebuttal/runs/1r8hc8kt
tinker_cookbook.rl.ensemble:1082 [INFO]   generate_batch_multi_adapter_two_phase: N=8 phase1_max=26000 streaming_mi=False kv_q=False
tinker_cookbook.rl.ensemble:1270 [INFO]     [gen/p1] step=2048/23055 active=8/8 mi_stopped=0
tinker_cookbook.rl.ensemble:1270 [INFO]     [gen/p1] step=4096/23055 active=8/8 mi_stopped=0
tinker_cookbook.rl.ensemble:1270 [INFO]     [gen/p1] step=6144/23055 active=8/8 mi_stopped=0
tinker_cookbook.rl.ensemble:1270 [INFO]     [gen/p1] step=8192/23055 active=8/8 mi_stopped=0
tinker_cookbook.rl.ensemble:1270 [INFO]     [gen/p1] step=10240/23055 active=8/8 mi_stopped=0
tinker_cookbook.rl.ensemble:1270 [INFO]     [gen/p1] step=12288/23055 active=8/8 mi_stopped=0
tinker_cookbook.rl.ensemble:1270 [INFO]     [gen/p1] step=14336/23055 active=8/8 mi_stopped=0
tinker_cookbook.rl.ensemble:1270 [INFO]     [gen/p1] step=16384/23055 active=7/8 mi_stopped=0
tinker_cookbook.rl.ensemble:1270 [INFO]     [gen/p1] step=18432/23055 active=2/8 mi_stopped=0
__main__:1078 [INFO]   Group 2: multi-adapter generation 8 seqs in 2424.6s
__main__:1096 [INFO]   Group 2: batched ensemble scoring in 85.4s
__main__:1108 [INFO]   Group 2: rewards computed in 196.6s
__main__:1150 [INFO]     [g2][r1/8] adapter=3 R_exec=0.0000 true_MI=0.01312 RMI=0.0131 R_total=0.0013 correct=0 tokens=18111
__main__:1150 [INFO]     [g2][r2/8] adapter=4 R_exec=0.0947 true_MI=0.01132 RMI=0.0113 R_total=0.0958 correct=1 tokens=18823
__main__:1150 [INFO]     [g2][r3/8] adapter=0 R_exec=0.0000 true_MI=0.01272 RMI=0.0127 R_total=0.0013 correct=0 tokens=16821
__main__:1150 [INFO]     [g2][r4/8] adapter=1 R_exec=0.0000 true_MI=0.01196 RMI=0.0120 R_total=0.0012 correct=0 tokens=18648
__main__:1150 [INFO]     [g2][r5/8] adapter=2 R_exec=0.5998 true_MI=0.01338 RMI=0.0134 R_total=0.6011 correct=1 tokens=15188
__main__:1150 [INFO]     [g2][r6/8] adapter=3 R_exec=1.0169 true_MI=0.01249 RMI=0.0125 R_total=1.0181 correct=1 tokens=17163
__main__:1150 [INFO]     [g2][r7/8] adapter=4 R_exec=0.0000 true_MI=0.01261 RMI=0.0126 R_total=0.0013 correct=0 tokens=17130
__main__:1150 [INFO]     [g2][r8/8] adapter=0 R_exec=0.7931 true_MI=0.01342 RMI=0.0134 R_total=0.7945 correct=1 tokens=16423
__main__:1167 [INFO]   [g2] group true_MI: mean=0.01263 std=0.00072 max=0.01342 normalized=[1.04 0.90 1.01 0.95 1.06 0.99 1.00 1.06]
tinker_cookbook.utils.ml_log:143 [INFO] Wrote metrics to logs/aws/wave4/ahc039-ugttt/metrics.jsonl
tinker_cookbook.utils.ml_log:240 [INFO] Logging to: https://wandb.ai/kriaz-msee20seecs-nust/ugttt-rebuttal/runs/1r8hc8kt
tinker_cookbook.utils.ml_log:143 [INFO] Wrote metrics to logs/aws/wave4/ahc039-ugttt/metrics.jsonl
tinker_cookbook.utils.ml_log:240 [INFO] Logging to: https://wandb.ai/kriaz-msee20seecs-nust/ugttt-rebuttal/runs/1r8hc8kt
tinker_cookbook.utils.ml_log:143 [INFO] Wrote metrics to logs/aws/wave4/ahc039-ugttt/metrics.jsonl
tinker_cookbook.utils.ml_log:240 [INFO] Logging to: https://wandb.ai/kriaz-msee20seecs-nust/ugttt-rebuttal/runs/1r8hc8kt
tinker_cookbook.utils.ml_log:143 [INFO] Wrote metrics to logs/aws/wave4/ahc039-ugttt/metrics.jsonl
tinker_cookbook.utils.ml_log:240 [INFO] Logging to: https://wandb.ai/kriaz-msee20seecs-nust/ugttt-rebuttal/runs/1r8hc8kt
tinker_cookbook.utils.ml_log:143 [INFO] Wrote metrics to logs/aws/wave4/ahc039-ugttt/metrics.jsonl
tinker_cookbook.utils.ml_log:240 [INFO] Logging to: https://wandb.ai/kriaz-msee20seecs-nust/ugttt-rebuttal/runs/1r8hc8kt
tinker_cookbook.utils.ml_log:143 [INFO] Wrote metrics to logs/aws/wave4/ahc039-ugttt/metrics.jsonl
tinker_cookbook.utils.ml_log:240 [INFO] Logging to: https://wandb.ai/kriaz-msee20seecs-nust/ugttt-rebuttal/runs/1r8hc8kt
tinker_cookbook.utils.ml_log:143 [INFO] Wrote metrics to logs/aws/wave4/ahc039-ugttt/metrics.jsonl
tinker_cookbook.utils.ml_log:240 [INFO] Logging to: https://wandb.ai/kriaz-msee20seecs-nust/ugttt-rebuttal/runs/1r8hc8kt
tinker_cookbook.utils.ml_log:143 [INFO] Wrote metrics to logs/aws/wave4/ahc039-ugttt/metrics.jsonl
tinker_cookbook.utils.ml_log:240 [INFO] Logging to: https://wandb.ai/kriaz-msee20seecs-nust/ugttt-rebuttal/runs/1r8hc8kt
__main__:1949 [INFO]   [1][3/8] KEPT | R_exec=0.3131 (max=1.0169) RMI=0.0126 R_total=0.3143 | 2621.3s | GPU: 18.8/19.7GB
tinker_cookbook.utils.ml_log:143 [INFO] Wrote metrics to logs/aws/wave4/ahc039-ugttt/metrics.jsonl
tinker_cookbook.utils.ml_log:240 [INFO] Logging to: https://wandb.ai/kriaz-msee20seecs-nust/ugttt-rebuttal/runs/1r8hc8kt
tinker_cookbook.rl.ensemble:1082 [INFO]   generate_batch_multi_adapter_two_phase: N=8 phase1_max=26000 streaming_mi=False kv_q=False
tinker_cookbook.rl.ensemble:1270 [INFO]     [gen/p1] step=2048/22983 active=8/8 mi_stopped=0
tinker_cookbook.rl.ensemble:1270 [INFO]     [gen/p1] step=4096/22983 active=8/8 mi_stopped=0
tinker_cookbook.rl.ensemble:1270 [INFO]     [gen/p1] step=6144/22983 active=8/8 mi_stopped=0
tinker_cookbook.rl.ensemble:1270 [INFO]     [gen/p1] step=8192/22983 active=8/8 mi_stopped=0
tinker_cookbook.rl.ensemble:1270 [INFO]     [gen/p1] step=10240/22983 active=8/8 mi_stopped=0
tinker_cookbook.rl.ensemble:1270 [INFO]     [gen/p1] step=12288/22983 active=8/8 mi_stopped=0
tinker_cookbook.rl.ensemble:1270 [INFO]     [gen/p1] step=14336/22983 active=8/8 mi_stopped=0
tinker_cookbook.rl.ensemble:1270 [INFO]     [gen/p1] step=16384/22983 active=8/8 mi_stopped=0
tinker_cookbook.rl.ensemble:1270 [INFO]     [gen/p1] step=18432/22983 active=6/8 mi_stopped=0
tinker_cookbook.rl.ensemble:1270 [INFO]     [gen/p1] step=20480/22983 active=3/8 mi_stopped=0
tinker_cookbook.rl.ensemble:1270 [INFO]     [gen/p1] step=22528/22983 active=2/8 mi_stopped=0
__main__:1078 [INFO]   Group 3: multi-adapter generation 8 seqs in 3790.1s
__main__:1096 [INFO]   Group 3: batched ensemble scoring in 101.6s
__main__:1108 [INFO]   Group 3: rewards computed in 241.0s
__main__:1150 [INFO]     [g3][r1/8] adapter=3 R_exec=1.0169 true_MI=0.01227 RMI=0.0123 R_total=1.0181 correct=1 tokens=20656
__main__:1150 [INFO]     [g3][r2/8] adapter=4 R_exec=0.8139 true_MI=0.01307 RMI=0.0131 R_total=0.8152 correct=1 tokens=19003
__main__:1150 [INFO]     [g3][r3/8] adapter=0 R_exec=1.1893 true_MI=0.01238 RMI=0.0124 R_total=1.1905 correct=1 tokens=17528
__main__:1150 [INFO]     [g3][r4/8] adapter=1 R_exec=1.0169 true_MI=0.01270 RMI=0.0127 R_total=1.0181 correct=1 tokens=25142 p1=22983 p2=2137
__main__:1150 [INFO]     [g3][r5/8] adapter=2 R_exec=1.0169 true_MI=0.01294 RMI=0.0129 R_total=1.0182 correct=1 tokens=16696
__main__:1150 [INFO]     [g3][r6/8] adapter=3 R_exec=0.0000 true_MI=0.01249 RMI=0.0125 R_total=0.0012 correct=0 tokens=20099
__main__:1150 [INFO]     [g3][r7/8] adapter=4 R_exec=0.0000 true_MI=0.01363 RMI=0.0136 R_total=0.0014 correct=0 tokens=25126 p1=22983 p2=2121
__main__:1150 [INFO]     [g3][r8/8] adapter=0 R_exec=0.0000 true_MI=0.01199 RMI=0.0120 R_total=0.0012 correct=0 tokens=18527
__main__:1167 [INFO]   [g3] group true_MI: mean=0.01268 std=0.00052 max=0.01363 normalized=[0.97 1.03 0.98 1.00 1.02 0.98 1.07 0.95]
tinker_cookbook.utils.ml_log:143 [INFO] Wrote metrics to logs/aws/wave4/ahc039-ugttt/metrics.jsonl
tinker_cookbook.utils.ml_log:240 [INFO] Logging to: https://wandb.ai/kriaz-msee20seecs-nust/ugttt-rebuttal/runs/1r8hc8kt
tinker_cookbook.utils.ml_log:143 [INFO] Wrote metrics to logs/aws/wave4/ahc039-ugttt/metrics.jsonl
tinker_cookbook.utils.ml_log:240 [INFO] Logging to: https://wandb.ai/kriaz-msee20seecs-nust/ugttt-rebuttal/runs/1r8hc8kt
tinker_cookbook.utils.ml_log:143 [INFO] Wrote metrics to logs/aws/wave4/ahc039-ugttt/metrics.jsonl
tinker_cookbook.utils.ml_log:240 [INFO] Logging to: https://wandb.ai/kriaz-msee20seecs-nust/ugttt-rebuttal/runs/1r8hc8kt
tinker_cookbook.utils.ml_log:143 [INFO] Wrote metrics to logs/aws/wave4/ahc039-ugttt/metrics.jsonl
tinker_cookbook.utils.ml_log:240 [INFO] Logging to: https://wandb.ai/kriaz-msee20seecs-nust/ugttt-rebuttal/runs/1r8hc8kt
tinker_cookbook.utils.ml_log:143 [INFO] Wrote metrics to logs/aws/wave4/ahc039-ugttt/metrics.jsonl
tinker_cookbook.utils.ml_log:240 [INFO] Logging to: https://wandb.ai/kriaz-msee20seecs-nust/ugttt-rebuttal/runs/1r8hc8kt
tinker_cookbook.utils.ml_log:143 [INFO] Wrote metrics to logs/aws/wave4/ahc039-ugttt/metrics.jsonl
tinker_cookbook.utils.ml_log:240 [INFO] Logging to: https://wandb.ai/kriaz-msee20seecs-nust/ugttt-rebuttal/runs/1r8hc8kt
tinker_cookbook.utils.ml_log:143 [INFO] Wrote metrics to logs/aws/wave4/ahc039-ugttt/metrics.jsonl
tinker_cookbook.utils.ml_log:240 [INFO] Logging to: https://wandb.ai/kriaz-msee20seecs-nust/ugttt-rebuttal/runs/1r8hc8kt
tinker_cookbook.utils.ml_log:143 [INFO] Wrote metrics to logs/aws/wave4/ahc039-ugttt/metrics.jsonl
tinker_cookbook.utils.ml_log:240 [INFO] Logging to: https://wandb.ai/kriaz-msee20seecs-nust/ugttt-rebuttal/runs/1r8hc8kt
__main__:1949 [INFO]   [1][4/8] KEPT | R_exec=0.6317 (max=1.1893) RMI=0.0127 R_total=0.6330 | 4031.1s | GPU: 18.8/19.7GB
tinker_cookbook.utils.ml_log:143 [INFO] Wrote metrics to logs/aws/wave4/ahc039-ugttt/metrics.jsonl
tinker_cookbook.utils.ml_log:240 [INFO] Logging to: https://wandb.ai/kriaz-msee20seecs-nust/ugttt-rebuttal/runs/1r8hc8kt
tinker_cookbook.rl.ensemble:1082 [INFO]   generate_batch_multi_adapter_two_phase: N=8 phase1_max=26000 streaming_mi=False kv_q=False
tinker_cookbook.rl.ensemble:1270 [INFO]     [gen/p1] step=2048/23195 active=8/8 mi_stopped=0
tinker_cookbook.rl.ensemble:1270 [INFO]     [gen/p1] step=4096/23195 active=8/8 mi_stopped=0
tinker_cookbook.rl.ensemble:1270 [INFO]     [gen/p1] step=6144/23195 active=8/8 mi_stopped=0
tinker_cookbook.rl.ensemble:1270 [INFO]     [gen/p1] step=8192/23195 active=8/8 mi_stopped=0
tinker_cookbook.rl.ensemble:1270 [INFO]     [gen/p1] step=10240/23195 active=8/8 mi_stopped=0
tinker_cookbook.rl.ensemble:1270 [INFO]     [gen/p1] step=12288/23195 active=8/8 mi_stopped=0
tinker_cookbook.rl.ensemble:1270 [INFO]     [gen/p1] step=14336/23195 active=8/8 mi_stopped=0
tinker_cookbook.rl.ensemble:1270 [INFO]     [gen/p1] step=16384/23195 active=5/8 mi_stopped=0
tinker_cookbook.rl.ensemble:1270 [INFO]     [gen/p1] step=18432/23195 active=2/8 mi_stopped=0
tinker_cookbook.rl.ensemble:1270 [INFO]     [gen/p1] step=20480/23195 active=1/8 mi_stopped=0
__main__:1078 [INFO]   Group 4: multi-adapter generation 8 seqs in 3149.7s
__main__:1096 [INFO]   Group 4: batched ensemble scoring in 85.3s
__main__:1108 [INFO]   Group 4: rewards computed in 413.6s
__main__:1150 [INFO]     [g4][r1/8] adapter=3 R_exec=1.1893 true_MI=0.01246 RMI=0.0125 R_total=1.1905 correct=1 tokens=18157
__main__:1150 [INFO]     [g4][r2/8] adapter=4 R_exec=0.0000 true_MI=0.01326 RMI=0.0133 R_total=0.0013 correct=0 tokens=18914
__main__:1150 [INFO]     [g4][r3/8] adapter=0 R_exec=1.0169 true_MI=0.01316 RMI=0.0132 R_total=1.0182 correct=1 tokens=15607
__main__:1150 [INFO]     [g4][r4/8] adapter=1 R_exec=1.1893 true_MI=0.01299 RMI=0.0130 R_total=1.1906 correct=1 tokens=17023
__main__:1150 [INFO]     [g4][r5/8] adapter=2 R_exec=1.1893 true_MI=0.01252 RMI=0.0125 R_total=1.1905 correct=1 tokens=14450
__main__:1150 [INFO]     [g4][r6/8] adapter=3 R_exec=1.1893 true_MI=0.01171 RMI=0.0117 R_total=1.1904 correct=1 tokens=22445
__main__:1150 [INFO]     [g4][r7/8] adapter=4 R_exec=0.0000 true_MI=0.01309 RMI=0.0131 R_total=0.0013 correct=0 tokens=14421
__main__:1150 [INFO]     [g4][r8/8] adapter=0 R_exec=0.0000 true_MI=0.01333 RMI=0.0133 R_total=0.0013 correct=0 tokens=17834
__main__:1167 [INFO]   [g4] group true_MI: mean=0.01282 std=0.00055 max=0.01333 normalized=[0.97 1.03 1.03 1.01 0.98 0.91 1.02 1.04]
tinker_cookbook.utils.ml_log:143 [INFO] Wrote metrics to logs/aws/wave4/ahc039-ugttt/metrics.jsonl
tinker_cookbook.utils.ml_log:240 [INFO] Logging to: https://wandb.ai/kriaz-msee20seecs-nust/ugttt-rebuttal/runs/1r8hc8kt
tinker_cookbook.utils.ml_log:143 [INFO] Wrote metrics to logs/aws/wave4/ahc039-ugttt/metrics.jsonl
tinker_cookbook.utils.ml_log:240 [INFO] Logging to: https://wandb.ai/kriaz-msee20seecs-nust/ugttt-rebuttal/runs/1r8hc8kt
tinker_cookbook.utils.ml_log:143 [INFO] Wrote metrics to logs/aws/wave4/ahc039-ugttt/metrics.jsonl
tinker_cookbook.utils.ml_log:240 [INFO] Logging to: https://wandb.ai/kriaz-msee20seecs-nust/ugttt-rebuttal/runs/1r8hc8kt
tinker_cookbook.utils.ml_log:143 [INFO] Wrote metrics to logs/aws/wave4/ahc039-ugttt/metrics.jsonl
tinker_cookbook.utils.ml_log:240 [INFO] Logging to: https://wandb.ai/kriaz-msee20seecs-nust/ugttt-rebuttal/runs/1r8hc8kt
tinker_cookbook.utils.ml_log:143 [INFO] Wrote metrics to logs/aws/wave4/ahc039-ugttt/metrics.jsonl
tinker_cookbook.utils.ml_log:240 [INFO] Logging to: https://wandb.ai/kriaz-msee20seecs-nust/ugttt-rebuttal/runs/1r8hc8kt
tinker_cookbook.utils.ml_log:143 [INFO] Wrote metrics to logs/aws/wave4/ahc039-ugttt/metrics.jsonl
tinker_cookbook.utils.ml_log:240 [INFO] Logging to: https://wandb.ai/kriaz-msee20seecs-nust/ugttt-rebuttal/runs/1r8hc8kt
tinker_cookbook.utils.ml_log:143 [INFO] Wrote metrics to logs/aws/wave4/ahc039-ugttt/metrics.jsonl
tinker_cookbook.utils.ml_log:240 [INFO] Logging to: https://wandb.ai/kriaz-msee20seecs-nust/ugttt-rebuttal/runs/1r8hc8kt
tinker_cookbook.utils.ml_log:143 [INFO] Wrote metrics to logs/aws/wave4/ahc039-ugttt/metrics.jsonl
tinker_cookbook.utils.ml_log:240 [INFO] Logging to: https://wandb.ai/kriaz-msee20seecs-nust/ugttt-rebuttal/runs/1r8hc8kt
__main__:1949 [INFO]   [1][5/8] KEPT | R_exec=0.7217 (max=1.1893) RMI=0.0128 R_total=0.7230 | 3563.4s | GPU: 18.8/19.7GB
tinker_cookbook.utils.ml_log:143 [INFO] Wrote metrics to logs/aws/wave4/ahc039-ugttt/metrics.jsonl
tinker_cookbook.utils.ml_log:240 [INFO] Logging to: https://wandb.ai/kriaz-msee20seecs-nust/ugttt-rebuttal/runs/1r8hc8kt
tinker_cookbook.rl.ensemble:1082 [INFO]   generate_batch_multi_adapter_two_phase: N=8 phase1_max=26000 streaming_mi=False kv_q=False
tinker_cookbook.rl.ensemble:1270 [INFO]     [gen/p1] step=2048/23244 active=8/8 mi_stopped=0
tinker_cookbook.rl.ensemble:1270 [INFO]     [gen/p1] step=4096/23244 active=8/8 mi_stopped=0
tinker_cookbook.rl.ensemble:1270 [INFO]     [gen/p1] step=6144/23244 active=8/8 mi_stopped=0
tinker_cookbook.rl.ensemble:1270 [INFO]     [gen/p1] step=8192/23244 active=8/8 mi_stopped=0
tinker_cookbook.rl.ensemble:1270 [INFO]     [gen/p1] step=10240/23244 active=8/8 mi_stopped=0
tinker_cookbook.rl.ensemble:1270 [INFO]     [gen/p1] step=12288/23244 active=8/8 mi_stopped=0
tinker_cookbook.rl.ensemble:1270 [INFO]     [gen/p1] step=14336/23244 active=8/8 mi_stopped=0
tinker_cookbook.rl.ensemble:1270 [INFO]     [gen/p1] step=16384/23244 active=7/8 mi_stopped=0
tinker_cookbook.rl.ensemble:1270 [INFO]     [gen/p1] step=18432/23244 active=4/8 mi_stopped=0
tinker_cookbook.rl.ensemble:1270 [INFO]     [gen/p1] step=20480/23244 active=1/8 mi_stopped=0
__main__:1078 [INFO]   Group 5: multi-adapter generation 8 seqs in 2942.0s
__main__:1096 [INFO]   Group 5: batched ensemble scoring in 90.4s
__main__:1108 [INFO]   Group 5: rewards computed in 244.4s
__main__:1150 [INFO]     [g5][r1/8] adapter=3 R_exec=1.0169 true_MI=0.01223 RMI=0.0122 R_total=1.0181 correct=1 tokens=18565
__main__:1150 [INFO]     [g5][r2/8] adapter=4 R_exec=0.0000 true_MI=0.01364 RMI=0.0136 R_total=0.0014 correct=0 tokens=17474
__main__:1150 [INFO]     [g5][r3/8] adapter=0 R_exec=1.0169 true_MI=0.01385 RMI=0.0138 R_total=1.0182 correct=1 tokens=18082
__main__:1150 [INFO]     [g5][r4/8] adapter=1 R_exec=0.9507 true_MI=0.01435 RMI=0.0143 R_total=0.9521 correct=1 tokens=21532
__main__:1150 [INFO]     [g5][r5/8] adapter=2 R_exec=1.1893 true_MI=0.01248 RMI=0.0125 R_total=1.1905 correct=1 tokens=17186
__main__:1150 [INFO]     [g5][r6/8] adapter=3 R_exec=0.0000 true_MI=0.01345 RMI=0.0135 R_total=0.0013 correct=0 tokens=20369
__main__:1150 [INFO]     [g5][r7/8] adapter=4 R_exec=0.0000 true_MI=0.01289 RMI=0.0129 R_total=0.0013 correct=0 tokens=19928
__main__:1150 [INFO]     [g5][r8/8] adapter=0 R_exec=1.0169 true_MI=0.01365 RMI=0.0136 R_total=1.0182 correct=1 tokens=14370
__main__:1167 [INFO]   [g5] group true_MI: mean=0.01332 std=0.00072 max=0.01435 normalized=[0.92 1.02 1.04 1.08 0.94 1.01 0.97 1.02]
tinker_cookbook.utils.ml_log:143 [INFO] Wrote metrics to logs/aws/wave4/ahc039-ugttt/metrics.jsonl
tinker_cookbook.utils.ml_log:240 [INFO] Logging to: https://wandb.ai/kriaz-msee20seecs-nust/ugttt-rebuttal/runs/1r8hc8kt
tinker_cookbook.utils.ml_log:143 [INFO] Wrote metrics to logs/aws/wave4/ahc039-ugttt/metrics.jsonl
tinker_cookbook.utils.ml_log:240 [INFO] Logging to: https://wandb.ai/kriaz-msee20seecs-nust/ugttt-rebuttal/runs/1r8hc8kt
tinker_cookbook.utils.ml_log:143 [INFO] Wrote metrics to logs/aws/wave4/ahc039-ugttt/metrics.jsonl
tinker_cookbook.utils.ml_log:240 [INFO] Logging to: https://wandb.ai/kriaz-msee20seecs-nust/ugttt-rebuttal/runs/1r8hc8kt
tinker_cookbook.utils.ml_log:143 [INFO] Wrote metrics to logs/aws/wave4/ahc039-ugttt/metrics.jsonl
tinker_cookbook.utils.ml_log:240 [INFO] Logging to: https://wandb.ai/kriaz-msee20seecs-nust/ugttt-rebuttal/runs/1r8hc8kt
tinker_cookbook.utils.ml_log:143 [INFO] Wrote metrics to logs/aws/wave4/ahc039-ugttt/metrics.jsonl
tinker_cookbook.utils.ml_log:240 [INFO] Logging to: https://wandb.ai/kriaz-msee20seecs-nust/ugttt-rebuttal/runs/1r8hc8kt
tinker_cookbook.utils.ml_log:143 [INFO] Wrote metrics to logs/aws/wave4/ahc039-ugttt/metrics.jsonl
tinker_cookbook.utils.ml_log:240 [INFO] Logging to: https://wandb.ai/kriaz-msee20seecs-nust/ugttt-rebuttal/runs/1r8hc8kt
tinker_cookbook.utils.ml_log:143 [INFO] Wrote metrics to logs/aws/wave4/ahc039-ugttt/metrics.jsonl
tinker_cookbook.utils.ml_log:240 [INFO] Logging to: https://wandb.ai/kriaz-msee20seecs-nust/ugttt-rebuttal/runs/1r8hc8kt
tinker_cookbook.utils.ml_log:143 [INFO] Wrote metrics to logs/aws/wave4/ahc039-ugttt/metrics.jsonl
tinker_cookbook.utils.ml_log:240 [INFO] Logging to: https://wandb.ai/kriaz-msee20seecs-nust/ugttt-rebuttal/runs/1r8hc8kt
__main__:1949 [INFO]   [1][6/8] KEPT | R_exec=0.6488 (max=1.1893) RMI=0.0133 R_total=0.6502 | 3186.5s | GPU: 18.8/19.6GB
tinker_cookbook.utils.ml_log:143 [INFO] Wrote metrics to logs/aws/wave4/ahc039-ugttt/metrics.jsonl
tinker_cookbook.utils.ml_log:240 [INFO] Logging to: https://wandb.ai/kriaz-msee20seecs-nust/ugttt-rebuttal/runs/1r8hc8kt
tinker_cookbook.rl.ensemble:1082 [INFO]   generate_batch_multi_adapter_two_phase: N=8 phase1_max=26000 streaming_mi=False kv_q=False
tinker_cookbook.rl.ensemble:1270 [INFO]     [gen/p1] step=2048/23779 active=8/8 mi_stopped=0
tinker_cookbook.rl.ensemble:1270 [INFO]     [gen/p1] step=4096/23779 active=8/8 mi_stopped=0
tinker_cookbook.rl.ensemble:1270 [INFO]     [gen/p1] step=6144/23779 active=8/8 mi_stopped=0
tinker_cookbook.rl.ensemble:1270 [INFO]     [gen/p1] step=8192/23779 active=8/8 mi_stopped=0
tinker_cookbook.rl.ensemble:1270 [INFO]     [gen/p1] step=10240/23779 active=8/8 mi_stopped=0
tinker_cookbook.rl.ensemble:1270 [INFO]     [gen/p1] step=12288/23779 active=8/8 mi_stopped=0
tinker_cookbook.rl.ensemble:1270 [INFO]     [gen/p1] step=14336/23779 active=8/8 mi_stopped=0
tinker_cookbook.rl.ensemble:1270 [INFO]     [gen/p1] step=16384/23779 active=6/8 mi_stopped=0
tinker_cookbook.rl.ensemble:1270 [INFO]     [gen/p1] step=18432/23779 active=2/8 mi_stopped=0
tinker_cookbook.rl.ensemble:1270 [INFO]     [gen/p1] step=20480/23779 active=1/8 mi_stopped=0
__main__:1078 [INFO]   Group 6: multi-adapter generation 8 seqs in 2712.9s
__main__:1096 [INFO]   Group 6: batched ensemble scoring in 82.8s
__main__:1108 [INFO]   Group 6: rewards computed in 298.4s
__main__:1150 [INFO]     [g6][r1/8] adapter=3 R_exec=1.1893 true_MI=0.01268 RMI=0.0127 R_total=1.1905 correct=1 tokens=15717
__main__:1150 [INFO]     [g6][r2/8] adapter=4 R_exec=1.0169 true_MI=0.01331 RMI=0.0133 R_total=1.0182 correct=1 tokens=16566
__main__:1150 [INFO]     [g6][r3/8] adapter=0 R_exec=1.0169 true_MI=0.01466 RMI=0.0147 R_total=1.0183 correct=1 tokens=16229
__main__:1150 [INFO]     [g6][r4/8] adapter=1 R_exec=0.0000 true_MI=0.01361 RMI=0.0136 R_total=0.0014 correct=0 tokens=20599
__main__:1150 [INFO]     [g6][r5/8] adapter=2 R_exec=1.0169 true_MI=0.01239 RMI=0.0124 R_total=1.0181 correct=1 tokens=18497
__main__:1150 [INFO]     [g6][r6/8] adapter=3 R_exec=1.1893 true_MI=0.01324 RMI=0.0132 R_total=1.1906 correct=1 tokens=17485
__main__:1150 [INFO]     [g6][r7/8] adapter=4 R_exec=0.0000 true_MI=0.01418 RMI=0.0142 R_total=0.0014 correct=0 tokens=16995
__main__:1150 [INFO]     [g6][r8/8] adapter=0 R_exec=1.1893 true_MI=0.01337 RMI=0.0134 R_total=1.1906 correct=1 tokens=17500
__main__:1167 [INFO]   [g6] group true_MI: mean=0.01343 std=0.00074 max=0.01466 normalized=[0.94 0.99 1.09 1.01 0.92 0.99 1.06 1.00]
tinker_cookbook.utils.ml_log:143 [INFO] Wrote metrics to logs/aws/wave4/ahc039-ugttt/metrics.jsonl
tinker_cookbook.utils.ml_log:240 [INFO] Logging to: https://wandb.ai/kriaz-msee20seecs-nust/ugttt-rebuttal/runs/1r8hc8kt
tinker_cookbook.utils.ml_log:143 [INFO] Wrote metrics to logs/aws/wave4/ahc039-ugttt/metrics.jsonl
tinker_cookbook.utils.ml_log:240 [INFO] Logging to: https://wandb.ai/kriaz-msee20seecs-nust/ugttt-rebuttal/runs/1r8hc8kt
tinker_cookbook.utils.ml_log:143 [INFO] Wrote metrics to logs/aws/wave4/ahc039-ugttt/metrics.jsonl
tinker_cookbook.utils.ml_log:240 [INFO] Logging to: https://wandb.ai/kriaz-msee20seecs-nust/ugttt-rebuttal/runs/1r8hc8kt
tinker_cookbook.utils.ml_log:143 [INFO] Wrote metrics to logs/aws/wave4/ahc039-ugttt/metrics.jsonl
tinker_cookbook.utils.ml_log:240 [INFO] Logging to: https://wandb.ai/kriaz-msee20seecs-nust/ugttt-rebuttal/runs/1r8hc8kt
tinker_cookbook.utils.ml_log:143 [INFO] Wrote metrics to logs/aws/wave4/ahc039-ugttt/metrics.jsonl
tinker_cookbook.utils.ml_log:240 [INFO] Logging to: https://wandb.ai/kriaz-msee20seecs-nust/ugttt-rebuttal/runs/1r8hc8kt
tinker_cookbook.utils.ml_log:143 [INFO] Wrote metrics to logs/aws/wave4/ahc039-ugttt/metrics.jsonl
tinker_cookbook.utils.ml_log:240 [INFO] Logging to: https://wandb.ai/kriaz-msee20seecs-nust/ugttt-rebuttal/runs/1r8hc8kt
tinker_cookbook.utils.ml_log:143 [INFO] Wrote metrics to logs/aws/wave4/ahc039-ugttt/metrics.jsonl
tinker_cookbook.utils.ml_log:240 [INFO] Logging to: https://wandb.ai/kriaz-msee20seecs-nust/ugttt-rebuttal/runs/1r8hc8kt
tinker_cookbook.utils.ml_log:143 [INFO] Wrote metrics to logs/aws/wave4/ahc039-ugttt/metrics.jsonl
tinker_cookbook.utils.ml_log:240 [INFO] Logging to: https://wandb.ai/kriaz-msee20seecs-nust/ugttt-rebuttal/runs/1r8hc8kt
__main__:1949 [INFO]   [1][7/8] KEPT | R_exec=0.8273 (max=1.1893) RMI=0.0134 R_total=0.8286 | 3011.3s | GPU: 18.8/19.7GB
tinker_cookbook.utils.ml_log:143 [INFO] Wrote metrics to logs/aws/wave4/ahc039-ugttt/metrics.jsonl
tinker_cookbook.utils.ml_log:240 [INFO] Logging to: https://wandb.ai/kriaz-msee20seecs-nust/ugttt-rebuttal/runs/1r8hc8kt
tinker_cookbook.rl.ensemble:1082 [INFO]   generate_batch_multi_adapter_two_phase: N=8 phase1_max=26000 streaming_mi=False kv_q=False
tinker_cookbook.rl.ensemble:1270 [INFO]     [gen/p1] step=2048/23469 active=8/8 mi_stopped=0
tinker_cookbook.rl.ensemble:1270 [INFO]     [gen/p1] step=4096/23469 active=8/8 mi_stopped=0
tinker_cookbook.rl.ensemble:1270 [INFO]     [gen/p1] step=6144/23469 active=8/8 mi_stopped=0
tinker_cookbook.rl.ensemble:1270 [INFO]     [gen/p1] step=8192/23469 active=8/8 mi_stopped=0
tinker_cookbook.rl.ensemble:1270 [INFO]     [gen/p1] step=10240/23469 active=8/8 mi_stopped=0
tinker_cookbook.rl.ensemble:1270 [INFO]     [gen/p1] step=12288/23469 active=8/8 mi_stopped=0
tinker_cookbook.rl.ensemble:1270 [INFO]     [gen/p1] step=14336/23469 active=7/8 mi_stopped=0
tinker_cookbook.rl.ensemble:1270 [INFO]     [gen/p1] step=16384/23469 active=6/8 mi_stopped=0
tinker_cookbook.rl.ensemble:1270 [INFO]     [gen/p1] step=18432/23469 active=3/8 mi_stopped=0
__main__:1078 [INFO]   Group 7: multi-adapter generation 8 seqs in 2567.2s
__main__:1096 [INFO]   Group 7: batched ensemble scoring in 83.4s
__main__:1108 [INFO]   Group 7: rewards computed in 378.7s
__main__:1150 [INFO]     [g7][r1/8] adapter=3 R_exec=1.1893 true_MI=0.01177 RMI=0.0118 R_total=1.1905 correct=1 tokens=19541
__main__:1150 [INFO]     [g7][r2/8] adapter=4 R_exec=1.2530 true_MI=0.01225 RMI=0.0123 R_total=1.2542 correct=1 tokens=17214
__main__:1150 [INFO]     [g7][r3/8] adapter=0 R_exec=1.0169 true_MI=0.01177 RMI=0.0118 R_total=1.0180 correct=1 tokens=18695
__main__:1150 [INFO]     [g7][r4/8] adapter=1 R_exec=0.1688 true_MI=0.01271 RMI=0.0127 R_total=0.1700 correct=1 tokens=16960
__main__:1150 [INFO]     [g7][r5/8] adapter=2 R_exec=0.0000 true_MI=0.01299 RMI=0.0130 R_total=0.0013 correct=0 tokens=17836
__main__:1150 [INFO]     [g7][r6/8] adapter=3 R_exec=0.5065 true_MI=0.01286 RMI=0.0129 R_total=0.5078 correct=1 tokens=15389
__main__:1150 [INFO]     [g7][r7/8] adapter=4 R_exec=1.0169 true_MI=0.01175 RMI=0.0118 R_total=1.0180 correct=1 tokens=19652
__main__:1150 [INFO]     [g7][r8/8] adapter=0 R_exec=0.0000 true_MI=0.01265 RMI=0.0126 R_total=0.0013 correct=0 tokens=12814
__main__:1167 [INFO]   [g7] group true_MI: mean=0.01234 std=0.00052 max=0.01299 normalized=[0.95 0.99 0.95 1.03 1.05 1.04 0.95 1.02]
tinker_cookbook.utils.ml_log:143 [INFO] Wrote metrics to logs/aws/wave4/ahc039-ugttt/metrics.jsonl
tinker_cookbook.utils.ml_log:240 [INFO] Logging to: https://wandb.ai/kriaz-msee20seecs-nust/ugttt-rebuttal/runs/1r8hc8kt
tinker_cookbook.utils.ml_log:143 [INFO] Wrote metrics to logs/aws/wave4/ahc039-ugttt/metrics.jsonl
tinker_cookbook.utils.ml_log:240 [INFO] Logging to: https://wandb.ai/kriaz-msee20seecs-nust/ugttt-rebuttal/runs/1r8hc8kt
tinker_cookbook.utils.ml_log:143 [INFO] Wrote metrics to logs/aws/wave4/ahc039-ugttt/metrics.jsonl
tinker_cookbook.utils.ml_log:240 [INFO] Logging to: https://wandb.ai/kriaz-msee20seecs-nust/ugttt-rebuttal/runs/1r8hc8kt
tinker_cookbook.utils.ml_log:143 [INFO] Wrote metrics to logs/aws/wave4/ahc039-ugttt/metrics.jsonl
tinker_cookbook.utils.ml_log:240 [INFO] Logging to: https://wandb.ai/kriaz-msee20seecs-nust/ugttt-rebuttal/runs/1r8hc8kt
tinker_cookbook.utils.ml_log:143 [INFO] Wrote metrics to logs/aws/wave4/ahc039-ugttt/metrics.jsonl
tinker_cookbook.utils.ml_log:240 [INFO] Logging to: https://wandb.ai/kriaz-msee20seecs-nust/ugttt-rebuttal/runs/1r8hc8kt
tinker_cookbook.utils.ml_log:143 [INFO] Wrote metrics to logs/aws/wave4/ahc039-ugttt/metrics.jsonl
tinker_cookbook.utils.ml_log:240 [INFO] Logging to: https://wandb.ai/kriaz-msee20seecs-nust/ugttt-rebuttal/runs/1r8hc8kt
tinker_cookbook.utils.ml_log:143 [INFO] Wrote metrics to logs/aws/wave4/ahc039-ugttt/metrics.jsonl
tinker_cookbook.utils.ml_log:240 [INFO] Logging to: https://wandb.ai/kriaz-msee20seecs-nust/ugttt-rebuttal/runs/1r8hc8kt
tinker_cookbook.utils.ml_log:143 [INFO] Wrote metrics to logs/aws/wave4/ahc039-ugttt/metrics.jsonl
tinker_cookbook.utils.ml_log:240 [INFO] Logging to: https://wandb.ai/kriaz-msee20seecs-nust/ugttt-rebuttal/runs/1r8hc8kt
__main__:1949 [INFO]   [1][8/8] KEPT | R_exec=0.6439 (max=1.2530) RMI=0.0123 R_total=0.6451 | 2946.0s | GPU: 18.8/19.5GB
tinker_cookbook.utils.ml_log:143 [INFO] Wrote metrics to logs/aws/wave4/ahc039-ugttt/metrics.jsonl
tinker_cookbook.utils.ml_log:240 [INFO] Logging to: https://wandb.ai/kriaz-msee20seecs-nust/ugttt-rebuttal/runs/1r8hc8kt
__main__:1988 [INFO] [Epoch 1] Rollout phase done in 27756.2s. Training on 8/8 groups...
tinker_cookbook.utils.ml_log:143 [INFO] Wrote metrics to logs/aws/wave4/ahc039-ugttt/metrics.jsonl
tinker_cookbook.utils.ml_log:195 [INFO] 
┏━━━━━━━━━━━━━━━━━━━━━━━━━━━━━━━━┳━━━━━━━━━━━━━━┓
┃ Metric                         ┃ Value        ┃
┡━━━━━━━━━━━━━━━━━━━━━━━━━━━━━━━━╇━━━━━━━━━━━━━━┩
│ gpu/memory_allocated_gb        │ 18.828612    │
│ gpu/memory_peak_gb             │ 74.511190    │
│ gpu/memory_reserved_gb         │ 18.868077    │
│ kl_policy_base                 │ 0.002092     │
│ optim/entropy                  │ 0.443707     │
│ optim/kl_sample_train_v1       │ 0.003556     │
│ optim/kl_sample_train_v2       │ 0.003558     │
│ progress/done_frac             │ 0.333333     │
│ progress/epoch                 │ 1            │
│ rollout/groups_attempted       │ 8.000000     │
│ rollout/groups_filtered        │ 0.000000     │
│ rollout/groups_kept            │ 8.000000     │
│ rollout/intra_group_reward_std │ 0.496594     │
│ time/rollout                   │ 27756.225557 │
│ time/total                     │ 30204.665692 │
│ time/train                     │ 2448.307570  │
│ train/advantage/max            │ 6.038064     │
│ train/advantage/mean           │ 0.281784     │
│ train/advantage/min            │ -2.177223    │
│ train/advantage/std            │ 1.708355     │
│ train/beta/mean                │ 21.551992    │
│ train/beta/std                 │ 33.486311    │
│ train/correctness/mean         │ 0.640625     │
│ train/correctness/rate         │ 0.640625     │
│ train/ensemble/frac_high_disa… │ 0.499985     │
│ train/ensemble/max_token_disa… │ 14.088386    │
│ train/ensemble/member_logprob… │ 0.004417     │
│ train/ensemble/member_logprob… │ 0.001764     │
│ train/gamma_eff/mean           │ 0.485322     │
│ train/gen/num_tokens/max       │ 25471.000000 │
│ train/gen/num_tokens/mean      │ 18068.812500 │
│ train/gen/num_tokens/std       │ 2651.937463  │
│ train/group/rmi_exec_corr/mean │ -0.267962    │
│ train/group/rmi_exec_corr/std  │ 0.417068     │
│ train/loss                     │ -0.281741    │
│ train/nnm_loss                 │ -0.054163    │
│ train/nnm_nuclear_norm         │ 46.219299    │
│ train/num_groups               │ 8.000000     │
│ train/num_rollouts             │ 64.000000    │
│ train/num_rollouts_total       │ 64.000000    │
│ train/reward/exec/best         │ 1.253164     │
│ train/reward/exec/max          │ 1.253164     │
│ train/reward/exec/mean         │ 0.637138     │
│ train/reward/exec/min          │ 0.000000     │
│ train/reward/exec/std          │ 0.531702     │
│ train/reward/rmi/max           │ 0.014657     │
│ train/reward/rmi/mean          │ 0.012786     │
│ train/reward/rmi/min           │ 0.010834     │
│ train/reward/rmi/std           │ 0.000734     │
│ train/reward/total/best        │ 1.254324     │
│ train/reward/total/max         │ 1.254324     │
│ train/reward/total/mean        │ 0.638416     │
│ train/reward/total/min         │ 0.001083     │
│ train/reward/total/std         │ 0.531691     │
│ train/streaming_mi/stop_rate   │ 0.000000     │
│ train/streaming_mi/tokens_sav… │ 0.000000     │
│ train/streaming_mi/tokens_sav… │ 0.000000     │
│ train/two_phase/phase1_tokens… │ 17924.421875 │
│ train/two_phase/phase2_tokens… │ 143.015625   │
│ train/two_phase/prefill_rate   │ 0.062500     │
│ train/uncertainty/predictive_… │ 0.127148     │
│ train/uncertainty/predictive_… │ 0.104622     │
│ train/uncertainty/predictive_… │ 0.080568     │
│ train/uncertainty/predictive_… │ 0.010170     │
│ train/uncertainty/predictive_… │ 0.365141     │
│ train/uncertainty/predictive_… │ 0.363683     │
│ train/uncertainty/predictive_… │ 0.360790     │
│ train/uncertainty/predictive_… │ 0.000885     │
│ train/uncertainty/rmi/max      │ 0.003204     │
│ train/uncertainty/rmi/mean     │ 0.002445     │
│ train/uncertainty/rmi/min      │ 0.001733     │
│ train/uncertainty/rmi/std      │ 0.000269     │
│ train/uncertainty/rmi_top7/max │ 0.035110     │
│ train/uncertainty/rmi_top7/me… │ 0.027768     │
│ train/uncertainty/rmi_top7/min │ 0.020541     │
│ train/uncertainty/rmi_top7/std │ 0.002730     │
│ train/uncertainty/top7_mi_cod… │ 0.000957     │
│ train/uncertainty/top7_mi_cod… │ 0.004094     │
│ train/uncertainty/top7_mi_thi… │ 0.010920     │
│ train/uncertainty/top7_mi_thi… │ 0.000672     │
│ train/uncertainty/top7_pct_co… │ 0.000315     │
│ train/uncertainty/top7_pct_co… │ 0.001353     │
│ train/uncertainty/top7_pct_th… │ 0.898427     │
│ train/uncertainty/top7_pct_th… │ 0.012233     │
│ train/uncertainty/true_mi/max  │ 0.014657     │
│ train/uncertainty/true_mi/mean │ 0.012786     │
│ train/uncertainty/true_mi/min  │ 0.010834     │
│ train/uncertainty/true_mi/std  │ 0.000734     │
│ train/uncertainty/variance/max │ 0.009904     │
│ train/uncertainty/variance/me… │ 0.006857     │
│ train/uncertainty/variance/min │ 0.004785     │
│ train/uncertainty/variance/std │ 0.000933     │
│ train/uncertainty/variance_to… │ 0.114760     │
│ train/uncertainty/variance_to… │ 0.080003     │
│ train/uncertainty/variance_to… │ 0.057795     │
│ train/uncertainty/variance_to… │ 0.011015     │
└────────────────────────────────┴──────────────┘
tinker_cookbook.utils.ml_log:240 [INFO] Logging to: https://wandb.ai/kriaz-msee20seecs-nust/ugttt-rebuttal/runs/1r8hc8kt
__main__:2062 [INFO] [Epoch 1] R_exec=0.6371 (max=1.2532 best=1.2532) RMI=0.0128 beta=21.55 corr=64.1% loss=-0.2817 nuc=46.219 groups=8/8 time=30204.7s
__main__:2073 [INFO] Checkpoint saved at epoch 1
__main__:1836 [INFO] [Epoch 2/6] Starting rollout phase: 8 groups × 8 rollouts
tinker_cookbook.rl.ensemble:1082 [INFO]   generate_batch_multi_adapter_two_phase: N=8 phase1_max=26000 streaming_mi=False kv_q=False
tinker_cookbook.rl.ensemble:1270 [INFO]     [gen/p1] step=2048/23003 active=8/8 mi_stopped=0
tinker_cookbook.rl.ensemble:1270 [INFO]     [gen/p1] step=4096/23003 active=8/8 mi_stopped=0
tinker_cookbook.rl.ensemble:1270 [INFO]     [gen/p1] step=6144/23003 active=8/8 mi_stopped=0
tinker_cookbook.rl.ensemble:1270 [INFO]     [gen/p1] step=8192/23003 active=8/8 mi_stopped=0
tinker_cookbook.rl.ensemble:1270 [INFO]     [gen/p1] step=10240/23003 active=8/8 mi_stopped=0
tinker_cookbook.rl.ensemble:1270 [INFO]     [gen/p1] step=12288/23003 active=8/8 mi_stopped=0
tinker_cookbook.rl.ensemble:1270 [INFO]     [gen/p1] step=14336/23003 active=8/8 mi_stopped=0
tinker_cookbook.rl.ensemble:1270 [INFO]     [gen/p1] step=16384/23003 active=6/8 mi_stopped=0
tinker_cookbook.rl.ensemble:1270 [INFO]     [gen/p1] step=18432/23003 active=5/8 mi_stopped=0
tinker_cookbook.rl.ensemble:1270 [INFO]     [gen/p1] step=20480/23003 active=1/8 mi_stopped=0
__main__:1078 [INFO]   Group 0: multi-adapter generation 8 seqs in 3012.5s
__main__:1096 [INFO]   Group 0: batched ensemble scoring in 91.4s
__main__:1108 [INFO]   Group 0: rewards computed in 553.9s
__main__:1150 [INFO]     [g0][r1/8] adapter=1 R_exec=0.0000 true_MI=0.01302 RMI=0.0130 R_total=0.0013 correct=0 tokens=18448
__main__:1150 [INFO]     [g0][r2/8] adapter=2 R_exec=0.1688 true_MI=0.01354 RMI=0.0135 R_total=0.1701 correct=1 tokens=16143
__main__:1150 [INFO]     [g0][r3/8] adapter=3 R_exec=0.0000 true_MI=0.01359 RMI=0.0136 R_total=0.0014 correct=0 tokens=19206
__main__:1150 [INFO]     [g0][r4/8] adapter=4 R_exec=0.0000 true_MI=0.01349 RMI=0.0135 R_total=0.0013 correct=0 tokens=21562
__main__:1150 [INFO]     [g0][r5/8] adapter=0 R_exec=0.0000 true_MI=0.01357 RMI=0.0136 R_total=0.0014 correct=0 tokens=18774
__main__:1150 [INFO]     [g0][r6/8] adapter=1 R_exec=1.2532 true_MI=0.01321 RMI=0.0132 R_total=1.2545 correct=1 tokens=16062
__main__:1150 [INFO]     [g0][r7/8] adapter=2 R_exec=0.0000 true_MI=0.01205 RMI=0.0121 R_total=0.0012 correct=0 tokens=18273
__main__:1150 [INFO]     [g0][r8/8] adapter=3 R_exec=0.0000 true_MI=0.01329 RMI=0.0133 R_total=0.0013 correct=0 tokens=18654
__main__:1167 [INFO]   [g0] group true_MI: mean=0.01322 std=0.00051 max=0.01359 normalized=[0.98 1.02 1.03 1.02 1.03 1.00 0.91 1.01]
tinker_cookbook.utils.ml_log:143 [INFO] Wrote metrics to logs/aws/wave4/ahc039-ugttt/metrics.jsonl
tinker_cookbook.utils.ml_log:240 [INFO] Logging to: https://wandb.ai/kriaz-msee20seecs-nust/ugttt-rebuttal/runs/1r8hc8kt
tinker_cookbook.utils.ml_log:143 [INFO] Wrote metrics to logs/aws/wave4/ahc039-ugttt/metrics.jsonl
tinker_cookbook.utils.ml_log:240 [INFO] Logging to: https://wandb.ai/kriaz-msee20seecs-nust/ugttt-rebuttal/runs/1r8hc8kt
tinker_cookbook.utils.ml_log:143 [INFO] Wrote metrics to logs/aws/wave4/ahc039-ugttt/metrics.jsonl
tinker_cookbook.utils.ml_log:240 [INFO] Logging to: https://wandb.ai/kriaz-msee20seecs-nust/ugttt-rebuttal/runs/1r8hc8kt
tinker_cookbook.utils.ml_log:143 [INFO] Wrote metrics to logs/aws/wave4/ahc039-ugttt/metrics.jsonl
tinker_cookbook.utils.ml_log:240 [INFO] Logging to: https://wandb.ai/kriaz-msee20seecs-nust/ugttt-rebuttal/runs/1r8hc8kt
tinker_cookbook.utils.ml_log:143 [INFO] Wrote metrics to logs/aws/wave4/ahc039-ugttt/metrics.jsonl
tinker_cookbook.utils.ml_log:240 [INFO] Logging to: https://wandb.ai/kriaz-msee20seecs-nust/ugttt-rebuttal/runs/1r8hc8kt
tinker_cookbook.utils.ml_log:143 [INFO] Wrote metrics to logs/aws/wave4/ahc039-ugttt/metrics.jsonl
tinker_cookbook.utils.ml_log:240 [INFO] Logging to: https://wandb.ai/kriaz-msee20seecs-nust/ugttt-rebuttal/runs/1r8hc8kt
tinker_cookbook.utils.ml_log:143 [INFO] Wrote metrics to logs/aws/wave4/ahc039-ugttt/metrics.jsonl
tinker_cookbook.utils.ml_log:240 [INFO] Logging to: https://wandb.ai/kriaz-msee20seecs-nust/ugttt-rebuttal/runs/1r8hc8kt
tinker_cookbook.utils.ml_log:143 [INFO] Wrote metrics to logs/aws/wave4/ahc039-ugttt/metrics.jsonl
tinker_cookbook.utils.ml_log:240 [INFO] Logging to: https://wandb.ai/kriaz-msee20seecs-nust/ugttt-rebuttal/runs/1r8hc8kt
__main__:1949 [INFO]   [2][1/8] KEPT | R_exec=0.1777 (max=1.2532) RMI=0.0132 R_total=0.1791 | 3566.5s | GPU: 18.8/19.8GB
tinker_cookbook.utils.ml_log:143 [INFO] Wrote metrics to logs/aws/wave4/ahc039-ugttt/metrics.jsonl
tinker_cookbook.utils.ml_log:240 [INFO] Logging to: https://wandb.ai/kriaz-msee20seecs-nust/ugttt-rebuttal/runs/1r8hc8kt
tinker_cookbook.rl.ensemble:1082 [INFO]   generate_batch_multi_adapter_two_phase: N=8 phase1_max=26000 streaming_mi=False kv_q=False
tinker_cookbook.rl.ensemble:1270 [INFO]     [gen/p1] step=2048/22876 active=8/8 mi_stopped=0
tinker_cookbook.rl.ensemble:1270 [INFO]     [gen/p1] step=4096/22876 active=8/8 mi_stopped=0
tinker_cookbook.rl.ensemble:1270 [INFO]     [gen/p1] step=6144/22876 active=8/8 mi_stopped=0
tinker_cookbook.rl.ensemble:1270 [INFO]     [gen/p1] step=8192/22876 active=8/8 mi_stopped=0
tinker_cookbook.rl.ensemble:1270 [INFO]     [gen/p1] step=10240/22876 active=8/8 mi_stopped=0
tinker_cookbook.rl.ensemble:1270 [INFO]     [gen/p1] step=12288/22876 active=8/8 mi_stopped=0
tinker_cookbook.rl.ensemble:1270 [INFO]     [gen/p1] step=14336/22876 active=7/8 mi_stopped=0
tinker_cookbook.rl.ensemble:1270 [INFO]     [gen/p1] step=16384/22876 active=5/8 mi_stopped=0
tinker_cookbook.rl.ensemble:1270 [INFO]     [gen/p1] step=18432/22876 active=2/8 mi_stopped=0
__main__:1078 [INFO]   Group 1: multi-adapter generation 8 seqs in 2655.2s
__main__:1096 [INFO]   Group 1: batched ensemble scoring in 84.8s
__main__:1108 [INFO]   Group 1: rewards computed in 160.3s
__main__:1150 [INFO]     [g1][r1/8] adapter=1 R_exec=0.1688 true_MI=0.01259 RMI=0.0126 R_total=0.1700 correct=1 tokens=16649
__main__:1150 [INFO]     [g1][r2/8] adapter=2 R_exec=1.2530 true_MI=0.01286 RMI=0.0129 R_total=1.2543 correct=1 tokens=13927
__main__:1150 [INFO]     [g1][r3/8] adapter=3 R_exec=0.0000 true_MI=0.01252 RMI=0.0125 R_total=0.0013 correct=0 tokens=19857
__main__:1150 [INFO]     [g1][r4/8] adapter=4 R_exec=0.0014 true_MI=0.01308 RMI=0.0131 R_total=0.0027 correct=1 tokens=16179
__main__:1150 [INFO]     [g1][r5/8] adapter=0 R_exec=0.3217 true_MI=0.01371 RMI=0.0137 R_total=0.3231 correct=1 tokens=14635
__main__:1150 [INFO]     [g1][r6/8] adapter=1 R_exec=0.0947 true_MI=0.01308 RMI=0.0131 R_total=0.0960 correct=1 tokens=19775
__main__:1150 [INFO]     [g1][r7/8] adapter=2 R_exec=1.2530 true_MI=0.01325 RMI=0.0133 R_total=1.2543 correct=1 tokens=17487
__main__:1150 [INFO]     [g1][r8/8] adapter=3 R_exec=0.0000 true_MI=0.01368 RMI=0.0137 R_total=0.0014 correct=0 tokens=16920
__main__:1167 [INFO]   [g1] group true_MI: mean=0.01310 std=0.00044 max=0.01371 normalized=[0.96 0.98 0.96 1.00 1.05 1.00 1.01 1.04]
tinker_cookbook.utils.ml_log:143 [INFO] Wrote metrics to logs/aws/wave4/ahc039-ugttt/metrics.jsonl
tinker_cookbook.utils.ml_log:240 [INFO] Logging to: https://wandb.ai/kriaz-msee20seecs-nust/ugttt-rebuttal/runs/1r8hc8kt
tinker_cookbook.utils.ml_log:143 [INFO] Wrote metrics to logs/aws/wave4/ahc039-ugttt/metrics.jsonl
tinker_cookbook.utils.ml_log:240 [INFO] Logging to: https://wandb.ai/kriaz-msee20seecs-nust/ugttt-rebuttal/runs/1r8hc8kt
tinker_cookbook.utils.ml_log:143 [INFO] Wrote metrics to logs/aws/wave4/ahc039-ugttt/metrics.jsonl
tinker_cookbook.utils.ml_log:240 [INFO] Logging to: https://wandb.ai/kriaz-msee20seecs-nust/ugttt-rebuttal/runs/1r8hc8kt
tinker_cookbook.utils.ml_log:143 [INFO] Wrote metrics to logs/aws/wave4/ahc039-ugttt/metrics.jsonl
tinker_cookbook.utils.ml_log:240 [INFO] Logging to: https://wandb.ai/kriaz-msee20seecs-nust/ugttt-rebuttal/runs/1r8hc8kt
tinker_cookbook.utils.ml_log:143 [INFO] Wrote metrics to logs/aws/wave4/ahc039-ugttt/metrics.jsonl
tinker_cookbook.utils.ml_log:240 [INFO] Logging to: https://wandb.ai/kriaz-msee20seecs-nust/ugttt-rebuttal/runs/1r8hc8kt
tinker_cookbook.utils.ml_log:143 [INFO] Wrote metrics to logs/aws/wave4/ahc039-ugttt/metrics.jsonl
tinker_cookbook.utils.ml_log:240 [INFO] Logging to: https://wandb.ai/kriaz-msee20seecs-nust/ugttt-rebuttal/runs/1r8hc8kt
tinker_cookbook.utils.ml_log:143 [INFO] Wrote metrics to logs/aws/wave4/ahc039-ugttt/metrics.jsonl
tinker_cookbook.utils.ml_log:240 [INFO] Logging to: https://wandb.ai/kriaz-msee20seecs-nust/ugttt-rebuttal/runs/1r8hc8kt
tinker_cookbook.utils.ml_log:143 [INFO] Wrote metrics to logs/aws/wave4/ahc039-ugttt/metrics.jsonl
tinker_cookbook.utils.ml_log:240 [INFO] Logging to: https://wandb.ai/kriaz-msee20seecs-nust/ugttt-rebuttal/runs/1r8hc8kt
__main__:1949 [INFO]   [2][2/8] KEPT | R_exec=0.3866 (max=1.2530) RMI=0.0131 R_total=0.3879 | 2815.6s | GPU: 18.8/19.7GB
tinker_cookbook.utils.ml_log:143 [INFO] Wrote metrics to logs/aws/wave4/ahc039-ugttt/metrics.jsonl
tinker_cookbook.utils.ml_log:240 [INFO] Logging to: https://wandb.ai/kriaz-msee20seecs-nust/ugttt-rebuttal/runs/1r8hc8kt
tinker_cookbook.rl.ensemble:1082 [INFO]   generate_batch_multi_adapter_two_phase: N=8 phase1_max=26000 streaming_mi=False kv_q=False
tinker_cookbook.rl.ensemble:1270 [INFO]     [gen/p1] step=2048/23151 active=8/8 mi_stopped=0
tinker_cookbook.rl.ensemble:1270 [INFO]     [gen/p1] step=4096/23151 active=8/8 mi_stopped=0
tinker_cookbook.rl.ensemble:1270 [INFO]     [gen/p1] step=6144/23151 active=8/8 mi_stopped=0
tinker_cookbook.rl.ensemble:1270 [INFO]     [gen/p1] step=8192/23151 active=8/8 mi_stopped=0
tinker_cookbook.rl.ensemble:1270 [INFO]     [gen/p1] step=10240/23151 active=8/8 mi_stopped=0
tinker_cookbook.rl.ensemble:1270 [INFO]     [gen/p1] step=12288/23151 active=8/8 mi_stopped=0
tinker_cookbook.rl.ensemble:1270 [INFO]     [gen/p1] step=14336/23151 active=8/8 mi_stopped=0
tinker_cookbook.rl.ensemble:1270 [INFO]     [gen/p1] step=16384/23151 active=5/8 mi_stopped=0
tinker_cookbook.rl.ensemble:1270 [INFO]     [gen/p1] step=18432/23151 active=4/8 mi_stopped=0
__main__:1078 [INFO]   Group 2: multi-adapter generation 8 seqs in 2686.7s
__main__:1096 [INFO]   Group 2: batched ensemble scoring in 87.2s
__main__:1108 [INFO]   Group 2: rewards computed in 354.5s
__main__:1150 [INFO]     [g2][r1/8] adapter=1 R_exec=0.0000 true_MI=0.01153 RMI=0.0115 R_total=0.0012 correct=0 tokens=19736
__main__:1150 [INFO]     [g2][r2/8] adapter=2 R_exec=1.1893 true_MI=0.01118 RMI=0.0112 R_total=1.1904 correct=1 tokens=19048
__main__:1150 [INFO]     [g2][r3/8] adapter=3 R_exec=1.1099 true_MI=0.01287 RMI=0.0129 R_total=1.1111 correct=1 tokens=17728
__main__:1150 [INFO]     [g2][r4/8] adapter=4 R_exec=0.0000 true_MI=0.01254 RMI=0.0125 R_total=0.0013 correct=0 tokens=16317
__main__:1150 [INFO]     [g2][r5/8] adapter=0 R_exec=0.0000 true_MI=0.01280 RMI=0.0128 R_total=0.0013 correct=0 tokens=14964
__main__:1150 [INFO]     [g2][r6/8] adapter=1 R_exec=0.0000 true_MI=0.01338 RMI=0.0134 R_total=0.0013 correct=0 tokens=20093
__main__:1150 [INFO]     [g2][r7/8] adapter=2 R_exec=0.0000 true_MI=0.01255 RMI=0.0125 R_total=0.0013 correct=0 tokens=14898
__main__:1150 [INFO]     [g2][r8/8] adapter=3 R_exec=0.0000 true_MI=0.01265 RMI=0.0126 R_total=0.0013 correct=0 tokens=18798
__main__:1167 [INFO]   [g2] group true_MI: mean=0.01244 std=0.00072 max=0.01338 normalized=[0.93 0.90 1.03 1.01 1.03 1.08 1.01 1.02]
tinker_cookbook.utils.ml_log:143 [INFO] Wrote metrics to logs/aws/wave4/ahc039-ugttt/metrics.jsonl
tinker_cookbook.utils.ml_log:240 [INFO] Logging to: https://wandb.ai/kriaz-msee20seecs-nust/ugttt-rebuttal/runs/1r8hc8kt
tinker_cookbook.utils.ml_log:143 [INFO] Wrote metrics to logs/aws/wave4/ahc039-ugttt/metrics.jsonl
tinker_cookbook.utils.ml_log:240 [INFO] Logging to: https://wandb.ai/kriaz-msee20seecs-nust/ugttt-rebuttal/runs/1r8hc8kt
tinker_cookbook.utils.ml_log:143 [INFO] Wrote metrics to logs/aws/wave4/ahc039-ugttt/metrics.jsonl
tinker_cookbook.utils.ml_log:240 [INFO] Logging to: https://wandb.ai/kriaz-msee20seecs-nust/ugttt-rebuttal/runs/1r8hc8kt
tinker_cookbook.utils.ml_log:143 [INFO] Wrote metrics to logs/aws/wave4/ahc039-ugttt/metrics.jsonl
tinker_cookbook.utils.ml_log:240 [INFO] Logging to: https://wandb.ai/kriaz-msee20seecs-nust/ugttt-rebuttal/runs/1r8hc8kt
tinker_cookbook.utils.ml_log:143 [INFO] Wrote metrics to logs/aws/wave4/ahc039-ugttt/metrics.jsonl
tinker_cookbook.utils.ml_log:240 [INFO] Logging to: https://wandb.ai/kriaz-msee20seecs-nust/ugttt-rebuttal/runs/1r8hc8kt
tinker_cookbook.utils.ml_log:143 [INFO] Wrote metrics to logs/aws/wave4/ahc039-ugttt/metrics.jsonl
tinker_cookbook.utils.ml_log:240 [INFO] Logging to: https://wandb.ai/kriaz-msee20seecs-nust/ugttt-rebuttal/runs/1r8hc8kt
tinker_cookbook.utils.ml_log:143 [INFO] Wrote metrics to logs/aws/wave4/ahc039-ugttt/metrics.jsonl
tinker_cookbook.utils.ml_log:240 [INFO] Logging to: https://wandb.ai/kriaz-msee20seecs-nust/ugttt-rebuttal/runs/1r8hc8kt
tinker_cookbook.utils.ml_log:143 [INFO] Wrote metrics to logs/aws/wave4/ahc039-ugttt/metrics.jsonl
tinker_cookbook.utils.ml_log:240 [INFO] Logging to: https://wandb.ai/kriaz-msee20seecs-nust/ugttt-rebuttal/runs/1r8hc8kt
__main__:1949 [INFO]   [2][3/8] KEPT | R_exec=0.2874 (max=1.1893) RMI=0.0124 R_total=0.2886 | 3041.3s | GPU: 18.8/19.8GB
tinker_cookbook.utils.ml_log:143 [INFO] Wrote metrics to logs/aws/wave4/ahc039-ugttt/metrics.jsonl
tinker_cookbook.utils.ml_log:240 [INFO] Logging to: https://wandb.ai/kriaz-msee20seecs-nust/ugttt-rebuttal/runs/1r8hc8kt
tinker_cookbook.rl.ensemble:1082 [INFO]   generate_batch_multi_adapter_two_phase: N=8 phase1_max=26000 streaming_mi=False kv_q=False
tinker_cookbook.rl.ensemble:1270 [INFO]     [gen/p1] step=2048/21904 active=7/8 mi_stopped=0
tinker_cookbook.rl.ensemble:1270 [INFO]     [gen/p1] step=4096/21904 active=4/8 mi_stopped=0
tinker_cookbook.rl.ensemble:1270 [INFO]     [gen/p1] step=6144/21904 active=4/8 mi_stopped=0
tinker_cookbook.rl.ensemble:1270 [INFO]     [gen/p1] step=8192/21904 active=4/8 mi_stopped=0
tinker_cookbook.rl.ensemble:1270 [INFO]     [gen/p1] step=10240/21904 active=4/8 mi_stopped=0
tinker_cookbook.rl.ensemble:1270 [INFO]     [gen/p1] step=12288/21904 active=2/8 mi_stopped=0
tinker_cookbook.rl.ensemble:1270 [INFO]     [gen/p1] step=14336/21904 active=2/8 mi_stopped=0
tinker_cookbook.rl.ensemble:1270 [INFO]     [gen/p1] step=16384/21904 active=2/8 mi_stopped=0
__main__:1078 [INFO]   Group 3: multi-adapter generation 8 seqs in 2165.2s
__main__:1096 [INFO]   Group 3: batched ensemble scoring in 51.3s
__main__:1108 [INFO]   Group 3: rewards computed in 51.3s
__main__:1150 [INFO]     [g3][r1/8] adapter=1 R_exec=0.0000 true_MI=0.01593 RMI=0.0159 R_total=0.0016 correct=0 tokens=3049
__main__:1150 [INFO]     [g3][r2/8] adapter=2 R_exec=0.0000 true_MI=0.01322 RMI=0.0132 R_total=0.0013 correct=0 tokens=12173
__main__:1150 [INFO]     [g3][r3/8] adapter=3 R_exec=0.0000 true_MI=0.01341 RMI=0.0134 R_total=0.0013 correct=0 tokens=16797
__main__:1150 [INFO]     [g3][r4/8] adapter=4 R_exec=0.0000 true_MI=0.01367 RMI=0.0137 R_total=0.0014 correct=0 tokens=11600
__main__:1150 [INFO]     [g3][r5/8] adapter=0 R_exec=0.0000 true_MI=0.01694 RMI=0.0169 R_total=0.0017 correct=0 tokens=1998
__main__:1150 [INFO]     [g3][r6/8] adapter=1 R_exec=0.5229 true_MI=0.01312 RMI=0.0131 R_total=0.5242 correct=1 tokens=16407
__main__:1150 [INFO]     [g3][r7/8] adapter=2 R_exec=0.0000 true_MI=0.01463 RMI=0.0146 R_total=0.0015 correct=0 tokens=3208
__main__:1150 [INFO]     [g3][r8/8] adapter=3 R_exec=0.0000 true_MI=0.01480 RMI=0.0148 R_total=0.0015 correct=0 tokens=3029
__main__:1167 [INFO]   [g3] group true_MI: mean=0.01446 std=0.00139 max=0.01694 normalized=[1.10 0.91 0.93 0.95 1.17 0.91 1.01 1.02]
tinker_cookbook.utils.ml_log:143 [INFO] Wrote metrics to logs/aws/wave4/ahc039-ugttt/metrics.jsonl
tinker_cookbook.utils.ml_log:240 [INFO] Logging to: https://wandb.ai/kriaz-msee20seecs-nust/ugttt-rebuttal/runs/1r8hc8kt
tinker_cookbook.utils.ml_log:143 [INFO] Wrote metrics to logs/aws/wave4/ahc039-ugttt/metrics.jsonl
tinker_cookbook.utils.ml_log:240 [INFO] Logging to: https://wandb.ai/kriaz-msee20seecs-nust/ugttt-rebuttal/runs/1r8hc8kt
tinker_cookbook.utils.ml_log:143 [INFO] Wrote metrics to logs/aws/wave4/ahc039-ugttt/metrics.jsonl
tinker_cookbook.utils.ml_log:240 [INFO] Logging to: https://wandb.ai/kriaz-msee20seecs-nust/ugttt-rebuttal/runs/1r8hc8kt
tinker_cookbook.utils.ml_log:143 [INFO] Wrote metrics to logs/aws/wave4/ahc039-ugttt/metrics.jsonl
tinker_cookbook.utils.ml_log:240 [INFO] Logging to: https://wandb.ai/kriaz-msee20seecs-nust/ugttt-rebuttal/runs/1r8hc8kt
tinker_cookbook.utils.ml_log:143 [INFO] Wrote metrics to logs/aws/wave4/ahc039-ugttt/metrics.jsonl
tinker_cookbook.utils.ml_log:240 [INFO] Logging to: https://wandb.ai/kriaz-msee20seecs-nust/ugttt-rebuttal/runs/1r8hc8kt
tinker_cookbook.utils.ml_log:143 [INFO] Wrote metrics to logs/aws/wave4/ahc039-ugttt/metrics.jsonl
tinker_cookbook.utils.ml_log:240 [INFO] Logging to: https://wandb.ai/kriaz-msee20seecs-nust/ugttt-rebuttal/runs/1r8hc8kt
tinker_cookbook.utils.ml_log:143 [INFO] Wrote metrics to logs/aws/wave4/ahc039-ugttt/metrics.jsonl
tinker_cookbook.utils.ml_log:240 [INFO] Logging to: https://wandb.ai/kriaz-msee20seecs-nust/ugttt-rebuttal/runs/1r8hc8kt
tinker_cookbook.utils.ml_log:143 [INFO] Wrote metrics to logs/aws/wave4/ahc039-ugttt/metrics.jsonl
tinker_cookbook.utils.ml_log:240 [INFO] Logging to: https://wandb.ai/kriaz-msee20seecs-nust/ugttt-rebuttal/runs/1r8hc8kt
__main__:1949 [INFO]   [2][4/8] KEPT | R_exec=0.0654 (max=0.5229) RMI=0.0145 R_total=0.0668 | 2216.6s | GPU: 18.8/19.2GB
tinker_cookbook.utils.ml_log:143 [INFO] Wrote metrics to logs/aws/wave4/ahc039-ugttt/metrics.jsonl
tinker_cookbook.utils.ml_log:240 [INFO] Logging to: https://wandb.ai/kriaz-msee20seecs-nust/ugttt-rebuttal/runs/1r8hc8kt
tinker_cookbook.rl.ensemble:1082 [INFO]   generate_batch_multi_adapter_two_phase: N=8 phase1_max=26000 streaming_mi=False kv_q=False
tinker_cookbook.rl.ensemble:1270 [INFO]     [gen/p1] step=2048/22227 active=8/8 mi_stopped=0
tinker_cookbook.rl.ensemble:1270 [INFO]     [gen/p1] step=4096/22227 active=8/8 mi_stopped=0
tinker_cookbook.rl.ensemble:1270 [INFO]     [gen/p1] step=6144/22227 active=8/8 mi_stopped=0
tinker_cookbook.rl.ensemble:1270 [INFO]     [gen/p1] step=8192/22227 active=8/8 mi_stopped=0
tinker_cookbook.rl.ensemble:1270 [INFO]     [gen/p1] step=10240/22227 active=8/8 mi_stopped=0
tinker_cookbook.rl.ensemble:1270 [INFO]     [gen/p1] step=12288/22227 active=7/8 mi_stopped=0
tinker_cookbook.rl.ensemble:1270 [INFO]     [gen/p1] step=14336/22227 active=6/8 mi_stopped=0
tinker_cookbook.rl.ensemble:1270 [INFO]     [gen/p1] step=16384/22227 active=6/8 mi_stopped=0
tinker_cookbook.rl.ensemble:1270 [INFO]     [gen/p1] step=18432/22227 active=4/8 mi_stopped=0
tinker_cookbook.rl.ensemble:1270 [INFO]     [gen/p1] step=20480/22227 active=2/8 mi_stopped=0
__main__:1078 [INFO]   Group 4: multi-adapter generation 8 seqs in 3140.6s
__main__:1096 [INFO]   Group 4: batched ensemble scoring in 91.4s
__main__:1108 [INFO]   Group 4: rewards computed in 323.9s
__main__:1150 [INFO]     [g4][r1/8] adapter=1 R_exec=1.1893 true_MI=0.01331 RMI=0.0133 R_total=1.1906 correct=1 tokens=18480
__main__:1150 [INFO]     [g4][r2/8] adapter=2 R_exec=1.0169 true_MI=0.01358 RMI=0.0136 R_total=1.0182 correct=1 tokens=13988
__main__:1150 [INFO]     [g4][r3/8] adapter=3 R_exec=1.1893 true_MI=0.01378 RMI=0.0138 R_total=1.1907 correct=1 tokens=11725
__main__:1150 [INFO]     [g4][r4/8] adapter=4 R_exec=0.0000 true_MI=0.01247 RMI=0.0125 R_total=0.0012 correct=0 tokens=20518
__main__:1150 [INFO]     [g4][r5/8] adapter=0 R_exec=1.0169 true_MI=0.01265 RMI=0.0127 R_total=1.0181 correct=1 tokens=18686
__main__:1150 [INFO]     [g4][r6/8] adapter=1 R_exec=1.0169 true_MI=0.01344 RMI=0.0134 R_total=1.0182 correct=1 tokens=17801
__main__:1150 [INFO]     [g4][r7/8] adapter=2 R_exec=1.1893 true_MI=0.01307 RMI=0.0131 R_total=1.1906 correct=1 tokens=17439
__main__:1150 [INFO]     [g4][r8/8] adapter=3 R_exec=1.1893 true_MI=0.01272 RMI=0.0127 R_total=1.1905 correct=1 tokens=21779
__main__:1167 [INFO]   [g4] group true_MI: mean=0.01313 std=0.00048 max=0.01378 normalized=[1.01 1.03 1.05 0.95 0.96 1.02 1.00 0.97]
tinker_cookbook.utils.ml_log:143 [INFO] Wrote metrics to logs/aws/wave4/ahc039-ugttt/metrics.jsonl
tinker_cookbook.utils.ml_log:240 [INFO] Logging to: https://wandb.ai/kriaz-msee20seecs-nust/ugttt-rebuttal/runs/1r8hc8kt
tinker_cookbook.utils.ml_log:143 [INFO] Wrote metrics to logs/aws/wave4/ahc039-ugttt/metrics.jsonl
tinker_cookbook.utils.ml_log:240 [INFO] Logging to: https://wandb.ai/kriaz-msee20seecs-nust/ugttt-rebuttal/runs/1r8hc8kt
tinker_cookbook.utils.ml_log:143 [INFO] Wrote metrics to logs/aws/wave4/ahc039-ugttt/metrics.jsonl
tinker_cookbook.utils.ml_log:240 [INFO] Logging to: https://wandb.ai/kriaz-msee20seecs-nust/ugttt-rebuttal/runs/1r8hc8kt
tinker_cookbook.utils.ml_log:143 [INFO] Wrote metrics to logs/aws/wave4/ahc039-ugttt/metrics.jsonl
tinker_cookbook.utils.ml_log:240 [INFO] Logging to: https://wandb.ai/kriaz-msee20seecs-nust/ugttt-rebuttal/runs/1r8hc8kt
tinker_cookbook.utils.ml_log:143 [INFO] Wrote metrics to logs/aws/wave4/ahc039-ugttt/metrics.jsonl
tinker_cookbook.utils.ml_log:240 [INFO] Logging to: https://wandb.ai/kriaz-msee20seecs-nust/ugttt-rebuttal/runs/1r8hc8kt
tinker_cookbook.utils.ml_log:143 [INFO] Wrote metrics to logs/aws/wave4/ahc039-ugttt/metrics.jsonl
tinker_cookbook.utils.ml_log:240 [INFO] Logging to: https://wandb.ai/kriaz-msee20seecs-nust/ugttt-rebuttal/runs/1r8hc8kt
tinker_cookbook.utils.ml_log:143 [INFO] Wrote metrics to logs/aws/wave4/ahc039-ugttt/metrics.jsonl
tinker_cookbook.utils.ml_log:240 [INFO] Logging to: https://wandb.ai/kriaz-msee20seecs-nust/ugttt-rebuttal/runs/1r8hc8kt
tinker_cookbook.utils.ml_log:143 [INFO] Wrote metrics to logs/aws/wave4/ahc039-ugttt/metrics.jsonl
tinker_cookbook.utils.ml_log:240 [INFO] Logging to: https://wandb.ai/kriaz-msee20seecs-nust/ugttt-rebuttal/runs/1r8hc8kt
__main__:1949 [INFO]   [2][5/8] KEPT | R_exec=0.9760 (max=1.1893) RMI=0.0131 R_total=0.9773 | 3464.6s | GPU: 18.8/19.9GB
tinker_cookbook.utils.ml_log:143 [INFO] Wrote metrics to logs/aws/wave4/ahc039-ugttt/metrics.jsonl
tinker_cookbook.utils.ml_log:240 [INFO] Logging to: https://wandb.ai/kriaz-msee20seecs-nust/ugttt-rebuttal/runs/1r8hc8kt
tinker_cookbook.rl.ensemble:1082 [INFO]   generate_batch_multi_adapter_two_phase: N=8 phase1_max=26000 streaming_mi=False kv_q=False
tinker_cookbook.rl.ensemble:1270 [INFO]     [gen/p1] step=2048/22387 active=8/8 mi_stopped=0
tinker_cookbook.rl.ensemble:1270 [INFO]     [gen/p1] step=4096/22387 active=8/8 mi_stopped=0
tinker_cookbook.rl.ensemble:1270 [INFO]     [gen/p1] step=6144/22387 active=8/8 mi_stopped=0
tinker_cookbook.rl.ensemble:1270 [INFO]     [gen/p1] step=8192/22387 active=8/8 mi_stopped=0
tinker_cookbook.rl.ensemble:1270 [INFO]     [gen/p1] step=10240/22387 active=8/8 mi_stopped=0
tinker_cookbook.rl.ensemble:1270 [INFO]     [gen/p1] step=12288/22387 active=8/8 mi_stopped=0
tinker_cookbook.rl.ensemble:1270 [INFO]     [gen/p1] step=14336/22387 active=8/8 mi_stopped=0
tinker_cookbook.rl.ensemble:1270 [INFO]     [gen/p1] step=16384/22387 active=6/8 mi_stopped=0
tinker_cookbook.rl.ensemble:1270 [INFO]     [gen/p1] step=18432/22387 active=4/8 mi_stopped=0
tinker_cookbook.rl.ensemble:1270 [INFO]     [gen/p1] step=20480/22387 active=2/8 mi_stopped=0
__main__:1078 [INFO]   Group 5: multi-adapter generation 8 seqs in 3088.3s
__main__:1096 [INFO]   Group 5: batched ensemble scoring in 95.7s
__main__:1108 [INFO]   Group 5: rewards computed in 337.5s
__main__:1150 [INFO]     [g5][r1/8] adapter=1 R_exec=1.1893 true_MI=0.01397 RMI=0.0140 R_total=1.1907 correct=1 tokens=21677
__main__:1150 [INFO]     [g5][r2/8] adapter=2 R_exec=1.1874 true_MI=0.01305 RMI=0.0130 R_total=1.1887 correct=1 tokens=15755
__main__:1150 [INFO]     [g5][r3/8] adapter=3 R_exec=1.1893 true_MI=0.01350 RMI=0.0135 R_total=1.1906 correct=1 tokens=17426
__main__:1150 [INFO]     [g5][r4/8] adapter=4 R_exec=0.0000 true_MI=0.01380 RMI=0.0138 R_total=0.0014 correct=0 tokens=17672
__main__:1150 [INFO]     [g5][r5/8] adapter=0 R_exec=0.0000 true_MI=0.01322 RMI=0.0132 R_total=0.0013 correct=0 tokens=15581
__main__:1150 [INFO]     [g5][r6/8] adapter=1 R_exec=1.1893 true_MI=0.01390 RMI=0.0139 R_total=1.1907 correct=1 tokens=20091
__main__:1150 [INFO]     [g5][r7/8] adapter=2 R_exec=1.1893 true_MI=0.01295 RMI=0.0130 R_total=1.1906 correct=1 tokens=20041
__main__:1150 [INFO]     [g5][r8/8] adapter=3 R_exec=0.0000 true_MI=0.01278 RMI=0.0128 R_total=0.0013 correct=0 tokens=20616
__main__:1167 [INFO]   [g5] group true_MI: mean=0.01340 std=0.00046 max=0.01397 normalized=[1.04 0.97 1.01 1.03 0.99 1.04 0.97 0.95]
tinker_cookbook.utils.ml_log:143 [INFO] Wrote metrics to logs/aws/wave4/ahc039-ugttt/metrics.jsonl
tinker_cookbook.utils.ml_log:240 [INFO] Logging to: https://wandb.ai/kriaz-msee20seecs-nust/ugttt-rebuttal/runs/1r8hc8kt
tinker_cookbook.utils.ml_log:143 [INFO] Wrote metrics to logs/aws/wave4/ahc039-ugttt/metrics.jsonl
tinker_cookbook.utils.ml_log:240 [INFO] Logging to: https://wandb.ai/kriaz-msee20seecs-nust/ugttt-rebuttal/runs/1r8hc8kt
tinker_cookbook.utils.ml_log:143 [INFO] Wrote metrics to logs/aws/wave4/ahc039-ugttt/metrics.jsonl
tinker_cookbook.utils.ml_log:240 [INFO] Logging to: https://wandb.ai/kriaz-msee20seecs-nust/ugttt-rebuttal/runs/1r8hc8kt
tinker_cookbook.utils.ml_log:143 [INFO] Wrote metrics to logs/aws/wave4/ahc039-ugttt/metrics.jsonl
tinker_cookbook.utils.ml_log:240 [INFO] Logging to: https://wandb.ai/kriaz-msee20seecs-nust/ugttt-rebuttal/runs/1r8hc8kt
tinker_cookbook.utils.ml_log:143 [INFO] Wrote metrics to logs/aws/wave4/ahc039-ugttt/metrics.jsonl
tinker_cookbook.utils.ml_log:240 [INFO] Logging to: https://wandb.ai/kriaz-msee20seecs-nust/ugttt-rebuttal/runs/1r8hc8kt
tinker_cookbook.utils.ml_log:143 [INFO] Wrote metrics to logs/aws/wave4/ahc039-ugttt/metrics.jsonl
tinker_cookbook.utils.ml_log:240 [INFO] Logging to: https://wandb.ai/kriaz-msee20seecs-nust/ugttt-rebuttal/runs/1r8hc8kt
tinker_cookbook.utils.ml_log:143 [INFO] Wrote metrics to logs/aws/wave4/ahc039-ugttt/metrics.jsonl
tinker_cookbook.utils.ml_log:240 [INFO] Logging to: https://wandb.ai/kriaz-msee20seecs-nust/ugttt-rebuttal/runs/1r8hc8kt
tinker_cookbook.utils.ml_log:143 [INFO] Wrote metrics to logs/aws/wave4/ahc039-ugttt/metrics.jsonl
tinker_cookbook.utils.ml_log:240 [INFO] Logging to: https://wandb.ai/kriaz-msee20seecs-nust/ugttt-rebuttal/runs/1r8hc8kt
__main__:1949 [INFO]   [2][6/8] KEPT | R_exec=0.7431 (max=1.1893) RMI=0.0134 R_total=0.7444 | 3425.8s | GPU: 18.8/19.9GB
tinker_cookbook.utils.ml_log:143 [INFO] Wrote metrics to logs/aws/wave4/ahc039-ugttt/metrics.jsonl
tinker_cookbook.utils.ml_log:240 [INFO] Logging to: https://wandb.ai/kriaz-msee20seecs-nust/ugttt-rebuttal/runs/1r8hc8kt
tinker_cookbook.rl.ensemble:1082 [INFO]   generate_batch_multi_adapter_two_phase: N=8 phase1_max=26000 streaming_mi=False kv_q=False
tinker_cookbook.rl.ensemble:1270 [INFO]     [gen/p1] step=2048/22072 active=8/8 mi_stopped=0
tinker_cookbook.rl.ensemble:1270 [INFO]     [gen/p1] step=4096/22072 active=8/8 mi_stopped=0
tinker_cookbook.rl.ensemble:1270 [INFO]     [gen/p1] step=6144/22072 active=8/8 mi_stopped=0
tinker_cookbook.rl.ensemble:1270 [INFO]     [gen/p1] step=8192/22072 active=8/8 mi_stopped=0
tinker_cookbook.rl.ensemble:1270 [INFO]     [gen/p1] step=10240/22072 active=8/8 mi_stopped=0
tinker_cookbook.rl.ensemble:1270 [INFO]     [gen/p1] step=12288/22072 active=8/8 mi_stopped=0
tinker_cookbook.rl.ensemble:1270 [INFO]     [gen/p1] step=14336/22072 active=8/8 mi_stopped=0
tinker_cookbook.rl.ensemble:1270 [INFO]     [gen/p1] step=16384/22072 active=5/8 mi_stopped=0
tinker_cookbook.rl.ensemble:1270 [INFO]     [gen/p1] step=18432/22072 active=2/8 mi_stopped=0
__main__:1078 [INFO]   Group 6: multi-adapter generation 8 seqs in 2697.2s
__main__:1096 [INFO]   Group 6: batched ensemble scoring in 89.4s
__main__:1108 [INFO]   Group 6: rewards computed in 492.5s
__main__:1150 [INFO]     [g6][r1/8] adapter=1 R_exec=0.0947 true_MI=0.01444 RMI=0.0144 R_total=0.0961 correct=1 tokens=19555
__main__:1150 [INFO]     [g6][r2/8] adapter=2 R_exec=0.9064 true_MI=0.01246 RMI=0.0125 R_total=0.9076 correct=1 tokens=15624
__main__:1150 [INFO]     [g6][r3/8] adapter=3 R_exec=1.1893 true_MI=0.01338 RMI=0.0134 R_total=1.1906 correct=1 tokens=19019
__main__:1150 [INFO]     [g6][r4/8] adapter=4 R_exec=0.0000 true_MI=0.01279 RMI=0.0128 R_total=0.0013 correct=0 tokens=17285
__main__:1150 [INFO]     [g6][r5/8] adapter=0 R_exec=1.1893 true_MI=0.01114 RMI=0.0111 R_total=1.1904 correct=1 tokens=17060
__main__:1150 [INFO]     [g6][r6/8] adapter=1 R_exec=1.0169 true_MI=0.01266 RMI=0.0127 R_total=1.0181 correct=1 tokens=16076
__main__:1150 [INFO]     [g6][r7/8] adapter=2 R_exec=0.5644 true_MI=0.01277 RMI=0.0128 R_total=0.5657 correct=1 tokens=15321
__main__:1150 [INFO]     [g6][r8/8] adapter=3 R_exec=1.0662 true_MI=0.01165 RMI=0.0116 R_total=1.0674 correct=1 tokens=16848
__main__:1167 [INFO]   [g6] group true_MI: mean=0.01266 std=0.00101 max=0.01444 normalized=[1.14 0.98 1.06 1.01 0.88 1.00 1.01 0.92]
tinker_cookbook.utils.ml_log:143 [INFO] Wrote metrics to logs/aws/wave4/ahc039-ugttt/metrics.jsonl
tinker_cookbook.utils.ml_log:240 [INFO] Logging to: https://wandb.ai/kriaz-msee20seecs-nust/ugttt-rebuttal/runs/1r8hc8kt
tinker_cookbook.utils.ml_log:143 [INFO] Wrote metrics to logs/aws/wave4/ahc039-ugttt/metrics.jsonl
tinker_cookbook.utils.ml_log:240 [INFO] Logging to: https://wandb.ai/kriaz-msee20seecs-nust/ugttt-rebuttal/runs/1r8hc8kt
tinker_cookbook.utils.ml_log:143 [INFO] Wrote metrics to logs/aws/wave4/ahc039-ugttt/metrics.jsonl
tinker_cookbook.utils.ml_log:240 [INFO] Logging to: https://wandb.ai/kriaz-msee20seecs-nust/ugttt-rebuttal/runs/1r8hc8kt
tinker_cookbook.utils.ml_log:143 [INFO] Wrote metrics to logs/aws/wave4/ahc039-ugttt/metrics.jsonl
tinker_cookbook.utils.ml_log:240 [INFO] Logging to: https://wandb.ai/kriaz-msee20seecs-nust/ugttt-rebuttal/runs/1r8hc8kt
tinker_cookbook.utils.ml_log:143 [INFO] Wrote metrics to logs/aws/wave4/ahc039-ugttt/metrics.jsonl
tinker_cookbook.utils.ml_log:240 [INFO] Logging to: https://wandb.ai/kriaz-msee20seecs-nust/ugttt-rebuttal/runs/1r8hc8kt
tinker_cookbook.utils.ml_log:143 [INFO] Wrote metrics to logs/aws/wave4/ahc039-ugttt/metrics.jsonl
tinker_cookbook.utils.ml_log:240 [INFO] Logging to: https://wandb.ai/kriaz-msee20seecs-nust/ugttt-rebuttal/runs/1r8hc8kt
tinker_cookbook.utils.ml_log:143 [INFO] Wrote metrics to logs/aws/wave4/ahc039-ugttt/metrics.jsonl
tinker_cookbook.utils.ml_log:240 [INFO] Logging to: https://wandb.ai/kriaz-msee20seecs-nust/ugttt-rebuttal/runs/1r8hc8kt
tinker_cookbook.utils.ml_log:143 [INFO] Wrote metrics to logs/aws/wave4/ahc039-ugttt/metrics.jsonl
tinker_cookbook.utils.ml_log:240 [INFO] Logging to: https://wandb.ai/kriaz-msee20seecs-nust/ugttt-rebuttal/runs/1r8hc8kt
__main__:1949 [INFO]   [2][7/8] KEPT | R_exec=0.7534 (max=1.1893) RMI=0.0127 R_total=0.7547 | 3189.8s | GPU: 18.8/19.7GB
tinker_cookbook.utils.ml_log:143 [INFO] Wrote metrics to logs/aws/wave4/ahc039-ugttt/metrics.jsonl
tinker_cookbook.utils.ml_log:240 [INFO] Logging to: https://wandb.ai/kriaz-msee20seecs-nust/ugttt-rebuttal/runs/1r8hc8kt
tinker_cookbook.rl.ensemble:1082 [INFO]   generate_batch_multi_adapter_two_phase: N=8 phase1_max=26000 streaming_mi=False kv_q=False
tinker_cookbook.rl.ensemble:1270 [INFO]     [gen/p1] step=2048/23408 active=8/8 mi_stopped=0
tinker_cookbook.rl.ensemble:1270 [INFO]     [gen/p1] step=4096/23408 active=8/8 mi_stopped=0
tinker_cookbook.rl.ensemble:1270 [INFO]     [gen/p1] step=6144/23408 active=8/8 mi_stopped=0
tinker_cookbook.rl.ensemble:1270 [INFO]     [gen/p1] step=8192/23408 active=8/8 mi_stopped=0
tinker_cookbook.rl.ensemble:1270 [INFO]     [gen/p1] step=10240/23408 active=8/8 mi_stopped=0
tinker_cookbook.rl.ensemble:1270 [INFO]     [gen/p1] step=12288/23408 active=8/8 mi_stopped=0
tinker_cookbook.rl.ensemble:1270 [INFO]     [gen/p1] step=14336/23408 active=7/8 mi_stopped=0
tinker_cookbook.rl.ensemble:1270 [INFO]     [gen/p1] step=16384/23408 active=4/8 mi_stopped=0
tinker_cookbook.rl.ensemble:1270 [INFO]     [gen/p1] step=18432/23408 active=2/8 mi_stopped=0
__main__:1078 [INFO]   Group 7: multi-adapter generation 8 seqs in 2490.7s
__main__:1096 [INFO]   Group 7: batched ensemble scoring in 79.8s
__main__:1108 [INFO]   Group 7: rewards computed in 753.6s
__main__:1150 [INFO]     [g7][r1/8] adapter=1 R_exec=1.0169 true_MI=0.01318 RMI=0.0132 R_total=1.0182 correct=1 tokens=14554
__main__:1150 [INFO]     [g7][r2/8] adapter=2 R_exec=1.1893 true_MI=0.01375 RMI=0.0138 R_total=1.1907 correct=1 tokens=19321
__main__:1150 [INFO]     [g7][r3/8] adapter=3 R_exec=0.0000 true_MI=0.01305 RMI=0.0131 R_total=0.0013 correct=0 tokens=14222
__main__:1150 [INFO]     [g7][r4/8] adapter=4 R_exec=0.0000 true_MI=0.01335 RMI=0.0134 R_total=0.0013 correct=0 tokens=18268
__main__:1150 [INFO]     [g7][r5/8] adapter=0 R_exec=1.1893 true_MI=0.01246 RMI=0.0125 R_total=1.1905 correct=1 tokens=16513
__main__:1150 [INFO]     [g7][r6/8] adapter=1 R_exec=0.0209 true_MI=0.01439 RMI=0.0144 R_total=0.0223 correct=1 tokens=18656
__main__:1150 [INFO]     [g7][r7/8] adapter=2 R_exec=1.1893 true_MI=0.01275 RMI=0.0127 R_total=1.1906 correct=1 tokens=14636
__main__:1150 [INFO]     [g7][r8/8] adapter=3 R_exec=0.0000 true_MI=0.01351 RMI=0.0135 R_total=0.0014 correct=0 tokens=15624
__main__:1167 [INFO]   [g7] group true_MI: mean=0.01331 std=0.00060 max=0.01439 normalized=[0.99 1.03 0.98 1.00 0.94 1.08 0.96 1.01]
tinker_cookbook.utils.ml_log:143 [INFO] Wrote metrics to logs/aws/wave4/ahc039-ugttt/metrics.jsonl
tinker_cookbook.utils.ml_log:240 [INFO] Logging to: https://wandb.ai/kriaz-msee20seecs-nust/ugttt-rebuttal/runs/1r8hc8kt
tinker_cookbook.utils.ml_log:143 [INFO] Wrote metrics to logs/aws/wave4/ahc039-ugttt/metrics.jsonl
tinker_cookbook.utils.ml_log:240 [INFO] Logging to: https://wandb.ai/kriaz-msee20seecs-nust/ugttt-rebuttal/runs/1r8hc8kt
tinker_cookbook.utils.ml_log:143 [INFO] Wrote metrics to logs/aws/wave4/ahc039-ugttt/metrics.jsonl
tinker_cookbook.utils.ml_log:240 [INFO] Logging to: https://wandb.ai/kriaz-msee20seecs-nust/ugttt-rebuttal/runs/1r8hc8kt
tinker_cookbook.utils.ml_log:143 [INFO] Wrote metrics to logs/aws/wave4/ahc039-ugttt/metrics.jsonl
tinker_cookbook.utils.ml_log:240 [INFO] Logging to: https://wandb.ai/kriaz-msee20seecs-nust/ugttt-rebuttal/runs/1r8hc8kt
tinker_cookbook.utils.ml_log:143 [INFO] Wrote metrics to logs/aws/wave4/ahc039-ugttt/metrics.jsonl
tinker_cookbook.utils.ml_log:240 [INFO] Logging to: https://wandb.ai/kriaz-msee20seecs-nust/ugttt-rebuttal/runs/1r8hc8kt
tinker_cookbook.utils.ml_log:143 [INFO] Wrote metrics to logs/aws/wave4/ahc039-ugttt/metrics.jsonl
tinker_cookbook.utils.ml_log:240 [INFO] Logging to: https://wandb.ai/kriaz-msee20seecs-nust/ugttt-rebuttal/runs/1r8hc8kt
tinker_cookbook.utils.ml_log:143 [INFO] Wrote metrics to logs/aws/wave4/ahc039-ugttt/metrics.jsonl
tinker_cookbook.utils.ml_log:240 [INFO] Logging to: https://wandb.ai/kriaz-msee20seecs-nust/ugttt-rebuttal/runs/1r8hc8kt
tinker_cookbook.utils.ml_log:143 [INFO] Wrote metrics to logs/aws/wave4/ahc039-ugttt/metrics.jsonl
tinker_cookbook.utils.ml_log:240 [INFO] Logging to: https://wandb.ai/kriaz-msee20seecs-nust/ugttt-rebuttal/runs/1r8hc8kt
__main__:1949 [INFO]   [2][8/8] KEPT | R_exec=0.5757 (max=1.1893) RMI=0.0133 R_total=0.5770 | 3244.4s | GPU: 18.8/19.6GB
tinker_cookbook.utils.ml_log:143 [INFO] Wrote metrics to logs/aws/wave4/ahc039-ugttt/metrics.jsonl
tinker_cookbook.utils.ml_log:240 [INFO] Logging to: https://wandb.ai/kriaz-msee20seecs-nust/ugttt-rebuttal/runs/1r8hc8kt
__main__:1988 [INFO] [Epoch 2] Rollout phase done in 24964.6s. Training on 8/8 groups...
tinker_cookbook.utils.ml_log:143 [INFO] Wrote metrics to logs/aws/wave4/ahc039-ugttt/metrics.jsonl
tinker_cookbook.utils.ml_log:195 [INFO] 
┏━━━━━━━━━━━━━━━━━━━━━━━━━━━━━━━━┳━━━━━━━━━━━━━━┓
┃ Metric                         ┃ Value        ┃
┡━━━━━━━━━━━━━━━━━━━━━━━━━━━━━━━━╇━━━━━━━━━━━━━━┩
│ gpu/memory_allocated_gb        │ 18.828612    │
│ gpu/memory_peak_gb             │ 75.964693    │
│ gpu/memory_reserved_gb         │ 18.868077    │
│ kl_policy_base                 │ 0.002387     │
│ optim/entropy                  │ 0.454559     │
│ optim/kl_sample_train_v1       │ 0.004231     │
│ optim/kl_sample_train_v2       │ 0.004276     │
│ progress/done_frac             │ 0.500000     │
│ progress/epoch                 │ 2            │
│ rollout/groups_attempted       │ 8.000000     │
│ rollout/groups_filtered        │ 0.000000     │
│ rollout/groups_kept            │ 8.000000     │
│ rollout/intra_group_reward_std │ 0.445768     │
│ time/rollout                   │ 24964.617873 │
│ time/total                     │ 27259.138305 │
│ time/train                     │ 2294.399494  │
│ train/advantage/max            │ 10.701364    │
│ train/advantage/mean           │ 0.393079     │
│ train/advantage/min            │ -2.611950    │
│ train/advantage/std            │ 2.352792     │
│ train/beta/mean                │ 1245.423787  │
│ train/beta/std                 │ 3243.611178  │
│ train/correctness/mean         │ 0.546875     │
│ train/correctness/rate         │ 0.546875     │
│ train/ensemble/frac_high_disa… │ 0.499988     │
│ train/ensemble/max_token_disa… │ 11.171432    │
│ train/ensemble/member_logprob… │ 0.004433     │
│ train/ensemble/member_logprob… │ 0.001766     │
│ train/gamma_eff/mean           │ 0.394857     │
│ train/gen/num_tokens/max       │ 21779.000000 │
│ train/gen/num_tokens/mean      │ 16410.171875 │
│ train/gen/num_tokens/std       │ 4186.888263  │
│ train/group/rmi_exec_corr/mean │ -0.128834    │
│ train/group/rmi_exec_corr/std  │ 0.368991     │
│ train/loss                     │ -0.393156    │
│ train/nnm_loss                 │ -0.054336    │
│ train/nnm_nuclear_norm         │ 46.366326    │
│ train/num_groups               │ 8.000000     │
│ train/num_rollouts             │ 64.000000    │
│ train/num_rollouts_total       │ 64.000000    │
│ train/reward/exec/best         │ 1.253164     │
│ train/reward/exec/max          │ 1.253164     │
│ train/reward/exec/mean         │ 0.495647     │
│ train/reward/exec/min          │ 0.000000     │
│ train/reward/exec/std          │ 0.549573     │
│ train/reward/rmi/max           │ 0.016938     │
│ train/reward/rmi/mean          │ 0.013214     │
│ train/reward/rmi/min           │ 0.011138     │
│ train/reward/rmi/std           │ 0.000913     │
│ train/reward/total/best        │ 1.254485     │
│ train/reward/total/max         │ 1.254485     │
│ train/reward/total/mean        │ 0.496968     │
│ train/reward/total/min         │ 0.001153     │
│ train/reward/total/std         │ 0.549551     │
│ train/streaming_mi/stop_rate   │ 0.000000     │
│ train/streaming_mi/tokens_sav… │ 0.000000     │
│ train/streaming_mi/tokens_sav… │ 0.000000     │
│ train/two_phase/phase1_tokens… │ 16410.171875 │
│ train/two_phase/phase2_tokens… │ 0.000000     │
│ train/two_phase/prefill_rate   │ 0.000000     │
│ train/uncertainty/predictive_… │ 0.119434     │
│ train/uncertainty/predictive_… │ 0.100801     │
│ train/uncertainty/predictive_… │ 0.055054     │
│ train/uncertainty/predictive_… │ 0.013414     │
│ train/uncertainty/predictive_… │ 0.364915     │
│ train/uncertainty/predictive_… │ 0.363026     │
│ train/uncertainty/predictive_… │ 0.352170     │
│ train/uncertainty/predictive_… │ 0.002160     │
│ train/uncertainty/rmi/max      │ 0.003378     │
│ train/uncertainty/rmi/mean     │ 0.002454     │
│ train/uncertainty/rmi/min      │ 0.001988     │
│ train/uncertainty/rmi/std      │ 0.000257     │
│ train/uncertainty/rmi_top7/max │ 0.043697     │
│ train/uncertainty/rmi_top7/me… │ 0.028157     │
│ train/uncertainty/rmi_top7/min │ 0.023232     │
│ train/uncertainty/rmi_top7/std │ 0.003632     │
│ train/uncertainty/top7_mi_cod… │ 0.000000     │
│ train/uncertainty/top7_mi_cod… │ 0.000000     │
│ train/uncertainty/top7_mi_thi… │ 0.010874     │
│ train/uncertainty/top7_mi_thi… │ 0.000997     │
│ train/uncertainty/top7_pct_co… │ 0.000000     │
│ train/uncertainty/top7_pct_co… │ 0.000000     │
│ train/uncertainty/top7_pct_th… │ 0.868207     │
│ train/uncertainty/top7_pct_th… │ 0.102972     │
│ train/uncertainty/true_mi/max  │ 0.016938     │
│ train/uncertainty/true_mi/mean │ 0.013214     │
│ train/uncertainty/true_mi/min  │ 0.011138     │
│ train/uncertainty/true_mi/std  │ 0.000913     │
│ train/uncertainty/variance/max │ 0.009978     │
│ train/uncertainty/variance/me… │ 0.006810     │
│ train/uncertainty/variance/min │ 0.005374     │
│ train/uncertainty/variance/std │ 0.000880     │
│ train/uncertainty/variance_to… │ 0.131131     │
│ train/uncertainty/variance_to… │ 0.080001     │
│ train/uncertainty/variance_to… │ 0.064155     │
│ train/uncertainty/variance_to… │ 0.012989     │
└────────────────────────────────┴──────────────┘
tinker_cookbook.utils.ml_log:240 [INFO] Logging to: https://wandb.ai/kriaz-msee20seecs-nust/ugttt-rebuttal/runs/1r8hc8kt
__main__:2062 [INFO] [Epoch 2] R_exec=0.4956 (max=1.2532 best=1.2532) RMI=0.0132 beta=1245.42 corr=54.7% loss=-0.3932 nuc=46.366 groups=8/8 time=27259.1s
tinker_cookbook.utils.ml_log:525 [INFO] Logging to: logs/aws/wave4/ahc039-ugttt
__main__:1657 [INFO] Active loggers: ['JsonLogger', 'PrettyPrintLogger', 'WandbLogger']
__main__:1690 [INFO] Loading base model: Qwen/Qwen3-8B (fp16)
root:227 [INFO] Loading model with precision - fp16
root:255 [INFO] loading llama compatible model - qwen3
root:49 [INFO] Adapter ensemble_0 without lr_scheduler.
root:49 [INFO] Adapter ensemble_1 without lr_scheduler.
root:49 [INFO] Adapter ensemble_2 without lr_scheduler.
root:49 [INFO] Adapter ensemble_3 without lr_scheduler.
root:49 [INFO] Adapter ensemble_4 without lr_scheduler.
tinker_cookbook.rl.ensemble:123 [INFO] Initialized 5 LoRA ensemble members (rank=16)
tinker_cookbook.rl.ensemble:1688 [INFO] Loaded ensemble member 0 from ./logs/aws/wave4/ahc039-ugttt/ensemble_0/step_1/adapter.pt
tinker_cookbook.rl.ensemble:1688 [INFO] Loaded ensemble member 1 from ./logs/aws/wave4/ahc039-ugttt/ensemble_1/step_1/adapter.pt
tinker_cookbook.rl.ensemble:1688 [INFO] Loaded ensemble member 2 from ./logs/aws/wave4/ahc039-ugttt/ensemble_2/step_1/adapter.pt
tinker_cookbook.rl.ensemble:1688 [INFO] Loaded ensemble member 3 from ./logs/aws/wave4/ahc039-ugttt/ensemble_3/step_1/adapter.pt
tinker_cookbook.rl.ensemble:1688 [INFO] Loaded ensemble member 4 from ./logs/aws/wave4/ahc039-ugttt/ensemble_4/step_1/adapter.pt
__main__:1747 [INFO] Resumed from epoch 2
__main__:1779 [INFO] Training: 6 epochs, 8 groups/batch × 8 rollouts/group, K=5 adapters, γ=0.1
__main__:1784 [INFO] Parallelism: batched generation (8 seqs/batch), threaded rewards (8 workers), batched ensemble scoring
__main__:1807 [INFO] Two-phase sampling enabled: phase1_max=26000, context_window=32768, prefill_len=22, stop_ids=[151645]
__main__:1836 [INFO] [Epoch 2/6] Starting rollout phase: 8 groups × 8 rollouts
tinker_cookbook.rl.ensemble:1082 [INFO]   generate_batch_multi_adapter_two_phase: N=8 phase1_max=26000 streaming_mi=False kv_q=False
tinker_cookbook.rl.ensemble:1270 [INFO]     [gen/p1] step=2048/23003 active=8/8 mi_stopped=0
tinker_cookbook.rl.ensemble:1270 [INFO]     [gen/p1] step=4096/23003 active=8/8 mi_stopped=0
tinker_cookbook.rl.ensemble:1270 [INFO]     [gen/p1] step=6144/23003 active=8/8 mi_stopped=0
tinker_cookbook.rl.ensemble:1270 [INFO]     [gen/p1] step=8192/23003 active=8/8 mi_stopped=0
tinker_cookbook.rl.ensemble:1270 [INFO]     [gen/p1] step=10240/23003 active=8/8 mi_stopped=0
tinker_cookbook.rl.ensemble:1270 [INFO]     [gen/p1] step=12288/23003 active=8/8 mi_stopped=0
tinker_cookbook.rl.ensemble:1270 [INFO]     [gen/p1] step=14336/23003 active=6/8 mi_stopped=0
tinker_cookbook.rl.ensemble:1270 [INFO]     [gen/p1] step=16384/23003 active=5/8 mi_stopped=0
tinker_cookbook.rl.ensemble:1270 [INFO]     [gen/p1] step=18432/23003 active=4/8 mi_stopped=0
tinker_cookbook.rl.ensemble:1270 [INFO]     [gen/p1] step=20480/23003 active=2/8 mi_stopped=0
__main__:1078 [INFO]   Group 0: multi-adapter generation 8 seqs in 3041.9s
__main__:1096 [INFO]   Group 0: batched ensemble scoring in 87.9s
__main__:1108 [INFO]   Group 0: rewards computed in 152.7s
__main__:1150 [INFO]     [g0][r1/8] adapter=1 R_exec=1.2532 true_MI=0.01295 RMI=0.0129 R_total=1.2545 correct=1 tokens=16832
__main__:1150 [INFO]     [g0][r2/8] adapter=2 R_exec=0.0947 true_MI=0.01390 RMI=0.0139 R_total=0.0961 correct=1 tokens=19511
__main__:1150 [INFO]     [g0][r3/8] adapter=3 R_exec=0.0000 true_MI=0.01391 RMI=0.0139 R_total=0.0014 correct=0 tokens=13867
__main__:1150 [INFO]     [g0][r4/8] adapter=4 R_exec=0.0000 true_MI=0.01307 RMI=0.0131 R_total=0.0013 correct=0 tokens=19046
__main__:1150 [INFO]     [g0][r5/8] adapter=0 R_exec=0.1950 true_MI=0.01365 RMI=0.0136 R_total=0.1963 correct=1 tokens=14284
__main__:1150 [INFO]     [g0][r6/8] adapter=1 R_exec=0.0000 true_MI=0.01317 RMI=0.0132 R_total=0.0013 correct=0 tokens=15125
__main__:1150 [INFO]     [g0][r7/8] adapter=2 R_exec=0.0947 true_MI=0.01194 RMI=0.0119 R_total=0.0959 correct=1 tokens=21043
__main__:1150 [INFO]     [g0][r8/8] adapter=3 R_exec=0.0000 true_MI=0.01240 RMI=0.0124 R_total=0.0012 correct=0 tokens=21847
__main__:1167 [INFO]   [g0] group true_MI: mean=0.01312 std=0.00070 max=0.01391 normalized=[0.99 1.06 1.06 1.00 1.04 1.00 0.91 0.95]
tinker_cookbook.utils.ml_log:143 [INFO] Wrote metrics to logs/aws/wave4/ahc039-ugttt/metrics.jsonl
tinker_cookbook.utils.ml_log:240 [INFO] Logging to: https://wandb.ai/kriaz-msee20seecs-nust/ugttt-rebuttal/runs/1r8hc8kt
tinker_cookbook.utils.ml_log:143 [INFO] Wrote metrics to logs/aws/wave4/ahc039-ugttt/metrics.jsonl
tinker_cookbook.utils.ml_log:240 [INFO] Logging to: https://wandb.ai/kriaz-msee20seecs-nust/ugttt-rebuttal/runs/1r8hc8kt
tinker_cookbook.utils.ml_log:143 [INFO] Wrote metrics to logs/aws/wave4/ahc039-ugttt/metrics.jsonl
tinker_cookbook.utils.ml_log:240 [INFO] Logging to: https://wandb.ai/kriaz-msee20seecs-nust/ugttt-rebuttal/runs/1r8hc8kt
tinker_cookbook.utils.ml_log:143 [INFO] Wrote metrics to logs/aws/wave4/ahc039-ugttt/metrics.jsonl
tinker_cookbook.utils.ml_log:240 [INFO] Logging to: https://wandb.ai/kriaz-msee20seecs-nust/ugttt-rebuttal/runs/1r8hc8kt
tinker_cookbook.utils.ml_log:143 [INFO] Wrote metrics to logs/aws/wave4/ahc039-ugttt/metrics.jsonl
tinker_cookbook.utils.ml_log:240 [INFO] Logging to: https://wandb.ai/kriaz-msee20seecs-nust/ugttt-rebuttal/runs/1r8hc8kt
tinker_cookbook.utils.ml_log:143 [INFO] Wrote metrics to logs/aws/wave4/ahc039-ugttt/metrics.jsonl
tinker_cookbook.utils.ml_log:240 [INFO] Logging to: https://wandb.ai/kriaz-msee20seecs-nust/ugttt-rebuttal/runs/1r8hc8kt
tinker_cookbook.utils.ml_log:143 [INFO] Wrote metrics to logs/aws/wave4/ahc039-ugttt/metrics.jsonl
tinker_cookbook.utils.ml_log:240 [INFO] Logging to: https://wandb.ai/kriaz-msee20seecs-nust/ugttt-rebuttal/runs/1r8hc8kt
tinker_cookbook.utils.ml_log:143 [INFO] Wrote metrics to logs/aws/wave4/ahc039-ugttt/metrics.jsonl
tinker_cookbook.utils.ml_log:240 [INFO] Logging to: https://wandb.ai/kriaz-msee20seecs-nust/ugttt-rebuttal/runs/1r8hc8kt
__main__:1949 [INFO]   [2][1/8] KEPT | R_exec=0.2047 (max=1.2532) RMI=0.0131 R_total=0.2060 | 3194.8s | GPU: 18.2/19.3GB
tinker_cookbook.utils.ml_log:143 [INFO] Wrote metrics to logs/aws/wave4/ahc039-ugttt/metrics.jsonl
tinker_cookbook.utils.ml_log:240 [INFO] Logging to: https://wandb.ai/kriaz-msee20seecs-nust/ugttt-rebuttal/runs/1r8hc8kt
tinker_cookbook.rl.ensemble:1082 [INFO]   generate_batch_multi_adapter_two_phase: N=8 phase1_max=26000 streaming_mi=False kv_q=False
tinker_cookbook.rl.ensemble:1270 [INFO]     [gen/p1] step=2048/22876 active=8/8 mi_stopped=0
tinker_cookbook.rl.ensemble:1270 [INFO]     [gen/p1] step=4096/22876 active=8/8 mi_stopped=0
tinker_cookbook.rl.ensemble:1270 [INFO]     [gen/p1] step=6144/22876 active=8/8 mi_stopped=0
tinker_cookbook.rl.ensemble:1270 [INFO]     [gen/p1] step=8192/22876 active=8/8 mi_stopped=0
tinker_cookbook.rl.ensemble:1270 [INFO]     [gen/p1] step=10240/22876 active=8/8 mi_stopped=0
tinker_cookbook.rl.ensemble:1270 [INFO]     [gen/p1] step=12288/22876 active=8/8 mi_stopped=0
tinker_cookbook.rl.ensemble:1270 [INFO]     [gen/p1] step=14336/22876 active=7/8 mi_stopped=0
tinker_cookbook.rl.ensemble:1270 [INFO]     [gen/p1] step=16384/22876 active=7/8 mi_stopped=0
tinker_cookbook.rl.ensemble:1270 [INFO]     [gen/p1] step=18432/22876 active=6/8 mi_stopped=0
tinker_cookbook.rl.ensemble:1270 [INFO]     [gen/p1] step=20480/22876 active=2/8 mi_stopped=0
tinker_cookbook.rl.ensemble:1270 [INFO]     [gen/p1] step=22528/22876 active=1/8 mi_stopped=0
__main__:1078 [INFO]   Group 1: multi-adapter generation 8 seqs in 4191.7s
__main__:1096 [INFO]   Group 1: batched ensemble scoring in 98.4s
__main__:1108 [INFO]   Group 1: rewards computed in 98.5s
__main__:1150 [INFO]     [g1][r1/8] adapter=1 R_exec=0.0000 true_MI=0.01273 RMI=0.0127 R_total=0.0013 correct=0 tokens=18339
__main__:1150 [INFO]     [g1][r2/8] adapter=2 R_exec=0.0000 true_MI=0.01400 RMI=0.0140 R_total=0.0014 correct=0 tokens=18670
__main__:1150 [INFO]     [g1][r3/8] adapter=3 R_exec=0.0000 true_MI=0.01185 RMI=0.0118 R_total=0.0012 correct=0 tokens=26821 p1=22876 p2=3923
__main__:1150 [INFO]     [g1][r4/8] adapter=4 R_exec=1.2530 true_MI=0.01315 RMI=0.0132 R_total=1.2543 correct=1 tokens=19346
__main__:1150 [INFO]     [g1][r5/8] adapter=0 R_exec=1.2530 true_MI=0.01339 RMI=0.0134 R_total=1.2543 correct=1 tokens=13967
__main__:1150 [INFO]     [g1][r6/8] adapter=1 R_exec=0.0947 true_MI=0.01263 RMI=0.0126 R_total=0.0959 correct=1 tokens=21843
__main__:1150 [INFO]     [g1][r7/8] adapter=2 R_exec=0.0000 true_MI=0.01395 RMI=0.0140 R_total=0.0014 correct=0 tokens=18469
__main__:1150 [INFO]     [g1][r8/8] adapter=3 R_exec=1.0169 true_MI=0.01344 RMI=0.0134 R_total=1.0182 correct=1 tokens=19439
__main__:1167 [INFO]   [g1] group true_MI: mean=0.01314 std=0.00072 max=0.01400 normalized=[0.97 1.06 0.90 1.00 1.02 0.96 1.06 1.02]
tinker_cookbook.utils.ml_log:143 [INFO] Wrote metrics to logs/aws/wave4/ahc039-ugttt/metrics.jsonl
tinker_cookbook.utils.ml_log:240 [INFO] Logging to: https://wandb.ai/kriaz-msee20seecs-nust/ugttt-rebuttal/runs/1r8hc8kt
tinker_cookbook.utils.ml_log:143 [INFO] Wrote metrics to logs/aws/wave4/ahc039-ugttt/metrics.jsonl
tinker_cookbook.utils.ml_log:240 [INFO] Logging to: https://wandb.ai/kriaz-msee20seecs-nust/ugttt-rebuttal/runs/1r8hc8kt
tinker_cookbook.utils.ml_log:143 [INFO] Wrote metrics to logs/aws/wave4/ahc039-ugttt/metrics.jsonl
tinker_cookbook.utils.ml_log:240 [INFO] Logging to: https://wandb.ai/kriaz-msee20seecs-nust/ugttt-rebuttal/runs/1r8hc8kt
tinker_cookbook.utils.ml_log:143 [INFO] Wrote metrics to logs/aws/wave4/ahc039-ugttt/metrics.jsonl
tinker_cookbook.utils.ml_log:240 [INFO] Logging to: https://wandb.ai/kriaz-msee20seecs-nust/ugttt-rebuttal/runs/1r8hc8kt
tinker_cookbook.utils.ml_log:143 [INFO] Wrote metrics to logs/aws/wave4/ahc039-ugttt/metrics.jsonl
tinker_cookbook.utils.ml_log:240 [INFO] Logging to: https://wandb.ai/kriaz-msee20seecs-nust/ugttt-rebuttal/runs/1r8hc8kt
tinker_cookbook.utils.ml_log:143 [INFO] Wrote metrics to logs/aws/wave4/ahc039-ugttt/metrics.jsonl
tinker_cookbook.utils.ml_log:240 [INFO] Logging to: https://wandb.ai/kriaz-msee20seecs-nust/ugttt-rebuttal/runs/1r8hc8kt
tinker_cookbook.utils.ml_log:143 [INFO] Wrote metrics to logs/aws/wave4/ahc039-ugttt/metrics.jsonl
tinker_cookbook.utils.ml_log:240 [INFO] Logging to: https://wandb.ai/kriaz-msee20seecs-nust/ugttt-rebuttal/runs/1r8hc8kt
tinker_cookbook.utils.ml_log:143 [INFO] Wrote metrics to logs/aws/wave4/ahc039-ugttt/metrics.jsonl
tinker_cookbook.utils.ml_log:240 [INFO] Logging to: https://wandb.ai/kriaz-msee20seecs-nust/ugttt-rebuttal/runs/1r8hc8kt
__main__:1949 [INFO]   [2][2/8] KEPT | R_exec=0.4522 (max=1.2530) RMI=0.0131 R_total=0.4535 | 4290.2s | GPU: 18.2/19.2GB
tinker_cookbook.utils.ml_log:143 [INFO] Wrote metrics to logs/aws/wave4/ahc039-ugttt/metrics.jsonl
tinker_cookbook.utils.ml_log:240 [INFO] Logging to: https://wandb.ai/kriaz-msee20seecs-nust/ugttt-rebuttal/runs/1r8hc8kt
tinker_cookbook.rl.ensemble:1082 [INFO]   generate_batch_multi_adapter_two_phase: N=8 phase1_max=26000 streaming_mi=False kv_q=False
tinker_cookbook.rl.ensemble:1270 [INFO]     [gen/p1] step=2048/23151 active=8/8 mi_stopped=0
tinker_cookbook.rl.ensemble:1270 [INFO]     [gen/p1] step=4096/23151 active=8/8 mi_stopped=0
tinker_cookbook.rl.ensemble:1270 [INFO]     [gen/p1] step=6144/23151 active=8/8 mi_stopped=0
tinker_cookbook.rl.ensemble:1270 [INFO]     [gen/p1] step=8192/23151 active=8/8 mi_stopped=0
tinker_cookbook.rl.ensemble:1270 [INFO]     [gen/p1] step=10240/23151 active=8/8 mi_stopped=0
tinker_cookbook.rl.ensemble:1270 [INFO]     [gen/p1] step=12288/23151 active=8/8 mi_stopped=0
tinker_cookbook.rl.ensemble:1270 [INFO]     [gen/p1] step=14336/23151 active=8/8 mi_stopped=0
tinker_cookbook.rl.ensemble:1270 [INFO]     [gen/p1] step=16384/23151 active=7/8 mi_stopped=0
tinker_cookbook.rl.ensemble:1270 [INFO]     [gen/p1] step=18432/23151 active=2/8 mi_stopped=0
tinker_cookbook.rl.ensemble:1270 [INFO]     [gen/p1] step=20480/23151 active=1/8 mi_stopped=0
__main__:1078 [INFO]   Group 2: multi-adapter generation 8 seqs in 2884.1s
__main__:1096 [INFO]   Group 2: batched ensemble scoring in 87.2s
__main__:1108 [INFO]   Group 2: rewards computed in 157.7s
__main__:1150 [INFO]     [g2][r1/8] adapter=1 R_exec=1.2361 true_MI=0.01216 RMI=0.0122 R_total=1.2373 correct=1 tokens=17866
__main__:1150 [INFO]     [g2][r2/8] adapter=2 R_exec=0.8733 true_MI=0.01262 RMI=0.0126 R_total=0.8746 correct=1 tokens=21238
__main__:1150 [INFO]     [g2][r3/8] adapter=3 R_exec=1.1541 true_MI=0.01246 RMI=0.0125 R_total=1.1554 correct=1 tokens=18478
__main__:1150 [INFO]     [g2][r4/8] adapter=4 R_exec=1.0169 true_MI=0.01215 RMI=0.0122 R_total=1.0181 correct=1 tokens=16669
__main__:1150 [INFO]     [g2][r5/8] adapter=0 R_exec=0.0000 true_MI=0.01189 RMI=0.0119 R_total=0.0012 correct=0 tokens=16598
__main__:1150 [INFO]     [g2][r6/8] adapter=1 R_exec=0.0000 true_MI=0.01196 RMI=0.0120 R_total=0.0012 correct=0 tokens=17760
__main__:1150 [INFO]     [g2][r7/8] adapter=2 R_exec=0.0961 true_MI=0.01312 RMI=0.0131 R_total=0.0975 correct=1 tokens=14909
__main__:1150 [INFO]     [g2][r8/8] adapter=3 R_exec=1.0169 true_MI=0.01214 RMI=0.0121 R_total=1.0181 correct=1 tokens=18421
__main__:1167 [INFO]   [g2] group true_MI: mean=0.01231 std=0.00040 max=0.01312 normalized=[0.99 1.02 1.01 0.99 0.97 0.97 1.07 0.99]
tinker_cookbook.utils.ml_log:143 [INFO] Wrote metrics to logs/aws/wave4/ahc039-ugttt/metrics.jsonl
tinker_cookbook.utils.ml_log:240 [INFO] Logging to: https://wandb.ai/kriaz-msee20seecs-nust/ugttt-rebuttal/runs/1r8hc8kt
tinker_cookbook.utils.ml_log:143 [INFO] Wrote metrics to logs/aws/wave4/ahc039-ugttt/metrics.jsonl
tinker_cookbook.utils.ml_log:240 [INFO] Logging to: https://wandb.ai/kriaz-msee20seecs-nust/ugttt-rebuttal/runs/1r8hc8kt
tinker_cookbook.utils.ml_log:143 [INFO] Wrote metrics to logs/aws/wave4/ahc039-ugttt/metrics.jsonl
tinker_cookbook.utils.ml_log:240 [INFO] Logging to: https://wandb.ai/kriaz-msee20seecs-nust/ugttt-rebuttal/runs/1r8hc8kt
tinker_cookbook.utils.ml_log:143 [INFO] Wrote metrics to logs/aws/wave4/ahc039-ugttt/metrics.jsonl
tinker_cookbook.utils.ml_log:240 [INFO] Logging to: https://wandb.ai/kriaz-msee20seecs-nust/ugttt-rebuttal/runs/1r8hc8kt
tinker_cookbook.utils.ml_log:143 [INFO] Wrote metrics to logs/aws/wave4/ahc039-ugttt/metrics.jsonl
tinker_cookbook.utils.ml_log:240 [INFO] Logging to: https://wandb.ai/kriaz-msee20seecs-nust/ugttt-rebuttal/runs/1r8hc8kt
tinker_cookbook.utils.ml_log:143 [INFO] Wrote metrics to logs/aws/wave4/ahc039-ugttt/metrics.jsonl
tinker_cookbook.utils.ml_log:240 [INFO] Logging to: https://wandb.ai/kriaz-msee20seecs-nust/ugttt-rebuttal/runs/1r8hc8kt
tinker_cookbook.utils.ml_log:143 [INFO] Wrote metrics to logs/aws/wave4/ahc039-ugttt/metrics.jsonl
tinker_cookbook.utils.ml_log:240 [INFO] Logging to: https://wandb.ai/kriaz-msee20seecs-nust/ugttt-rebuttal/runs/1r8hc8kt
tinker_cookbook.utils.ml_log:143 [INFO] Wrote metrics to logs/aws/wave4/ahc039-ugttt/metrics.jsonl
tinker_cookbook.utils.ml_log:240 [INFO] Logging to: https://wandb.ai/kriaz-msee20seecs-nust/ugttt-rebuttal/runs/1r8hc8kt
__main__:1949 [INFO]   [2][3/8] KEPT | R_exec=0.6742 (max=1.2361) RMI=0.0123 R_total=0.6754 | 3041.8s | GPU: 18.2/19.1GB
tinker_cookbook.utils.ml_log:143 [INFO] Wrote metrics to logs/aws/wave4/ahc039-ugttt/metrics.jsonl
tinker_cookbook.utils.ml_log:240 [INFO] Logging to: https://wandb.ai/kriaz-msee20seecs-nust/ugttt-rebuttal/runs/1r8hc8kt
tinker_cookbook.rl.ensemble:1082 [INFO]   generate_batch_multi_adapter_two_phase: N=8 phase1_max=26000 streaming_mi=False kv_q=False
tinker_cookbook.rl.ensemble:1270 [INFO]     [gen/p1] step=2048/21904 active=8/8 mi_stopped=0
tinker_cookbook.rl.ensemble:1270 [INFO]     [gen/p1] step=4096/21904 active=5/8 mi_stopped=0
tinker_cookbook.rl.ensemble:1270 [INFO]     [gen/p1] step=6144/21904 active=4/8 mi_stopped=0
tinker_cookbook.rl.ensemble:1270 [INFO]     [gen/p1] step=8192/21904 active=3/8 mi_stopped=0
tinker_cookbook.rl.ensemble:1270 [INFO]     [gen/p1] step=10240/21904 active=2/8 mi_stopped=0
tinker_cookbook.rl.ensemble:1270 [INFO]     [gen/p1] step=12288/21904 active=2/8 mi_stopped=0
__main__:1078 [INFO]   Group 3: multi-adapter generation 8 seqs in 1622.2s
__main__:1096 [INFO]   Group 3: batched ensemble scoring in 44.6s
__main__:1108 [INFO]   Group 3: rewards computed in 224.8s
__main__:1150 [INFO]     [g3][r1/8] adapter=1 R_exec=1.1898 true_MI=0.01419 RMI=0.0142 R_total=1.1913 correct=1 tokens=7577
__main__:1150 [INFO]     [g3][r2/8] adapter=2 R_exec=0.0000 true_MI=0.01645 RMI=0.0164 R_total=0.0016 correct=0 tokens=2110
__main__:1150 [INFO]     [g3][r3/8] adapter=3 R_exec=0.0000 true_MI=0.01420 RMI=0.0142 R_total=0.0014 correct=0 tokens=5865
__main__:1150 [INFO]     [g3][r4/8] adapter=4 R_exec=0.0000 true_MI=0.01563 RMI=0.0156 R_total=0.0016 correct=0 tokens=2829
__main__:1150 [INFO]     [g3][r5/8] adapter=0 R_exec=0.0000 true_MI=0.01202 RMI=0.0120 R_total=0.0012 correct=0 tokens=13765
__main__:1150 [INFO]     [g3][r6/8] adapter=1 R_exec=0.0947 true_MI=0.01447 RMI=0.0145 R_total=0.0961 correct=1 tokens=8639
__main__:1150 [INFO]     [g3][r7/8] adapter=2 R_exec=0.0000 true_MI=0.01345 RMI=0.0135 R_total=0.0013 correct=0 tokens=3682
__main__:1150 [INFO]     [g3][r8/8] adapter=3 R_exec=0.0000 true_MI=0.01308 RMI=0.0131 R_total=0.0013 correct=0 tokens=12622
__main__:1167 [INFO]   [g3] group true_MI: mean=0.01419 std=0.00140 max=0.01645 normalized=[1.00 1.16 1.00 1.10 0.85 1.02 0.95 0.92]
tinker_cookbook.utils.ml_log:143 [INFO] Wrote metrics to logs/aws/wave4/ahc039-ugttt/metrics.jsonl
tinker_cookbook.utils.ml_log:240 [INFO] Logging to: https://wandb.ai/kriaz-msee20seecs-nust/ugttt-rebuttal/runs/1r8hc8kt
tinker_cookbook.utils.ml_log:143 [INFO] Wrote metrics to logs/aws/wave4/ahc039-ugttt/metrics.jsonl
tinker_cookbook.utils.ml_log:240 [INFO] Logging to: https://wandb.ai/kriaz-msee20seecs-nust/ugttt-rebuttal/runs/1r8hc8kt
tinker_cookbook.utils.ml_log:143 [INFO] Wrote metrics to logs/aws/wave4/ahc039-ugttt/metrics.jsonl
tinker_cookbook.utils.ml_log:240 [INFO] Logging to: https://wandb.ai/kriaz-msee20seecs-nust/ugttt-rebuttal/runs/1r8hc8kt
tinker_cookbook.utils.ml_log:143 [INFO] Wrote metrics to logs/aws/wave4/ahc039-ugttt/metrics.jsonl
tinker_cookbook.utils.ml_log:240 [INFO] Logging to: https://wandb.ai/kriaz-msee20seecs-nust/ugttt-rebuttal/runs/1r8hc8kt
tinker_cookbook.utils.ml_log:143 [INFO] Wrote metrics to logs/aws/wave4/ahc039-ugttt/metrics.jsonl
tinker_cookbook.utils.ml_log:240 [INFO] Logging to: https://wandb.ai/kriaz-msee20seecs-nust/ugttt-rebuttal/runs/1r8hc8kt
tinker_cookbook.utils.ml_log:143 [INFO] Wrote metrics to logs/aws/wave4/ahc039-ugttt/metrics.jsonl
tinker_cookbook.utils.ml_log:240 [INFO] Logging to: https://wandb.ai/kriaz-msee20seecs-nust/ugttt-rebuttal/runs/1r8hc8kt
tinker_cookbook.utils.ml_log:143 [INFO] Wrote metrics to logs/aws/wave4/ahc039-ugttt/metrics.jsonl
tinker_cookbook.utils.ml_log:240 [INFO] Logging to: https://wandb.ai/kriaz-msee20seecs-nust/ugttt-rebuttal/runs/1r8hc8kt
tinker_cookbook.utils.ml_log:143 [INFO] Wrote metrics to logs/aws/wave4/ahc039-ugttt/metrics.jsonl
tinker_cookbook.utils.ml_log:240 [INFO] Logging to: https://wandb.ai/kriaz-msee20seecs-nust/ugttt-rebuttal/runs/1r8hc8kt
__main__:1949 [INFO]   [2][4/8] KEPT | R_exec=0.1606 (max=1.1898) RMI=0.0142 R_total=0.1620 | 1847.0s | GPU: 18.2/18.9GB
tinker_cookbook.utils.ml_log:143 [INFO] Wrote metrics to logs/aws/wave4/ahc039-ugttt/metrics.jsonl
tinker_cookbook.utils.ml_log:240 [INFO] Logging to: https://wandb.ai/kriaz-msee20seecs-nust/ugttt-rebuttal/runs/1r8hc8kt
tinker_cookbook.rl.ensemble:1082 [INFO]   generate_batch_multi_adapter_two_phase: N=8 phase1_max=26000 streaming_mi=False kv_q=False
tinker_cookbook.rl.ensemble:1270 [INFO]     [gen/p1] step=2048/22227 active=8/8 mi_stopped=0
tinker_cookbook.rl.ensemble:1270 [INFO]     [gen/p1] step=4096/22227 active=8/8 mi_stopped=0
tinker_cookbook.rl.ensemble:1270 [INFO]     [gen/p1] step=6144/22227 active=8/8 mi_stopped=0
tinker_cookbook.rl.ensemble:1270 [INFO]     [gen/p1] step=8192/22227 active=8/8 mi_stopped=0
tinker_cookbook.rl.ensemble:1270 [INFO]     [gen/p1] step=10240/22227 active=8/8 mi_stopped=0
tinker_cookbook.rl.ensemble:1270 [INFO]     [gen/p1] step=12288/22227 active=8/8 mi_stopped=0
tinker_cookbook.rl.ensemble:1270 [INFO]     [gen/p1] step=14336/22227 active=8/8 mi_stopped=0
tinker_cookbook.rl.ensemble:1270 [INFO]     [gen/p1] step=16384/22227 active=5/8 mi_stopped=0
tinker_cookbook.rl.ensemble:1270 [INFO]     [gen/p1] step=18432/22227 active=4/8 mi_stopped=0
tinker_cookbook.rl.ensemble:1270 [INFO]     [gen/p1] step=20480/22227 active=3/8 mi_stopped=0
__main__:1078 [INFO]   Group 4: multi-adapter generation 8 seqs in 4220.9s
__main__:1096 [INFO]   Group 4: batched ensemble scoring in 102.0s
__main__:1108 [INFO]   Group 4: rewards computed in 342.2s
__main__:1150 [INFO]     [g4][r1/8] adapter=1 R_exec=0.0000 true_MI=0.01415 RMI=0.0141 R_total=0.0014 correct=0 tokens=21251
__main__:1150 [INFO]     [g4][r2/8] adapter=2 R_exec=0.0000 true_MI=0.01337 RMI=0.0134 R_total=0.0013 correct=0 tokens=15755
__main__:1150 [INFO]     [g4][r3/8] adapter=3 R_exec=0.0000 true_MI=0.01427 RMI=0.0143 R_total=0.0014 correct=0 tokens=15203
__main__:1150 [INFO]     [g4][r4/8] adapter=4 R_exec=0.0000 true_MI=0.01145 RMI=0.0114 R_total=0.0011 correct=0 tokens=26526 p1=22227 p2=4277
__main__:1150 [INFO]     [g4][r5/8] adapter=0 R_exec=1.1893 true_MI=0.01337 RMI=0.0134 R_total=1.1906 correct=1 tokens=15849
__main__:1150 [INFO]     [g4][r6/8] adapter=1 R_exec=1.1893 true_MI=0.01221 RMI=0.0122 R_total=1.1905 correct=1 tokens=24810 p1=22227 p2=2561
__main__:1150 [INFO]     [g4][r7/8] adapter=2 R_exec=1.1893 true_MI=0.01325 RMI=0.0132 R_total=1.1906 correct=1 tokens=20334
__main__:1150 [INFO]     [g4][r8/8] adapter=3 R_exec=1.1893 true_MI=0.01383 RMI=0.0138 R_total=1.1907 correct=1 tokens=16944
__main__:1167 [INFO]   [g4] group true_MI: mean=0.01324 std=0.00097 max=0.01427 normalized=[1.07 1.01 1.08 0.86 1.01 0.92 1.00 1.04]
tinker_cookbook.utils.ml_log:143 [INFO] Wrote metrics to logs/aws/wave4/ahc039-ugttt/metrics.jsonl
tinker_cookbook.utils.ml_log:240 [INFO] Logging to: https://wandb.ai/kriaz-msee20seecs-nust/ugttt-rebuttal/runs/1r8hc8kt
tinker_cookbook.utils.ml_log:143 [INFO] Wrote metrics to logs/aws/wave4/ahc039-ugttt/metrics.jsonl
tinker_cookbook.utils.ml_log:240 [INFO] Logging to: https://wandb.ai/kriaz-msee20seecs-nust/ugttt-rebuttal/runs/1r8hc8kt
tinker_cookbook.utils.ml_log:143 [INFO] Wrote metrics to logs/aws/wave4/ahc039-ugttt/metrics.jsonl
tinker_cookbook.utils.ml_log:240 [INFO] Logging to: https://wandb.ai/kriaz-msee20seecs-nust/ugttt-rebuttal/runs/1r8hc8kt
tinker_cookbook.utils.ml_log:143 [INFO] Wrote metrics to logs/aws/wave4/ahc039-ugttt/metrics.jsonl
tinker_cookbook.utils.ml_log:240 [INFO] Logging to: https://wandb.ai/kriaz-msee20seecs-nust/ugttt-rebuttal/runs/1r8hc8kt
tinker_cookbook.utils.ml_log:143 [INFO] Wrote metrics to logs/aws/wave4/ahc039-ugttt/metrics.jsonl
tinker_cookbook.utils.ml_log:240 [INFO] Logging to: https://wandb.ai/kriaz-msee20seecs-nust/ugttt-rebuttal/runs/1r8hc8kt
tinker_cookbook.utils.ml_log:143 [INFO] Wrote metrics to logs/aws/wave4/ahc039-ugttt/metrics.jsonl
tinker_cookbook.utils.ml_log:240 [INFO] Logging to: https://wandb.ai/kriaz-msee20seecs-nust/ugttt-rebuttal/runs/1r8hc8kt
tinker_cookbook.utils.ml_log:143 [INFO] Wrote metrics to logs/aws/wave4/ahc039-ugttt/metrics.jsonl
tinker_cookbook.utils.ml_log:240 [INFO] Logging to: https://wandb.ai/kriaz-msee20seecs-nust/ugttt-rebuttal/runs/1r8hc8kt
tinker_cookbook.utils.ml_log:143 [INFO] Wrote metrics to logs/aws/wave4/ahc039-ugttt/metrics.jsonl
tinker_cookbook.utils.ml_log:240 [INFO] Logging to: https://wandb.ai/kriaz-msee20seecs-nust/ugttt-rebuttal/runs/1r8hc8kt
__main__:1949 [INFO]   [2][5/8] KEPT | R_exec=0.5946 (max=1.1893) RMI=0.0132 R_total=0.5960 | 4563.2s | GPU: 18.2/19.1GB
tinker_cookbook.utils.ml_log:143 [INFO] Wrote metrics to logs/aws/wave4/ahc039-ugttt/metrics.jsonl
tinker_cookbook.utils.ml_log:240 [INFO] Logging to: https://wandb.ai/kriaz-msee20seecs-nust/ugttt-rebuttal/runs/1r8hc8kt
tinker_cookbook.rl.ensemble:1082 [INFO]   generate_batch_multi_adapter_two_phase: N=8 phase1_max=26000 streaming_mi=False kv_q=False
tinker_cookbook.rl.ensemble:1270 [INFO]     [gen/p1] step=2048/22387 active=8/8 mi_stopped=0
tinker_cookbook.rl.ensemble:1270 [INFO]     [gen/p1] step=4096/22387 active=8/8 mi_stopped=0
tinker_cookbook.rl.ensemble:1270 [INFO]     [gen/p1] step=6144/22387 active=8/8 mi_stopped=0
tinker_cookbook.rl.ensemble:1270 [INFO]     [gen/p1] step=8192/22387 active=8/8 mi_stopped=0
tinker_cookbook.rl.ensemble:1270 [INFO]     [gen/p1] step=10240/22387 active=8/8 mi_stopped=0
tinker_cookbook.rl.ensemble:1270 [INFO]     [gen/p1] step=12288/22387 active=8/8 mi_stopped=0
tinker_cookbook.rl.ensemble:1270 [INFO]     [gen/p1] step=14336/22387 active=7/8 mi_stopped=0
tinker_cookbook.rl.ensemble:1270 [INFO]     [gen/p1] step=16384/22387 active=6/8 mi_stopped=0
tinker_cookbook.rl.ensemble:1270 [INFO]     [gen/p1] step=18432/22387 active=3/8 mi_stopped=0
__main__:1078 [INFO]   Group 5: multi-adapter generation 8 seqs in 2594.8s
__main__:1096 [INFO]   Group 5: batched ensemble scoring in 89.9s
__main__:1108 [INFO]   Group 5: rewards computed in 343.7s
__main__:1150 [INFO]     [g5][r1/8] adapter=1 R_exec=0.0000 true_MI=0.01231 RMI=0.0123 R_total=0.0012 correct=0 tokens=19349
__main__:1150 [INFO]     [g5][r2/8] adapter=2 R_exec=0.0000 true_MI=0.01243 RMI=0.0124 R_total=0.0012 correct=0 tokens=17903
__main__:1150 [INFO]     [g5][r3/8] adapter=3 R_exec=1.1893 true_MI=0.01342 RMI=0.0134 R_total=1.1906 correct=1 tokens=18798
__main__:1150 [INFO]     [g5][r4/8] adapter=4 R_exec=0.0000 true_MI=0.01281 RMI=0.0128 R_total=0.0013 correct=0 tokens=17740
__main__:1150 [INFO]     [g5][r5/8] adapter=0 R_exec=1.0169 true_MI=0.01504 RMI=0.0150 R_total=1.0184 correct=1 tokens=13603
__main__:1150 [INFO]     [g5][r6/8] adapter=1 R_exec=1.1874 true_MI=0.01373 RMI=0.0137 R_total=1.1888 correct=1 tokens=16153
__main__:1150 [INFO]     [g5][r7/8] adapter=2 R_exec=1.1893 true_MI=0.01457 RMI=0.0146 R_total=1.1907 correct=1 tokens=18837
__main__:1150 [INFO]     [g5][r8/8] adapter=3 R_exec=1.1893 true_MI=0.01379 RMI=0.0138 R_total=1.1907 correct=1 tokens=17649
__main__:1167 [INFO]   [g5] group true_MI: mean=0.01351 std=0.00098 max=0.01504 normalized=[0.91 0.92 0.99 0.95 1.11 1.02 1.08 1.02]
tinker_cookbook.utils.ml_log:143 [INFO] Wrote metrics to logs/aws/wave4/ahc039-ugttt/metrics.jsonl
tinker_cookbook.utils.ml_log:240 [INFO] Logging to: https://wandb.ai/kriaz-msee20seecs-nust/ugttt-rebuttal/runs/1r8hc8kt
tinker_cookbook.utils.ml_log:143 [INFO] Wrote metrics to logs/aws/wave4/ahc039-ugttt/metrics.jsonl
tinker_cookbook.utils.ml_log:240 [INFO] Logging to: https://wandb.ai/kriaz-msee20seecs-nust/ugttt-rebuttal/runs/1r8hc8kt
tinker_cookbook.utils.ml_log:143 [INFO] Wrote metrics to logs/aws/wave4/ahc039-ugttt/metrics.jsonl
tinker_cookbook.utils.ml_log:240 [INFO] Logging to: https://wandb.ai/kriaz-msee20seecs-nust/ugttt-rebuttal/runs/1r8hc8kt
tinker_cookbook.utils.ml_log:143 [INFO] Wrote metrics to logs/aws/wave4/ahc039-ugttt/metrics.jsonl
tinker_cookbook.utils.ml_log:240 [INFO] Logging to: https://wandb.ai/kriaz-msee20seecs-nust/ugttt-rebuttal/runs/1r8hc8kt
tinker_cookbook.utils.ml_log:143 [INFO] Wrote metrics to logs/aws/wave4/ahc039-ugttt/metrics.jsonl
tinker_cookbook.utils.ml_log:240 [INFO] Logging to: https://wandb.ai/kriaz-msee20seecs-nust/ugttt-rebuttal/runs/1r8hc8kt
tinker_cookbook.utils.ml_log:143 [INFO] Wrote metrics to logs/aws/wave4/ahc039-ugttt/metrics.jsonl
tinker_cookbook.utils.ml_log:240 [INFO] Logging to: https://wandb.ai/kriaz-msee20seecs-nust/ugttt-rebuttal/runs/1r8hc8kt
tinker_cookbook.utils.ml_log:143 [INFO] Wrote metrics to logs/aws/wave4/ahc039-ugttt/metrics.jsonl
tinker_cookbook.utils.ml_log:240 [INFO] Logging to: https://wandb.ai/kriaz-msee20seecs-nust/ugttt-rebuttal/runs/1r8hc8kt
tinker_cookbook.utils.ml_log:143 [INFO] Wrote metrics to logs/aws/wave4/ahc039-ugttt/metrics.jsonl
tinker_cookbook.utils.ml_log:240 [INFO] Logging to: https://wandb.ai/kriaz-msee20seecs-nust/ugttt-rebuttal/runs/1r8hc8kt
__main__:1949 [INFO]   [2][6/8] KEPT | R_exec=0.7215 (max=1.1893) RMI=0.0135 R_total=0.7229 | 2938.5s | GPU: 18.2/19.1GB
tinker_cookbook.utils.ml_log:143 [INFO] Wrote metrics to logs/aws/wave4/ahc039-ugttt/metrics.jsonl
tinker_cookbook.utils.ml_log:240 [INFO] Logging to: https://wandb.ai/kriaz-msee20seecs-nust/ugttt-rebuttal/runs/1r8hc8kt
tinker_cookbook.rl.ensemble:1082 [INFO]   generate_batch_multi_adapter_two_phase: N=8 phase1_max=26000 streaming_mi=False kv_q=False
tinker_cookbook.rl.ensemble:1270 [INFO]     [gen/p1] step=2048/22072 active=8/8 mi_stopped=0
tinker_cookbook.rl.ensemble:1270 [INFO]     [gen/p1] step=4096/22072 active=8/8 mi_stopped=0
tinker_cookbook.rl.ensemble:1270 [INFO]     [gen/p1] step=6144/22072 active=8/8 mi_stopped=0
tinker_cookbook.rl.ensemble:1270 [INFO]     [gen/p1] step=8192/22072 active=8/8 mi_stopped=0
tinker_cookbook.rl.ensemble:1270 [INFO]     [gen/p1] step=10240/22072 active=8/8 mi_stopped=0
tinker_cookbook.rl.ensemble:1270 [INFO]     [gen/p1] step=12288/22072 active=8/8 mi_stopped=0
tinker_cookbook.rl.ensemble:1270 [INFO]     [gen/p1] step=14336/22072 active=8/8 mi_stopped=0
tinker_cookbook.rl.ensemble:1270 [INFO]     [gen/p1] step=16384/22072 active=6/8 mi_stopped=0
tinker_cookbook.rl.ensemble:1270 [INFO]     [gen/p1] step=18432/22072 active=6/8 mi_stopped=0
tinker_cookbook.rl.ensemble:1270 [INFO]     [gen/p1] step=20480/22072 active=2/8 mi_stopped=0
__main__:1078 [INFO]   Group 6: multi-adapter generation 8 seqs in 3306.9s
__main__:1096 [INFO]   Group 6: batched ensemble scoring in 97.9s
__main__:1108 [INFO]   Group 6: rewards computed in 238.1s
__main__:1150 [INFO]     [g6][r1/8] adapter=1 R_exec=0.0776 true_MI=0.01241 RMI=0.0124 R_total=0.0789 correct=1 tokens=20684
__main__:1150 [INFO]     [g6][r2/8] adapter=2 R_exec=1.1893 true_MI=0.01177 RMI=0.0118 R_total=1.1905 correct=1 tokens=18522
__main__:1150 [INFO]     [g6][r3/8] adapter=3 R_exec=1.1893 true_MI=0.01324 RMI=0.0132 R_total=1.1906 correct=1 tokens=18674
__main__:1150 [INFO]     [g6][r4/8] adapter=4 R_exec=0.0000 true_MI=0.01161 RMI=0.0116 R_total=0.0012 correct=0 tokens=22544 p1=22072 p2=450
__main__:1150 [INFO]     [g6][r5/8] adapter=0 R_exec=1.0162 true_MI=0.01317 RMI=0.0132 R_total=1.0175 correct=1 tokens=15701
__main__:1150 [INFO]     [g6][r6/8] adapter=1 R_exec=0.0000 true_MI=0.01168 RMI=0.0117 R_total=0.0012 correct=0 tokens=19236
__main__:1150 [INFO]     [g6][r7/8] adapter=2 R_exec=0.0000 true_MI=0.01347 RMI=0.0135 R_total=0.0013 correct=0 tokens=14871
__main__:1150 [INFO]     [g6][r8/8] adapter=3 R_exec=0.0000 true_MI=0.01231 RMI=0.0123 R_total=0.0012 correct=0 tokens=19572
__main__:1167 [INFO]   [g6] group true_MI: mean=0.01246 std=0.00075 max=0.01347 normalized=[1.00 0.94 1.06 0.93 1.06 0.94 1.08 0.99]
tinker_cookbook.utils.ml_log:143 [INFO] Wrote metrics to logs/aws/wave4/ahc039-ugttt/metrics.jsonl
tinker_cookbook.utils.ml_log:240 [INFO] Logging to: https://wandb.ai/kriaz-msee20seecs-nust/ugttt-rebuttal/runs/1r8hc8kt
tinker_cookbook.utils.ml_log:143 [INFO] Wrote metrics to logs/aws/wave4/ahc039-ugttt/metrics.jsonl
tinker_cookbook.utils.ml_log:240 [INFO] Logging to: https://wandb.ai/kriaz-msee20seecs-nust/ugttt-rebuttal/runs/1r8hc8kt
tinker_cookbook.utils.ml_log:143 [INFO] Wrote metrics to logs/aws/wave4/ahc039-ugttt/metrics.jsonl
tinker_cookbook.utils.ml_log:240 [INFO] Logging to: https://wandb.ai/kriaz-msee20seecs-nust/ugttt-rebuttal/runs/1r8hc8kt
tinker_cookbook.utils.ml_log:143 [INFO] Wrote metrics to logs/aws/wave4/ahc039-ugttt/metrics.jsonl
tinker_cookbook.utils.ml_log:240 [INFO] Logging to: https://wandb.ai/kriaz-msee20seecs-nust/ugttt-rebuttal/runs/1r8hc8kt
tinker_cookbook.utils.ml_log:143 [INFO] Wrote metrics to logs/aws/wave4/ahc039-ugttt/metrics.jsonl
tinker_cookbook.utils.ml_log:240 [INFO] Logging to: https://wandb.ai/kriaz-msee20seecs-nust/ugttt-rebuttal/runs/1r8hc8kt
tinker_cookbook.utils.ml_log:143 [INFO] Wrote metrics to logs/aws/wave4/ahc039-ugttt/metrics.jsonl
tinker_cookbook.utils.ml_log:240 [INFO] Logging to: https://wandb.ai/kriaz-msee20seecs-nust/ugttt-rebuttal/runs/1r8hc8kt
tinker_cookbook.utils.ml_log:143 [INFO] Wrote metrics to logs/aws/wave4/ahc039-ugttt/metrics.jsonl
tinker_cookbook.utils.ml_log:240 [INFO] Logging to: https://wandb.ai/kriaz-msee20seecs-nust/ugttt-rebuttal/runs/1r8hc8kt
tinker_cookbook.utils.ml_log:143 [INFO] Wrote metrics to logs/aws/wave4/ahc039-ugttt/metrics.jsonl
tinker_cookbook.utils.ml_log:240 [INFO] Logging to: https://wandb.ai/kriaz-msee20seecs-nust/ugttt-rebuttal/runs/1r8hc8kt
__main__:1949 [INFO]   [2][7/8] KEPT | R_exec=0.4341 (max=1.1893) RMI=0.0125 R_total=0.4353 | 3545.1s | GPU: 18.2/19.2GB
tinker_cookbook.utils.ml_log:143 [INFO] Wrote metrics to logs/aws/wave4/ahc039-ugttt/metrics.jsonl
tinker_cookbook.utils.ml_log:240 [INFO] Logging to: https://wandb.ai/kriaz-msee20seecs-nust/ugttt-rebuttal/runs/1r8hc8kt
tinker_cookbook.rl.ensemble:1082 [INFO]   generate_batch_multi_adapter_two_phase: N=8 phase1_max=26000 streaming_mi=False kv_q=False
tinker_cookbook.rl.ensemble:1270 [INFO]     [gen/p1] step=2048/23408 active=8/8 mi_stopped=0
tinker_cookbook.rl.ensemble:1270 [INFO]     [gen/p1] step=4096/23408 active=8/8 mi_stopped=0
tinker_cookbook.rl.ensemble:1270 [INFO]     [gen/p1] step=6144/23408 active=8/8 mi_stopped=0
tinker_cookbook.rl.ensemble:1270 [INFO]     [gen/p1] step=8192/23408 active=8/8 mi_stopped=0
tinker_cookbook.rl.ensemble:1270 [INFO]     [gen/p1] step=10240/23408 active=8/8 mi_stopped=0
tinker_cookbook.rl.ensemble:1270 [INFO]     [gen/p1] step=12288/23408 active=8/8 mi_stopped=0
tinker_cookbook.rl.ensemble:1270 [INFO]     [gen/p1] step=14336/23408 active=7/8 mi_stopped=0
tinker_cookbook.rl.ensemble:1270 [INFO]     [gen/p1] step=16384/23408 active=5/8 mi_stopped=0
tinker_cookbook.rl.ensemble:1270 [INFO]     [gen/p1] step=18432/23408 active=1/8 mi_stopped=0
__main__:1078 [INFO]   Group 7: multi-adapter generation 8 seqs in 2351.3s
__main__:1096 [INFO]   Group 7: batched ensemble scoring in 80.2s
__main__:1108 [INFO]   Group 7: rewards computed in 368.1s
__main__:1150 [INFO]     [g7][r1/8] adapter=1 R_exec=0.8282 true_MI=0.01332 RMI=0.0133 R_total=0.8296 correct=1 tokens=16723
__main__:1150 [INFO]     [g7][r2/8] adapter=2 R_exec=0.0000 true_MI=0.01381 RMI=0.0138 R_total=0.0014 correct=0 tokens=13392
__main__:1150 [INFO]     [g7][r3/8] adapter=3 R_exec=1.1893 true_MI=0.01439 RMI=0.0144 R_total=1.1907 correct=1 tokens=18007
__main__:1150 [INFO]     [g7][r4/8] adapter=4 R_exec=1.1893 true_MI=0.01285 RMI=0.0128 R_total=1.1906 correct=1 tokens=15446
__main__:1150 [INFO]     [g7][r5/8] adapter=0 R_exec=1.1893 true_MI=0.01242 RMI=0.0124 R_total=1.1905 correct=1 tokens=18641
__main__:1150 [INFO]     [g7][r6/8] adapter=1 R_exec=0.0000 true_MI=0.01427 RMI=0.0143 R_total=0.0014 correct=0 tokens=17860
__main__:1150 [INFO]     [g7][r7/8] adapter=2 R_exec=1.1893 true_MI=0.01430 RMI=0.0143 R_total=1.1907 correct=1 tokens=16005
__main__:1150 [INFO]     [g7][r8/8] adapter=3 R_exec=1.1893 true_MI=0.01400 RMI=0.0140 R_total=1.1907 correct=1 tokens=16493
__main__:1167 [INFO]   [g7] group true_MI: mean=0.01367 std=0.00073 max=0.01439 normalized=[0.97 1.01 1.05 0.94 0.91 1.04 1.05 1.02]
tinker_cookbook.utils.ml_log:143 [INFO] Wrote metrics to logs/aws/wave4/ahc039-ugttt/metrics.jsonl
tinker_cookbook.utils.ml_log:240 [INFO] Logging to: https://wandb.ai/kriaz-msee20seecs-nust/ugttt-rebuttal/runs/1r8hc8kt
tinker_cookbook.utils.ml_log:143 [INFO] Wrote metrics to logs/aws/wave4/ahc039-ugttt/metrics.jsonl
tinker_cookbook.utils.ml_log:240 [INFO] Logging to: https://wandb.ai/kriaz-msee20seecs-nust/ugttt-rebuttal/runs/1r8hc8kt
tinker_cookbook.utils.ml_log:143 [INFO] Wrote metrics to logs/aws/wave4/ahc039-ugttt/metrics.jsonl
tinker_cookbook.utils.ml_log:240 [INFO] Logging to: https://wandb.ai/kriaz-msee20seecs-nust/ugttt-rebuttal/runs/1r8hc8kt
tinker_cookbook.utils.ml_log:143 [INFO] Wrote metrics to logs/aws/wave4/ahc039-ugttt/metrics.jsonl
tinker_cookbook.utils.ml_log:240 [INFO] Logging to: https://wandb.ai/kriaz-msee20seecs-nust/ugttt-rebuttal/runs/1r8hc8kt
tinker_cookbook.utils.ml_log:143 [INFO] Wrote metrics to logs/aws/wave4/ahc039-ugttt/metrics.jsonl
tinker_cookbook.utils.ml_log:240 [INFO] Logging to: https://wandb.ai/kriaz-msee20seecs-nust/ugttt-rebuttal/runs/1r8hc8kt
tinker_cookbook.utils.ml_log:143 [INFO] Wrote metrics to logs/aws/wave4/ahc039-ugttt/metrics.jsonl
tinker_cookbook.utils.ml_log:240 [INFO] Logging to: https://wandb.ai/kriaz-msee20seecs-nust/ugttt-rebuttal/runs/1r8hc8kt
tinker_cookbook.utils.ml_log:143 [INFO] Wrote metrics to logs/aws/wave4/ahc039-ugttt/metrics.jsonl
tinker_cookbook.utils.ml_log:240 [INFO] Logging to: https://wandb.ai/kriaz-msee20seecs-nust/ugttt-rebuttal/runs/1r8hc8kt
tinker_cookbook.utils.ml_log:143 [INFO] Wrote metrics to logs/aws/wave4/ahc039-ugttt/metrics.jsonl
tinker_cookbook.utils.ml_log:240 [INFO] Logging to: https://wandb.ai/kriaz-msee20seecs-nust/ugttt-rebuttal/runs/1r8hc8kt
__main__:1949 [INFO]   [2][8/8] KEPT | R_exec=0.8468 (max=1.1893) RMI=0.0137 R_total=0.8482 | 2719.4s | GPU: 18.2/19.0GB
tinker_cookbook.utils.ml_log:143 [INFO] Wrote metrics to logs/aws/wave4/ahc039-ugttt/metrics.jsonl
tinker_cookbook.utils.ml_log:240 [INFO] Logging to: https://wandb.ai/kriaz-msee20seecs-nust/ugttt-rebuttal/runs/1r8hc8kt
__main__:1988 [INFO] [Epoch 2] Rollout phase done in 26140.0s. Training on 8/8 groups...
tinker_cookbook.utils.ml_log:143 [INFO] Wrote metrics to logs/aws/wave4/ahc039-ugttt/metrics.jsonl
tinker_cookbook.utils.ml_log:195 [INFO] 
┏━━━━━━━━━━━━━━━━━━━━━━━━━━━━━━━━┳━━━━━━━━━━━━━━━┓
┃ Metric                         ┃ Value         ┃
┡━━━━━━━━━━━━━━━━━━━━━━━━━━━━━━━━╇━━━━━━━━━━━━━━━┩
│ gpu/memory_allocated_gb        │ 18.828612     │
│ gpu/memory_peak_gb             │ 75.428629     │
│ gpu/memory_reserved_gb         │ 18.865979     │
│ kl_policy_base                 │ 0.002489      │
│ optim/entropy                  │ 0.440471      │
│ optim/kl_sample_train_v1       │ 0.004335      │
│ optim/kl_sample_train_v2       │ 0.004212      │
│ progress/done_frac             │ 0.500000      │
│ progress/epoch                 │ 2             │
│ rollout/groups_attempted       │ 8.000000      │
│ rollout/groups_filtered        │ 0.000000      │
│ rollout/groups_kept            │ 8.000000      │
│ rollout/intra_group_reward_std │ 0.508266      │
│ time/rollout                   │ 26140.000844  │
│ time/total                     │ 28505.473687  │
│ time/train                     │ 2365.347403   │
│ train/advantage/max            │ 10.748633     │
│ train/advantage/mean           │ 0.359880      │
│ train/advantage/min            │ -2.822802     │
│ train/advantage/std            │ 2.260323      │
│ train/beta/mean                │ 131081.875034 │
│ train/beta/std                 │ 346780.183729 │
│ train/correctness/mean         │ 0.546875      │
│ train/correctness/rate         │ 0.546875      │
│ train/ensemble/frac_high_disa… │ 0.499986      │
│ train/ensemble/max_token_disa… │ 11.205889     │
│ train/ensemble/member_logprob… │ 0.004484      │
│ train/ensemble/member_logprob… │ 0.001799      │
│ train/gamma_eff/mean           │ 0.450830      │
│ train/gen/num_tokens/max       │ 26821.000000  │
│ train/gen/num_tokens/mean      │ 16821.125000  │
│ train/gen/num_tokens/std       │ 4773.520122   │
│ train/group/rmi_exec_corr/mean │ 0.103575      │
│ train/group/rmi_exec_corr/std  │ 0.306060      │
│ train/loss                     │ -0.359889     │
│ train/nnm_loss                 │ -0.054336     │
│ train/nnm_nuclear_norm         │ 46.366326     │
│ train/num_groups               │ 8.000000      │
│ train/num_rollouts             │ 64.000000     │
│ train/num_rollouts_total       │ 64.000000     │
│ train/reward/exec/best         │ 1.253164      │
│ train/reward/exec/max          │ 1.253164      │
│ train/reward/exec/mean         │ 0.511081      │
│ train/reward/exec/min          │ 0.000000      │
│ train/reward/exec/std          │ 0.561622      │
│ train/reward/rmi/max           │ 0.016449      │
│ train/reward/rmi/mean          │ 0.013205      │
│ train/reward/rmi/min           │ 0.011445      │
│ train/reward/rmi/std           │ 0.001000      │
│ train/reward/total/best        │ 1.254459      │
│ train/reward/total/max         │ 1.254459      │
│ train/reward/total/mean        │ 0.512401      │
│ train/reward/total/min         │ 0.001145      │
│ train/reward/total/std         │ 0.561627      │
│ train/streaming_mi/stop_rate   │ 0.000000      │
│ train/streaming_mi/tokens_sav… │ 0.000000      │
│ train/streaming_mi/tokens_sav… │ 0.000000      │
│ train/two_phase/phase1_tokens… │ 16644.578125  │
│ train/two_phase/phase2_tokens… │ 175.171875    │
│ train/two_phase/prefill_rate   │ 0.062500      │
│ train/uncertainty/predictive_… │ 0.120141      │
│ train/uncertainty/predictive_… │ 0.098978      │
│ train/uncertainty/predictive_… │ 0.044397      │
│ train/uncertainty/predictive_… │ 0.015986      │
│ train/uncertainty/predictive_… │ 0.364648      │
│ train/uncertainty/predictive_… │ 0.362495      │
│ train/uncertainty/predictive_… │ 0.341330      │
│ train/uncertainty/predictive_… │ 0.003820      │
│ train/uncertainty/rmi/max      │ 0.003283      │
│ train/uncertainty/rmi/mean     │ 0.002410      │
│ train/uncertainty/rmi/min      │ 0.001705      │
│ train/uncertainty/rmi/std      │ 0.000286      │
│ train/uncertainty/rmi_top7/max │ 0.042976      │
│ train/uncertainty/rmi_top7/me… │ 0.027707      │
│ train/uncertainty/rmi_top7/min │ 0.020762      │
│ train/uncertainty/rmi_top7/std │ 0.003450      │
│ train/uncertainty/top7_mi_cod… │ 0.000739      │
│ train/uncertainty/top7_mi_cod… │ 0.003002      │
│ train/uncertainty/top7_mi_thi… │ 0.010862      │
│ train/uncertainty/top7_mi_thi… │ 0.001136      │
│ train/uncertainty/top7_pct_co… │ 0.000467      │
│ train/uncertainty/top7_pct_co… │ 0.003286      │
│ train/uncertainty/top7_pct_th… │ 0.868367      │
│ train/uncertainty/top7_pct_th… │ 0.099767      │
│ train/uncertainty/true_mi/max  │ 0.016449      │
│ train/uncertainty/true_mi/mean │ 0.013205      │
│ train/uncertainty/true_mi/min  │ 0.011445      │
│ train/uncertainty/true_mi/std  │ 0.001000      │
│ train/uncertainty/variance/max │ 0.010531      │
│ train/uncertainty/variance/me… │ 0.006712      │
│ train/uncertainty/variance/min │ 0.004574      │
│ train/uncertainty/variance/std │ 0.000981      │
│ train/uncertainty/variance_to… │ 0.140641      │
│ train/uncertainty/variance_to… │ 0.079038      │
│ train/uncertainty/variance_to… │ 0.056339      │
│ train/uncertainty/variance_to… │ 0.013195      │
└────────────────────────────────┴───────────────┘
tinker_cookbook.utils.ml_log:240 [INFO] Logging to: https://wandb.ai/kriaz-msee20seecs-nust/ugttt-rebuttal/runs/1r8hc8kt
__main__:2062 [INFO] [Epoch 2] R_exec=0.5111 (max=1.2532 best=1.2532) RMI=0.0132 beta=131081.88 corr=54.7% loss=-0.3599 nuc=46.366 groups=8/8 time=28505.5s
__main__:2073 [INFO] Checkpoint saved at epoch 2
__main__:1836 [INFO] [Epoch 3/6] Starting rollout phase: 8 groups × 8 rollouts
tinker_cookbook.rl.ensemble:1082 [INFO]   generate_batch_multi_adapter_two_phase: N=8 phase1_max=26000 streaming_mi=False kv_q=False
tinker_cookbook.rl.ensemble:1270 [INFO]     [gen/p1] step=2048/23014 active=8/8 mi_stopped=0
tinker_cookbook.rl.ensemble:1270 [INFO]     [gen/p1] step=4096/23014 active=8/8 mi_stopped=0
tinker_cookbook.rl.ensemble:1270 [INFO]     [gen/p1] step=6144/23014 active=8/8 mi_stopped=0
tinker_cookbook.rl.ensemble:1270 [INFO]     [gen/p1] step=8192/23014 active=8/8 mi_stopped=0
tinker_cookbook.rl.ensemble:1270 [INFO]     [gen/p1] step=10240/23014 active=8/8 mi_stopped=0
tinker_cookbook.rl.ensemble:1270 [INFO]     [gen/p1] step=12288/23014 active=8/8 mi_stopped=0
tinker_cookbook.rl.ensemble:1270 [INFO]     [gen/p1] step=14336/23014 active=8/8 mi_stopped=0
tinker_cookbook.rl.ensemble:1270 [INFO]     [gen/p1] step=16384/23014 active=6/8 mi_stopped=0
tinker_cookbook.rl.ensemble:1270 [INFO]     [gen/p1] step=18432/23014 active=2/8 mi_stopped=0
__main__:1078 [INFO]   Group 0: multi-adapter generation 8 seqs in 2535.5s
__main__:1096 [INFO]   Group 0: batched ensemble scoring in 86.1s
__main__:1108 [INFO]   Group 0: rewards computed in 408.6s
__main__:1150 [INFO]     [g0][r1/8] adapter=4 R_exec=0.0000 true_MI=0.01283 RMI=0.0128 R_total=0.0013 correct=0 tokens=17602
__main__:1150 [INFO]     [g0][r2/8] adapter=0 R_exec=0.0949 true_MI=0.01246 RMI=0.0125 R_total=0.0962 correct=1 tokens=15948
__main__:1150 [INFO]     [g0][r3/8] adapter=1 R_exec=0.0000 true_MI=0.01251 RMI=0.0125 R_total=0.0013 correct=0 tokens=17546
__main__:1150 [INFO]     [g0][r4/8] adapter=2 R_exec=0.0000 true_MI=0.01219 RMI=0.0122 R_total=0.0012 correct=0 tokens=18689
__main__:1150 [INFO]     [g0][r5/8] adapter=3 R_exec=0.0000 true_MI=0.01267 RMI=0.0127 R_total=0.0013 correct=0 tokens=15801
__main__:1150 [INFO]     [g0][r6/8] adapter=4 R_exec=0.0000 true_MI=0.01154 RMI=0.0115 R_total=0.0012 correct=0 tokens=19344
__main__:1150 [INFO]     [g0][r7/8] adapter=0 R_exec=0.0000 true_MI=0.01292 RMI=0.0129 R_total=0.0013 correct=0 tokens=17571
__main__:1150 [INFO]     [g0][r8/8] adapter=1 R_exec=0.0000 true_MI=0.01371 RMI=0.0137 R_total=0.0014 correct=0 tokens=16472
__main__:1167 [INFO]   [g0] group true_MI: mean=0.01260 std=0.00062 max=0.01371 normalized=[1.02 0.99 0.99 0.97 1.01 0.92 1.03 1.09]
tinker_cookbook.utils.ml_log:143 [INFO] Wrote metrics to logs/aws/wave4/ahc039-ugttt/metrics.jsonl
tinker_cookbook.utils.ml_log:240 [INFO] Logging to: https://wandb.ai/kriaz-msee20seecs-nust/ugttt-rebuttal/runs/1r8hc8kt
tinker_cookbook.utils.ml_log:143 [INFO] Wrote metrics to logs/aws/wave4/ahc039-ugttt/metrics.jsonl
tinker_cookbook.utils.ml_log:240 [INFO] Logging to: https://wandb.ai/kriaz-msee20seecs-nust/ugttt-rebuttal/runs/1r8hc8kt
tinker_cookbook.utils.ml_log:143 [INFO] Wrote metrics to logs/aws/wave4/ahc039-ugttt/metrics.jsonl
tinker_cookbook.utils.ml_log:240 [INFO] Logging to: https://wandb.ai/kriaz-msee20seecs-nust/ugttt-rebuttal/runs/1r8hc8kt
tinker_cookbook.utils.ml_log:143 [INFO] Wrote metrics to logs/aws/wave4/ahc039-ugttt/metrics.jsonl
tinker_cookbook.utils.ml_log:240 [INFO] Logging to: https://wandb.ai/kriaz-msee20seecs-nust/ugttt-rebuttal/runs/1r8hc8kt
tinker_cookbook.utils.ml_log:143 [INFO] Wrote metrics to logs/aws/wave4/ahc039-ugttt/metrics.jsonl
tinker_cookbook.utils.ml_log:240 [INFO] Logging to: https://wandb.ai/kriaz-msee20seecs-nust/ugttt-rebuttal/runs/1r8hc8kt
tinker_cookbook.utils.ml_log:143 [INFO] Wrote metrics to logs/aws/wave4/ahc039-ugttt/metrics.jsonl
tinker_cookbook.utils.ml_log:240 [INFO] Logging to: https://wandb.ai/kriaz-msee20seecs-nust/ugttt-rebuttal/runs/1r8hc8kt
tinker_cookbook.utils.ml_log:143 [INFO] Wrote metrics to logs/aws/wave4/ahc039-ugttt/metrics.jsonl
tinker_cookbook.utils.ml_log:240 [INFO] Logging to: https://wandb.ai/kriaz-msee20seecs-nust/ugttt-rebuttal/runs/1r8hc8kt
tinker_cookbook.utils.ml_log:143 [INFO] Wrote metrics to logs/aws/wave4/ahc039-ugttt/metrics.jsonl
tinker_cookbook.utils.ml_log:240 [INFO] Logging to: https://wandb.ai/kriaz-msee20seecs-nust/ugttt-rebuttal/runs/1r8hc8kt
__main__:1949 [INFO]   [3][1/8] KEPT | R_exec=0.0119 (max=0.0949) RMI=0.0126 R_total=0.0131 | 2944.2s | GPU: 18.8/19.7GB
tinker_cookbook.utils.ml_log:143 [INFO] Wrote metrics to logs/aws/wave4/ahc039-ugttt/metrics.jsonl
tinker_cookbook.utils.ml_log:240 [INFO] Logging to: https://wandb.ai/kriaz-msee20seecs-nust/ugttt-rebuttal/runs/1r8hc8kt
tinker_cookbook.rl.ensemble:1082 [INFO]   generate_batch_multi_adapter_two_phase: N=8 phase1_max=26000 streaming_mi=False kv_q=False
tinker_cookbook.rl.ensemble:1270 [INFO]     [gen/p1] step=2048/21904 active=7/8 mi_stopped=0
tinker_cookbook.rl.ensemble:1270 [INFO]     [gen/p1] step=4096/21904 active=6/8 mi_stopped=0
tinker_cookbook.rl.ensemble:1270 [INFO]     [gen/p1] step=6144/21904 active=5/8 mi_stopped=0
tinker_cookbook.rl.ensemble:1270 [INFO]     [gen/p1] step=8192/21904 active=5/8 mi_stopped=0
tinker_cookbook.rl.ensemble:1270 [INFO]     [gen/p1] step=10240/21904 active=5/8 mi_stopped=0
tinker_cookbook.rl.ensemble:1270 [INFO]     [gen/p1] step=12288/21904 active=5/8 mi_stopped=0
tinker_cookbook.rl.ensemble:1270 [INFO]     [gen/p1] step=14336/21904 active=3/8 mi_stopped=0
__main__:1078 [INFO]   Group 1: multi-adapter generation 8 seqs in 1997.4s
__main__:1096 [INFO]   Group 1: batched ensemble scoring in 58.3s
__main__:1108 [INFO]   Group 1: rewards computed in 141.4s
__main__:1150 [INFO]     [g1][r1/8] adapter=4 R_exec=0.0000 true_MI=0.01229 RMI=0.0123 R_total=0.0012 correct=0 tokens=15371
__main__:1150 [INFO]     [g1][r2/8] adapter=0 R_exec=0.9382 true_MI=0.01174 RMI=0.0117 R_total=0.9393 correct=1 tokens=4381
__main__:1150 [INFO]     [g1][r3/8] adapter=1 R_exec=1.2475 true_MI=0.01089 RMI=0.0109 R_total=1.2486 correct=1 tokens=15858
__main__:1150 [INFO]     [g1][r4/8] adapter=2 R_exec=0.0000 true_MI=0.01425 RMI=0.0142 R_total=0.0014 correct=0 tokens=1464
__main__:1150 [INFO]     [g1][r5/8] adapter=3 R_exec=0.0000 true_MI=0.01308 RMI=0.0131 R_total=0.0013 correct=0 tokens=2585
__main__:1150 [INFO]     [g1][r6/8] adapter=4 R_exec=1.2475 true_MI=0.01027 RMI=0.0103 R_total=1.2485 correct=1 tokens=15943
__main__:1150 [INFO]     [g1][r7/8] adapter=0 R_exec=0.0000 true_MI=0.01207 RMI=0.0121 R_total=0.0012 correct=0 tokens=12958
__main__:1150 [INFO]     [g1][r8/8] adapter=1 R_exec=0.0000 true_MI=0.01169 RMI=0.0117 R_total=0.0012 correct=0 tokens=12496
__main__:1167 [INFO]   [g1] group true_MI: mean=0.01203 std=0.00123 max=0.01425 normalized=[1.02 0.98 0.91 1.18 1.09 0.85 1.00 0.97]
tinker_cookbook.utils.ml_log:143 [INFO] Wrote metrics to logs/aws/wave4/ahc039-ugttt/metrics.jsonl
tinker_cookbook.utils.ml_log:240 [INFO] Logging to: https://wandb.ai/kriaz-msee20seecs-nust/ugttt-rebuttal/runs/1r8hc8kt
tinker_cookbook.utils.ml_log:143 [INFO] Wrote metrics to logs/aws/wave4/ahc039-ugttt/metrics.jsonl
tinker_cookbook.utils.ml_log:240 [INFO] Logging to: https://wandb.ai/kriaz-msee20seecs-nust/ugttt-rebuttal/runs/1r8hc8kt
tinker_cookbook.utils.ml_log:143 [INFO] Wrote metrics to logs/aws/wave4/ahc039-ugttt/metrics.jsonl
tinker_cookbook.utils.ml_log:240 [INFO] Logging to: https://wandb.ai/kriaz-msee20seecs-nust/ugttt-rebuttal/runs/1r8hc8kt
tinker_cookbook.utils.ml_log:143 [INFO] Wrote metrics to logs/aws/wave4/ahc039-ugttt/metrics.jsonl
tinker_cookbook.utils.ml_log:240 [INFO] Logging to: https://wandb.ai/kriaz-msee20seecs-nust/ugttt-rebuttal/runs/1r8hc8kt
tinker_cookbook.utils.ml_log:143 [INFO] Wrote metrics to logs/aws/wave4/ahc039-ugttt/metrics.jsonl
tinker_cookbook.utils.ml_log:240 [INFO] Logging to: https://wandb.ai/kriaz-msee20seecs-nust/ugttt-rebuttal/runs/1r8hc8kt
tinker_cookbook.utils.ml_log:143 [INFO] Wrote metrics to logs/aws/wave4/ahc039-ugttt/metrics.jsonl
tinker_cookbook.utils.ml_log:240 [INFO] Logging to: https://wandb.ai/kriaz-msee20seecs-nust/ugttt-rebuttal/runs/1r8hc8kt
tinker_cookbook.utils.ml_log:143 [INFO] Wrote metrics to logs/aws/wave4/ahc039-ugttt/metrics.jsonl
tinker_cookbook.utils.ml_log:240 [INFO] Logging to: https://wandb.ai/kriaz-msee20seecs-nust/ugttt-rebuttal/runs/1r8hc8kt
tinker_cookbook.utils.ml_log:143 [INFO] Wrote metrics to logs/aws/wave4/ahc039-ugttt/metrics.jsonl
tinker_cookbook.utils.ml_log:240 [INFO] Logging to: https://wandb.ai/kriaz-msee20seecs-nust/ugttt-rebuttal/runs/1r8hc8kt
__main__:1949 [INFO]   [3][2/8] KEPT | R_exec=0.4291 (max=1.2475) RMI=0.0120 R_total=0.4304 | 2138.9s | GPU: 18.8/19.6GB
tinker_cookbook.utils.ml_log:143 [INFO] Wrote metrics to logs/aws/wave4/ahc039-ugttt/metrics.jsonl
tinker_cookbook.utils.ml_log:240 [INFO] Logging to: https://wandb.ai/kriaz-msee20seecs-nust/ugttt-rebuttal/runs/1r8hc8kt
tinker_cookbook.rl.ensemble:1082 [INFO]   generate_batch_multi_adapter_two_phase: N=8 phase1_max=26000 streaming_mi=False kv_q=False
tinker_cookbook.rl.ensemble:1270 [INFO]     [gen/p1] step=2048/22683 active=8/8 mi_stopped=0
tinker_cookbook.rl.ensemble:1270 [INFO]     [gen/p1] step=4096/22683 active=8/8 mi_stopped=0
tinker_cookbook.rl.ensemble:1270 [INFO]     [gen/p1] step=6144/22683 active=8/8 mi_stopped=0
tinker_cookbook.rl.ensemble:1270 [INFO]     [gen/p1] step=8192/22683 active=8/8 mi_stopped=0
tinker_cookbook.rl.ensemble:1270 [INFO]     [gen/p1] step=10240/22683 active=8/8 mi_stopped=0
tinker_cookbook.rl.ensemble:1270 [INFO]     [gen/p1] step=12288/22683 active=8/8 mi_stopped=0
tinker_cookbook.rl.ensemble:1270 [INFO]     [gen/p1] step=14336/22683 active=8/8 mi_stopped=0
tinker_cookbook.rl.ensemble:1270 [INFO]     [gen/p1] step=16384/22683 active=7/8 mi_stopped=0
tinker_cookbook.rl.ensemble:1270 [INFO]     [gen/p1] step=18432/22683 active=5/8 mi_stopped=0
tinker_cookbook.rl.ensemble:1270 [INFO]     [gen/p1] step=20480/22683 active=1/8 mi_stopped=0
__main__:1078 [INFO]   Group 2: multi-adapter generation 8 seqs in 2880.4s
__main__:1096 [INFO]   Group 2: batched ensemble scoring in 92.5s
__main__:1108 [INFO]   Group 2: rewards computed in 122.6s
__main__:1150 [INFO]     [g2][r1/8] adapter=4 R_exec=1.2652 true_MI=0.01142 RMI=0.0114 R_total=1.2664 correct=1 tokens=20878
__main__:1150 [INFO]     [g2][r2/8] adapter=0 R_exec=1.2530 true_MI=0.01337 RMI=0.0134 R_total=1.2543 correct=1 tokens=17152
__main__:1150 [INFO]     [g2][r3/8] adapter=1 R_exec=0.0000 true_MI=0.01310 RMI=0.0131 R_total=0.0013 correct=0 tokens=18436
__main__:1150 [INFO]     [g2][r4/8] adapter=2 R_exec=1.2475 true_MI=0.01320 RMI=0.0132 R_total=1.2488 correct=1 tokens=16729
__main__:1150 [INFO]     [g2][r5/8] adapter=3 R_exec=1.2530 true_MI=0.01205 RMI=0.0121 R_total=1.2542 correct=1 tokens=14984
__main__:1150 [INFO]     [g2][r6/8] adapter=4 R_exec=0.0000 true_MI=0.01195 RMI=0.0120 R_total=0.0012 correct=0 tokens=18995
__main__:1150 [INFO]     [g2][r7/8] adapter=0 R_exec=1.2530 true_MI=0.01148 RMI=0.0115 R_total=1.2541 correct=1 tokens=19248
__main__:1150 [INFO]     [g2][r8/8] adapter=1 R_exec=0.0000 true_MI=0.01308 RMI=0.0131 R_total=0.0013 correct=0 tokens=20098
__main__:1167 [INFO]   [g2] group true_MI: mean=0.01246 std=0.00081 max=0.01337 normalized=[0.92 1.07 1.05 1.06 0.97 0.96 0.92 1.05]
tinker_cookbook.utils.ml_log:143 [INFO] Wrote metrics to logs/aws/wave4/ahc039-ugttt/metrics.jsonl
tinker_cookbook.utils.ml_log:240 [INFO] Logging to: https://wandb.ai/kriaz-msee20seecs-nust/ugttt-rebuttal/runs/1r8hc8kt
tinker_cookbook.utils.ml_log:143 [INFO] Wrote metrics to logs/aws/wave4/ahc039-ugttt/metrics.jsonl
tinker_cookbook.utils.ml_log:240 [INFO] Logging to: https://wandb.ai/kriaz-msee20seecs-nust/ugttt-rebuttal/runs/1r8hc8kt
tinker_cookbook.utils.ml_log:143 [INFO] Wrote metrics to logs/aws/wave4/ahc039-ugttt/metrics.jsonl
tinker_cookbook.utils.ml_log:240 [INFO] Logging to: https://wandb.ai/kriaz-msee20seecs-nust/ugttt-rebuttal/runs/1r8hc8kt
tinker_cookbook.utils.ml_log:143 [INFO] Wrote metrics to logs/aws/wave4/ahc039-ugttt/metrics.jsonl
tinker_cookbook.utils.ml_log:240 [INFO] Logging to: https://wandb.ai/kriaz-msee20seecs-nust/ugttt-rebuttal/runs/1r8hc8kt
tinker_cookbook.utils.ml_log:143 [INFO] Wrote metrics to logs/aws/wave4/ahc039-ugttt/metrics.jsonl
tinker_cookbook.utils.ml_log:240 [INFO] Logging to: https://wandb.ai/kriaz-msee20seecs-nust/ugttt-rebuttal/runs/1r8hc8kt
tinker_cookbook.utils.ml_log:143 [INFO] Wrote metrics to logs/aws/wave4/ahc039-ugttt/metrics.jsonl
tinker_cookbook.utils.ml_log:240 [INFO] Logging to: https://wandb.ai/kriaz-msee20seecs-nust/ugttt-rebuttal/runs/1r8hc8kt
tinker_cookbook.utils.ml_log:143 [INFO] Wrote metrics to logs/aws/wave4/ahc039-ugttt/metrics.jsonl
tinker_cookbook.utils.ml_log:240 [INFO] Logging to: https://wandb.ai/kriaz-msee20seecs-nust/ugttt-rebuttal/runs/1r8hc8kt
tinker_cookbook.utils.ml_log:143 [INFO] Wrote metrics to logs/aws/wave4/ahc039-ugttt/metrics.jsonl
tinker_cookbook.utils.ml_log:240 [INFO] Logging to: https://wandb.ai/kriaz-msee20seecs-nust/ugttt-rebuttal/runs/1r8hc8kt
__main__:1949 [INFO]   [3][3/8] KEPT | R_exec=0.7840 (max=1.2652) RMI=0.0125 R_total=0.7852 | 3003.0s | GPU: 18.8/19.8GB
tinker_cookbook.utils.ml_log:143 [INFO] Wrote metrics to logs/aws/wave4/ahc039-ugttt/metrics.jsonl
tinker_cookbook.utils.ml_log:240 [INFO] Logging to: https://wandb.ai/kriaz-msee20seecs-nust/ugttt-rebuttal/runs/1r8hc8kt
tinker_cookbook.rl.ensemble:1082 [INFO]   generate_batch_multi_adapter_two_phase: N=8 phase1_max=26000 streaming_mi=False kv_q=False
tinker_cookbook.rl.ensemble:1270 [INFO]     [gen/p1] step=2048/22210 active=8/8 mi_stopped=0
tinker_cookbook.rl.ensemble:1270 [INFO]     [gen/p1] step=4096/22210 active=8/8 mi_stopped=0
tinker_cookbook.rl.ensemble:1270 [INFO]     [gen/p1] step=6144/22210 active=8/8 mi_stopped=0
tinker_cookbook.rl.ensemble:1270 [INFO]     [gen/p1] step=8192/22210 active=8/8 mi_stopped=0
tinker_cookbook.rl.ensemble:1270 [INFO]     [gen/p1] step=10240/22210 active=8/8 mi_stopped=0
tinker_cookbook.rl.ensemble:1270 [INFO]     [gen/p1] step=12288/22210 active=8/8 mi_stopped=0
tinker_cookbook.rl.ensemble:1270 [INFO]     [gen/p1] step=14336/22210 active=8/8 mi_stopped=0
tinker_cookbook.rl.ensemble:1270 [INFO]     [gen/p1] step=16384/22210 active=6/8 mi_stopped=0
tinker_cookbook.rl.ensemble:1270 [INFO]     [gen/p1] step=18432/22210 active=5/8 mi_stopped=0
__main__:1078 [INFO]   Group 3: multi-adapter generation 8 seqs in 2810.0s
__main__:1096 [INFO]   Group 3: batched ensemble scoring in 94.5s
__main__:1108 [INFO]   Group 3: rewards computed in 263.5s
__main__:1150 [INFO]     [g3][r1/8] adapter=4 R_exec=0.0000 true_MI=0.01222 RMI=0.0122 R_total=0.0012 correct=0 tokens=17391
__main__:1150 [INFO]     [g3][r2/8] adapter=0 R_exec=1.2362 true_MI=0.01246 RMI=0.0125 R_total=1.2375 correct=1 tokens=18882
__main__:1150 [INFO]     [g3][r3/8] adapter=1 R_exec=1.2361 true_MI=0.01267 RMI=0.0127 R_total=1.2374 correct=1 tokens=15501
__main__:1150 [INFO]     [g3][r4/8] adapter=2 R_exec=0.0000 true_MI=0.01250 RMI=0.0125 R_total=0.0013 correct=0 tokens=19175
__main__:1150 [INFO]     [g3][r5/8] adapter=3 R_exec=0.0000 true_MI=0.01413 RMI=0.0141 R_total=0.0014 correct=0 tokens=20131
__main__:1150 [INFO]     [g3][r6/8] adapter=4 R_exec=1.2361 true_MI=0.01323 RMI=0.0132 R_total=1.2374 correct=1 tokens=15317
__main__:1150 [INFO]     [g3][r7/8] adapter=0 R_exec=1.2532 true_MI=0.01247 RMI=0.0125 R_total=1.2544 correct=1 tokens=19264
__main__:1150 [INFO]     [g3][r8/8] adapter=1 R_exec=1.0169 true_MI=0.01256 RMI=0.0126 R_total=1.0181 correct=1 tokens=20270
__main__:1167 [INFO]   [g3] group true_MI: mean=0.01278 std=0.00062 max=0.01413 normalized=[0.96 0.98 0.99 0.98 1.11 1.04 0.98 0.98]
tinker_cookbook.utils.ml_log:143 [INFO] Wrote metrics to logs/aws/wave4/ahc039-ugttt/metrics.jsonl
tinker_cookbook.utils.ml_log:240 [INFO] Logging to: https://wandb.ai/kriaz-msee20seecs-nust/ugttt-rebuttal/runs/1r8hc8kt
tinker_cookbook.utils.ml_log:143 [INFO] Wrote metrics to logs/aws/wave4/ahc039-ugttt/metrics.jsonl
tinker_cookbook.utils.ml_log:240 [INFO] Logging to: https://wandb.ai/kriaz-msee20seecs-nust/ugttt-rebuttal/runs/1r8hc8kt
tinker_cookbook.utils.ml_log:143 [INFO] Wrote metrics to logs/aws/wave4/ahc039-ugttt/metrics.jsonl
tinker_cookbook.utils.ml_log:240 [INFO] Logging to: https://wandb.ai/kriaz-msee20seecs-nust/ugttt-rebuttal/runs/1r8hc8kt
tinker_cookbook.utils.ml_log:143 [INFO] Wrote metrics to logs/aws/wave4/ahc039-ugttt/metrics.jsonl
tinker_cookbook.utils.ml_log:240 [INFO] Logging to: https://wandb.ai/kriaz-msee20seecs-nust/ugttt-rebuttal/runs/1r8hc8kt
tinker_cookbook.utils.ml_log:143 [INFO] Wrote metrics to logs/aws/wave4/ahc039-ugttt/metrics.jsonl
tinker_cookbook.utils.ml_log:240 [INFO] Logging to: https://wandb.ai/kriaz-msee20seecs-nust/ugttt-rebuttal/runs/1r8hc8kt
tinker_cookbook.utils.ml_log:143 [INFO] Wrote metrics to logs/aws/wave4/ahc039-ugttt/metrics.jsonl
tinker_cookbook.utils.ml_log:240 [INFO] Logging to: https://wandb.ai/kriaz-msee20seecs-nust/ugttt-rebuttal/runs/1r8hc8kt
tinker_cookbook.utils.ml_log:143 [INFO] Wrote metrics to logs/aws/wave4/ahc039-ugttt/metrics.jsonl
tinker_cookbook.utils.ml_log:240 [INFO] Logging to: https://wandb.ai/kriaz-msee20seecs-nust/ugttt-rebuttal/runs/1r8hc8kt
tinker_cookbook.utils.ml_log:143 [INFO] Wrote metrics to logs/aws/wave4/ahc039-ugttt/metrics.jsonl
tinker_cookbook.utils.ml_log:240 [INFO] Logging to: https://wandb.ai/kriaz-msee20seecs-nust/ugttt-rebuttal/runs/1r8hc8kt
__main__:1949 [INFO]   [3][4/8] KEPT | R_exec=0.7473 (max=1.2532) RMI=0.0128 R_total=0.7486 | 3073.6s | GPU: 18.8/19.9GB
tinker_cookbook.utils.ml_log:143 [INFO] Wrote metrics to logs/aws/wave4/ahc039-ugttt/metrics.jsonl
tinker_cookbook.utils.ml_log:240 [INFO] Logging to: https://wandb.ai/kriaz-msee20seecs-nust/ugttt-rebuttal/runs/1r8hc8kt
tinker_cookbook.rl.ensemble:1082 [INFO]   generate_batch_multi_adapter_two_phase: N=8 phase1_max=26000 streaming_mi=False kv_q=False
tinker_cookbook.rl.ensemble:1270 [INFO]     [gen/p1] step=2048/22560 active=8/8 mi_stopped=0
tinker_cookbook.rl.ensemble:1270 [INFO]     [gen/p1] step=4096/22560 active=8/8 mi_stopped=0
tinker_cookbook.rl.ensemble:1270 [INFO]     [gen/p1] step=6144/22560 active=8/8 mi_stopped=0
tinker_cookbook.rl.ensemble:1270 [INFO]     [gen/p1] step=8192/22560 active=8/8 mi_stopped=0
tinker_cookbook.rl.ensemble:1270 [INFO]     [gen/p1] step=10240/22560 active=8/8 mi_stopped=0
tinker_cookbook.rl.ensemble:1270 [INFO]     [gen/p1] step=12288/22560 active=8/8 mi_stopped=0
tinker_cookbook.rl.ensemble:1270 [INFO]     [gen/p1] step=14336/22560 active=8/8 mi_stopped=0
tinker_cookbook.rl.ensemble:1270 [INFO]     [gen/p1] step=16384/22560 active=5/8 mi_stopped=0
tinker_cookbook.rl.ensemble:1270 [INFO]     [gen/p1] step=18432/22560 active=2/8 mi_stopped=0
__main__:1078 [INFO]   Group 4: multi-adapter generation 8 seqs in 2540.4s
__main__:1096 [INFO]   Group 4: batched ensemble scoring in 87.5s
__main__:1108 [INFO]   Group 4: rewards computed in 584.2s
__main__:1150 [INFO]     [g4][r1/8] adapter=4 R_exec=0.0000 true_MI=0.01290 RMI=0.0129 R_total=0.0013 correct=0 tokens=16347
__main__:1150 [INFO]     [g4][r2/8] adapter=0 R_exec=1.1898 true_MI=0.01251 RMI=0.0125 R_total=1.1911 correct=1 tokens=16812
__main__:1150 [INFO]     [g4][r3/8] adapter=1 R_exec=0.0000 true_MI=0.01146 RMI=0.0115 R_total=0.0011 correct=0 tokens=17512
__main__:1150 [INFO]     [g4][r4/8] adapter=2 R_exec=0.0000 true_MI=0.01133 RMI=0.0113 R_total=0.0011 correct=0 tokens=18618
__main__:1150 [INFO]     [g4][r5/8] adapter=3 R_exec=0.0000 true_MI=0.01258 RMI=0.0126 R_total=0.0013 correct=0 tokens=19143
__main__:1150 [INFO]     [g4][r6/8] adapter=4 R_exec=0.0000 true_MI=0.01150 RMI=0.0115 R_total=0.0011 correct=0 tokens=18421
__main__:1150 [INFO]     [g4][r7/8] adapter=0 R_exec=1.1898 true_MI=0.01299 RMI=0.0130 R_total=1.1911 correct=1 tokens=15244
__main__:1150 [INFO]     [g4][r8/8] adapter=1 R_exec=1.1898 true_MI=0.01378 RMI=0.0138 R_total=1.1912 correct=1 tokens=15648
__main__:1167 [INFO]   [g4] group true_MI: mean=0.01238 std=0.00088 max=0.01378 normalized=[1.04 1.01 0.93 0.91 1.02 0.93 1.05 1.11]
tinker_cookbook.utils.ml_log:143 [INFO] Wrote metrics to logs/aws/wave4/ahc039-ugttt/metrics.jsonl
tinker_cookbook.utils.ml_log:240 [INFO] Logging to: https://wandb.ai/kriaz-msee20seecs-nust/ugttt-rebuttal/runs/1r8hc8kt
tinker_cookbook.utils.ml_log:143 [INFO] Wrote metrics to logs/aws/wave4/ahc039-ugttt/metrics.jsonl
tinker_cookbook.utils.ml_log:240 [INFO] Logging to: https://wandb.ai/kriaz-msee20seecs-nust/ugttt-rebuttal/runs/1r8hc8kt
tinker_cookbook.utils.ml_log:143 [INFO] Wrote metrics to logs/aws/wave4/ahc039-ugttt/metrics.jsonl
tinker_cookbook.utils.ml_log:240 [INFO] Logging to: https://wandb.ai/kriaz-msee20seecs-nust/ugttt-rebuttal/runs/1r8hc8kt
tinker_cookbook.utils.ml_log:143 [INFO] Wrote metrics to logs/aws/wave4/ahc039-ugttt/metrics.jsonl
tinker_cookbook.utils.ml_log:240 [INFO] Logging to: https://wandb.ai/kriaz-msee20seecs-nust/ugttt-rebuttal/runs/1r8hc8kt
tinker_cookbook.utils.ml_log:143 [INFO] Wrote metrics to logs/aws/wave4/ahc039-ugttt/metrics.jsonl
tinker_cookbook.utils.ml_log:240 [INFO] Logging to: https://wandb.ai/kriaz-msee20seecs-nust/ugttt-rebuttal/runs/1r8hc8kt
tinker_cookbook.utils.ml_log:143 [INFO] Wrote metrics to logs/aws/wave4/ahc039-ugttt/metrics.jsonl
tinker_cookbook.utils.ml_log:240 [INFO] Logging to: https://wandb.ai/kriaz-msee20seecs-nust/ugttt-rebuttal/runs/1r8hc8kt
tinker_cookbook.utils.ml_log:143 [INFO] Wrote metrics to logs/aws/wave4/ahc039-ugttt/metrics.jsonl
tinker_cookbook.utils.ml_log:240 [INFO] Logging to: https://wandb.ai/kriaz-msee20seecs-nust/ugttt-rebuttal/runs/1r8hc8kt
tinker_cookbook.utils.ml_log:143 [INFO] Wrote metrics to logs/aws/wave4/ahc039-ugttt/metrics.jsonl
tinker_cookbook.utils.ml_log:240 [INFO] Logging to: https://wandb.ai/kriaz-msee20seecs-nust/ugttt-rebuttal/runs/1r8hc8kt
__main__:1949 [INFO]   [3][5/8] KEPT | R_exec=0.4462 (max=1.1898) RMI=0.0124 R_total=0.4474 | 3124.6s | GPU: 18.8/19.7GB
tinker_cookbook.utils.ml_log:143 [INFO] Wrote metrics to logs/aws/wave4/ahc039-ugttt/metrics.jsonl
tinker_cookbook.utils.ml_log:240 [INFO] Logging to: https://wandb.ai/kriaz-msee20seecs-nust/ugttt-rebuttal/runs/1r8hc8kt
tinker_cookbook.rl.ensemble:1082 [INFO]   generate_batch_multi_adapter_two_phase: N=8 phase1_max=26000 streaming_mi=False kv_q=False
tinker_cookbook.rl.ensemble:1270 [INFO]     [gen/p1] step=2048/21904 active=7/8 mi_stopped=0
tinker_cookbook.rl.ensemble:1270 [INFO]     [gen/p1] step=4096/21904 active=4/8 mi_stopped=0
tinker_cookbook.rl.ensemble:1270 [INFO]     [gen/p1] step=6144/21904 active=4/8 mi_stopped=0
tinker_cookbook.rl.ensemble:1270 [INFO]     [gen/p1] step=8192/21904 active=4/8 mi_stopped=0
tinker_cookbook.rl.ensemble:1270 [INFO]     [gen/p1] step=10240/21904 active=3/8 mi_stopped=0
tinker_cookbook.rl.ensemble:1270 [INFO]     [gen/p1] step=12288/21904 active=3/8 mi_stopped=0
tinker_cookbook.rl.ensemble:1270 [INFO]     [gen/p1] step=14336/21904 active=3/8 mi_stopped=0
tinker_cookbook.rl.ensemble:1270 [INFO]     [gen/p1] step=16384/21904 active=1/8 mi_stopped=0
tinker_cookbook.rl.ensemble:1270 [INFO]     [gen/p1] step=18432/21904 active=1/8 mi_stopped=0
tinker_cookbook.rl.ensemble:1270 [INFO]     [gen/p1] step=20480/21904 active=1/8 mi_stopped=0
__main__:1078 [INFO]   Group 5: multi-adapter generation 8 seqs in 3076.8s
__main__:1096 [INFO]   Group 5: batched ensemble scoring in 54.8s
__main__:1108 [INFO]   Group 5: rewards computed in 181.9s
__main__:1150 [INFO]     [g5][r1/8] adapter=4 R_exec=0.0000 true_MI=0.01062 RMI=0.0106 R_total=0.0011 correct=0 tokens=14616
__main__:1150 [INFO]     [g5][r2/8] adapter=0 R_exec=0.0000 true_MI=0.01389 RMI=0.0139 R_total=0.0014 correct=0 tokens=2901
__main__:1150 [INFO]     [g5][r3/8] adapter=1 R_exec=1.0169 true_MI=0.01233 RMI=0.0123 R_total=1.0181 correct=1 tokens=21423
__main__:1150 [INFO]     [g5][r4/8] adapter=2 R_exec=0.0000 true_MI=0.01470 RMI=0.0147 R_total=0.0015 correct=0 tokens=1938
__main__:1150 [INFO]     [g5][r5/8] adapter=3 R_exec=1.0169 true_MI=0.01409 RMI=0.0141 R_total=1.0183 correct=1 tokens=2651
__main__:1150 [INFO]     [g5][r6/8] adapter=4 R_exec=1.0165 true_MI=0.01131 RMI=0.0113 R_total=1.0176 correct=1 tokens=16127
__main__:1150 [INFO]     [g5][r7/8] adapter=0 R_exec=1.0169 true_MI=0.01128 RMI=0.0113 R_total=1.0180 correct=1 tokens=3819
__main__:1150 [INFO]     [g5][r8/8] adapter=1 R_exec=1.0169 true_MI=0.01172 RMI=0.0117 R_total=1.0180 correct=1 tokens=10233
__main__:1167 [INFO]   [g5] group true_MI: mean=0.01249 std=0.00153 max=0.01470 normalized=[0.85 1.11 0.99 1.18 1.13 0.91 0.90 0.94]
tinker_cookbook.utils.ml_log:143 [INFO] Wrote metrics to logs/aws/wave4/ahc039-ugttt/metrics.jsonl
tinker_cookbook.utils.ml_log:240 [INFO] Logging to: https://wandb.ai/kriaz-msee20seecs-nust/ugttt-rebuttal/runs/1r8hc8kt
tinker_cookbook.utils.ml_log:143 [INFO] Wrote metrics to logs/aws/wave4/ahc039-ugttt/metrics.jsonl
tinker_cookbook.utils.ml_log:240 [INFO] Logging to: https://wandb.ai/kriaz-msee20seecs-nust/ugttt-rebuttal/runs/1r8hc8kt
tinker_cookbook.utils.ml_log:143 [INFO] Wrote metrics to logs/aws/wave4/ahc039-ugttt/metrics.jsonl
tinker_cookbook.utils.ml_log:240 [INFO] Logging to: https://wandb.ai/kriaz-msee20seecs-nust/ugttt-rebuttal/runs/1r8hc8kt
tinker_cookbook.utils.ml_log:143 [INFO] Wrote metrics to logs/aws/wave4/ahc039-ugttt/metrics.jsonl
tinker_cookbook.utils.ml_log:240 [INFO] Logging to: https://wandb.ai/kriaz-msee20seecs-nust/ugttt-rebuttal/runs/1r8hc8kt
tinker_cookbook.utils.ml_log:143 [INFO] Wrote metrics to logs/aws/wave4/ahc039-ugttt/metrics.jsonl
tinker_cookbook.utils.ml_log:240 [INFO] Logging to: https://wandb.ai/kriaz-msee20seecs-nust/ugttt-rebuttal/runs/1r8hc8kt
tinker_cookbook.utils.ml_log:143 [INFO] Wrote metrics to logs/aws/wave4/ahc039-ugttt/metrics.jsonl
tinker_cookbook.utils.ml_log:240 [INFO] Logging to: https://wandb.ai/kriaz-msee20seecs-nust/ugttt-rebuttal/runs/1r8hc8kt
tinker_cookbook.utils.ml_log:143 [INFO] Wrote metrics to logs/aws/wave4/ahc039-ugttt/metrics.jsonl
tinker_cookbook.utils.ml_log:240 [INFO] Logging to: https://wandb.ai/kriaz-msee20seecs-nust/ugttt-rebuttal/runs/1r8hc8kt
tinker_cookbook.utils.ml_log:143 [INFO] Wrote metrics to logs/aws/wave4/ahc039-ugttt/metrics.jsonl
tinker_cookbook.utils.ml_log:240 [INFO] Logging to: https://wandb.ai/kriaz-msee20seecs-nust/ugttt-rebuttal/runs/1r8hc8kt
__main__:1949 [INFO]   [3][6/8] KEPT | R_exec=0.6355 (max=1.0169) RMI=0.0125 R_total=0.6367 | 3258.7s | GPU: 18.8/19.5GB
tinker_cookbook.utils.ml_log:143 [INFO] Wrote metrics to logs/aws/wave4/ahc039-ugttt/metrics.jsonl
tinker_cookbook.utils.ml_log:240 [INFO] Logging to: https://wandb.ai/kriaz-msee20seecs-nust/ugttt-rebuttal/runs/1r8hc8kt
tinker_cookbook.rl.ensemble:1082 [INFO]   generate_batch_multi_adapter_two_phase: N=8 phase1_max=26000 streaming_mi=False kv_q=False
tinker_cookbook.rl.ensemble:1270 [INFO]     [gen/p1] step=2048/23421 active=8/8 mi_stopped=0
tinker_cookbook.rl.ensemble:1270 [INFO]     [gen/p1] step=4096/23421 active=8/8 mi_stopped=0
tinker_cookbook.rl.ensemble:1270 [INFO]     [gen/p1] step=6144/23421 active=8/8 mi_stopped=0
tinker_cookbook.rl.ensemble:1270 [INFO]     [gen/p1] step=8192/23421 active=8/8 mi_stopped=0
tinker_cookbook.rl.ensemble:1270 [INFO]     [gen/p1] step=10240/23421 active=8/8 mi_stopped=0
tinker_cookbook.rl.ensemble:1270 [INFO]     [gen/p1] step=12288/23421 active=8/8 mi_stopped=0
tinker_cookbook.rl.ensemble:1270 [INFO]     [gen/p1] step=14336/23421 active=8/8 mi_stopped=0
tinker_cookbook.rl.ensemble:1270 [INFO]     [gen/p1] step=16384/23421 active=6/8 mi_stopped=0
tinker_cookbook.rl.ensemble:1270 [INFO]     [gen/p1] step=18432/23421 active=2/8 mi_stopped=0
tinker_cookbook.rl.ensemble:1270 [INFO]     [gen/p1] step=20480/23421 active=1/8 mi_stopped=0
tinker_cookbook.rl.ensemble:1270 [INFO]     [gen/p1] step=22528/23421 active=1/8 mi_stopped=0
__main__:1078 [INFO]   Group 6: multi-adapter generation 8 seqs in 3322.3s
__main__:1096 [INFO]   Group 6: batched ensemble scoring in 85.9s
__main__:1108 [INFO]   Group 6: rewards computed in 286.7s
__main__:1150 [INFO]     [g6][r1/8] adapter=4 R_exec=1.1893 true_MI=0.01323 RMI=0.0132 R_total=1.1906 correct=1 tokens=16106
__main__:1150 [INFO]     [g6][r2/8] adapter=0 R_exec=1.1893 true_MI=0.01243 RMI=0.0124 R_total=1.1905 correct=1 tokens=15678
__main__:1150 [INFO]     [g6][r3/8] adapter=1 R_exec=0.0000 true_MI=0.01235 RMI=0.0123 R_total=0.0012 correct=0 tokens=16976
__main__:1150 [INFO]     [g6][r4/8] adapter=2 R_exec=0.9108 true_MI=0.01269 RMI=0.0127 R_total=0.9120 correct=1 tokens=16999
__main__:1150 [INFO]     [g6][r5/8] adapter=3 R_exec=1.0169 true_MI=0.01068 RMI=0.0107 R_total=1.0179 correct=1 tokens=23379
__main__:1150 [INFO]     [g6][r6/8] adapter=4 R_exec=1.0169 true_MI=0.01165 RMI=0.0117 R_total=1.0180 correct=1 tokens=18487
__main__:1150 [INFO]     [g6][r7/8] adapter=0 R_exec=1.1893 true_MI=0.01259 RMI=0.0126 R_total=1.1905 correct=1 tokens=17156
__main__:1150 [INFO]     [g6][r8/8] adapter=1 R_exec=0.0000 true_MI=0.01374 RMI=0.0137 R_total=0.0014 correct=0 tokens=17035
__main__:1167 [INFO]   [g6] group true_MI: mean=0.01242 std=0.00094 max=0.01374 normalized=[1.07 1.00 0.99 1.02 0.86 0.94 1.01 1.11]
tinker_cookbook.utils.ml_log:143 [INFO] Wrote metrics to logs/aws/wave4/ahc039-ugttt/metrics.jsonl
tinker_cookbook.utils.ml_log:240 [INFO] Logging to: https://wandb.ai/kriaz-msee20seecs-nust/ugttt-rebuttal/runs/1r8hc8kt
tinker_cookbook.utils.ml_log:143 [INFO] Wrote metrics to logs/aws/wave4/ahc039-ugttt/metrics.jsonl
tinker_cookbook.utils.ml_log:240 [INFO] Logging to: https://wandb.ai/kriaz-msee20seecs-nust/ugttt-rebuttal/runs/1r8hc8kt
tinker_cookbook.utils.ml_log:143 [INFO] Wrote metrics to logs/aws/wave4/ahc039-ugttt/metrics.jsonl
tinker_cookbook.utils.ml_log:240 [INFO] Logging to: https://wandb.ai/kriaz-msee20seecs-nust/ugttt-rebuttal/runs/1r8hc8kt
tinker_cookbook.utils.ml_log:143 [INFO] Wrote metrics to logs/aws/wave4/ahc039-ugttt/metrics.jsonl
tinker_cookbook.utils.ml_log:240 [INFO] Logging to: https://wandb.ai/kriaz-msee20seecs-nust/ugttt-rebuttal/runs/1r8hc8kt
tinker_cookbook.utils.ml_log:143 [INFO] Wrote metrics to logs/aws/wave4/ahc039-ugttt/metrics.jsonl
tinker_cookbook.utils.ml_log:240 [INFO] Logging to: https://wandb.ai/kriaz-msee20seecs-nust/ugttt-rebuttal/runs/1r8hc8kt
tinker_cookbook.utils.ml_log:143 [INFO] Wrote metrics to logs/aws/wave4/ahc039-ugttt/metrics.jsonl
tinker_cookbook.utils.ml_log:240 [INFO] Logging to: https://wandb.ai/kriaz-msee20seecs-nust/ugttt-rebuttal/runs/1r8hc8kt
tinker_cookbook.utils.ml_log:143 [INFO] Wrote metrics to logs/aws/wave4/ahc039-ugttt/metrics.jsonl
tinker_cookbook.utils.ml_log:240 [INFO] Logging to: https://wandb.ai/kriaz-msee20seecs-nust/ugttt-rebuttal/runs/1r8hc8kt
tinker_cookbook.utils.ml_log:143 [INFO] Wrote metrics to logs/aws/wave4/ahc039-ugttt/metrics.jsonl
tinker_cookbook.utils.ml_log:240 [INFO] Logging to: https://wandb.ai/kriaz-msee20seecs-nust/ugttt-rebuttal/runs/1r8hc8kt
__main__:1949 [INFO]   [3][7/8] KEPT | R_exec=0.8140 (max=1.1893) RMI=0.0124 R_total=0.8153 | 3609.0s | GPU: 18.8/19.7GB
tinker_cookbook.utils.ml_log:143 [INFO] Wrote metrics to logs/aws/wave4/ahc039-ugttt/metrics.jsonl
tinker_cookbook.utils.ml_log:240 [INFO] Logging to: https://wandb.ai/kriaz-msee20seecs-nust/ugttt-rebuttal/runs/1r8hc8kt
tinker_cookbook.rl.ensemble:1082 [INFO]   generate_batch_multi_adapter_two_phase: N=8 phase1_max=26000 streaming_mi=False kv_q=False
tinker_cookbook.rl.ensemble:1270 [INFO]     [gen/p1] step=2048/23372 active=8/8 mi_stopped=0
tinker_cookbook.rl.ensemble:1270 [INFO]     [gen/p1] step=4096/23372 active=8/8 mi_stopped=0
tinker_cookbook.rl.ensemble:1270 [INFO]     [gen/p1] step=6144/23372 active=8/8 mi_stopped=0
tinker_cookbook.rl.ensemble:1270 [INFO]     [gen/p1] step=8192/23372 active=8/8 mi_stopped=0
tinker_cookbook.rl.ensemble:1270 [INFO]     [gen/p1] step=10240/23372 active=8/8 mi_stopped=0
tinker_cookbook.rl.ensemble:1270 [INFO]     [gen/p1] step=12288/23372 active=8/8 mi_stopped=0
tinker_cookbook.rl.ensemble:1270 [INFO]     [gen/p1] step=14336/23372 active=8/8 mi_stopped=0
tinker_cookbook.rl.ensemble:1270 [INFO]     [gen/p1] step=16384/23372 active=6/8 mi_stopped=0
tinker_cookbook.rl.ensemble:1270 [INFO]     [gen/p1] step=18432/23372 active=4/8 mi_stopped=0
tinker_cookbook.rl.ensemble:1270 [INFO]     [gen/p1] step=20480/23372 active=2/8 mi_stopped=0
__main__:1078 [INFO]   Group 7: multi-adapter generation 8 seqs in 2912.8s
__main__:1096 [INFO]   Group 7: batched ensemble scoring in 89.0s
__main__:1108 [INFO]   Group 7: rewards computed in 556.1s
__main__:1150 [INFO]     [g7][r1/8] adapter=4 R_exec=1.1893 true_MI=0.01365 RMI=0.0137 R_total=1.1907 correct=1 tokens=19224
__main__:1150 [INFO]     [g7][r2/8] adapter=0 R_exec=1.1893 true_MI=0.01254 RMI=0.0125 R_total=1.1905 correct=1 tokens=20633
__main__:1150 [INFO]     [g7][r3/8] adapter=1 R_exec=0.0000 true_MI=0.01353 RMI=0.0135 R_total=0.0014 correct=0 tokens=21452
__main__:1150 [INFO]     [g7][r4/8] adapter=2 R_exec=1.1893 true_MI=0.01311 RMI=0.0131 R_total=1.1906 correct=1 tokens=14536
__main__:1150 [INFO]     [g7][r5/8] adapter=3 R_exec=0.0000 true_MI=0.01303 RMI=0.0130 R_total=0.0013 correct=0 tokens=15289
__main__:1150 [INFO]     [g7][r6/8] adapter=4 R_exec=0.0000 true_MI=0.01225 RMI=0.0123 R_total=0.0012 correct=0 tokens=19153
__main__:1150 [INFO]     [g7][r7/8] adapter=0 R_exec=1.1893 true_MI=0.01444 RMI=0.0144 R_total=1.1907 correct=1 tokens=18216
__main__:1150 [INFO]     [g7][r8/8] adapter=1 R_exec=1.1893 true_MI=0.01396 RMI=0.0140 R_total=1.1907 correct=1 tokens=17984
__main__:1167 [INFO]   [g7] group true_MI: mean=0.01331 std=0.00073 max=0.01444 normalized=[1.03 0.94 1.02 0.99 0.98 0.92 1.08 1.05]
tinker_cookbook.utils.ml_log:143 [INFO] Wrote metrics to logs/aws/wave4/ahc039-ugttt/metrics.jsonl
tinker_cookbook.utils.ml_log:240 [INFO] Logging to: https://wandb.ai/kriaz-msee20seecs-nust/ugttt-rebuttal/runs/1r8hc8kt
tinker_cookbook.utils.ml_log:143 [INFO] Wrote metrics to logs/aws/wave4/ahc039-ugttt/metrics.jsonl
tinker_cookbook.utils.ml_log:240 [INFO] Logging to: https://wandb.ai/kriaz-msee20seecs-nust/ugttt-rebuttal/runs/1r8hc8kt
tinker_cookbook.utils.ml_log:143 [INFO] Wrote metrics to logs/aws/wave4/ahc039-ugttt/metrics.jsonl
tinker_cookbook.utils.ml_log:240 [INFO] Logging to: https://wandb.ai/kriaz-msee20seecs-nust/ugttt-rebuttal/runs/1r8hc8kt
tinker_cookbook.utils.ml_log:143 [INFO] Wrote metrics to logs/aws/wave4/ahc039-ugttt/metrics.jsonl
tinker_cookbook.utils.ml_log:240 [INFO] Logging to: https://wandb.ai/kriaz-msee20seecs-nust/ugttt-rebuttal/runs/1r8hc8kt
tinker_cookbook.utils.ml_log:143 [INFO] Wrote metrics to logs/aws/wave4/ahc039-ugttt/metrics.jsonl
tinker_cookbook.utils.ml_log:240 [INFO] Logging to: https://wandb.ai/kriaz-msee20seecs-nust/ugttt-rebuttal/runs/1r8hc8kt
tinker_cookbook.utils.ml_log:143 [INFO] Wrote metrics to logs/aws/wave4/ahc039-ugttt/metrics.jsonl
tinker_cookbook.utils.ml_log:240 [INFO] Logging to: https://wandb.ai/kriaz-msee20seecs-nust/ugttt-rebuttal/runs/1r8hc8kt
tinker_cookbook.utils.ml_log:143 [INFO] Wrote metrics to logs/aws/wave4/ahc039-ugttt/metrics.jsonl
tinker_cookbook.utils.ml_log:240 [INFO] Logging to: https://wandb.ai/kriaz-msee20seecs-nust/ugttt-rebuttal/runs/1r8hc8kt
tinker_cookbook.utils.ml_log:143 [INFO] Wrote metrics to logs/aws/wave4/ahc039-ugttt/metrics.jsonl
tinker_cookbook.utils.ml_log:240 [INFO] Logging to: https://wandb.ai/kriaz-msee20seecs-nust/ugttt-rebuttal/runs/1r8hc8kt
__main__:1949 [INFO]   [3][8/8] KEPT | R_exec=0.7433 (max=1.1893) RMI=0.0133 R_total=0.7446 | 3469.0s | GPU: 18.8/19.7GB
tinker_cookbook.utils.ml_log:143 [INFO] Wrote metrics to logs/aws/wave4/ahc039-ugttt/metrics.jsonl
tinker_cookbook.utils.ml_log:240 [INFO] Logging to: https://wandb.ai/kriaz-msee20seecs-nust/ugttt-rebuttal/runs/1r8hc8kt
__main__:1988 [INFO] [Epoch 3] Rollout phase done in 24621.1s. Training on 8/8 groups...
tinker_cookbook.utils.ml_log:143 [INFO] Wrote metrics to logs/aws/wave4/ahc039-ugttt/metrics.jsonl
tinker_cookbook.utils.ml_log:195 [INFO] 
┏━━━━━━━━━━━━━━━━━━━━━━━━━━━━━━━━┳━━━━━━━━━━━━━━┓
┃ Metric                         ┃ Value        ┃
┡━━━━━━━━━━━━━━━━━━━━━━━━━━━━━━━━╇━━━━━━━━━━━━━━┩
│ gpu/memory_allocated_gb        │ 18.828612    │
│ gpu/memory_peak_gb             │ 76.571032    │
│ gpu/memory_reserved_gb         │ 18.865979    │
│ kl_policy_base                 │ 0.002823     │
│ optim/entropy                  │ 0.441505     │
│ optim/kl_sample_train_v1       │ 0.003347     │
│ optim/kl_sample_train_v2       │ 0.003525     │
│ progress/done_frac             │ 0.666667     │
│ progress/epoch                 │ 3            │
│ rollout/groups_attempted       │ 8.000000     │
│ rollout/groups_filtered        │ 0.000000     │
│ rollout/groups_kept            │ 8.000000     │
│ rollout/intra_group_reward_std │ 0.488321     │
│ time/rollout                   │ 24621.108246 │
│ time/total                     │ 26844.036797 │
│ time/train                     │ 2222.810154  │
│ train/advantage/max            │ 10.332066    │
│ train/advantage/mean           │ 0.331926     │
│ train/advantage/min            │ -3.815815    │
│ train/advantage/std            │ 2.185584     │
│ train/beta/mean                │ 16264.786816 │
│ train/beta/std                 │ 28815.397578 │
│ train/correctness/mean         │ 0.515625     │
│ train/correctness/rate         │ 0.515625     │
│ train/ensemble/frac_high_disa… │ 0.499987     │
│ train/ensemble/max_token_disa… │ 17.764163    │
│ train/ensemble/member_logprob… │ 0.004399     │
│ train/ensemble/member_logprob… │ 0.001763     │
│ train/gamma_eff/mean           │ 0.731544     │
│ train/gen/num_tokens/max       │ 23379.000000 │
│ train/gen/num_tokens/mean      │ 15816.187500 │
│ train/gen/num_tokens/std       │ 5066.818497  │
│ train/group/rmi_exec_corr/mean │ -0.108655    │
│ train/group/rmi_exec_corr/std  │ 0.424653     │
│ train/loss                     │ -0.332116    │
│ train/nnm_loss                 │ -0.054485    │
│ train/nnm_nuclear_norm         │ 46.494045    │
│ train/num_groups               │ 8.000000     │
│ train/num_rollouts             │ 64.000000    │
│ train/num_rollouts_total       │ 64.000000    │
│ train/reward/exec/best         │ 1.265231     │
│ train/reward/exec/max          │ 1.265231     │
│ train/reward/exec/mean         │ 0.576414     │
│ train/reward/exec/min          │ 0.000000     │
│ train/reward/exec/std          │ 0.578552     │
│ train/reward/rmi/max           │ 0.014701     │
│ train/reward/rmi/mean          │ 0.012560     │
│ train/reward/rmi/min           │ 0.010273     │
│ train/reward/rmi/std           │ 0.000968     │
│ train/reward/total/best        │ 1.266374     │
│ train/reward/total/max         │ 1.266374     │
│ train/reward/total/mean        │ 0.577670     │
│ train/reward/total/min         │ 0.001062     │
│ train/reward/total/std         │ 0.578544     │
│ train/streaming_mi/stop_rate   │ 0.000000     │
│ train/streaming_mi/tokens_sav… │ 0.000000     │
│ train/streaming_mi/tokens_sav… │ 0.000000     │
│ train/two_phase/phase1_tokens… │ 15816.187500 │
│ train/two_phase/phase2_tokens… │ 0.000000     │
│ train/two_phase/prefill_rate   │ 0.000000     │
│ train/uncertainty/predictive_… │ 0.124694     │
│ train/uncertainty/predictive_… │ 0.095598     │
│ train/uncertainty/predictive_… │ 0.046077     │
│ train/uncertainty/predictive_… │ 0.018191     │
│ train/uncertainty/predictive_… │ 0.365021     │
│ train/uncertainty/predictive_… │ 0.361881     │
│ train/uncertainty/predictive_… │ 0.343252     │
│ train/uncertainty/predictive_… │ 0.004069     │
│ train/uncertainty/rmi/max      │ 0.004589     │
│ train/uncertainty/rmi/mean     │ 0.002489     │
│ train/uncertainty/rmi/min      │ 0.001828     │
│ train/uncertainty/rmi/std      │ 0.000431     │
│ train/uncertainty/rmi_top7/max │ 0.060619     │
│ train/uncertainty/rmi_top7/me… │ 0.029249     │
│ train/uncertainty/rmi_top7/min │ 0.022209     │
│ train/uncertainty/rmi_top7/std │ 0.005792     │
│ train/uncertainty/top7_mi_cod… │ 0.000000     │
│ train/uncertainty/top7_mi_cod… │ 0.000000     │
│ train/uncertainty/top7_mi_thi… │ 0.010411     │
│ train/uncertainty/top7_mi_thi… │ 0.001126     │
│ train/uncertainty/top7_pct_co… │ 0.000000     │
│ train/uncertainty/top7_pct_co… │ 0.000000     │
│ train/uncertainty/top7_pct_th… │ 0.840893     │
│ train/uncertainty/top7_pct_th… │ 0.132079     │
│ train/uncertainty/true_mi/max  │ 0.014701     │
│ train/uncertainty/true_mi/mean │ 0.012560     │
│ train/uncertainty/true_mi/min  │ 0.010273     │
│ train/uncertainty/true_mi/std  │ 0.000968     │
│ train/uncertainty/variance/max │ 0.019947     │
│ train/uncertainty/variance/me… │ 0.007277     │
│ train/uncertainty/variance/min │ 0.005013     │
│ train/uncertainty/variance/std │ 0.002036     │
│ train/uncertainty/variance_to… │ 0.272696     │
│ train/uncertainty/variance_to… │ 0.088158     │
│ train/uncertainty/variance_to… │ 0.061817     │
│ train/uncertainty/variance_to… │ 0.028944     │
└────────────────────────────────┴──────────────┘
tinker_cookbook.utils.ml_log:240 [INFO] Logging to: https://wandb.ai/kriaz-msee20seecs-nust/ugttt-rebuttal/runs/1r8hc8kt
__main__:2062 [INFO] [Epoch 3] R_exec=0.5764 (max=1.2652 best=1.2652) RMI=0.0126 beta=16264.79 corr=51.6% loss=-0.3321 nuc=46.494 groups=8/8 time=26844.0s
__main__:2073 [INFO] Checkpoint saved at epoch 3
__main__:1836 [INFO] [Epoch 4/6] Starting rollout phase: 8 groups × 8 rollouts
tinker_cookbook.rl.ensemble:1082 [INFO]   generate_batch_multi_adapter_two_phase: N=8 phase1_max=26000 streaming_mi=False kv_q=False
tinker_cookbook.rl.ensemble:1270 [INFO]     [gen/p1] step=2048/22782 active=8/8 mi_stopped=0
tinker_cookbook.rl.ensemble:1270 [INFO]     [gen/p1] step=4096/22782 active=8/8 mi_stopped=0
tinker_cookbook.rl.ensemble:1270 [INFO]     [gen/p1] step=6144/22782 active=8/8 mi_stopped=0
tinker_cookbook.rl.ensemble:1270 [INFO]     [gen/p1] step=8192/22782 active=8/8 mi_stopped=0
tinker_cookbook.rl.ensemble:1270 [INFO]     [gen/p1] step=10240/22782 active=8/8 mi_stopped=0
tinker_cookbook.rl.ensemble:1270 [INFO]     [gen/p1] step=12288/22782 active=8/8 mi_stopped=0
tinker_cookbook.rl.ensemble:1270 [INFO]     [gen/p1] step=14336/22782 active=7/8 mi_stopped=0
tinker_cookbook.rl.ensemble:1270 [INFO]     [gen/p1] step=16384/22782 active=6/8 mi_stopped=0
tinker_cookbook.rl.ensemble:1270 [INFO]     [gen/p1] step=18432/22782 active=2/8 mi_stopped=0
__main__:1078 [INFO]   Group 0: multi-adapter generation 8 seqs in 2538.8s
__main__:1096 [INFO]   Group 0: batched ensemble scoring in 85.6s
__main__:1108 [INFO]   Group 0: rewards computed in 104.6s
__main__:1150 [INFO]     [g0][r1/8] adapter=2 R_exec=1.2530 true_MI=0.01264 RMI=0.0126 R_total=1.2543 correct=1 tokens=16648
__main__:1150 [INFO]     [g0][r2/8] adapter=3 R_exec=1.2530 true_MI=0.01251 RMI=0.0125 R_total=1.2542 correct=1 tokens=17967
__main__:1150 [INFO]     [g0][r3/8] adapter=4 R_exec=1.2530 true_MI=0.01250 RMI=0.0125 R_total=1.2542 correct=1 tokens=14972
__main__:1150 [INFO]     [g0][r4/8] adapter=0 R_exec=1.2652 true_MI=0.01372 RMI=0.0137 R_total=1.2666 correct=1 tokens=18051
__main__:1150 [INFO]     [g0][r5/8] adapter=1 R_exec=0.0000 true_MI=0.01328 RMI=0.0133 R_total=0.0013 correct=0 tokens=18870
__main__:1150 [INFO]     [g0][r6/8] adapter=2 R_exec=1.2530 true_MI=0.01296 RMI=0.0130 R_total=1.2543 correct=1 tokens=13440
__main__:1150 [INFO]     [g0][r7/8] adapter=3 R_exec=1.0169 true_MI=0.01340 RMI=0.0134 R_total=1.0182 correct=1 tokens=19238
__main__:1150 [INFO]     [g0][r8/8] adapter=4 R_exec=1.0169 true_MI=0.01376 RMI=0.0138 R_total=1.0182 correct=1 tokens=17209
__main__:1167 [INFO]   [g0] group true_MI: mean=0.01310 std=0.00052 max=0.01376 normalized=[0.97 0.96 0.95 1.05 1.01 0.99 1.02 1.05]
tinker_cookbook.utils.ml_log:143 [INFO] Wrote metrics to logs/aws/wave4/ahc039-ugttt/metrics.jsonl
tinker_cookbook.utils.ml_log:240 [INFO] Logging to: https://wandb.ai/kriaz-msee20seecs-nust/ugttt-rebuttal/runs/1r8hc8kt
tinker_cookbook.utils.ml_log:143 [INFO] Wrote metrics to logs/aws/wave4/ahc039-ugttt/metrics.jsonl
tinker_cookbook.utils.ml_log:240 [INFO] Logging to: https://wandb.ai/kriaz-msee20seecs-nust/ugttt-rebuttal/runs/1r8hc8kt
tinker_cookbook.utils.ml_log:143 [INFO] Wrote metrics to logs/aws/wave4/ahc039-ugttt/metrics.jsonl
tinker_cookbook.utils.ml_log:240 [INFO] Logging to: https://wandb.ai/kriaz-msee20seecs-nust/ugttt-rebuttal/runs/1r8hc8kt
tinker_cookbook.utils.ml_log:143 [INFO] Wrote metrics to logs/aws/wave4/ahc039-ugttt/metrics.jsonl
tinker_cookbook.utils.ml_log:240 [INFO] Logging to: https://wandb.ai/kriaz-msee20seecs-nust/ugttt-rebuttal/runs/1r8hc8kt
tinker_cookbook.utils.ml_log:143 [INFO] Wrote metrics to logs/aws/wave4/ahc039-ugttt/metrics.jsonl
tinker_cookbook.utils.ml_log:240 [INFO] Logging to: https://wandb.ai/kriaz-msee20seecs-nust/ugttt-rebuttal/runs/1r8hc8kt
tinker_cookbook.utils.ml_log:143 [INFO] Wrote metrics to logs/aws/wave4/ahc039-ugttt/metrics.jsonl
tinker_cookbook.utils.ml_log:240 [INFO] Logging to: https://wandb.ai/kriaz-msee20seecs-nust/ugttt-rebuttal/runs/1r8hc8kt
tinker_cookbook.utils.ml_log:143 [INFO] Wrote metrics to logs/aws/wave4/ahc039-ugttt/metrics.jsonl
tinker_cookbook.utils.ml_log:240 [INFO] Logging to: https://wandb.ai/kriaz-msee20seecs-nust/ugttt-rebuttal/runs/1r8hc8kt
tinker_cookbook.utils.ml_log:143 [INFO] Wrote metrics to logs/aws/wave4/ahc039-ugttt/metrics.jsonl
tinker_cookbook.utils.ml_log:240 [INFO] Logging to: https://wandb.ai/kriaz-msee20seecs-nust/ugttt-rebuttal/runs/1r8hc8kt
__main__:1949 [INFO]   [4][1/8] KEPT | R_exec=1.0389 (max=1.2652) RMI=0.0131 R_total=1.0402 | 2643.4s | GPU: 18.8/19.7GB
tinker_cookbook.utils.ml_log:143 [INFO] Wrote metrics to logs/aws/wave4/ahc039-ugttt/metrics.jsonl
tinker_cookbook.utils.ml_log:240 [INFO] Logging to: https://wandb.ai/kriaz-msee20seecs-nust/ugttt-rebuttal/runs/1r8hc8kt
tinker_cookbook.rl.ensemble:1082 [INFO]   generate_batch_multi_adapter_two_phase: N=8 phase1_max=26000 streaming_mi=False kv_q=False
tinker_cookbook.rl.ensemble:1270 [INFO]     [gen/p1] step=2048/23105 active=8/8 mi_stopped=0
tinker_cookbook.rl.ensemble:1270 [INFO]     [gen/p1] step=4096/23105 active=8/8 mi_stopped=0
tinker_cookbook.rl.ensemble:1270 [INFO]     [gen/p1] step=6144/23105 active=8/8 mi_stopped=0
tinker_cookbook.rl.ensemble:1270 [INFO]     [gen/p1] step=8192/23105 active=8/8 mi_stopped=0
tinker_cookbook.rl.ensemble:1270 [INFO]     [gen/p1] step=10240/23105 active=8/8 mi_stopped=0
tinker_cookbook.rl.ensemble:1270 [INFO]     [gen/p1] step=12288/23105 active=8/8 mi_stopped=0
tinker_cookbook.rl.ensemble:1270 [INFO]     [gen/p1] step=14336/23105 active=8/8 mi_stopped=0
tinker_cookbook.rl.ensemble:1270 [INFO]     [gen/p1] step=16384/23105 active=5/8 mi_stopped=0
tinker_cookbook.rl.ensemble:1270 [INFO]     [gen/p1] step=18432/23105 active=5/8 mi_stopped=0
__main__:1078 [INFO]   Group 1: multi-adapter generation 8 seqs in 2737.9s
__main__:1096 [INFO]   Group 1: batched ensemble scoring in 89.3s
__main__:1108 [INFO]   Group 1: rewards computed in 404.4s
__main__:1150 [INFO]     [g1][r1/8] adapter=2 R_exec=0.0947 true_MI=0.01362 RMI=0.0136 R_total=0.0961 correct=1 tokens=20371
__main__:1150 [INFO]     [g1][r2/8] adapter=3 R_exec=1.2532 true_MI=0.01316 RMI=0.0132 R_total=1.2545 correct=1 tokens=16279
__main__:1150 [INFO]     [g1][r3/8] adapter=4 R_exec=0.0000 true_MI=0.01293 RMI=0.0129 R_total=0.0013 correct=0 tokens=19790
__main__:1150 [INFO]     [g1][r4/8] adapter=0 R_exec=0.0000 true_MI=0.01343 RMI=0.0134 R_total=0.0013 correct=0 tokens=19245
__main__:1150 [INFO]     [g1][r5/8] adapter=1 R_exec=0.0000 true_MI=0.01217 RMI=0.0122 R_total=0.0012 correct=0 tokens=19642
__main__:1150 [INFO]     [g1][r6/8] adapter=2 R_exec=0.0947 true_MI=0.01241 RMI=0.0124 R_total=0.0959 correct=1 tokens=16043
__main__:1150 [INFO]     [g1][r7/8] adapter=3 R_exec=0.0000 true_MI=0.01288 RMI=0.0129 R_total=0.0013 correct=0 tokens=14805
__main__:1150 [INFO]     [g1][r8/8] adapter=4 R_exec=0.0000 true_MI=0.01274 RMI=0.0127 R_total=0.0013 correct=0 tokens=18813
__main__:1167 [INFO]   [g1] group true_MI: mean=0.01292 std=0.00049 max=0.01362 normalized=[1.05 1.02 1.00 1.04 0.94 0.96 1.00 0.99]
tinker_cookbook.utils.ml_log:143 [INFO] Wrote metrics to logs/aws/wave4/ahc039-ugttt/metrics.jsonl
tinker_cookbook.utils.ml_log:240 [INFO] Logging to: https://wandb.ai/kriaz-msee20seecs-nust/ugttt-rebuttal/runs/1r8hc8kt
tinker_cookbook.utils.ml_log:143 [INFO] Wrote metrics to logs/aws/wave4/ahc039-ugttt/metrics.jsonl
tinker_cookbook.utils.ml_log:240 [INFO] Logging to: https://wandb.ai/kriaz-msee20seecs-nust/ugttt-rebuttal/runs/1r8hc8kt
tinker_cookbook.utils.ml_log:143 [INFO] Wrote metrics to logs/aws/wave4/ahc039-ugttt/metrics.jsonl
tinker_cookbook.utils.ml_log:240 [INFO] Logging to: https://wandb.ai/kriaz-msee20seecs-nust/ugttt-rebuttal/runs/1r8hc8kt
tinker_cookbook.utils.ml_log:143 [INFO] Wrote metrics to logs/aws/wave4/ahc039-ugttt/metrics.jsonl
tinker_cookbook.utils.ml_log:240 [INFO] Logging to: https://wandb.ai/kriaz-msee20seecs-nust/ugttt-rebuttal/runs/1r8hc8kt
tinker_cookbook.utils.ml_log:143 [INFO] Wrote metrics to logs/aws/wave4/ahc039-ugttt/metrics.jsonl
tinker_cookbook.utils.ml_log:240 [INFO] Logging to: https://wandb.ai/kriaz-msee20seecs-nust/ugttt-rebuttal/runs/1r8hc8kt
tinker_cookbook.utils.ml_log:143 [INFO] Wrote metrics to logs/aws/wave4/ahc039-ugttt/metrics.jsonl
tinker_cookbook.utils.ml_log:240 [INFO] Logging to: https://wandb.ai/kriaz-msee20seecs-nust/ugttt-rebuttal/runs/1r8hc8kt
tinker_cookbook.utils.ml_log:143 [INFO] Wrote metrics to logs/aws/wave4/ahc039-ugttt/metrics.jsonl
tinker_cookbook.utils.ml_log:240 [INFO] Logging to: https://wandb.ai/kriaz-msee20seecs-nust/ugttt-rebuttal/runs/1r8hc8kt
tinker_cookbook.utils.ml_log:143 [INFO] Wrote metrics to logs/aws/wave4/ahc039-ugttt/metrics.jsonl
tinker_cookbook.utils.ml_log:240 [INFO] Logging to: https://wandb.ai/kriaz-msee20seecs-nust/ugttt-rebuttal/runs/1r8hc8kt
__main__:1949 [INFO]   [4][2/8] KEPT | R_exec=0.1803 (max=1.2532) RMI=0.0129 R_total=0.1816 | 3142.4s | GPU: 18.8/19.8GB
tinker_cookbook.utils.ml_log:143 [INFO] Wrote metrics to logs/aws/wave4/ahc039-ugttt/metrics.jsonl
tinker_cookbook.utils.ml_log:240 [INFO] Logging to: https://wandb.ai/kriaz-msee20seecs-nust/ugttt-rebuttal/runs/1r8hc8kt
tinker_cookbook.rl.ensemble:1082 [INFO]   generate_batch_multi_adapter_two_phase: N=8 phase1_max=26000 streaming_mi=False kv_q=False
tinker_cookbook.rl.ensemble:1270 [INFO]     [gen/p1] step=2048/22820 active=8/8 mi_stopped=0
tinker_cookbook.rl.ensemble:1270 [INFO]     [gen/p1] step=4096/22820 active=8/8 mi_stopped=0
tinker_cookbook.rl.ensemble:1270 [INFO]     [gen/p1] step=6144/22820 active=8/8 mi_stopped=0
tinker_cookbook.rl.ensemble:1270 [INFO]     [gen/p1] step=8192/22820 active=8/8 mi_stopped=0
tinker_cookbook.rl.ensemble:1270 [INFO]     [gen/p1] step=10240/22820 active=8/8 mi_stopped=0
tinker_cookbook.rl.ensemble:1270 [INFO]     [gen/p1] step=12288/22820 active=8/8 mi_stopped=0
tinker_cookbook.rl.ensemble:1270 [INFO]     [gen/p1] step=14336/22820 active=7/8 mi_stopped=0
tinker_cookbook.rl.ensemble:1270 [INFO]     [gen/p1] step=16384/22820 active=6/8 mi_stopped=0
tinker_cookbook.rl.ensemble:1270 [INFO]     [gen/p1] step=18432/22820 active=4/8 mi_stopped=0
tinker_cookbook.rl.ensemble:1270 [INFO]     [gen/p1] step=20480/22820 active=3/8 mi_stopped=0
tinker_cookbook.rl.ensemble:1270 [INFO]     [gen/p1] step=22528/22820 active=1/8 mi_stopped=0
__main__:1078 [INFO]   Group 2: multi-adapter generation 8 seqs in 3817.1s
__main__:1096 [INFO]   Group 2: batched ensemble scoring in 94.3s
__main__:1108 [INFO]   Group 2: rewards computed in 156.7s
__main__:1150 [INFO]     [g2][r1/8] adapter=2 R_exec=1.2530 true_MI=0.01402 RMI=0.0140 R_total=1.2544 correct=1 tokens=17020
__main__:1150 [INFO]     [g2][r2/8] adapter=3 R_exec=1.2530 true_MI=0.01269 RMI=0.0127 R_total=1.2543 correct=1 tokens=20724
__main__:1150 [INFO]     [g2][r3/8] adapter=4 R_exec=0.0000 true_MI=0.01244 RMI=0.0124 R_total=0.0012 correct=0 tokens=25186 p1=22820 p2=2344
__main__:1150 [INFO]     [g2][r4/8] adapter=0 R_exec=1.2530 true_MI=0.01218 RMI=0.0122 R_total=1.2542 correct=1 tokens=21600
__main__:1150 [INFO]     [g2][r5/8] adapter=1 R_exec=1.2530 true_MI=0.01260 RMI=0.0126 R_total=1.2542 correct=1 tokens=17869
__main__:1150 [INFO]     [g2][r6/8] adapter=2 R_exec=0.0000 true_MI=0.01401 RMI=0.0140 R_total=0.0014 correct=0 tokens=13870
__main__:1150 [INFO]     [g2][r7/8] adapter=3 R_exec=0.9855 true_MI=0.01377 RMI=0.0138 R_total=0.9868 correct=1 tokens=18581
__main__:1150 [INFO]     [g2][r8/8] adapter=4 R_exec=1.2530 true_MI=0.01356 RMI=0.0136 R_total=1.2543 correct=1 tokens=15176
__main__:1167 [INFO]   [g2] group true_MI: mean=0.01316 std=0.00076 max=0.01402 normalized=[1.07 0.96 0.95 0.93 0.96 1.06 1.05 1.03]
tinker_cookbook.utils.ml_log:143 [INFO] Wrote metrics to logs/aws/wave4/ahc039-ugttt/metrics.jsonl
tinker_cookbook.utils.ml_log:240 [INFO] Logging to: https://wandb.ai/kriaz-msee20seecs-nust/ugttt-rebuttal/runs/1r8hc8kt
tinker_cookbook.utils.ml_log:143 [INFO] Wrote metrics to logs/aws/wave4/ahc039-ugttt/metrics.jsonl
tinker_cookbook.utils.ml_log:240 [INFO] Logging to: https://wandb.ai/kriaz-msee20seecs-nust/ugttt-rebuttal/runs/1r8hc8kt
tinker_cookbook.utils.ml_log:143 [INFO] Wrote metrics to logs/aws/wave4/ahc039-ugttt/metrics.jsonl
tinker_cookbook.utils.ml_log:240 [INFO] Logging to: https://wandb.ai/kriaz-msee20seecs-nust/ugttt-rebuttal/runs/1r8hc8kt
tinker_cookbook.utils.ml_log:143 [INFO] Wrote metrics to logs/aws/wave4/ahc039-ugttt/metrics.jsonl
tinker_cookbook.utils.ml_log:240 [INFO] Logging to: https://wandb.ai/kriaz-msee20seecs-nust/ugttt-rebuttal/runs/1r8hc8kt
tinker_cookbook.utils.ml_log:143 [INFO] Wrote metrics to logs/aws/wave4/ahc039-ugttt/metrics.jsonl
tinker_cookbook.utils.ml_log:240 [INFO] Logging to: https://wandb.ai/kriaz-msee20seecs-nust/ugttt-rebuttal/runs/1r8hc8kt
tinker_cookbook.utils.ml_log:143 [INFO] Wrote metrics to logs/aws/wave4/ahc039-ugttt/metrics.jsonl
tinker_cookbook.utils.ml_log:240 [INFO] Logging to: https://wandb.ai/kriaz-msee20seecs-nust/ugttt-rebuttal/runs/1r8hc8kt
tinker_cookbook.utils.ml_log:143 [INFO] Wrote metrics to logs/aws/wave4/ahc039-ugttt/metrics.jsonl
tinker_cookbook.utils.ml_log:240 [INFO] Logging to: https://wandb.ai/kriaz-msee20seecs-nust/ugttt-rebuttal/runs/1r8hc8kt
tinker_cookbook.utils.ml_log:143 [INFO] Wrote metrics to logs/aws/wave4/ahc039-ugttt/metrics.jsonl
tinker_cookbook.utils.ml_log:240 [INFO] Logging to: https://wandb.ai/kriaz-msee20seecs-nust/ugttt-rebuttal/runs/1r8hc8kt
__main__:1949 [INFO]   [4][3/8] KEPT | R_exec=0.9063 (max=1.2530) RMI=0.0132 R_total=0.9076 | 3973.8s | GPU: 18.8/19.6GB
tinker_cookbook.utils.ml_log:143 [INFO] Wrote metrics to logs/aws/wave4/ahc039-ugttt/metrics.jsonl
tinker_cookbook.utils.ml_log:240 [INFO] Logging to: https://wandb.ai/kriaz-msee20seecs-nust/ugttt-rebuttal/runs/1r8hc8kt
tinker_cookbook.rl.ensemble:1082 [INFO]   generate_batch_multi_adapter_two_phase: N=8 phase1_max=26000 streaming_mi=False kv_q=False
tinker_cookbook.rl.ensemble:1270 [INFO]     [gen/p1] step=2048/21904 active=6/8 mi_stopped=0
tinker_cookbook.rl.ensemble:1270 [INFO]     [gen/p1] step=4096/21904 active=2/8 mi_stopped=0
tinker_cookbook.rl.ensemble:1270 [INFO]     [gen/p1] step=6144/21904 active=1/8 mi_stopped=0
tinker_cookbook.rl.ensemble:1270 [INFO]     [gen/p1] step=8192/21904 active=1/8 mi_stopped=0
tinker_cookbook.rl.ensemble:1270 [INFO]     [gen/p1] step=10240/21904 active=1/8 mi_stopped=0
tinker_cookbook.rl.ensemble:1270 [INFO]     [gen/p1] step=12288/21904 active=1/8 mi_stopped=0
tinker_cookbook.rl.ensemble:1270 [INFO]     [gen/p1] step=14336/21904 active=1/8 mi_stopped=0
__main__:1078 [INFO]   Group 3: multi-adapter generation 8 seqs in 1999.9s
__main__:1096 [INFO]   Group 3: batched ensemble scoring in 33.8s
__main__:1108 [INFO]   Group 3: rewards computed in 210.9s
__main__:1150 [INFO]     [g3][r1/8] adapter=2 R_exec=0.0000 true_MI=0.01402 RMI=0.0140 R_total=0.0014 correct=0 tokens=2740
__main__:1150 [INFO]     [g3][r2/8] adapter=3 R_exec=0.0000 true_MI=0.01568 RMI=0.0157 R_total=0.0016 correct=0 tokens=2910
__main__:1150 [INFO]     [g3][r3/8] adapter=4 R_exec=0.0000 true_MI=0.01271 RMI=0.0127 R_total=0.0013 correct=0 tokens=4910
__main__:1150 [INFO]     [g3][r4/8] adapter=0 R_exec=0.0000 true_MI=0.01449 RMI=0.0145 R_total=0.0014 correct=0 tokens=3503
__main__:1150 [INFO]     [g3][r5/8] adapter=1 R_exec=0.0000 true_MI=0.01161 RMI=0.0116 R_total=0.0012 correct=0 tokens=15991
__main__:1150 [INFO]     [g3][r6/8] adapter=2 R_exec=0.0000 true_MI=0.01501 RMI=0.0150 R_total=0.0015 correct=0 tokens=2014
__main__:1150 [INFO]     [g3][r7/8] adapter=3 R_exec=0.0000 true_MI=0.01685 RMI=0.0169 R_total=0.0017 correct=0 tokens=1233
__main__:1150 [INFO]     [g3][r8/8] adapter=4 R_exec=0.0000 true_MI=0.01360 RMI=0.0136 R_total=0.0014 correct=0 tokens=3199
__main__:1167 [INFO]   [g3] group true_MI: mean=0.01425 std=0.00166 max=0.01685 normalized=[0.98 1.10 0.89 1.02 0.81 1.05 1.18 0.95]
tinker_cookbook.utils.ml_log:143 [INFO] Wrote metrics to logs/aws/wave4/ahc039-ugttt/metrics.jsonl
tinker_cookbook.utils.ml_log:240 [INFO] Logging to: https://wandb.ai/kriaz-msee20seecs-nust/ugttt-rebuttal/runs/1r8hc8kt
tinker_cookbook.utils.ml_log:143 [INFO] Wrote metrics to logs/aws/wave4/ahc039-ugttt/metrics.jsonl
tinker_cookbook.utils.ml_log:240 [INFO] Logging to: https://wandb.ai/kriaz-msee20seecs-nust/ugttt-rebuttal/runs/1r8hc8kt
tinker_cookbook.utils.ml_log:143 [INFO] Wrote metrics to logs/aws/wave4/ahc039-ugttt/metrics.jsonl
tinker_cookbook.utils.ml_log:240 [INFO] Logging to: https://wandb.ai/kriaz-msee20seecs-nust/ugttt-rebuttal/runs/1r8hc8kt
tinker_cookbook.utils.ml_log:143 [INFO] Wrote metrics to logs/aws/wave4/ahc039-ugttt/metrics.jsonl
tinker_cookbook.utils.ml_log:240 [INFO] Logging to: https://wandb.ai/kriaz-msee20seecs-nust/ugttt-rebuttal/runs/1r8hc8kt
tinker_cookbook.utils.ml_log:143 [INFO] Wrote metrics to logs/aws/wave4/ahc039-ugttt/metrics.jsonl
tinker_cookbook.utils.ml_log:240 [INFO] Logging to: https://wandb.ai/kriaz-msee20seecs-nust/ugttt-rebuttal/runs/1r8hc8kt
tinker_cookbook.utils.ml_log:143 [INFO] Wrote metrics to logs/aws/wave4/ahc039-ugttt/metrics.jsonl
tinker_cookbook.utils.ml_log:240 [INFO] Logging to: https://wandb.ai/kriaz-msee20seecs-nust/ugttt-rebuttal/runs/1r8hc8kt
tinker_cookbook.utils.ml_log:143 [INFO] Wrote metrics to logs/aws/wave4/ahc039-ugttt/metrics.jsonl
tinker_cookbook.utils.ml_log:240 [INFO] Logging to: https://wandb.ai/kriaz-msee20seecs-nust/ugttt-rebuttal/runs/1r8hc8kt
tinker_cookbook.utils.ml_log:143 [INFO] Wrote metrics to logs/aws/wave4/ahc039-ugttt/metrics.jsonl
tinker_cookbook.utils.ml_log:240 [INFO] Logging to: https://wandb.ai/kriaz-msee20seecs-nust/ugttt-rebuttal/runs/1r8hc8kt
__main__:1949 [INFO]   [4][4/8] KEPT | R_exec=0.0000 (max=0.0000) RMI=0.0142 R_total=0.0014 | 2210.8s | GPU: 18.8/19.2GB
tinker_cookbook.utils.ml_log:143 [INFO] Wrote metrics to logs/aws/wave4/ahc039-ugttt/metrics.jsonl
tinker_cookbook.utils.ml_log:240 [INFO] Logging to: https://wandb.ai/kriaz-msee20seecs-nust/ugttt-rebuttal/runs/1r8hc8kt
tinker_cookbook.rl.ensemble:1082 [INFO]   generate_batch_multi_adapter_two_phase: N=8 phase1_max=26000 streaming_mi=False kv_q=False
tinker_cookbook.rl.ensemble:1270 [INFO]     [gen/p1] step=2048/21978 active=8/8 mi_stopped=0
tinker_cookbook.rl.ensemble:1270 [INFO]     [gen/p1] step=4096/21978 active=8/8 mi_stopped=0
tinker_cookbook.rl.ensemble:1270 [INFO]     [gen/p1] step=6144/21978 active=8/8 mi_stopped=0
tinker_cookbook.rl.ensemble:1270 [INFO]     [gen/p1] step=8192/21978 active=8/8 mi_stopped=0
tinker_cookbook.rl.ensemble:1270 [INFO]     [gen/p1] step=10240/21978 active=8/8 mi_stopped=0
tinker_cookbook.rl.ensemble:1270 [INFO]     [gen/p1] step=12288/21978 active=7/8 mi_stopped=0
tinker_cookbook.rl.ensemble:1270 [INFO]     [gen/p1] step=14336/21978 active=6/8 mi_stopped=0
tinker_cookbook.rl.ensemble:1270 [INFO]     [gen/p1] step=16384/21978 active=2/8 mi_stopped=0
tinker_cookbook.rl.ensemble:1270 [INFO]     [gen/p1] step=18432/21978 active=2/8 mi_stopped=0
tinker_cookbook.rl.ensemble:1270 [INFO]     [gen/p1] step=20480/21978 active=2/8 mi_stopped=0
__main__:1078 [INFO]   Group 4: multi-adapter generation 8 seqs in 3986.9s
__main__:1096 [INFO]   Group 4: batched ensemble scoring in 92.5s
__main__:1108 [INFO]   Group 4: rewards computed in 114.2s
__main__:1150 [INFO]     [g4][r1/8] adapter=2 R_exec=1.2475 true_MI=0.01402 RMI=0.0140 R_total=1.2489 correct=1 tokens=16164
__main__:1150 [INFO]     [g4][r2/8] adapter=3 R_exec=0.0000 true_MI=0.01252 RMI=0.0125 R_total=0.0013 correct=0 tokens=25146 p1=21978 p2=3146
__main__:1150 [INFO]     [g4][r3/8] adapter=4 R_exec=1.2475 true_MI=0.01392 RMI=0.0139 R_total=1.2489 correct=1 tokens=15106
__main__:1150 [INFO]     [g4][r4/8] adapter=0 R_exec=0.7822 true_MI=0.01438 RMI=0.0144 R_total=0.7836 correct=1 tokens=12212
__main__:1150 [INFO]     [g4][r5/8] adapter=1 R_exec=1.2475 true_MI=0.01305 RMI=0.0131 R_total=1.2488 correct=1 tokens=16206
__main__:1150 [INFO]     [g4][r6/8] adapter=2 R_exec=0.0000 true_MI=0.01372 RMI=0.0137 R_total=0.0014 correct=0 tokens=14148
__main__:1150 [INFO]     [g4][r7/8] adapter=3 R_exec=1.2530 true_MI=0.01097 RMI=0.0110 R_total=1.2541 correct=1 tokens=25398 p1=21978 p2=3398
__main__:1150 [INFO]     [g4][r8/8] adapter=4 R_exec=0.0000 true_MI=0.01401 RMI=0.0140 R_total=0.0014 correct=0 tokens=15416
__main__:1167 [INFO]   [g4] group true_MI: mean=0.01332 std=0.00112 max=0.01438 normalized=[1.05 0.94 1.04 1.08 0.98 1.03 0.82 1.05]
tinker_cookbook.utils.ml_log:143 [INFO] Wrote metrics to logs/aws/wave4/ahc039-ugttt/metrics.jsonl
tinker_cookbook.utils.ml_log:240 [INFO] Logging to: https://wandb.ai/kriaz-msee20seecs-nust/ugttt-rebuttal/runs/1r8hc8kt
tinker_cookbook.utils.ml_log:143 [INFO] Wrote metrics to logs/aws/wave4/ahc039-ugttt/metrics.jsonl
tinker_cookbook.utils.ml_log:240 [INFO] Logging to: https://wandb.ai/kriaz-msee20seecs-nust/ugttt-rebuttal/runs/1r8hc8kt
tinker_cookbook.utils.ml_log:143 [INFO] Wrote metrics to logs/aws/wave4/ahc039-ugttt/metrics.jsonl
tinker_cookbook.utils.ml_log:240 [INFO] Logging to: https://wandb.ai/kriaz-msee20seecs-nust/ugttt-rebuttal/runs/1r8hc8kt
tinker_cookbook.utils.ml_log:143 [INFO] Wrote metrics to logs/aws/wave4/ahc039-ugttt/metrics.jsonl
tinker_cookbook.utils.ml_log:240 [INFO] Logging to: https://wandb.ai/kriaz-msee20seecs-nust/ugttt-rebuttal/runs/1r8hc8kt
tinker_cookbook.utils.ml_log:143 [INFO] Wrote metrics to logs/aws/wave4/ahc039-ugttt/metrics.jsonl
tinker_cookbook.utils.ml_log:240 [INFO] Logging to: https://wandb.ai/kriaz-msee20seecs-nust/ugttt-rebuttal/runs/1r8hc8kt
tinker_cookbook.utils.ml_log:143 [INFO] Wrote metrics to logs/aws/wave4/ahc039-ugttt/metrics.jsonl
tinker_cookbook.utils.ml_log:240 [INFO] Logging to: https://wandb.ai/kriaz-msee20seecs-nust/ugttt-rebuttal/runs/1r8hc8kt
tinker_cookbook.utils.ml_log:143 [INFO] Wrote metrics to logs/aws/wave4/ahc039-ugttt/metrics.jsonl
tinker_cookbook.utils.ml_log:240 [INFO] Logging to: https://wandb.ai/kriaz-msee20seecs-nust/ugttt-rebuttal/runs/1r8hc8kt
tinker_cookbook.utils.ml_log:143 [INFO] Wrote metrics to logs/aws/wave4/ahc039-ugttt/metrics.jsonl
tinker_cookbook.utils.ml_log:240 [INFO] Logging to: https://wandb.ai/kriaz-msee20seecs-nust/ugttt-rebuttal/runs/1r8hc8kt
__main__:1949 [INFO]   [4][5/8] KEPT | R_exec=0.7222 (max=1.2530) RMI=0.0133 R_total=0.7235 | 4101.2s | GPU: 18.8/19.7GB
tinker_cookbook.utils.ml_log:143 [INFO] Wrote metrics to logs/aws/wave4/ahc039-ugttt/metrics.jsonl
tinker_cookbook.utils.ml_log:240 [INFO] Logging to: https://wandb.ai/kriaz-msee20seecs-nust/ugttt-rebuttal/runs/1r8hc8kt
tinker_cookbook.rl.ensemble:1082 [INFO]   generate_batch_multi_adapter_two_phase: N=8 phase1_max=26000 streaming_mi=False kv_q=False
tinker_cookbook.rl.ensemble:1270 [INFO]     [gen/p1] step=2048/23408 active=8/8 mi_stopped=0
tinker_cookbook.rl.ensemble:1270 [INFO]     [gen/p1] step=4096/23408 active=8/8 mi_stopped=0
tinker_cookbook.rl.ensemble:1270 [INFO]     [gen/p1] step=6144/23408 active=8/8 mi_stopped=0
tinker_cookbook.rl.ensemble:1270 [INFO]     [gen/p1] step=8192/23408 active=8/8 mi_stopped=0
tinker_cookbook.rl.ensemble:1270 [INFO]     [gen/p1] step=10240/23408 active=8/8 mi_stopped=0
tinker_cookbook.rl.ensemble:1270 [INFO]     [gen/p1] step=12288/23408 active=8/8 mi_stopped=0
tinker_cookbook.rl.ensemble:1270 [INFO]     [gen/p1] step=14336/23408 active=8/8 mi_stopped=0
tinker_cookbook.rl.ensemble:1270 [INFO]     [gen/p1] step=16384/23408 active=6/8 mi_stopped=0
tinker_cookbook.rl.ensemble:1270 [INFO]     [gen/p1] step=18432/23408 active=4/8 mi_stopped=0
tinker_cookbook.rl.ensemble:1270 [INFO]     [gen/p1] step=20480/23408 active=2/8 mi_stopped=0
__main__:1078 [INFO]   Group 5: multi-adapter generation 8 seqs in 3101.4s
__main__:1096 [INFO]   Group 5: batched ensemble scoring in 90.5s
__main__:1108 [INFO]   Group 5: rewards computed in 246.8s
__main__:1150 [INFO]     [g5][r1/8] adapter=2 R_exec=1.2664 true_MI=0.01186 RMI=0.0119 R_total=1.2676 correct=1 tokens=16261
__main__:1150 [INFO]     [g5][r2/8] adapter=3 R_exec=0.0000 true_MI=0.01298 RMI=0.0130 R_total=0.0013 correct=0 tokens=18648
__main__:1150 [INFO]     [g5][r3/8] adapter=4 R_exec=1.0169 true_MI=0.01290 RMI=0.0129 R_total=1.0182 correct=1 tokens=17832
__main__:1150 [INFO]     [g5][r4/8] adapter=0 R_exec=0.0000 true_MI=0.01342 RMI=0.0134 R_total=0.0013 correct=0 tokens=21312
__main__:1150 [INFO]     [g5][r5/8] adapter=1 R_exec=0.0000 true_MI=0.01342 RMI=0.0134 R_total=0.0013 correct=0 tokens=22370
__main__:1150 [INFO]     [g5][r6/8] adapter=2 R_exec=0.8982 true_MI=0.01182 RMI=0.0118 R_total=0.8994 correct=1 tokens=16194
__main__:1150 [INFO]     [g5][r7/8] adapter=3 R_exec=0.0000 true_MI=0.01256 RMI=0.0126 R_total=0.0013 correct=0 tokens=17943
__main__:1150 [INFO]     [g5][r8/8] adapter=4 R_exec=1.2362 true_MI=0.01393 RMI=0.0139 R_total=1.2376 correct=1 tokens=18864
__main__:1167 [INFO]   [g5] group true_MI: mean=0.01286 std=0.00075 max=0.01393 normalized=[0.92 1.01 1.00 1.04 1.04 0.92 0.98 1.08]
tinker_cookbook.utils.ml_log:143 [INFO] Wrote metrics to logs/aws/wave4/ahc039-ugttt/metrics.jsonl
tinker_cookbook.utils.ml_log:240 [INFO] Logging to: https://wandb.ai/kriaz-msee20seecs-nust/ugttt-rebuttal/runs/1r8hc8kt
tinker_cookbook.utils.ml_log:143 [INFO] Wrote metrics to logs/aws/wave4/ahc039-ugttt/metrics.jsonl
tinker_cookbook.utils.ml_log:240 [INFO] Logging to: https://wandb.ai/kriaz-msee20seecs-nust/ugttt-rebuttal/runs/1r8hc8kt
tinker_cookbook.utils.ml_log:143 [INFO] Wrote metrics to logs/aws/wave4/ahc039-ugttt/metrics.jsonl
tinker_cookbook.utils.ml_log:240 [INFO] Logging to: https://wandb.ai/kriaz-msee20seecs-nust/ugttt-rebuttal/runs/1r8hc8kt
tinker_cookbook.utils.ml_log:143 [INFO] Wrote metrics to logs/aws/wave4/ahc039-ugttt/metrics.jsonl
tinker_cookbook.utils.ml_log:240 [INFO] Logging to: https://wandb.ai/kriaz-msee20seecs-nust/ugttt-rebuttal/runs/1r8hc8kt
tinker_cookbook.utils.ml_log:143 [INFO] Wrote metrics to logs/aws/wave4/ahc039-ugttt/metrics.jsonl
tinker_cookbook.utils.ml_log:240 [INFO] Logging to: https://wandb.ai/kriaz-msee20seecs-nust/ugttt-rebuttal/runs/1r8hc8kt
tinker_cookbook.utils.ml_log:143 [INFO] Wrote metrics to logs/aws/wave4/ahc039-ugttt/metrics.jsonl
tinker_cookbook.utils.ml_log:240 [INFO] Logging to: https://wandb.ai/kriaz-msee20seecs-nust/ugttt-rebuttal/runs/1r8hc8kt
tinker_cookbook.utils.ml_log:143 [INFO] Wrote metrics to logs/aws/wave4/ahc039-ugttt/metrics.jsonl
tinker_cookbook.utils.ml_log:240 [INFO] Logging to: https://wandb.ai/kriaz-msee20seecs-nust/ugttt-rebuttal/runs/1r8hc8kt
tinker_cookbook.utils.ml_log:143 [INFO] Wrote metrics to logs/aws/wave4/ahc039-ugttt/metrics.jsonl
tinker_cookbook.utils.ml_log:240 [INFO] Logging to: https://wandb.ai/kriaz-msee20seecs-nust/ugttt-rebuttal/runs/1r8hc8kt
__main__:1949 [INFO]   [4][6/8] KEPT | R_exec=0.5522 (max=1.2664) RMI=0.0129 R_total=0.5535 | 3348.2s | GPU: 18.8/19.7GB
tinker_cookbook.utils.ml_log:143 [INFO] Wrote metrics to logs/aws/wave4/ahc039-ugttt/metrics.jsonl
tinker_cookbook.utils.ml_log:240 [INFO] Logging to: https://wandb.ai/kriaz-msee20seecs-nust/ugttt-rebuttal/runs/1r8hc8kt
tinker_cookbook.rl.ensemble:1082 [INFO]   generate_batch_multi_adapter_two_phase: N=8 phase1_max=26000 streaming_mi=False kv_q=False
tinker_cookbook.rl.ensemble:1270 [INFO]     [gen/p1] step=2048/22209 active=8/8 mi_stopped=0
tinker_cookbook.rl.ensemble:1270 [INFO]     [gen/p1] step=4096/22209 active=8/8 mi_stopped=0
tinker_cookbook.rl.ensemble:1270 [INFO]     [gen/p1] step=6144/22209 active=8/8 mi_stopped=0
tinker_cookbook.rl.ensemble:1270 [INFO]     [gen/p1] step=8192/22209 active=8/8 mi_stopped=0
tinker_cookbook.rl.ensemble:1270 [INFO]     [gen/p1] step=10240/22209 active=8/8 mi_stopped=0
tinker_cookbook.rl.ensemble:1270 [INFO]     [gen/p1] step=12288/22209 active=8/8 mi_stopped=0
tinker_cookbook.rl.ensemble:1270 [INFO]     [gen/p1] step=14336/22209 active=7/8 mi_stopped=0
tinker_cookbook.rl.ensemble:1270 [INFO]     [gen/p1] step=16384/22209 active=2/8 mi_stopped=0
tinker_cookbook.rl.ensemble:1270 [INFO]     [gen/p1] step=18432/22209 active=1/8 mi_stopped=0
tinker_cookbook.rl.ensemble:1270 [INFO]     [gen/p1] step=20480/22209 active=1/8 mi_stopped=0
__main__:1078 [INFO]   Group 6: multi-adapter generation 8 seqs in 3033.0s
__main__:1096 [INFO]   Group 6: batched ensemble scoring in 85.1s
__main__:1108 [INFO]   Group 6: rewards computed in 524.5s
__main__:1150 [INFO]     [g6][r1/8] adapter=2 R_exec=0.0000 true_MI=0.01297 RMI=0.0130 R_total=0.0013 correct=0 tokens=16284
__main__:1150 [INFO]     [g6][r2/8] adapter=3 R_exec=0.0000 true_MI=0.01267 RMI=0.0127 R_total=0.0013 correct=0 tokens=17264
__main__:1150 [INFO]     [g6][r3/8] adapter=4 R_exec=0.0000 true_MI=0.01267 RMI=0.0127 R_total=0.0013 correct=0 tokens=15804
__main__:1150 [INFO]     [g6][r4/8] adapter=0 R_exec=0.0000 true_MI=0.01333 RMI=0.0133 R_total=0.0013 correct=0 tokens=15975
__main__:1150 [INFO]     [g6][r5/8] adapter=1 R_exec=0.0000 true_MI=0.01318 RMI=0.0132 R_total=0.0013 correct=0 tokens=15924
__main__:1150 [INFO]     [g6][r6/8] adapter=2 R_exec=0.0000 true_MI=0.01391 RMI=0.0139 R_total=0.0014 correct=0 tokens=15239
__main__:1150 [INFO]     [g6][r7/8] adapter=3 R_exec=1.1898 true_MI=0.01347 RMI=0.0135 R_total=1.1912 correct=1 tokens=13225
__main__:1150 [INFO]     [g6][r8/8] adapter=4 R_exec=0.0000 true_MI=0.01344 RMI=0.0134 R_total=0.0013 correct=0 tokens=21376
__main__:1167 [INFO]   [g6] group true_MI: mean=0.01320 std=0.00042 max=0.01391 normalized=[0.98 0.96 0.96 1.01 1.00 1.05 1.02 1.02]
tinker_cookbook.utils.ml_log:143 [INFO] Wrote metrics to logs/aws/wave4/ahc039-ugttt/metrics.jsonl
tinker_cookbook.utils.ml_log:240 [INFO] Logging to: https://wandb.ai/kriaz-msee20seecs-nust/ugttt-rebuttal/runs/1r8hc8kt
tinker_cookbook.utils.ml_log:143 [INFO] Wrote metrics to logs/aws/wave4/ahc039-ugttt/metrics.jsonl
tinker_cookbook.utils.ml_log:240 [INFO] Logging to: https://wandb.ai/kriaz-msee20seecs-nust/ugttt-rebuttal/runs/1r8hc8kt
tinker_cookbook.utils.ml_log:143 [INFO] Wrote metrics to logs/aws/wave4/ahc039-ugttt/metrics.jsonl
tinker_cookbook.utils.ml_log:240 [INFO] Logging to: https://wandb.ai/kriaz-msee20seecs-nust/ugttt-rebuttal/runs/1r8hc8kt
tinker_cookbook.utils.ml_log:143 [INFO] Wrote metrics to logs/aws/wave4/ahc039-ugttt/metrics.jsonl
tinker_cookbook.utils.ml_log:240 [INFO] Logging to: https://wandb.ai/kriaz-msee20seecs-nust/ugttt-rebuttal/runs/1r8hc8kt
tinker_cookbook.utils.ml_log:143 [INFO] Wrote metrics to logs/aws/wave4/ahc039-ugttt/metrics.jsonl
tinker_cookbook.utils.ml_log:240 [INFO] Logging to: https://wandb.ai/kriaz-msee20seecs-nust/ugttt-rebuttal/runs/1r8hc8kt
tinker_cookbook.utils.ml_log:143 [INFO] Wrote metrics to logs/aws/wave4/ahc039-ugttt/metrics.jsonl
tinker_cookbook.utils.ml_log:240 [INFO] Logging to: https://wandb.ai/kriaz-msee20seecs-nust/ugttt-rebuttal/runs/1r8hc8kt
tinker_cookbook.utils.ml_log:143 [INFO] Wrote metrics to logs/aws/wave4/ahc039-ugttt/metrics.jsonl
tinker_cookbook.utils.ml_log:240 [INFO] Logging to: https://wandb.ai/kriaz-msee20seecs-nust/ugttt-rebuttal/runs/1r8hc8kt
tinker_cookbook.utils.ml_log:143 [INFO] Wrote metrics to logs/aws/wave4/ahc039-ugttt/metrics.jsonl
tinker_cookbook.utils.ml_log:240 [INFO] Logging to: https://wandb.ai/kriaz-msee20seecs-nust/ugttt-rebuttal/runs/1r8hc8kt
__main__:1949 [INFO]   [4][7/8] KEPT | R_exec=0.1487 (max=1.1898) RMI=0.0132 R_total=0.1501 | 3557.6s | GPU: 18.8/19.9GB
tinker_cookbook.utils.ml_log:143 [INFO] Wrote metrics to logs/aws/wave4/ahc039-ugttt/metrics.jsonl
tinker_cookbook.utils.ml_log:240 [INFO] Logging to: https://wandb.ai/kriaz-msee20seecs-nust/ugttt-rebuttal/runs/1r8hc8kt
tinker_cookbook.rl.ensemble:1082 [INFO]   generate_batch_multi_adapter_two_phase: N=8 phase1_max=26000 streaming_mi=False kv_q=False
tinker_cookbook.rl.ensemble:1270 [INFO]     [gen/p1] step=2048/22556 active=8/8 mi_stopped=0
tinker_cookbook.rl.ensemble:1270 [INFO]     [gen/p1] step=4096/22556 active=8/8 mi_stopped=0
tinker_cookbook.rl.ensemble:1270 [INFO]     [gen/p1] step=6144/22556 active=8/8 mi_stopped=0
tinker_cookbook.rl.ensemble:1270 [INFO]     [gen/p1] step=8192/22556 active=8/8 mi_stopped=0
tinker_cookbook.rl.ensemble:1270 [INFO]     [gen/p1] step=10240/22556 active=8/8 mi_stopped=0
tinker_cookbook.rl.ensemble:1270 [INFO]     [gen/p1] step=12288/22556 active=8/8 mi_stopped=0
tinker_cookbook.rl.ensemble:1270 [INFO]     [gen/p1] step=14336/22556 active=7/8 mi_stopped=0
tinker_cookbook.rl.ensemble:1270 [INFO]     [gen/p1] step=16384/22556 active=4/8 mi_stopped=0
tinker_cookbook.rl.ensemble:1270 [INFO]     [gen/p1] step=18432/22556 active=2/8 mi_stopped=0
__main__:1078 [INFO]   Group 7: multi-adapter generation 8 seqs in 2472.5s
__main__:1096 [INFO]   Group 7: batched ensemble scoring in 84.9s
__main__:1108 [INFO]   Group 7: rewards computed in 460.1s
__main__:1150 [INFO]     [g7][r1/8] adapter=2 R_exec=0.0000 true_MI=0.01237 RMI=0.0124 R_total=0.0012 correct=0 tokens=18781
__main__:1150 [INFO]     [g7][r2/8] adapter=3 R_exec=1.1898 true_MI=0.01325 RMI=0.0133 R_total=1.1912 correct=1 tokens=18165
__main__:1150 [INFO]     [g7][r3/8] adapter=4 R_exec=1.1898 true_MI=0.01312 RMI=0.0131 R_total=1.1912 correct=1 tokens=13389
__main__:1150 [INFO]     [g7][r4/8] adapter=0 R_exec=1.1898 true_MI=0.01301 RMI=0.0130 R_total=1.1911 correct=1 tokens=16221
__main__:1150 [INFO]     [g7][r5/8] adapter=1 R_exec=0.0000 true_MI=0.01429 RMI=0.0143 R_total=0.0014 correct=0 tokens=18408
__main__:1150 [INFO]     [g7][r6/8] adapter=2 R_exec=1.1898 true_MI=0.01258 RMI=0.0126 R_total=1.1911 correct=1 tokens=18519
__main__:1150 [INFO]     [g7][r7/8] adapter=3 R_exec=0.0000 true_MI=0.01298 RMI=0.0130 R_total=0.0013 correct=0 tokens=15371
__main__:1150 [INFO]     [g7][r8/8] adapter=4 R_exec=0.0000 true_MI=0.01222 RMI=0.0122 R_total=0.0012 correct=0 tokens=14902
__main__:1167 [INFO]   [g7] group true_MI: mean=0.01298 std=0.00064 max=0.01429 normalized=[0.95 1.02 1.01 1.00 1.10 0.97 1.00 0.94]
tinker_cookbook.utils.ml_log:143 [INFO] Wrote metrics to logs/aws/wave4/ahc039-ugttt/metrics.jsonl
tinker_cookbook.utils.ml_log:240 [INFO] Logging to: https://wandb.ai/kriaz-msee20seecs-nust/ugttt-rebuttal/runs/1r8hc8kt
tinker_cookbook.utils.ml_log:143 [INFO] Wrote metrics to logs/aws/wave4/ahc039-ugttt/metrics.jsonl
tinker_cookbook.utils.ml_log:240 [INFO] Logging to: https://wandb.ai/kriaz-msee20seecs-nust/ugttt-rebuttal/runs/1r8hc8kt
tinker_cookbook.utils.ml_log:143 [INFO] Wrote metrics to logs/aws/wave4/ahc039-ugttt/metrics.jsonl
tinker_cookbook.utils.ml_log:240 [INFO] Logging to: https://wandb.ai/kriaz-msee20seecs-nust/ugttt-rebuttal/runs/1r8hc8kt
tinker_cookbook.utils.ml_log:143 [INFO] Wrote metrics to logs/aws/wave4/ahc039-ugttt/metrics.jsonl
tinker_cookbook.utils.ml_log:240 [INFO] Logging to: https://wandb.ai/kriaz-msee20seecs-nust/ugttt-rebuttal/runs/1r8hc8kt
tinker_cookbook.utils.ml_log:143 [INFO] Wrote metrics to logs/aws/wave4/ahc039-ugttt/metrics.jsonl
tinker_cookbook.utils.ml_log:240 [INFO] Logging to: https://wandb.ai/kriaz-msee20seecs-nust/ugttt-rebuttal/runs/1r8hc8kt
tinker_cookbook.utils.ml_log:143 [INFO] Wrote metrics to logs/aws/wave4/ahc039-ugttt/metrics.jsonl
tinker_cookbook.utils.ml_log:240 [INFO] Logging to: https://wandb.ai/kriaz-msee20seecs-nust/ugttt-rebuttal/runs/1r8hc8kt
tinker_cookbook.utils.ml_log:143 [INFO] Wrote metrics to logs/aws/wave4/ahc039-ugttt/metrics.jsonl
tinker_cookbook.utils.ml_log:240 [INFO] Logging to: https://wandb.ai/kriaz-msee20seecs-nust/ugttt-rebuttal/runs/1r8hc8kt
tinker_cookbook.utils.ml_log:143 [INFO] Wrote metrics to logs/aws/wave4/ahc039-ugttt/metrics.jsonl
tinker_cookbook.utils.ml_log:240 [INFO] Logging to: https://wandb.ai/kriaz-msee20seecs-nust/ugttt-rebuttal/runs/1r8hc8kt
__main__:1949 [INFO]   [4][8/8] KEPT | R_exec=0.5949 (max=1.1898) RMI=0.0130 R_total=0.5962 | 2932.6s | GPU: 18.8/19.6GB
tinker_cookbook.utils.ml_log:143 [INFO] Wrote metrics to logs/aws/wave4/ahc039-ugttt/metrics.jsonl
tinker_cookbook.utils.ml_log:240 [INFO] Logging to: https://wandb.ai/kriaz-msee20seecs-nust/ugttt-rebuttal/runs/1r8hc8kt
__main__:1988 [INFO] [Epoch 4] Rollout phase done in 25910.1s. Training on 8/8 groups...
tinker_cookbook.utils.ml_log:143 [INFO] Wrote metrics to logs/aws/wave4/ahc039-ugttt/metrics.jsonl
tinker_cookbook.utils.ml_log:195 [INFO] 
┏━━━━━━━━━━━━━━━━━━━━━━━━━━━━━━━━┳━━━━━━━━━━━━━━━┓
┃ Metric                         ┃ Value         ┃
┡━━━━━━━━━━━━━━━━━━━━━━━━━━━━━━━━╇━━━━━━━━━━━━━━━┩
│ gpu/memory_allocated_gb        │ 18.828612     │
│ gpu/memory_peak_gb             │ 76.798070     │
│ gpu/memory_reserved_gb         │ 18.865979     │
│ kl_policy_base                 │ 0.002129      │
│ optim/entropy                  │ 0.443079      │
│ optim/kl_sample_train_v1       │ 0.004010      │
│ optim/kl_sample_train_v2       │ 0.004122      │
│ progress/done_frac             │ 0.833333      │
│ progress/epoch                 │ 4             │
│ rollout/groups_attempted       │ 8.000000      │
│ rollout/groups_filtered        │ 0.000000      │
│ rollout/groups_kept            │ 8.000000      │
│ rollout/intra_group_reward_std │ 0.434115      │
│ time/rollout                   │ 25910.094271  │
│ time/total                     │ 28095.124459  │
│ time/train                     │ 2184.899617   │
│ train/advantage/max            │ 10.890053     │
│ train/advantage/mean           │ 0.344782      │
│ train/advantage/min            │ -2.110097     │
│ train/advantage/std            │ 2.078152      │
│ train/beta/mean                │ 218182.366262 │
│ train/beta/std                 │ 387961.880349 │
│ train/correctness/mean         │ 0.468750      │
│ train/correctness/rate         │ 0.468750      │
│ train/ensemble/frac_high_disa… │ 0.499982      │
│ train/ensemble/max_token_disa… │ 10.139562     │
│ train/ensemble/member_logprob… │ 0.004464      │
│ train/ensemble/member_logprob… │ 0.001756      │
│ train/gamma_eff/mean           │ 0.625935      │
│ train/gen/num_tokens/max       │ 25398.000000  │
│ train/gen/num_tokens/mean      │ 15968.375000  │
│ train/gen/num_tokens/std       │ 5325.937900   │
│ train/group/rmi_exec_corr/mean │ -0.049354     │
│ train/group/rmi_exec_corr/std  │ 0.203820      │
│ train/loss                     │ -0.380448     │
│ train/nnm_loss                 │ -0.060296     │
│ train/nnm_nuclear_norm         │ 46.628619     │
│ train/num_groups               │ 8.000000      │
│ train/num_rollouts             │ 58.000000     │
│ train/num_rollouts_total       │ 64.000000     │
│ train/reward/exec/best         │ 1.266387      │
│ train/reward/exec/max          │ 1.266387      │
│ train/reward/exec/mean         │ 0.517944      │
│ train/reward/exec/min          │ 0.000000      │
│ train/reward/exec/std          │ 0.587514      │
│ train/reward/rmi/max           │ 0.016851      │
│ train/reward/rmi/mean          │ 0.013224      │
│ train/reward/rmi/min           │ 0.010968      │
│ train/reward/rmi/std           │ 0.000924      │
│ train/reward/total/best        │ 1.267573      │
│ train/reward/total/max         │ 1.267573      │
│ train/reward/total/mean        │ 0.519267      │
│ train/reward/total/min         │ 0.001161      │
│ train/reward/total/std         │ 0.587498      │
│ train/streaming_mi/stop_rate   │ 0.000000      │
│ train/streaming_mi/tokens_sav… │ 0.000000      │
│ train/streaming_mi/tokens_sav… │ 0.000000      │
│ train/two_phase/phase1_tokens… │ 15828.468750  │
│ train/two_phase/phase2_tokens… │ 138.875000    │
│ train/two_phase/prefill_rate   │ 0.046875      │
│ train/uncertainty/predictive_… │ 0.120350      │
│ train/uncertainty/predictive_… │ 0.097929      │
│ train/uncertainty/predictive_… │ 0.049328      │
│ train/uncertainty/predictive_… │ 0.016067      │
│ train/uncertainty/predictive_… │ 0.364983      │
│ train/uncertainty/predictive_… │ 0.362406      │
│ train/uncertainty/predictive_… │ 0.346270      │
│ train/uncertainty/predictive_… │ 0.003484      │
│ train/uncertainty/rmi/max      │ 0.003561      │
│ train/uncertainty/rmi/mean     │ 0.002498      │
│ train/uncertainty/rmi/min      │ 0.001690      │
│ train/uncertainty/rmi/std      │ 0.000312      │
│ train/uncertainty/rmi_top7/max │ 0.047561      │
│ train/uncertainty/rmi_top7/me… │ 0.028967      │
│ train/uncertainty/rmi_top7/min │ 0.021300      │
│ train/uncertainty/rmi_top7/std │ 0.004658      │
│ train/uncertainty/top7_mi_cod… │ 0.000473      │
│ train/uncertainty/top7_mi_cod… │ 0.002141      │
│ train/uncertainty/top7_mi_thi… │ 0.010788      │
│ train/uncertainty/top7_mi_thi… │ 0.001153      │
│ train/uncertainty/top7_pct_co… │ 0.000249      │
│ train/uncertainty/top7_pct_co… │ 0.001308      │
│ train/uncertainty/top7_pct_th… │ 0.839361      │
│ train/uncertainty/top7_pct_th… │ 0.147180      │
│ train/uncertainty/true_mi/max  │ 0.016851      │
│ train/uncertainty/true_mi/mean │ 0.013224      │
│ train/uncertainty/true_mi/min  │ 0.010968      │
│ train/uncertainty/true_mi/std  │ 0.000924      │
│ train/uncertainty/variance/max │ 0.012171      │
│ train/uncertainty/variance/me… │ 0.007007      │
│ train/uncertainty/variance/min │ 0.004729      │
│ train/uncertainty/variance/std │ 0.001206      │
│ train/uncertainty/variance_to… │ 0.165688      │
│ train/uncertainty/variance_to… │ 0.083277      │
│ train/uncertainty/variance_to… │ 0.060448      │
│ train/uncertainty/variance_to… │ 0.018523      │
└────────────────────────────────┴───────────────┘
tinker_cookbook.utils.ml_log:240 [INFO] Logging to: https://wandb.ai/kriaz-msee20seecs-nust/ugttt-rebuttal/runs/1r8hc8kt
__main__:2062 [INFO] [Epoch 4] R_exec=0.5179 (max=1.2664 best=1.2664) RMI=0.0132 beta=218182.37 corr=46.9% loss=-0.3804 nuc=46.629 groups=8/8 time=28095.1s
__main__:2073 [INFO] Checkpoint saved at epoch 4
__main__:1836 [INFO] [Epoch 5/6] Starting rollout phase: 8 groups × 8 rollouts
tinker_cookbook.rl.ensemble:1082 [INFO]   generate_batch_multi_adapter_two_phase: N=8 phase1_max=26000 streaming_mi=False kv_q=False
tinker_cookbook.rl.ensemble:1270 [INFO]     [gen/p1] step=2048/22583 active=8/8 mi_stopped=0
tinker_cookbook.rl.ensemble:1270 [INFO]     [gen/p1] step=4096/22583 active=8/8 mi_stopped=0
tinker_cookbook.rl.ensemble:1270 [INFO]     [gen/p1] step=6144/22583 active=8/8 mi_stopped=0
tinker_cookbook.rl.ensemble:1270 [INFO]     [gen/p1] step=8192/22583 active=8/8 mi_stopped=0
tinker_cookbook.rl.ensemble:1270 [INFO]     [gen/p1] step=10240/22583 active=8/8 mi_stopped=0
tinker_cookbook.rl.ensemble:1270 [INFO]     [gen/p1] step=12288/22583 active=8/8 mi_stopped=0
tinker_cookbook.rl.ensemble:1270 [INFO]     [gen/p1] step=14336/22583 active=8/8 mi_stopped=0
tinker_cookbook.rl.ensemble:1270 [INFO]     [gen/p1] step=16384/22583 active=8/8 mi_stopped=0
tinker_cookbook.rl.ensemble:1270 [INFO]     [gen/p1] step=18432/22583 active=6/8 mi_stopped=0
tinker_cookbook.rl.ensemble:1270 [INFO]     [gen/p1] step=20480/22583 active=3/8 mi_stopped=0
tinker_cookbook.rl.ensemble:1270 [INFO]     [gen/p1] step=22528/22583 active=1/8 mi_stopped=0
__main__:1078 [INFO]   Group 0: multi-adapter generation 8 seqs in 3955.0s
__main__:1096 [INFO]   Group 0: batched ensemble scoring in 102.4s
__main__:1108 [INFO]   Group 0: rewards computed in 328.7s
__main__:1150 [INFO]     [g0][r1/8] adapter=0 R_exec=1.2664 true_MI=0.01328 RMI=0.0133 R_total=1.2677 correct=1 tokens=17802
__main__:1150 [INFO]     [g0][r2/8] adapter=1 R_exec=0.0000 true_MI=0.01301 RMI=0.0130 R_total=0.0013 correct=0 tokens=25629 p1=22583 p2=3024
__main__:1150 [INFO]     [g0][r3/8] adapter=2 R_exec=1.0634 true_MI=0.01289 RMI=0.0129 R_total=1.0647 correct=1 tokens=21703
__main__:1150 [INFO]     [g0][r4/8] adapter=3 R_exec=1.1893 true_MI=0.01210 RMI=0.0121 R_total=1.1905 correct=1 tokens=19276
__main__:1150 [INFO]     [g0][r5/8] adapter=4 R_exec=0.0000 true_MI=0.01278 RMI=0.0128 R_total=0.0013 correct=0 tokens=18620
__main__:1150 [INFO]     [g0][r6/8] adapter=0 R_exec=0.0000 true_MI=0.01254 RMI=0.0125 R_total=0.0013 correct=0 tokens=17343
__main__:1150 [INFO]     [g0][r7/8] adapter=1 R_exec=1.2671 true_MI=0.01311 RMI=0.0131 R_total=1.2684 correct=1 tokens=21199
__main__:1150 [INFO]     [g0][r8/8] adapter=2 R_exec=0.9064 true_MI=0.01233 RMI=0.0123 R_total=0.9076 correct=1 tokens=19380
__main__:1167 [INFO]   [g0] group true_MI: mean=0.01275 std=0.00040 max=0.01328 normalized=[1.04 1.02 1.01 0.95 1.00 0.98 1.03 0.97]
tinker_cookbook.utils.ml_log:143 [INFO] Wrote metrics to logs/aws/wave4/ahc039-ugttt/metrics.jsonl
tinker_cookbook.utils.ml_log:240 [INFO] Logging to: https://wandb.ai/kriaz-msee20seecs-nust/ugttt-rebuttal/runs/1r8hc8kt
tinker_cookbook.utils.ml_log:143 [INFO] Wrote metrics to logs/aws/wave4/ahc039-ugttt/metrics.jsonl
tinker_cookbook.utils.ml_log:240 [INFO] Logging to: https://wandb.ai/kriaz-msee20seecs-nust/ugttt-rebuttal/runs/1r8hc8kt
tinker_cookbook.utils.ml_log:143 [INFO] Wrote metrics to logs/aws/wave4/ahc039-ugttt/metrics.jsonl
tinker_cookbook.utils.ml_log:240 [INFO] Logging to: https://wandb.ai/kriaz-msee20seecs-nust/ugttt-rebuttal/runs/1r8hc8kt
tinker_cookbook.utils.ml_log:143 [INFO] Wrote metrics to logs/aws/wave4/ahc039-ugttt/metrics.jsonl
tinker_cookbook.utils.ml_log:240 [INFO] Logging to: https://wandb.ai/kriaz-msee20seecs-nust/ugttt-rebuttal/runs/1r8hc8kt
tinker_cookbook.utils.ml_log:143 [INFO] Wrote metrics to logs/aws/wave4/ahc039-ugttt/metrics.jsonl
tinker_cookbook.utils.ml_log:240 [INFO] Logging to: https://wandb.ai/kriaz-msee20seecs-nust/ugttt-rebuttal/runs/1r8hc8kt
tinker_cookbook.utils.ml_log:143 [INFO] Wrote metrics to logs/aws/wave4/ahc039-ugttt/metrics.jsonl
tinker_cookbook.utils.ml_log:240 [INFO] Logging to: https://wandb.ai/kriaz-msee20seecs-nust/ugttt-rebuttal/runs/1r8hc8kt
tinker_cookbook.utils.ml_log:143 [INFO] Wrote metrics to logs/aws/wave4/ahc039-ugttt/metrics.jsonl
tinker_cookbook.utils.ml_log:240 [INFO] Logging to: https://wandb.ai/kriaz-msee20seecs-nust/ugttt-rebuttal/runs/1r8hc8kt
tinker_cookbook.utils.ml_log:143 [INFO] Wrote metrics to logs/aws/wave4/ahc039-ugttt/metrics.jsonl
tinker_cookbook.utils.ml_log:240 [INFO] Logging to: https://wandb.ai/kriaz-msee20seecs-nust/ugttt-rebuttal/runs/1r8hc8kt
__main__:1949 [INFO]   [5][1/8] KEPT | R_exec=0.7116 (max=1.2671) RMI=0.0128 R_total=0.7128 | 4283.8s | GPU: 18.8/19.8GB
tinker_cookbook.utils.ml_log:143 [INFO] Wrote metrics to logs/aws/wave4/ahc039-ugttt/metrics.jsonl
tinker_cookbook.utils.ml_log:240 [INFO] Logging to: https://wandb.ai/kriaz-msee20seecs-nust/ugttt-rebuttal/runs/1r8hc8kt
tinker_cookbook.rl.ensemble:1082 [INFO]   generate_batch_multi_adapter_two_phase: N=8 phase1_max=26000 streaming_mi=False kv_q=False
tinker_cookbook.rl.ensemble:1270 [INFO]     [gen/p1] step=2048/22752 active=8/8 mi_stopped=0
tinker_cookbook.rl.ensemble:1270 [INFO]     [gen/p1] step=4096/22752 active=8/8 mi_stopped=0
tinker_cookbook.rl.ensemble:1270 [INFO]     [gen/p1] step=6144/22752 active=8/8 mi_stopped=0
tinker_cookbook.rl.ensemble:1270 [INFO]     [gen/p1] step=8192/22752 active=8/8 mi_stopped=0
tinker_cookbook.rl.ensemble:1270 [INFO]     [gen/p1] step=10240/22752 active=8/8 mi_stopped=0
tinker_cookbook.rl.ensemble:1270 [INFO]     [gen/p1] step=12288/22752 active=7/8 mi_stopped=0
tinker_cookbook.rl.ensemble:1270 [INFO]     [gen/p1] step=14336/22752 active=6/8 mi_stopped=0
tinker_cookbook.rl.ensemble:1270 [INFO]     [gen/p1] step=16384/22752 active=3/8 mi_stopped=0
tinker_cookbook.rl.ensemble:1270 [INFO]     [gen/p1] step=18432/22752 active=1/8 mi_stopped=0
tinker_cookbook.rl.ensemble:1270 [INFO]     [gen/p1] step=20480/22752 active=1/8 mi_stopped=0
__main__:1078 [INFO]   Group 1: multi-adapter generation 8 seqs in 2838.4s
__main__:1096 [INFO]   Group 1: batched ensemble scoring in 80.5s
__main__:1108 [INFO]   Group 1: rewards computed in 123.9s
__main__:1150 [INFO]     [g1][r1/8] adapter=0 R_exec=1.2530 true_MI=0.01280 RMI=0.0128 R_total=1.2543 correct=1 tokens=20728
__main__:1150 [INFO]     [g1][r2/8] adapter=1 R_exec=0.0956 true_MI=0.01251 RMI=0.0125 R_total=0.0969 correct=1 tokens=15322
__main__:1150 [INFO]     [g1][r3/8] adapter=2 R_exec=0.9380 true_MI=0.01450 RMI=0.0145 R_total=0.9394 correct=1 tokens=11291
__main__:1150 [INFO]     [g1][r4/8] adapter=3 R_exec=1.2652 true_MI=0.01339 RMI=0.0134 R_total=1.2666 correct=1 tokens=14227
__main__:1150 [INFO]     [g1][r5/8] adapter=4 R_exec=1.2530 true_MI=0.01265 RMI=0.0127 R_total=1.2543 correct=1 tokens=14745
__main__:1150 [INFO]     [g1][r6/8] adapter=0 R_exec=1.2530 true_MI=0.01252 RMI=0.0125 R_total=1.2542 correct=1 tokens=15679
__main__:1150 [INFO]     [g1][r7/8] adapter=1 R_exec=1.2530 true_MI=0.01321 RMI=0.0132 R_total=1.2543 correct=1 tokens=17884
__main__:1150 [INFO]     [g1][r8/8] adapter=2 R_exec=1.2530 true_MI=0.01295 RMI=0.0129 R_total=1.2543 correct=1 tokens=17861
__main__:1167 [INFO]   [g1] group true_MI: mean=0.01307 std=0.00066 max=0.01450 normalized=[0.98 0.96 1.11 1.02 0.97 0.96 1.01 0.99]
tinker_cookbook.utils.ml_log:143 [INFO] Wrote metrics to logs/aws/wave4/ahc039-ugttt/metrics.jsonl
tinker_cookbook.utils.ml_log:240 [INFO] Logging to: https://wandb.ai/kriaz-msee20seecs-nust/ugttt-rebuttal/runs/1r8hc8kt
tinker_cookbook.utils.ml_log:143 [INFO] Wrote metrics to logs/aws/wave4/ahc039-ugttt/metrics.jsonl
tinker_cookbook.utils.ml_log:240 [INFO] Logging to: https://wandb.ai/kriaz-msee20seecs-nust/ugttt-rebuttal/runs/1r8hc8kt
tinker_cookbook.utils.ml_log:143 [INFO] Wrote metrics to logs/aws/wave4/ahc039-ugttt/metrics.jsonl
tinker_cookbook.utils.ml_log:240 [INFO] Logging to: https://wandb.ai/kriaz-msee20seecs-nust/ugttt-rebuttal/runs/1r8hc8kt
tinker_cookbook.utils.ml_log:143 [INFO] Wrote metrics to logs/aws/wave4/ahc039-ugttt/metrics.jsonl
tinker_cookbook.utils.ml_log:240 [INFO] Logging to: https://wandb.ai/kriaz-msee20seecs-nust/ugttt-rebuttal/runs/1r8hc8kt
tinker_cookbook.utils.ml_log:143 [INFO] Wrote metrics to logs/aws/wave4/ahc039-ugttt/metrics.jsonl
tinker_cookbook.utils.ml_log:240 [INFO] Logging to: https://wandb.ai/kriaz-msee20seecs-nust/ugttt-rebuttal/runs/1r8hc8kt
tinker_cookbook.utils.ml_log:143 [INFO] Wrote metrics to logs/aws/wave4/ahc039-ugttt/metrics.jsonl
tinker_cookbook.utils.ml_log:240 [INFO] Logging to: https://wandb.ai/kriaz-msee20seecs-nust/ugttt-rebuttal/runs/1r8hc8kt
tinker_cookbook.utils.ml_log:143 [INFO] Wrote metrics to logs/aws/wave4/ahc039-ugttt/metrics.jsonl
tinker_cookbook.utils.ml_log:240 [INFO] Logging to: https://wandb.ai/kriaz-msee20seecs-nust/ugttt-rebuttal/runs/1r8hc8kt
tinker_cookbook.utils.ml_log:143 [INFO] Wrote metrics to logs/aws/wave4/ahc039-ugttt/metrics.jsonl
tinker_cookbook.utils.ml_log:240 [INFO] Logging to: https://wandb.ai/kriaz-msee20seecs-nust/ugttt-rebuttal/runs/1r8hc8kt
__main__:1949 [INFO]   [5][2/8] KEPT | R_exec=1.0705 (max=1.2652) RMI=0.0131 R_total=1.0718 | 2962.4s | GPU: 18.8/19.7GB
tinker_cookbook.utils.ml_log:143 [INFO] Wrote metrics to logs/aws/wave4/ahc039-ugttt/metrics.jsonl
tinker_cookbook.utils.ml_log:240 [INFO] Logging to: https://wandb.ai/kriaz-msee20seecs-nust/ugttt-rebuttal/runs/1r8hc8kt
tinker_cookbook.rl.ensemble:1082 [INFO]   generate_batch_multi_adapter_two_phase: N=8 phase1_max=26000 streaming_mi=False kv_q=False
tinker_cookbook.rl.ensemble:1270 [INFO]     [gen/p1] step=2048/23450 active=8/8 mi_stopped=0
tinker_cookbook.rl.ensemble:1270 [INFO]     [gen/p1] step=4096/23450 active=8/8 mi_stopped=0
tinker_cookbook.rl.ensemble:1270 [INFO]     [gen/p1] step=6144/23450 active=8/8 mi_stopped=0
tinker_cookbook.rl.ensemble:1270 [INFO]     [gen/p1] step=8192/23450 active=8/8 mi_stopped=0
tinker_cookbook.rl.ensemble:1270 [INFO]     [gen/p1] step=10240/23450 active=8/8 mi_stopped=0
tinker_cookbook.rl.ensemble:1270 [INFO]     [gen/p1] step=12288/23450 active=8/8 mi_stopped=0
tinker_cookbook.rl.ensemble:1270 [INFO]     [gen/p1] step=14336/23450 active=7/8 mi_stopped=0
tinker_cookbook.rl.ensemble:1270 [INFO]     [gen/p1] step=16384/23450 active=5/8 mi_stopped=0
tinker_cookbook.rl.ensemble:1270 [INFO]     [gen/p1] step=18432/23450 active=2/8 mi_stopped=0
tinker_cookbook.rl.ensemble:1270 [INFO]     [gen/p1] step=20480/23450 active=2/8 mi_stopped=0
__main__:1078 [INFO]   Group 2: multi-adapter generation 8 seqs in 3116.0s
__main__:1096 [INFO]   Group 2: batched ensemble scoring in 86.1s
__main__:1108 [INFO]   Group 2: rewards computed in 202.0s
__main__:1150 [INFO]     [g2][r1/8] adapter=0 R_exec=0.0531 true_MI=0.01273 RMI=0.0127 R_total=0.0544 correct=1 tokens=22450
__main__:1150 [INFO]     [g2][r2/8] adapter=1 R_exec=0.1688 true_MI=0.01246 RMI=0.0125 R_total=0.1700 correct=1 tokens=18384
__main__:1150 [INFO]     [g2][r3/8] adapter=2 R_exec=1.2532 true_MI=0.01322 RMI=0.0132 R_total=1.2545 correct=1 tokens=14229
__main__:1150 [INFO]     [g2][r4/8] adapter=3 R_exec=0.0000 true_MI=0.01335 RMI=0.0134 R_total=0.0013 correct=0 tokens=16919
__main__:1150 [INFO]     [g2][r5/8] adapter=4 R_exec=1.2530 true_MI=0.01308 RMI=0.0131 R_total=1.2543 correct=1 tokens=16480
__main__:1150 [INFO]     [g2][r6/8] adapter=0 R_exec=0.0000 true_MI=0.01289 RMI=0.0129 R_total=0.0013 correct=0 tokens=15493
__main__:1150 [INFO]     [g2][r7/8] adapter=1 R_exec=0.9431 true_MI=0.01328 RMI=0.0133 R_total=0.9444 correct=1 tokens=21959
__main__:1150 [INFO]     [g2][r8/8] adapter=2 R_exec=0.0000 true_MI=0.01359 RMI=0.0136 R_total=0.0014 correct=0 tokens=16290
__main__:1167 [INFO]   [g2] group true_MI: mean=0.01307 std=0.00037 max=0.01359 normalized=[0.97 0.95 1.01 1.02 1.00 0.99 1.02 1.04]
tinker_cookbook.utils.ml_log:143 [INFO] Wrote metrics to logs/aws/wave4/ahc039-ugttt/metrics.jsonl
tinker_cookbook.utils.ml_log:240 [INFO] Logging to: https://wandb.ai/kriaz-msee20seecs-nust/ugttt-rebuttal/runs/1r8hc8kt
tinker_cookbook.utils.ml_log:143 [INFO] Wrote metrics to logs/aws/wave4/ahc039-ugttt/metrics.jsonl
tinker_cookbook.utils.ml_log:240 [INFO] Logging to: https://wandb.ai/kriaz-msee20seecs-nust/ugttt-rebuttal/runs/1r8hc8kt
tinker_cookbook.utils.ml_log:143 [INFO] Wrote metrics to logs/aws/wave4/ahc039-ugttt/metrics.jsonl
tinker_cookbook.utils.ml_log:240 [INFO] Logging to: https://wandb.ai/kriaz-msee20seecs-nust/ugttt-rebuttal/runs/1r8hc8kt
tinker_cookbook.utils.ml_log:143 [INFO] Wrote metrics to logs/aws/wave4/ahc039-ugttt/metrics.jsonl
tinker_cookbook.utils.ml_log:240 [INFO] Logging to: https://wandb.ai/kriaz-msee20seecs-nust/ugttt-rebuttal/runs/1r8hc8kt
tinker_cookbook.utils.ml_log:143 [INFO] Wrote metrics to logs/aws/wave4/ahc039-ugttt/metrics.jsonl
tinker_cookbook.utils.ml_log:240 [INFO] Logging to: https://wandb.ai/kriaz-msee20seecs-nust/ugttt-rebuttal/runs/1r8hc8kt
tinker_cookbook.utils.ml_log:143 [INFO] Wrote metrics to logs/aws/wave4/ahc039-ugttt/metrics.jsonl
tinker_cookbook.utils.ml_log:240 [INFO] Logging to: https://wandb.ai/kriaz-msee20seecs-nust/ugttt-rebuttal/runs/1r8hc8kt
tinker_cookbook.utils.ml_log:143 [INFO] Wrote metrics to logs/aws/wave4/ahc039-ugttt/metrics.jsonl
tinker_cookbook.utils.ml_log:240 [INFO] Logging to: https://wandb.ai/kriaz-msee20seecs-nust/ugttt-rebuttal/runs/1r8hc8kt
tinker_cookbook.utils.ml_log:143 [INFO] Wrote metrics to logs/aws/wave4/ahc039-ugttt/metrics.jsonl
tinker_cookbook.utils.ml_log:240 [INFO] Logging to: https://wandb.ai/kriaz-msee20seecs-nust/ugttt-rebuttal/runs/1r8hc8kt
__main__:1949 [INFO]   [5][3/8] KEPT | R_exec=0.4589 (max=1.2532) RMI=0.0131 R_total=0.4602 | 3318.1s | GPU: 18.8/19.6GB
tinker_cookbook.utils.ml_log:143 [INFO] Wrote metrics to logs/aws/wave4/ahc039-ugttt/metrics.jsonl
tinker_cookbook.utils.ml_log:240 [INFO] Logging to: https://wandb.ai/kriaz-msee20seecs-nust/ugttt-rebuttal/runs/1r8hc8kt
tinker_cookbook.rl.ensemble:1082 [INFO]   generate_batch_multi_adapter_two_phase: N=8 phase1_max=26000 streaming_mi=False kv_q=False
tinker_cookbook.rl.ensemble:1270 [INFO]     [gen/p1] step=2048/22828 active=8/8 mi_stopped=0
tinker_cookbook.rl.ensemble:1270 [INFO]     [gen/p1] step=4096/22828 active=8/8 mi_stopped=0
tinker_cookbook.rl.ensemble:1270 [INFO]     [gen/p1] step=6144/22828 active=8/8 mi_stopped=0
tinker_cookbook.rl.ensemble:1270 [INFO]     [gen/p1] step=8192/22828 active=8/8 mi_stopped=0
tinker_cookbook.rl.ensemble:1270 [INFO]     [gen/p1] step=10240/22828 active=8/8 mi_stopped=0
tinker_cookbook.rl.ensemble:1270 [INFO]     [gen/p1] step=12288/22828 active=8/8 mi_stopped=0
tinker_cookbook.rl.ensemble:1270 [INFO]     [gen/p1] step=14336/22828 active=8/8 mi_stopped=0
tinker_cookbook.rl.ensemble:1270 [INFO]     [gen/p1] step=16384/22828 active=3/8 mi_stopped=0
tinker_cookbook.rl.ensemble:1270 [INFO]     [gen/p1] step=18432/22828 active=3/8 mi_stopped=0
tinker_cookbook.rl.ensemble:1270 [INFO]     [gen/p1] step=20480/22828 active=2/8 mi_stopped=0
__main__:1078 [INFO]   Group 3: multi-adapter generation 8 seqs in 2886.3s
__main__:1096 [INFO]   Group 3: batched ensemble scoring in 85.7s
__main__:1108 [INFO]   Group 3: rewards computed in 100.2s
__main__:1150 [INFO]     [g3][r1/8] adapter=0 R_exec=0.0947 true_MI=0.01330 RMI=0.0133 R_total=0.0960 correct=1 tokens=15331
__main__:1150 [INFO]     [g3][r2/8] adapter=1 R_exec=1.2530 true_MI=0.01256 RMI=0.0126 R_total=1.2542 correct=1 tokens=15165
__main__:1150 [INFO]     [g3][r3/8] adapter=2 R_exec=1.2530 true_MI=0.01296 RMI=0.0130 R_total=1.2543 correct=1 tokens=14810
__main__:1150 [INFO]     [g3][r4/8] adapter=3 R_exec=0.0000 true_MI=0.01287 RMI=0.0129 R_total=0.0013 correct=0 tokens=21009
__main__:1150 [INFO]     [g3][r5/8] adapter=4 R_exec=1.2530 true_MI=0.01202 RMI=0.0120 R_total=1.2542 correct=1 tokens=20942
__main__:1150 [INFO]     [g3][r6/8] adapter=0 R_exec=0.0000 true_MI=0.01332 RMI=0.0133 R_total=0.0013 correct=0 tokens=15396
__main__:1150 [INFO]     [g3][r7/8] adapter=1 R_exec=1.2558 true_MI=0.01304 RMI=0.0130 R_total=1.2571 correct=1 tokens=18607
__main__:1150 [INFO]     [g3][r8/8] adapter=2 R_exec=1.2530 true_MI=0.01354 RMI=0.0135 R_total=1.2543 correct=1 tokens=15327
__main__:1167 [INFO]   [g3] group true_MI: mean=0.01295 std=0.00048 max=0.01354 normalized=[1.03 0.97 1.00 0.99 0.93 1.03 1.01 1.05]
tinker_cookbook.utils.ml_log:143 [INFO] Wrote metrics to logs/aws/wave4/ahc039-ugttt/metrics.jsonl
tinker_cookbook.utils.ml_log:240 [INFO] Logging to: https://wandb.ai/kriaz-msee20seecs-nust/ugttt-rebuttal/runs/1r8hc8kt
tinker_cookbook.utils.ml_log:143 [INFO] Wrote metrics to logs/aws/wave4/ahc039-ugttt/metrics.jsonl
tinker_cookbook.utils.ml_log:240 [INFO] Logging to: https://wandb.ai/kriaz-msee20seecs-nust/ugttt-rebuttal/runs/1r8hc8kt
tinker_cookbook.utils.ml_log:143 [INFO] Wrote metrics to logs/aws/wave4/ahc039-ugttt/metrics.jsonl
tinker_cookbook.utils.ml_log:240 [INFO] Logging to: https://wandb.ai/kriaz-msee20seecs-nust/ugttt-rebuttal/runs/1r8hc8kt
tinker_cookbook.utils.ml_log:143 [INFO] Wrote metrics to logs/aws/wave4/ahc039-ugttt/metrics.jsonl
tinker_cookbook.utils.ml_log:240 [INFO] Logging to: https://wandb.ai/kriaz-msee20seecs-nust/ugttt-rebuttal/runs/1r8hc8kt
tinker_cookbook.utils.ml_log:143 [INFO] Wrote metrics to logs/aws/wave4/ahc039-ugttt/metrics.jsonl
tinker_cookbook.utils.ml_log:240 [INFO] Logging to: https://wandb.ai/kriaz-msee20seecs-nust/ugttt-rebuttal/runs/1r8hc8kt
tinker_cookbook.utils.ml_log:143 [INFO] Wrote metrics to logs/aws/wave4/ahc039-ugttt/metrics.jsonl
tinker_cookbook.utils.ml_log:240 [INFO] Logging to: https://wandb.ai/kriaz-msee20seecs-nust/ugttt-rebuttal/runs/1r8hc8kt
tinker_cookbook.utils.ml_log:143 [INFO] Wrote metrics to logs/aws/wave4/ahc039-ugttt/metrics.jsonl
tinker_cookbook.utils.ml_log:240 [INFO] Logging to: https://wandb.ai/kriaz-msee20seecs-nust/ugttt-rebuttal/runs/1r8hc8kt
tinker_cookbook.utils.ml_log:143 [INFO] Wrote metrics to logs/aws/wave4/ahc039-ugttt/metrics.jsonl
tinker_cookbook.utils.ml_log:240 [INFO] Logging to: https://wandb.ai/kriaz-msee20seecs-nust/ugttt-rebuttal/runs/1r8hc8kt
__main__:1949 [INFO]   [5][4/8] KEPT | R_exec=0.7953 (max=1.2558) RMI=0.0130 R_total=0.7966 | 2986.6s | GPU: 18.8/19.6GB
tinker_cookbook.utils.ml_log:143 [INFO] Wrote metrics to logs/aws/wave4/ahc039-ugttt/metrics.jsonl
tinker_cookbook.utils.ml_log:240 [INFO] Logging to: https://wandb.ai/kriaz-msee20seecs-nust/ugttt-rebuttal/runs/1r8hc8kt
tinker_cookbook.rl.ensemble:1082 [INFO]   generate_batch_multi_adapter_two_phase: N=8 phase1_max=26000 streaming_mi=False kv_q=False
tinker_cookbook.rl.ensemble:1270 [INFO]     [gen/p1] step=2048/21904 active=6/8 mi_stopped=0
tinker_cookbook.rl.ensemble:1270 [INFO]     [gen/p1] step=4096/21904 active=2/8 mi_stopped=0
tinker_cookbook.rl.ensemble:1270 [INFO]     [gen/p1] step=6144/21904 active=2/8 mi_stopped=0
tinker_cookbook.rl.ensemble:1270 [INFO]     [gen/p1] step=8192/21904 active=2/8 mi_stopped=0
tinker_cookbook.rl.ensemble:1270 [INFO]     [gen/p1] step=10240/21904 active=1/8 mi_stopped=0
tinker_cookbook.rl.ensemble:1270 [INFO]     [gen/p1] step=12288/21904 active=1/8 mi_stopped=0
__main__:1078 [INFO]   Group 4: multi-adapter generation 8 seqs in 1443.6s
__main__:1096 [INFO]   Group 4: batched ensemble scoring in 34.9s
__main__:1108 [INFO]   Group 4: rewards computed in 78.9s
__main__:1150 [INFO]     [g4][r1/8] adapter=0 R_exec=1.1541 true_MI=0.01382 RMI=0.0138 R_total=1.1555 correct=1 tokens=2741
__main__:1150 [INFO]     [g4][r2/8] adapter=1 R_exec=0.0000 true_MI=0.01670 RMI=0.0167 R_total=0.0017 correct=0 tokens=1386
__main__:1150 [INFO]     [g4][r3/8] adapter=2 R_exec=0.0000 true_MI=0.01296 RMI=0.0130 R_total=0.0013 correct=0 tokens=3758
__main__:1150 [INFO]     [g4][r4/8] adapter=3 R_exec=0.0000 true_MI=0.01500 RMI=0.0150 R_total=0.0015 correct=0 tokens=1585
__main__:1150 [INFO]     [g4][r5/8] adapter=4 R_exec=0.0000 true_MI=0.01295 RMI=0.0129 R_total=0.0013 correct=0 tokens=3803
__main__:1150 [INFO]     [g4][r6/8] adapter=0 R_exec=1.2533 true_MI=0.01252 RMI=0.0125 R_total=1.2546 correct=1 tokens=10229
__main__:1150 [INFO]     [g4][r7/8] adapter=1 R_exec=1.1541 true_MI=0.01289 RMI=0.0129 R_total=1.1554 correct=1 tokens=12619
__main__:1150 [INFO]     [g4][r8/8] adapter=2 R_exec=0.0000 true_MI=0.01487 RMI=0.0149 R_total=0.0015 correct=0 tokens=2829
__main__:1167 [INFO]   [g4] group true_MI: mean=0.01396 std=0.00145 max=0.01670 normalized=[0.99 1.20 0.93 1.07 0.93 0.90 0.92 1.06]
tinker_cookbook.utils.ml_log:143 [INFO] Wrote metrics to logs/aws/wave4/ahc039-ugttt/metrics.jsonl
tinker_cookbook.utils.ml_log:240 [INFO] Logging to: https://wandb.ai/kriaz-msee20seecs-nust/ugttt-rebuttal/runs/1r8hc8kt
tinker_cookbook.utils.ml_log:143 [INFO] Wrote metrics to logs/aws/wave4/ahc039-ugttt/metrics.jsonl
tinker_cookbook.utils.ml_log:240 [INFO] Logging to: https://wandb.ai/kriaz-msee20seecs-nust/ugttt-rebuttal/runs/1r8hc8kt
tinker_cookbook.utils.ml_log:143 [INFO] Wrote metrics to logs/aws/wave4/ahc039-ugttt/metrics.jsonl
tinker_cookbook.utils.ml_log:240 [INFO] Logging to: https://wandb.ai/kriaz-msee20seecs-nust/ugttt-rebuttal/runs/1r8hc8kt
tinker_cookbook.utils.ml_log:143 [INFO] Wrote metrics to logs/aws/wave4/ahc039-ugttt/metrics.jsonl
tinker_cookbook.utils.ml_log:240 [INFO] Logging to: https://wandb.ai/kriaz-msee20seecs-nust/ugttt-rebuttal/runs/1r8hc8kt
tinker_cookbook.utils.ml_log:143 [INFO] Wrote metrics to logs/aws/wave4/ahc039-ugttt/metrics.jsonl
tinker_cookbook.utils.ml_log:240 [INFO] Logging to: https://wandb.ai/kriaz-msee20seecs-nust/ugttt-rebuttal/runs/1r8hc8kt
tinker_cookbook.utils.ml_log:143 [INFO] Wrote metrics to logs/aws/wave4/ahc039-ugttt/metrics.jsonl
tinker_cookbook.utils.ml_log:240 [INFO] Logging to: https://wandb.ai/kriaz-msee20seecs-nust/ugttt-rebuttal/runs/1r8hc8kt
tinker_cookbook.utils.ml_log:143 [INFO] Wrote metrics to logs/aws/wave4/ahc039-ugttt/metrics.jsonl
tinker_cookbook.utils.ml_log:240 [INFO] Logging to: https://wandb.ai/kriaz-msee20seecs-nust/ugttt-rebuttal/runs/1r8hc8kt
tinker_cookbook.utils.ml_log:143 [INFO] Wrote metrics to logs/aws/wave4/ahc039-ugttt/metrics.jsonl
tinker_cookbook.utils.ml_log:240 [INFO] Logging to: https://wandb.ai/kriaz-msee20seecs-nust/ugttt-rebuttal/runs/1r8hc8kt
__main__:1949 [INFO]   [5][5/8] KEPT | R_exec=0.4452 (max=1.2533) RMI=0.0140 R_total=0.4466 | 1522.5s | GPU: 18.8/19.2GB
tinker_cookbook.utils.ml_log:143 [INFO] Wrote metrics to logs/aws/wave4/ahc039-ugttt/metrics.jsonl
tinker_cookbook.utils.ml_log:240 [INFO] Logging to: https://wandb.ai/kriaz-msee20seecs-nust/ugttt-rebuttal/runs/1r8hc8kt
tinker_cookbook.rl.ensemble:1082 [INFO]   generate_batch_multi_adapter_two_phase: N=8 phase1_max=26000 streaming_mi=False kv_q=False
tinker_cookbook.rl.ensemble:1270 [INFO]     [gen/p1] step=2048/21904 active=8/8 mi_stopped=0
tinker_cookbook.rl.ensemble:1270 [INFO]     [gen/p1] step=4096/21904 active=5/8 mi_stopped=0
tinker_cookbook.rl.ensemble:1270 [INFO]     [gen/p1] step=6144/21904 active=4/8 mi_stopped=0
tinker_cookbook.rl.ensemble:1270 [INFO]     [gen/p1] step=8192/21904 active=4/8 mi_stopped=0
tinker_cookbook.rl.ensemble:1270 [INFO]     [gen/p1] step=10240/21904 active=2/8 mi_stopped=0
tinker_cookbook.rl.ensemble:1270 [INFO]     [gen/p1] step=12288/21904 active=2/8 mi_stopped=0
tinker_cookbook.rl.ensemble:1270 [INFO]     [gen/p1] step=14336/21904 active=1/8 mi_stopped=0
__main__:1078 [INFO]   Group 5: multi-adapter generation 8 seqs in 1723.6s
__main__:1096 [INFO]   Group 5: batched ensemble scoring in 46.4s
__main__:1108 [INFO]   Group 5: rewards computed in 115.2s
__main__:1150 [INFO]     [g5][r1/8] adapter=0 R_exec=0.0000 true_MI=0.01337 RMI=0.0134 R_total=0.0013 correct=0 tokens=9030
__main__:1150 [INFO]     [g5][r2/8] adapter=1 R_exec=0.0000 true_MI=0.01359 RMI=0.0136 R_total=0.0014 correct=0 tokens=3118
__main__:1150 [INFO]     [g5][r3/8] adapter=2 R_exec=0.0000 true_MI=0.01217 RMI=0.0122 R_total=0.0012 correct=0 tokens=4761
__main__:1150 [INFO]     [g5][r4/8] adapter=3 R_exec=0.0000 true_MI=0.01341 RMI=0.0134 R_total=0.0013 correct=0 tokens=2652
__main__:1150 [INFO]     [g5][r5/8] adapter=4 R_exec=0.0000 true_MI=0.01150 RMI=0.0115 R_total=0.0012 correct=0 tokens=14365
__main__:1150 [INFO]     [g5][r6/8] adapter=0 R_exec=0.0000 true_MI=0.01168 RMI=0.0117 R_total=0.0012 correct=0 tokens=13974
__main__:1150 [INFO]     [g5][r7/8] adapter=1 R_exec=0.0000 true_MI=0.01136 RMI=0.0114 R_total=0.0011 correct=0 tokens=8949
__main__:1150 [INFO]     [g5][r8/8] adapter=2 R_exec=0.0000 true_MI=0.01328 RMI=0.0133 R_total=0.0013 correct=0 tokens=3505
__main__:1167 [INFO]   [g5] group true_MI: mean=0.01254 std=0.00096 max=0.01359 normalized=[1.07 1.08 0.97 1.07 0.92 0.93 0.91 1.06]
tinker_cookbook.utils.ml_log:143 [INFO] Wrote metrics to logs/aws/wave4/ahc039-ugttt/metrics.jsonl
tinker_cookbook.utils.ml_log:240 [INFO] Logging to: https://wandb.ai/kriaz-msee20seecs-nust/ugttt-rebuttal/runs/1r8hc8kt
tinker_cookbook.utils.ml_log:143 [INFO] Wrote metrics to logs/aws/wave4/ahc039-ugttt/metrics.jsonl
tinker_cookbook.utils.ml_log:240 [INFO] Logging to: https://wandb.ai/kriaz-msee20seecs-nust/ugttt-rebuttal/runs/1r8hc8kt
tinker_cookbook.utils.ml_log:143 [INFO] Wrote metrics to logs/aws/wave4/ahc039-ugttt/metrics.jsonl
tinker_cookbook.utils.ml_log:240 [INFO] Logging to: https://wandb.ai/kriaz-msee20seecs-nust/ugttt-rebuttal/runs/1r8hc8kt
tinker_cookbook.utils.ml_log:143 [INFO] Wrote metrics to logs/aws/wave4/ahc039-ugttt/metrics.jsonl
tinker_cookbook.utils.ml_log:240 [INFO] Logging to: https://wandb.ai/kriaz-msee20seecs-nust/ugttt-rebuttal/runs/1r8hc8kt
tinker_cookbook.utils.ml_log:143 [INFO] Wrote metrics to logs/aws/wave4/ahc039-ugttt/metrics.jsonl
tinker_cookbook.utils.ml_log:240 [INFO] Logging to: https://wandb.ai/kriaz-msee20seecs-nust/ugttt-rebuttal/runs/1r8hc8kt
tinker_cookbook.utils.ml_log:143 [INFO] Wrote metrics to logs/aws/wave4/ahc039-ugttt/metrics.jsonl
tinker_cookbook.utils.ml_log:240 [INFO] Logging to: https://wandb.ai/kriaz-msee20seecs-nust/ugttt-rebuttal/runs/1r8hc8kt
tinker_cookbook.utils.ml_log:143 [INFO] Wrote metrics to logs/aws/wave4/ahc039-ugttt/metrics.jsonl
tinker_cookbook.utils.ml_log:240 [INFO] Logging to: https://wandb.ai/kriaz-msee20seecs-nust/ugttt-rebuttal/runs/1r8hc8kt
tinker_cookbook.utils.ml_log:143 [INFO] Wrote metrics to logs/aws/wave4/ahc039-ugttt/metrics.jsonl
tinker_cookbook.utils.ml_log:240 [INFO] Logging to: https://wandb.ai/kriaz-msee20seecs-nust/ugttt-rebuttal/runs/1r8hc8kt
__main__:1949 [INFO]   [5][6/8] KEPT | R_exec=0.0000 (max=0.0000) RMI=0.0125 R_total=0.0013 | 1838.8s | GPU: 18.8/19.2GB
tinker_cookbook.utils.ml_log:143 [INFO] Wrote metrics to logs/aws/wave4/ahc039-ugttt/metrics.jsonl
tinker_cookbook.utils.ml_log:240 [INFO] Logging to: https://wandb.ai/kriaz-msee20seecs-nust/ugttt-rebuttal/runs/1r8hc8kt
tinker_cookbook.rl.ensemble:1082 [INFO]   generate_batch_multi_adapter_two_phase: N=8 phase1_max=26000 streaming_mi=False kv_q=False
tinker_cookbook.rl.ensemble:1270 [INFO]     [gen/p1] step=2048/22747 active=8/8 mi_stopped=0
tinker_cookbook.rl.ensemble:1270 [INFO]     [gen/p1] step=4096/22747 active=8/8 mi_stopped=0
tinker_cookbook.rl.ensemble:1270 [INFO]     [gen/p1] step=6144/22747 active=8/8 mi_stopped=0
tinker_cookbook.rl.ensemble:1270 [INFO]     [gen/p1] step=8192/22747 active=8/8 mi_stopped=0
tinker_cookbook.rl.ensemble:1270 [INFO]     [gen/p1] step=10240/22747 active=8/8 mi_stopped=0
tinker_cookbook.rl.ensemble:1270 [INFO]     [gen/p1] step=12288/22747 active=8/8 mi_stopped=0
tinker_cookbook.rl.ensemble:1270 [INFO]     [gen/p1] step=14336/22747 active=8/8 mi_stopped=0
tinker_cookbook.rl.ensemble:1270 [INFO]     [gen/p1] step=16384/22747 active=6/8 mi_stopped=0
tinker_cookbook.rl.ensemble:1270 [INFO]     [gen/p1] step=18432/22747 active=1/8 mi_stopped=0
tinker_cookbook.rl.ensemble:1270 [INFO]     [gen/p1] step=20480/22747 active=1/8 mi_stopped=0
__main__:1078 [INFO]   Group 6: multi-adapter generation 8 seqs in 2923.4s
__main__:1096 [INFO]   Group 6: batched ensemble scoring in 86.5s
__main__:1108 [INFO]   Group 6: rewards computed in 115.6s
__main__:1150 [INFO]     [g6][r1/8] adapter=0 R_exec=1.2475 true_MI=0.01382 RMI=0.0138 R_total=1.2489 correct=1 tokens=14814
__main__:1150 [INFO]     [g6][r2/8] adapter=1 R_exec=1.2530 true_MI=0.01264 RMI=0.0126 R_total=1.2543 correct=1 tokens=21134
__main__:1150 [INFO]     [g6][r3/8] adapter=2 R_exec=0.0000 true_MI=0.01325 RMI=0.0132 R_total=0.0013 correct=0 tokens=16666
__main__:1150 [INFO]     [g6][r4/8] adapter=3 R_exec=0.0000 true_MI=0.01307 RMI=0.0131 R_total=0.0013 correct=0 tokens=17483
__main__:1150 [INFO]     [g6][r5/8] adapter=4 R_exec=0.0000 true_MI=0.01427 RMI=0.0143 R_total=0.0014 correct=0 tokens=16887
__main__:1150 [INFO]     [g6][r6/8] adapter=0 R_exec=1.2530 true_MI=0.01438 RMI=0.0144 R_total=1.2544 correct=1 tokens=16868
__main__:1150 [INFO]     [g6][r7/8] adapter=1 R_exec=0.0000 true_MI=0.01365 RMI=0.0137 R_total=0.0014 correct=0 tokens=15969
__main__:1150 [INFO]     [g6][r8/8] adapter=2 R_exec=1.2530 true_MI=0.01408 RMI=0.0141 R_total=1.2544 correct=1 tokens=17676
__main__:1167 [INFO]   [g6] group true_MI: mean=0.01364 std=0.00062 max=0.01438 normalized=[1.01 0.93 0.97 0.96 1.05 1.05 1.00 1.03]
tinker_cookbook.utils.ml_log:143 [INFO] Wrote metrics to logs/aws/wave4/ahc039-ugttt/metrics.jsonl
tinker_cookbook.utils.ml_log:240 [INFO] Logging to: https://wandb.ai/kriaz-msee20seecs-nust/ugttt-rebuttal/runs/1r8hc8kt
tinker_cookbook.utils.ml_log:143 [INFO] Wrote metrics to logs/aws/wave4/ahc039-ugttt/metrics.jsonl
tinker_cookbook.utils.ml_log:240 [INFO] Logging to: https://wandb.ai/kriaz-msee20seecs-nust/ugttt-rebuttal/runs/1r8hc8kt
tinker_cookbook.utils.ml_log:143 [INFO] Wrote metrics to logs/aws/wave4/ahc039-ugttt/metrics.jsonl
tinker_cookbook.utils.ml_log:240 [INFO] Logging to: https://wandb.ai/kriaz-msee20seecs-nust/ugttt-rebuttal/runs/1r8hc8kt
tinker_cookbook.utils.ml_log:143 [INFO] Wrote metrics to logs/aws/wave4/ahc039-ugttt/metrics.jsonl
tinker_cookbook.utils.ml_log:240 [INFO] Logging to: https://wandb.ai/kriaz-msee20seecs-nust/ugttt-rebuttal/runs/1r8hc8kt
tinker_cookbook.utils.ml_log:143 [INFO] Wrote metrics to logs/aws/wave4/ahc039-ugttt/metrics.jsonl
tinker_cookbook.utils.ml_log:240 [INFO] Logging to: https://wandb.ai/kriaz-msee20seecs-nust/ugttt-rebuttal/runs/1r8hc8kt
tinker_cookbook.utils.ml_log:143 [INFO] Wrote metrics to logs/aws/wave4/ahc039-ugttt/metrics.jsonl
tinker_cookbook.utils.ml_log:240 [INFO] Logging to: https://wandb.ai/kriaz-msee20seecs-nust/ugttt-rebuttal/runs/1r8hc8kt
tinker_cookbook.utils.ml_log:143 [INFO] Wrote metrics to logs/aws/wave4/ahc039-ugttt/metrics.jsonl
tinker_cookbook.utils.ml_log:240 [INFO] Logging to: https://wandb.ai/kriaz-msee20seecs-nust/ugttt-rebuttal/runs/1r8hc8kt
tinker_cookbook.utils.ml_log:143 [INFO] Wrote metrics to logs/aws/wave4/ahc039-ugttt/metrics.jsonl
tinker_cookbook.utils.ml_log:240 [INFO] Logging to: https://wandb.ai/kriaz-msee20seecs-nust/ugttt-rebuttal/runs/1r8hc8kt
__main__:1949 [INFO]   [5][7/8] KEPT | R_exec=0.6258 (max=1.2530) RMI=0.0136 R_total=0.6272 | 3039.1s | GPU: 18.8/19.7GB
tinker_cookbook.utils.ml_log:143 [INFO] Wrote metrics to logs/aws/wave4/ahc039-ugttt/metrics.jsonl
tinker_cookbook.utils.ml_log:240 [INFO] Logging to: https://wandb.ai/kriaz-msee20seecs-nust/ugttt-rebuttal/runs/1r8hc8kt
tinker_cookbook.rl.ensemble:1082 [INFO]   generate_batch_multi_adapter_two_phase: N=8 phase1_max=26000 streaming_mi=False kv_q=False
tinker_cookbook.rl.ensemble:1270 [INFO]     [gen/p1] step=2048/22100 active=8/8 mi_stopped=0
tinker_cookbook.rl.ensemble:1270 [INFO]     [gen/p1] step=4096/22100 active=8/8 mi_stopped=0
tinker_cookbook.rl.ensemble:1270 [INFO]     [gen/p1] step=6144/22100 active=8/8 mi_stopped=0
tinker_cookbook.rl.ensemble:1270 [INFO]     [gen/p1] step=8192/22100 active=8/8 mi_stopped=0
tinker_cookbook.rl.ensemble:1270 [INFO]     [gen/p1] step=10240/22100 active=8/8 mi_stopped=0
tinker_cookbook.rl.ensemble:1270 [INFO]     [gen/p1] step=12288/22100 active=8/8 mi_stopped=0
tinker_cookbook.rl.ensemble:1270 [INFO]     [gen/p1] step=14336/22100 active=6/8 mi_stopped=0
tinker_cookbook.rl.ensemble:1270 [INFO]     [gen/p1] step=16384/22100 active=4/8 mi_stopped=0
tinker_cookbook.rl.ensemble:1270 [INFO]     [gen/p1] step=18432/22100 active=1/8 mi_stopped=0
tinker_cookbook.rl.ensemble:1270 [INFO]     [gen/p1] step=20480/22100 active=1/8 mi_stopped=0
__main__:1078 [INFO]   Group 7: multi-adapter generation 8 seqs in 2991.0s
__main__:1096 [INFO]   Group 7: batched ensemble scoring in 83.7s
__main__:1108 [INFO]   Group 7: rewards computed in 83.8s
__main__:1150 [INFO]     [g7][r1/8] adapter=0 R_exec=1.2530 true_MI=0.01396 RMI=0.0140 R_total=1.2544 correct=1 tokens=12460
__main__:1150 [INFO]     [g7][r2/8] adapter=1 R_exec=0.0000 true_MI=0.01319 RMI=0.0132 R_total=0.0013 correct=0 tokens=21103
__main__:1150 [INFO]     [g7][r3/8] adapter=2 R_exec=1.0103 true_MI=0.01309 RMI=0.0131 R_total=1.0116 correct=1 tokens=16584
__main__:1150 [INFO]     [g7][r4/8] adapter=3 R_exec=0.0000 true_MI=0.01382 RMI=0.0138 R_total=0.0014 correct=0 tokens=12472
__main__:1150 [INFO]     [g7][r5/8] adapter=4 R_exec=0.0000 true_MI=0.01286 RMI=0.0129 R_total=0.0013 correct=0 tokens=17145
__main__:1150 [INFO]     [g7][r6/8] adapter=0 R_exec=1.2475 true_MI=0.01421 RMI=0.0142 R_total=1.2489 correct=1 tokens=17564
__main__:1150 [INFO]     [g7][r7/8] adapter=1 R_exec=1.2475 true_MI=0.01397 RMI=0.0140 R_total=1.2489 correct=1 tokens=15746
__main__:1150 [INFO]     [g7][r8/8] adapter=2 R_exec=1.2475 true_MI=0.01370 RMI=0.0137 R_total=1.2489 correct=1 tokens=14350
__main__:1167 [INFO]   [g7] group true_MI: mean=0.01360 std=0.00049 max=0.01421 normalized=[1.03 0.97 0.96 1.02 0.95 1.05 1.03 1.01]
tinker_cookbook.utils.ml_log:143 [INFO] Wrote metrics to logs/aws/wave4/ahc039-ugttt/metrics.jsonl
tinker_cookbook.utils.ml_log:240 [INFO] Logging to: https://wandb.ai/kriaz-msee20seecs-nust/ugttt-rebuttal/runs/1r8hc8kt
tinker_cookbook.utils.ml_log:143 [INFO] Wrote metrics to logs/aws/wave4/ahc039-ugttt/metrics.jsonl
tinker_cookbook.utils.ml_log:240 [INFO] Logging to: https://wandb.ai/kriaz-msee20seecs-nust/ugttt-rebuttal/runs/1r8hc8kt
tinker_cookbook.utils.ml_log:143 [INFO] Wrote metrics to logs/aws/wave4/ahc039-ugttt/metrics.jsonl
tinker_cookbook.utils.ml_log:240 [INFO] Logging to: https://wandb.ai/kriaz-msee20seecs-nust/ugttt-rebuttal/runs/1r8hc8kt
tinker_cookbook.utils.ml_log:143 [INFO] Wrote metrics to logs/aws/wave4/ahc039-ugttt/metrics.jsonl
tinker_cookbook.utils.ml_log:240 [INFO] Logging to: https://wandb.ai/kriaz-msee20seecs-nust/ugttt-rebuttal/runs/1r8hc8kt
tinker_cookbook.utils.ml_log:143 [INFO] Wrote metrics to logs/aws/wave4/ahc039-ugttt/metrics.jsonl
tinker_cookbook.utils.ml_log:240 [INFO] Logging to: https://wandb.ai/kriaz-msee20seecs-nust/ugttt-rebuttal/runs/1r8hc8kt
tinker_cookbook.utils.ml_log:143 [INFO] Wrote metrics to logs/aws/wave4/ahc039-ugttt/metrics.jsonl
tinker_cookbook.utils.ml_log:240 [INFO] Logging to: https://wandb.ai/kriaz-msee20seecs-nust/ugttt-rebuttal/runs/1r8hc8kt
tinker_cookbook.utils.ml_log:143 [INFO] Wrote metrics to logs/aws/wave4/ahc039-ugttt/metrics.jsonl
tinker_cookbook.utils.ml_log:240 [INFO] Logging to: https://wandb.ai/kriaz-msee20seecs-nust/ugttt-rebuttal/runs/1r8hc8kt
tinker_cookbook.utils.ml_log:143 [INFO] Wrote metrics to logs/aws/wave4/ahc039-ugttt/metrics.jsonl
tinker_cookbook.utils.ml_log:240 [INFO] Logging to: https://wandb.ai/kriaz-msee20seecs-nust/ugttt-rebuttal/runs/1r8hc8kt
__main__:1949 [INFO]   [5][8/8] KEPT | R_exec=0.7507 (max=1.2530) RMI=0.0136 R_total=0.7521 | 3074.9s | GPU: 18.8/19.6GB
tinker_cookbook.utils.ml_log:143 [INFO] Wrote metrics to logs/aws/wave4/ahc039-ugttt/metrics.jsonl
tinker_cookbook.utils.ml_log:240 [INFO] Logging to: https://wandb.ai/kriaz-msee20seecs-nust/ugttt-rebuttal/runs/1r8hc8kt
__main__:1988 [INFO] [Epoch 5] Rollout phase done in 23026.1s. Training on 8/8 groups...
tinker_cookbook.utils.ml_log:143 [INFO] Wrote metrics to logs/aws/wave4/ahc039-ugttt/metrics.jsonl
tinker_cookbook.utils.ml_log:195 [INFO] 
┏━━━━━━━━━━━━━━━━━━━━━━━━━━━━━━━━┳━━━━━━━━━━━━━━━┓
┃ Metric                         ┃ Value         ┃
┡━━━━━━━━━━━━━━━━━━━━━━━━━━━━━━━━╇━━━━━━━━━━━━━━━┩
│ gpu/memory_allocated_gb        │ 18.828612     │
│ gpu/memory_peak_gb             │ 76.798070     │
│ gpu/memory_reserved_gb         │ 18.865979     │
│ kl_policy_base                 │ 0.002620      │
│ optim/entropy                  │ 0.452133      │
│ optim/kl_sample_train_v1       │ 0.003480      │
│ optim/kl_sample_train_v2       │ 0.003653      │
│ progress/done_frac             │ 1.000000      │
│ progress/epoch                 │ 5             │
│ rollout/groups_attempted       │ 8.000000      │
│ rollout/groups_filtered        │ 0.000000      │
│ rollout/groups_kept            │ 8.000000      │
│ rollout/intra_group_reward_std │ 0.483696      │
│ time/rollout                   │ 23026.134585  │
│ time/total                     │ 25016.437275  │
│ time/train                     │ 1990.170276   │
│ train/advantage/max            │ 8.773836      │
│ train/advantage/mean           │ 0.254470      │
│ train/advantage/min            │ -2.761955     │
│ train/advantage/std            │ 1.879661      │
│ train/beta/mean                │ 131158.628974 │
│ train/beta/std                 │ 346751.208790 │
│ train/correctness/mean         │ 0.562500      │
│ train/correctness/rate         │ 0.562500      │
│ train/ensemble/frac_high_disa… │ 0.499986      │
│ train/ensemble/max_token_disa… │ 10.343875     │
│ train/ensemble/member_logprob… │ 0.004676      │
│ train/ensemble/member_logprob… │ 0.001865      │
│ train/gamma_eff/mean           │ 0.627414      │
│ train/gen/num_tokens/max       │ 25629.000000  │
│ train/gen/num_tokens/mean      │ 14557.890625  │
│ train/gen/num_tokens/std       │ 5856.889688   │
│ train/group/rmi_exec_corr/mean │ 0.029510      │
│ train/group/rmi_exec_corr/std  │ 0.340816      │
│ train/loss                     │ -0.276092     │
│ train/nnm_loss                 │ -0.059446     │
│ train/nnm_nuclear_norm         │ 46.764032     │
│ train/num_groups               │ 8.000000      │
│ train/num_rollouts             │ 59.000000     │
│ train/num_rollouts_total       │ 64.000000     │
│ train/reward/exec/best         │ 1.267076      │
│ train/reward/exec/max          │ 1.267076      │
│ train/reward/exec/mean         │ 0.607243      │
│ train/reward/exec/min          │ 0.000000      │
│ train/reward/exec/std          │ 0.599522      │
│ train/reward/rmi/max           │ 0.016703      │
│ train/reward/rmi/mean          │ 0.013200      │
│ train/reward/rmi/min           │ 0.011359      │
│ train/reward/rmi/std           │ 0.000844      │
│ train/reward/total/best        │ 1.268386      │
│ train/reward/total/max         │ 1.268386      │
│ train/reward/total/mean        │ 0.608563      │
│ train/reward/total/min         │ 0.001136      │
│ train/reward/total/std         │ 0.599522      │
│ train/streaming_mi/stop_rate   │ 0.000000      │
│ train/streaming_mi/tokens_sav… │ 0.000000      │
│ train/streaming_mi/tokens_sav… │ 0.000000      │
│ train/two_phase/phase1_tokens… │ 14510.296875  │
│ train/two_phase/phase2_tokens… │ 47.250000     │
│ train/two_phase/prefill_rate   │ 0.015625      │
│ train/uncertainty/predictive_… │ 0.118186      │
│ train/uncertainty/predictive_… │ 0.094827      │
│ train/uncertainty/predictive_… │ 0.040487      │
│ train/uncertainty/predictive_… │ 0.019763      │
│ train/uncertainty/predictive_… │ 0.364702      │
│ train/uncertainty/predictive_… │ 0.361030      │
│ train/uncertainty/predictive_… │ 0.335963      │
│ train/uncertainty/predictive_… │ 0.006255      │
│ train/uncertainty/rmi/max      │ 0.003551      │
│ train/uncertainty/rmi/mean     │ 0.002548      │
│ train/uncertainty/rmi/min      │ 0.002010      │
│ train/uncertainty/rmi/std      │ 0.000292      │
│ train/uncertainty/rmi_top7/max │ 0.045416      │
│ train/uncertainty/rmi_top7/me… │ 0.029798      │
│ train/uncertainty/rmi_top7/min │ 0.023603      │
│ train/uncertainty/rmi_top7/std │ 0.004619      │
│ train/uncertainty/top7_mi_cod… │ 0.000226      │
│ train/uncertainty/top7_mi_cod… │ 0.001792      │
│ train/uncertainty/top7_mi_thi… │ 0.010756      │
│ train/uncertainty/top7_mi_thi… │ 0.001179      │
│ train/uncertainty/top7_pct_co… │ 0.000231      │
│ train/uncertainty/top7_pct_co… │ 0.001830      │
│ train/uncertainty/top7_pct_th… │ 0.817449      │
│ train/uncertainty/top7_pct_th… │ 0.161322      │
│ train/uncertainty/true_mi/max  │ 0.016703      │
│ train/uncertainty/true_mi/mean │ 0.013200      │
│ train/uncertainty/true_mi/min  │ 0.011359      │
│ train/uncertainty/true_mi/std  │ 0.000844      │
│ train/uncertainty/variance/max │ 0.010592      │
│ train/uncertainty/variance/me… │ 0.007118      │
│ train/uncertainty/variance/min │ 0.005476      │
│ train/uncertainty/variance/std │ 0.000976      │
│ train/uncertainty/variance_to… │ 0.138033      │
│ train/uncertainty/variance_to… │ 0.085151      │
│ train/uncertainty/variance_to… │ 0.062784      │
│ train/uncertainty/variance_to… │ 0.015612      │
└────────────────────────────────┴───────────────┘
tinker_cookbook.utils.ml_log:240 [INFO] Logging to: https://wandb.ai/kriaz-msee20seecs-nust/ugttt-rebuttal/runs/1r8hc8kt
__main__:2062 [INFO] [Epoch 5] R_exec=0.6072 (max=1.2671 best=1.2671) RMI=0.0132 beta=131158.63 corr=56.2% loss=-0.2761 nuc=46.764 groups=8/8 time=25016.4s
__main__:2073 [INFO] Checkpoint saved at epoch 5
__main__:2082 [INFO] Training complete
