tinker_cookbook.utils.ml_log:525 [INFO] Logging to: logs/aws/wave1-rerun/ac1-base-seed2
__main__:1657 [INFO] Active loggers: ['JsonLogger', 'PrettyPrintLogger', 'WandbLogger']
__main__:1690 [INFO] Loading base model: Qwen/Qwen3-8B (fp16)
root:227 [INFO] Loading model with precision - fp16
tinker_cookbook.utils.ml_log:525 [INFO] Logging to: logs/aws/wave1-rerun/ac1-base-seed2
__main__:1657 [INFO] Active loggers: ['JsonLogger', 'PrettyPrintLogger', 'WandbLogger']
__main__:1690 [INFO] Loading base model: Qwen/Qwen3-8B (fp16)
root:227 [INFO] Loading model with precision - fp16
tinker_cookbook.utils.ml_log:525 [INFO] Logging to: logs/aws/wave1-rerun/ac1-base-seed2
__main__:1657 [INFO] Active loggers: ['JsonLogger', 'PrettyPrintLogger', 'WandbLogger']
__main__:1690 [INFO] Loading base model: Qwen/Qwen3-8B (fp16)
root:227 [INFO] Loading model with precision - fp16
root:255 [INFO] loading llama compatible model - qwen3
root:49 [INFO] Adapter ensemble_0 without lr_scheduler.
tinker_cookbook.rl.ensemble:123 [INFO] Initialized 1 LoRA ensemble members (rank=16)
__main__:1779 [INFO] Training: 6 epochs, 8 groups/batch × 8 rollouts/group, K=1 adapters, γ=0.0
__main__:1784 [INFO] Parallelism: batched generation (8 seqs/batch), threaded rewards (8 workers), batched ensemble scoring
__main__:1807 [INFO] Two-phase sampling enabled: phase1_max=26000, context_window=32768, prefill_len=22, stop_ids=[151645]
__main__:1836 [INFO] [Epoch 0/6] Starting rollout phase: 8 groups × 8 rollouts
tinker_cookbook.rl.ensemble:1082 [INFO]   generate_batch_multi_adapter_two_phase: N=8 phase1_max=26000 streaming_mi=False kv_q=False
tinker_cookbook.rl.ensemble:1270 [INFO]     [gen/p1] step=2048/24055 active=8/8 mi_stopped=0
tinker_cookbook.rl.ensemble:1270 [INFO]     [gen/p1] step=4096/24055 active=8/8 mi_stopped=0
tinker_cookbook.rl.ensemble:1270 [INFO]     [gen/p1] step=6144/24055 active=8/8 mi_stopped=0
tinker_cookbook.rl.ensemble:1270 [INFO]     [gen/p1] step=8192/24055 active=7/8 mi_stopped=0
tinker_cookbook.rl.ensemble:1270 [INFO]     [gen/p1] step=10240/24055 active=3/8 mi_stopped=0
__main__:1078 [INFO]   Group 0: multi-adapter generation 8 seqs in 911.9s
__main__:1108 [INFO]   Group 0: rewards computed in 1006.5s
__main__:1150 [INFO]     [g0][r1/8] adapter=0 R_exec=0.0000 true_MI=0.00000 RMI=0.0000 R_total=0.0000 correct=0 tokens=9031
__main__:1150 [INFO]     [g0][r2/8] adapter=0 R_exec=0.5006 true_MI=0.00000 RMI=0.0000 R_total=0.5006 correct=1 tokens=8686
__main__:1150 [INFO]     [g0][r3/8] adapter=0 R_exec=0.0000 true_MI=0.00000 RMI=0.0000 R_total=0.0000 correct=0 tokens=11195
__main__:1150 [INFO]     [g0][r4/8] adapter=0 R_exec=0.0000 true_MI=0.00000 RMI=0.0000 R_total=0.0000 correct=0 tokens=10192
__main__:1150 [INFO]     [g0][r5/8] adapter=0 R_exec=0.0000 true_MI=0.00000 RMI=0.0000 R_total=0.0000 correct=0 tokens=10535
__main__:1150 [INFO]     [g0][r6/8] adapter=0 R_exec=0.0000 true_MI=0.00000 RMI=0.0000 R_total=0.0000 correct=0 tokens=10646
__main__:1150 [INFO]     [g0][r7/8] adapter=0 R_exec=0.5101 true_MI=0.00000 RMI=0.0000 R_total=0.5101 correct=1 tokens=9728
__main__:1150 [INFO]     [g0][r8/8] adapter=0 R_exec=0.0000 true_MI=0.00000 RMI=0.0000 R_total=0.0000 correct=0 tokens=7126
__main__:1167 [INFO]   [g0] group true_MI: mean=0.00000 std=0.00000 max=0.00000 normalized=[0.00 0.00 0.00 0.00 0.00 0.00 0.00 0.00]
tinker_cookbook.utils.ml_log:143 [INFO] Wrote metrics to logs/aws/wave1-rerun/ac1-base-seed2/metrics.jsonl
tinker_cookbook.utils.ml_log:240 [INFO] Logging to: https://wandb.ai/kriaz-msee20seecs-nust/ugttt-rebuttal/runs/56by6jmf
tinker_cookbook.utils.ml_log:143 [INFO] Wrote metrics to logs/aws/wave1-rerun/ac1-base-seed2/metrics.jsonl
tinker_cookbook.utils.ml_log:240 [INFO] Logging to: https://wandb.ai/kriaz-msee20seecs-nust/ugttt-rebuttal/runs/56by6jmf
tinker_cookbook.utils.ml_log:143 [INFO] Wrote metrics to logs/aws/wave1-rerun/ac1-base-seed2/metrics.jsonl
tinker_cookbook.utils.ml_log:240 [INFO] Logging to: https://wandb.ai/kriaz-msee20seecs-nust/ugttt-rebuttal/runs/56by6jmf
tinker_cookbook.utils.ml_log:143 [INFO] Wrote metrics to logs/aws/wave1-rerun/ac1-base-seed2/metrics.jsonl
tinker_cookbook.utils.ml_log:240 [INFO] Logging to: https://wandb.ai/kriaz-msee20seecs-nust/ugttt-rebuttal/runs/56by6jmf
tinker_cookbook.utils.ml_log:143 [INFO] Wrote metrics to logs/aws/wave1-rerun/ac1-base-seed2/metrics.jsonl
tinker_cookbook.utils.ml_log:240 [INFO] Logging to: https://wandb.ai/kriaz-msee20seecs-nust/ugttt-rebuttal/runs/56by6jmf
tinker_cookbook.utils.ml_log:143 [INFO] Wrote metrics to logs/aws/wave1-rerun/ac1-base-seed2/metrics.jsonl
tinker_cookbook.utils.ml_log:240 [INFO] Logging to: https://wandb.ai/kriaz-msee20seecs-nust/ugttt-rebuttal/runs/56by6jmf
tinker_cookbook.utils.ml_log:143 [INFO] Wrote metrics to logs/aws/wave1-rerun/ac1-base-seed2/metrics.jsonl
tinker_cookbook.utils.ml_log:240 [INFO] Logging to: https://wandb.ai/kriaz-msee20seecs-nust/ugttt-rebuttal/runs/56by6jmf
tinker_cookbook.utils.ml_log:143 [INFO] Wrote metrics to logs/aws/wave1-rerun/ac1-base-seed2/metrics.jsonl
tinker_cookbook.utils.ml_log:240 [INFO] Logging to: https://wandb.ai/kriaz-msee20seecs-nust/ugttt-rebuttal/runs/56by6jmf
__main__:1949 [INFO]   [0][1/8] KEPT | R_exec=0.1263 (max=0.5101) RMI=0.0000 R_total=0.1263 | 1918.5s | GPU: 18.0/60.7GB
tinker_cookbook.utils.ml_log:143 [INFO] Wrote metrics to logs/aws/wave1-rerun/ac1-base-seed2/metrics.jsonl
tinker_cookbook.utils.ml_log:240 [INFO] Logging to: https://wandb.ai/kriaz-msee20seecs-nust/ugttt-rebuttal/runs/56by6jmf
tinker_cookbook.rl.ensemble:1082 [INFO]   generate_batch_multi_adapter_two_phase: N=8 phase1_max=26000 streaming_mi=False kv_q=False
tinker_cookbook.rl.ensemble:1270 [INFO]     [gen/p1] step=2048/24055 active=8/8 mi_stopped=0
tinker_cookbook.rl.ensemble:1270 [INFO]     [gen/p1] step=4096/24055 active=8/8 mi_stopped=0
tinker_cookbook.rl.ensemble:1270 [INFO]     [gen/p1] step=6144/24055 active=7/8 mi_stopped=0
tinker_cookbook.rl.ensemble:1270 [INFO]     [gen/p1] step=8192/24055 active=2/8 mi_stopped=0
tinker_cookbook.rl.ensemble:1270 [INFO]     [gen/p1] step=10240/24055 active=1/8 mi_stopped=0
__main__:1078 [INFO]   Group 1: multi-adapter generation 8 seqs in 811.1s
__main__:1108 [INFO]   Group 1: rewards computed in 1005.0s
__main__:1150 [INFO]     [g1][r1/8] adapter=0 R_exec=0.0000 true_MI=0.00000 RMI=0.0000 R_total=0.0000 correct=0 tokens=7820
__main__:1150 [INFO]     [g1][r2/8] adapter=0 R_exec=0.5000 true_MI=0.00000 RMI=0.0000 R_total=0.5000 correct=1 tokens=6940
__main__:1150 [INFO]     [g1][r3/8] adapter=0 R_exec=0.5000 true_MI=0.00000 RMI=0.0000 R_total=0.5000 correct=1 tokens=9773
__main__:1150 [INFO]     [g1][r4/8] adapter=0 R_exec=0.6594 true_MI=0.00000 RMI=0.0000 R_total=0.6594 correct=1 tokens=6138
__main__:1150 [INFO]     [g1][r5/8] adapter=0 R_exec=0.5000 true_MI=0.00000 RMI=0.0000 R_total=0.5000 correct=1 tokens=10300
__main__:1150 [INFO]     [g1][r6/8] adapter=0 R_exec=0.5000 true_MI=0.00000 RMI=0.0000 R_total=0.5000 correct=1 tokens=7959
__main__:1150 [INFO]     [g1][r7/8] adapter=0 R_exec=0.0000 true_MI=0.00000 RMI=0.0000 R_total=0.0000 correct=0 tokens=8142
__main__:1150 [INFO]     [g1][r8/8] adapter=0 R_exec=0.6598 true_MI=0.00000 RMI=0.0000 R_total=0.6598 correct=1 tokens=7697
__main__:1167 [INFO]   [g1] group true_MI: mean=0.00000 std=0.00000 max=0.00000 normalized=[0.00 0.00 0.00 0.00 0.00 0.00 0.00 0.00]
tinker_cookbook.utils.ml_log:143 [INFO] Wrote metrics to logs/aws/wave1-rerun/ac1-base-seed2/metrics.jsonl
tinker_cookbook.utils.ml_log:240 [INFO] Logging to: https://wandb.ai/kriaz-msee20seecs-nust/ugttt-rebuttal/runs/56by6jmf
tinker_cookbook.utils.ml_log:143 [INFO] Wrote metrics to logs/aws/wave1-rerun/ac1-base-seed2/metrics.jsonl
tinker_cookbook.utils.ml_log:240 [INFO] Logging to: https://wandb.ai/kriaz-msee20seecs-nust/ugttt-rebuttal/runs/56by6jmf
tinker_cookbook.utils.ml_log:143 [INFO] Wrote metrics to logs/aws/wave1-rerun/ac1-base-seed2/metrics.jsonl
tinker_cookbook.utils.ml_log:240 [INFO] Logging to: https://wandb.ai/kriaz-msee20seecs-nust/ugttt-rebuttal/runs/56by6jmf
tinker_cookbook.utils.ml_log:143 [INFO] Wrote metrics to logs/aws/wave1-rerun/ac1-base-seed2/metrics.jsonl
tinker_cookbook.utils.ml_log:240 [INFO] Logging to: https://wandb.ai/kriaz-msee20seecs-nust/ugttt-rebuttal/runs/56by6jmf
tinker_cookbook.utils.ml_log:143 [INFO] Wrote metrics to logs/aws/wave1-rerun/ac1-base-seed2/metrics.jsonl
tinker_cookbook.utils.ml_log:240 [INFO] Logging to: https://wandb.ai/kriaz-msee20seecs-nust/ugttt-rebuttal/runs/56by6jmf
tinker_cookbook.utils.ml_log:143 [INFO] Wrote metrics to logs/aws/wave1-rerun/ac1-base-seed2/metrics.jsonl
tinker_cookbook.utils.ml_log:240 [INFO] Logging to: https://wandb.ai/kriaz-msee20seecs-nust/ugttt-rebuttal/runs/56by6jmf
tinker_cookbook.utils.ml_log:143 [INFO] Wrote metrics to logs/aws/wave1-rerun/ac1-base-seed2/metrics.jsonl
tinker_cookbook.utils.ml_log:240 [INFO] Logging to: https://wandb.ai/kriaz-msee20seecs-nust/ugttt-rebuttal/runs/56by6jmf
tinker_cookbook.utils.ml_log:143 [INFO] Wrote metrics to logs/aws/wave1-rerun/ac1-base-seed2/metrics.jsonl
tinker_cookbook.utils.ml_log:240 [INFO] Logging to: https://wandb.ai/kriaz-msee20seecs-nust/ugttt-rebuttal/runs/56by6jmf
__main__:1949 [INFO]   [0][2/8] KEPT | R_exec=0.4149 (max=0.6598) RMI=0.0000 R_total=0.4149 | 1816.1s | GPU: 18.0/60.5GB
tinker_cookbook.utils.ml_log:143 [INFO] Wrote metrics to logs/aws/wave1-rerun/ac1-base-seed2/metrics.jsonl
tinker_cookbook.utils.ml_log:240 [INFO] Logging to: https://wandb.ai/kriaz-msee20seecs-nust/ugttt-rebuttal/runs/56by6jmf
tinker_cookbook.rl.ensemble:1082 [INFO]   generate_batch_multi_adapter_two_phase: N=8 phase1_max=26000 streaming_mi=False kv_q=False
tinker_cookbook.rl.ensemble:1270 [INFO]     [gen/p1] step=2048/24055 active=8/8 mi_stopped=0
tinker_cookbook.rl.ensemble:1270 [INFO]     [gen/p1] step=4096/24055 active=8/8 mi_stopped=0
tinker_cookbook.rl.ensemble:1270 [INFO]     [gen/p1] step=6144/24055 active=8/8 mi_stopped=0
tinker_cookbook.rl.ensemble:1270 [INFO]     [gen/p1] step=8192/24055 active=5/8 mi_stopped=0
tinker_cookbook.rl.ensemble:1270 [INFO]     [gen/p1] step=10240/24055 active=1/8 mi_stopped=0
tinker_cookbook.rl.ensemble:1270 [INFO]     [gen/p1] step=12288/24055 active=1/8 mi_stopped=0
__main__:1078 [INFO]   Group 2: multi-adapter generation 8 seqs in 1167.9s
__main__:1108 [INFO]   Group 2: rewards computed in 1005.4s
__main__:1150 [INFO]     [g2][r1/8] adapter=0 R_exec=0.0000 true_MI=0.00000 RMI=0.0000 R_total=0.0000 correct=0 tokens=9200
__main__:1150 [INFO]     [g2][r2/8] adapter=0 R_exec=0.4771 true_MI=0.00000 RMI=0.0000 R_total=0.4771 correct=1 tokens=6391
__main__:1150 [INFO]     [g2][r3/8] adapter=0 R_exec=0.0000 true_MI=0.00000 RMI=0.0000 R_total=0.0000 correct=0 tokens=9682
__main__:1150 [INFO]     [g2][r4/8] adapter=0 R_exec=0.0000 true_MI=0.00000 RMI=0.0000 R_total=0.0000 correct=0 tokens=8549
__main__:1150 [INFO]     [g2][r5/8] adapter=0 R_exec=0.6599 true_MI=0.00000 RMI=0.0000 R_total=0.6599 correct=1 tokens=8923
__main__:1150 [INFO]     [g2][r6/8] adapter=0 R_exec=0.5308 true_MI=0.00000 RMI=0.0000 R_total=0.5308 correct=1 tokens=7982
__main__:1150 [INFO]     [g2][r7/8] adapter=0 R_exec=0.0000 true_MI=0.00000 RMI=0.0000 R_total=0.0000 correct=0 tokens=7182
__main__:1150 [INFO]     [g2][r8/8] adapter=0 R_exec=0.5001 true_MI=0.00000 RMI=0.0000 R_total=0.5001 correct=1 tokens=13161
__main__:1167 [INFO]   [g2] group true_MI: mean=0.00000 std=0.00000 max=0.00000 normalized=[0.00 0.00 0.00 0.00 0.00 0.00 0.00 0.00]
tinker_cookbook.utils.ml_log:143 [INFO] Wrote metrics to logs/aws/wave1-rerun/ac1-base-seed2/metrics.jsonl
tinker_cookbook.utils.ml_log:240 [INFO] Logging to: https://wandb.ai/kriaz-msee20seecs-nust/ugttt-rebuttal/runs/56by6jmf
tinker_cookbook.utils.ml_log:143 [INFO] Wrote metrics to logs/aws/wave1-rerun/ac1-base-seed2/metrics.jsonl
tinker_cookbook.utils.ml_log:240 [INFO] Logging to: https://wandb.ai/kriaz-msee20seecs-nust/ugttt-rebuttal/runs/56by6jmf
tinker_cookbook.utils.ml_log:143 [INFO] Wrote metrics to logs/aws/wave1-rerun/ac1-base-seed2/metrics.jsonl
tinker_cookbook.utils.ml_log:240 [INFO] Logging to: https://wandb.ai/kriaz-msee20seecs-nust/ugttt-rebuttal/runs/56by6jmf
tinker_cookbook.utils.ml_log:143 [INFO] Wrote metrics to logs/aws/wave1-rerun/ac1-base-seed2/metrics.jsonl
tinker_cookbook.utils.ml_log:240 [INFO] Logging to: https://wandb.ai/kriaz-msee20seecs-nust/ugttt-rebuttal/runs/56by6jmf
tinker_cookbook.utils.ml_log:143 [INFO] Wrote metrics to logs/aws/wave1-rerun/ac1-base-seed2/metrics.jsonl
tinker_cookbook.utils.ml_log:240 [INFO] Logging to: https://wandb.ai/kriaz-msee20seecs-nust/ugttt-rebuttal/runs/56by6jmf
tinker_cookbook.utils.ml_log:143 [INFO] Wrote metrics to logs/aws/wave1-rerun/ac1-base-seed2/metrics.jsonl
tinker_cookbook.utils.ml_log:240 [INFO] Logging to: https://wandb.ai/kriaz-msee20seecs-nust/ugttt-rebuttal/runs/56by6jmf
tinker_cookbook.utils.ml_log:143 [INFO] Wrote metrics to logs/aws/wave1-rerun/ac1-base-seed2/metrics.jsonl
tinker_cookbook.utils.ml_log:240 [INFO] Logging to: https://wandb.ai/kriaz-msee20seecs-nust/ugttt-rebuttal/runs/56by6jmf
tinker_cookbook.utils.ml_log:143 [INFO] Wrote metrics to logs/aws/wave1-rerun/ac1-base-seed2/metrics.jsonl
tinker_cookbook.utils.ml_log:240 [INFO] Logging to: https://wandb.ai/kriaz-msee20seecs-nust/ugttt-rebuttal/runs/56by6jmf
__main__:1949 [INFO]   [0][3/8] KEPT | R_exec=0.2710 (max=0.6599) RMI=0.0000 R_total=0.2710 | 2173.3s | GPU: 18.0/60.9GB
tinker_cookbook.utils.ml_log:143 [INFO] Wrote metrics to logs/aws/wave1-rerun/ac1-base-seed2/metrics.jsonl
tinker_cookbook.utils.ml_log:240 [INFO] Logging to: https://wandb.ai/kriaz-msee20seecs-nust/ugttt-rebuttal/runs/56by6jmf
tinker_cookbook.rl.ensemble:1082 [INFO]   generate_batch_multi_adapter_two_phase: N=8 phase1_max=26000 streaming_mi=False kv_q=False
tinker_cookbook.rl.ensemble:1270 [INFO]     [gen/p1] step=2048/24055 active=8/8 mi_stopped=0
tinker_cookbook.rl.ensemble:1270 [INFO]     [gen/p1] step=4096/24055 active=8/8 mi_stopped=0
tinker_cookbook.rl.ensemble:1270 [INFO]     [gen/p1] step=6144/24055 active=8/8 mi_stopped=0
tinker_cookbook.rl.ensemble:1270 [INFO]     [gen/p1] step=8192/24055 active=6/8 mi_stopped=0
tinker_cookbook.rl.ensemble:1270 [INFO]     [gen/p1] step=10240/24055 active=1/8 mi_stopped=0
__main__:1078 [INFO]   Group 3: multi-adapter generation 8 seqs in 808.1s
__main__:1108 [INFO]   Group 3: rewards computed in 1005.8s
__main__:1150 [INFO]     [g3][r1/8] adapter=0 R_exec=0.5000 true_MI=0.00000 RMI=0.0000 R_total=0.5000 correct=1 tokens=8274
__main__:1150 [INFO]     [g3][r2/8] adapter=0 R_exec=0.6365 true_MI=0.00000 RMI=0.0000 R_total=0.6365 correct=1 tokens=8530
__main__:1150 [INFO]     [g3][r3/8] adapter=0 R_exec=0.0000 true_MI=0.00000 RMI=0.0000 R_total=0.0000 correct=0 tokens=8291
__main__:1150 [INFO]     [g3][r4/8] adapter=0 R_exec=0.0000 true_MI=0.00000 RMI=0.0000 R_total=0.0000 correct=0 tokens=6749
__main__:1150 [INFO]     [g3][r5/8] adapter=0 R_exec=0.0000 true_MI=0.00000 RMI=0.0000 R_total=0.0000 correct=0 tokens=6576
__main__:1150 [INFO]     [g3][r6/8] adapter=0 R_exec=0.6170 true_MI=0.00000 RMI=0.0000 R_total=0.6170 correct=1 tokens=8379
__main__:1150 [INFO]     [g3][r7/8] adapter=0 R_exec=0.4944 true_MI=0.00000 RMI=0.0000 R_total=0.4944 correct=1 tokens=10250
__main__:1150 [INFO]     [g3][r8/8] adapter=0 R_exec=0.0000 true_MI=0.00000 RMI=0.0000 R_total=0.0000 correct=0 tokens=10206
__main__:1167 [INFO]   [g3] group true_MI: mean=0.00000 std=0.00000 max=0.00000 normalized=[0.00 0.00 0.00 0.00 0.00 0.00 0.00 0.00]
tinker_cookbook.utils.ml_log:143 [INFO] Wrote metrics to logs/aws/wave1-rerun/ac1-base-seed2/metrics.jsonl
tinker_cookbook.utils.ml_log:240 [INFO] Logging to: https://wandb.ai/kriaz-msee20seecs-nust/ugttt-rebuttal/runs/56by6jmf
tinker_cookbook.utils.ml_log:143 [INFO] Wrote metrics to logs/aws/wave1-rerun/ac1-base-seed2/metrics.jsonl
tinker_cookbook.utils.ml_log:240 [INFO] Logging to: https://wandb.ai/kriaz-msee20seecs-nust/ugttt-rebuttal/runs/56by6jmf
tinker_cookbook.utils.ml_log:143 [INFO] Wrote metrics to logs/aws/wave1-rerun/ac1-base-seed2/metrics.jsonl
tinker_cookbook.utils.ml_log:240 [INFO] Logging to: https://wandb.ai/kriaz-msee20seecs-nust/ugttt-rebuttal/runs/56by6jmf
tinker_cookbook.utils.ml_log:143 [INFO] Wrote metrics to logs/aws/wave1-rerun/ac1-base-seed2/metrics.jsonl
tinker_cookbook.utils.ml_log:240 [INFO] Logging to: https://wandb.ai/kriaz-msee20seecs-nust/ugttt-rebuttal/runs/56by6jmf
tinker_cookbook.utils.ml_log:143 [INFO] Wrote metrics to logs/aws/wave1-rerun/ac1-base-seed2/metrics.jsonl
tinker_cookbook.utils.ml_log:240 [INFO] Logging to: https://wandb.ai/kriaz-msee20seecs-nust/ugttt-rebuttal/runs/56by6jmf
tinker_cookbook.utils.ml_log:143 [INFO] Wrote metrics to logs/aws/wave1-rerun/ac1-base-seed2/metrics.jsonl
tinker_cookbook.utils.ml_log:240 [INFO] Logging to: https://wandb.ai/kriaz-msee20seecs-nust/ugttt-rebuttal/runs/56by6jmf
tinker_cookbook.utils.ml_log:143 [INFO] Wrote metrics to logs/aws/wave1-rerun/ac1-base-seed2/metrics.jsonl
tinker_cookbook.utils.ml_log:240 [INFO] Logging to: https://wandb.ai/kriaz-msee20seecs-nust/ugttt-rebuttal/runs/56by6jmf
tinker_cookbook.utils.ml_log:143 [INFO] Wrote metrics to logs/aws/wave1-rerun/ac1-base-seed2/metrics.jsonl
tinker_cookbook.utils.ml_log:240 [INFO] Logging to: https://wandb.ai/kriaz-msee20seecs-nust/ugttt-rebuttal/runs/56by6jmf
__main__:1949 [INFO]   [0][4/8] KEPT | R_exec=0.2810 (max=0.6365) RMI=0.0000 R_total=0.2810 | 1814.0s | GPU: 18.0/60.5GB
tinker_cookbook.utils.ml_log:143 [INFO] Wrote metrics to logs/aws/wave1-rerun/ac1-base-seed2/metrics.jsonl
tinker_cookbook.utils.ml_log:240 [INFO] Logging to: https://wandb.ai/kriaz-msee20seecs-nust/ugttt-rebuttal/runs/56by6jmf
tinker_cookbook.rl.ensemble:1082 [INFO]   generate_batch_multi_adapter_two_phase: N=8 phase1_max=26000 streaming_mi=False kv_q=False
tinker_cookbook.rl.ensemble:1270 [INFO]     [gen/p1] step=2048/24055 active=8/8 mi_stopped=0
tinker_cookbook.rl.ensemble:1270 [INFO]     [gen/p1] step=4096/24055 active=8/8 mi_stopped=0
tinker_cookbook.rl.ensemble:1270 [INFO]     [gen/p1] step=6144/24055 active=6/8 mi_stopped=0
tinker_cookbook.rl.ensemble:1270 [INFO]     [gen/p1] step=8192/24055 active=2/8 mi_stopped=0
tinker_cookbook.rl.ensemble:1270 [INFO]     [gen/p1] step=10240/24055 active=1/8 mi_stopped=0
__main__:1078 [INFO]   Group 4: multi-adapter generation 8 seqs in 1019.7s
__main__:1108 [INFO]   Group 4: rewards computed in 1005.2s
__main__:1150 [INFO]     [g4][r1/8] adapter=0 R_exec=0.6597 true_MI=0.00000 RMI=0.0000 R_total=0.6597 correct=1 tokens=6490
__main__:1150 [INFO]     [g4][r2/8] adapter=0 R_exec=0.0000 true_MI=0.00000 RMI=0.0000 R_total=0.0000 correct=0 tokens=8290
__main__:1150 [INFO]     [g4][r3/8] adapter=0 R_exec=0.6610 true_MI=0.00000 RMI=0.0000 R_total=0.6610 correct=1 tokens=5944
__main__:1150 [INFO]     [g4][r4/8] adapter=0 R_exec=0.0000 true_MI=0.00000 RMI=0.0000 R_total=0.0000 correct=0 tokens=8104
__main__:1150 [INFO]     [g4][r5/8] adapter=0 R_exec=0.5062 true_MI=0.00000 RMI=0.0000 R_total=0.5062 correct=1 tokens=12035
__main__:1150 [INFO]     [g4][r6/8] adapter=0 R_exec=0.0000 true_MI=0.00000 RMI=0.0000 R_total=0.0000 correct=0 tokens=8021
__main__:1150 [INFO]     [g4][r7/8] adapter=0 R_exec=0.0000 true_MI=0.00000 RMI=0.0000 R_total=0.0000 correct=0 tokens=7170
__main__:1150 [INFO]     [g4][r8/8] adapter=0 R_exec=0.0000 true_MI=0.00000 RMI=0.0000 R_total=0.0000 correct=0 tokens=6137
__main__:1167 [INFO]   [g4] group true_MI: mean=0.00000 std=0.00000 max=0.00000 normalized=[0.00 0.00 0.00 0.00 0.00 0.00 0.00 0.00]
tinker_cookbook.utils.ml_log:143 [INFO] Wrote metrics to logs/aws/wave1-rerun/ac1-base-seed2/metrics.jsonl
tinker_cookbook.utils.ml_log:240 [INFO] Logging to: https://wandb.ai/kriaz-msee20seecs-nust/ugttt-rebuttal/runs/56by6jmf
tinker_cookbook.utils.ml_log:143 [INFO] Wrote metrics to logs/aws/wave1-rerun/ac1-base-seed2/metrics.jsonl
tinker_cookbook.utils.ml_log:240 [INFO] Logging to: https://wandb.ai/kriaz-msee20seecs-nust/ugttt-rebuttal/runs/56by6jmf
tinker_cookbook.utils.ml_log:143 [INFO] Wrote metrics to logs/aws/wave1-rerun/ac1-base-seed2/metrics.jsonl
tinker_cookbook.utils.ml_log:240 [INFO] Logging to: https://wandb.ai/kriaz-msee20seecs-nust/ugttt-rebuttal/runs/56by6jmf
tinker_cookbook.utils.ml_log:143 [INFO] Wrote metrics to logs/aws/wave1-rerun/ac1-base-seed2/metrics.jsonl
tinker_cookbook.utils.ml_log:240 [INFO] Logging to: https://wandb.ai/kriaz-msee20seecs-nust/ugttt-rebuttal/runs/56by6jmf
tinker_cookbook.utils.ml_log:143 [INFO] Wrote metrics to logs/aws/wave1-rerun/ac1-base-seed2/metrics.jsonl
tinker_cookbook.utils.ml_log:240 [INFO] Logging to: https://wandb.ai/kriaz-msee20seecs-nust/ugttt-rebuttal/runs/56by6jmf
tinker_cookbook.utils.ml_log:143 [INFO] Wrote metrics to logs/aws/wave1-rerun/ac1-base-seed2/metrics.jsonl
tinker_cookbook.utils.ml_log:240 [INFO] Logging to: https://wandb.ai/kriaz-msee20seecs-nust/ugttt-rebuttal/runs/56by6jmf
tinker_cookbook.utils.ml_log:143 [INFO] Wrote metrics to logs/aws/wave1-rerun/ac1-base-seed2/metrics.jsonl
tinker_cookbook.utils.ml_log:240 [INFO] Logging to: https://wandb.ai/kriaz-msee20seecs-nust/ugttt-rebuttal/runs/56by6jmf
tinker_cookbook.utils.ml_log:143 [INFO] Wrote metrics to logs/aws/wave1-rerun/ac1-base-seed2/metrics.jsonl
tinker_cookbook.utils.ml_log:240 [INFO] Logging to: https://wandb.ai/kriaz-msee20seecs-nust/ugttt-rebuttal/runs/56by6jmf
__main__:1949 [INFO]   [0][5/8] KEPT | R_exec=0.2284 (max=0.6610) RMI=0.0000 R_total=0.2284 | 2025.0s | GPU: 18.0/60.7GB
tinker_cookbook.utils.ml_log:143 [INFO] Wrote metrics to logs/aws/wave1-rerun/ac1-base-seed2/metrics.jsonl
tinker_cookbook.utils.ml_log:240 [INFO] Logging to: https://wandb.ai/kriaz-msee20seecs-nust/ugttt-rebuttal/runs/56by6jmf
tinker_cookbook.rl.ensemble:1082 [INFO]   generate_batch_multi_adapter_two_phase: N=8 phase1_max=26000 streaming_mi=False kv_q=False
tinker_cookbook.rl.ensemble:1270 [INFO]     [gen/p1] step=2048/24055 active=8/8 mi_stopped=0
tinker_cookbook.rl.ensemble:1270 [INFO]     [gen/p1] step=4096/24055 active=8/8 mi_stopped=0
tinker_cookbook.rl.ensemble:1270 [INFO]     [gen/p1] step=6144/24055 active=8/8 mi_stopped=0
tinker_cookbook.rl.ensemble:1270 [INFO]     [gen/p1] step=8192/24055 active=4/8 mi_stopped=0
__main__:1078 [INFO]   Group 5: multi-adapter generation 8 seqs in 668.8s
__main__:1108 [INFO]   Group 5: rewards computed in 1005.7s
__main__:1150 [INFO]     [g5][r1/8] adapter=0 R_exec=0.0000 true_MI=0.00000 RMI=0.0000 R_total=0.0000 correct=0 tokens=7509
__main__:1150 [INFO]     [g5][r2/8] adapter=0 R_exec=0.0000 true_MI=0.00000 RMI=0.0000 R_total=0.0000 correct=0 tokens=7667
__main__:1150 [INFO]     [g5][r3/8] adapter=0 R_exec=0.0000 true_MI=0.00000 RMI=0.0000 R_total=0.0000 correct=0 tokens=8451
__main__:1150 [INFO]     [g5][r4/8] adapter=0 R_exec=0.0000 true_MI=0.00000 RMI=0.0000 R_total=0.0000 correct=0 tokens=8630
__main__:1150 [INFO]     [g5][r5/8] adapter=0 R_exec=0.0000 true_MI=0.00000 RMI=0.0000 R_total=0.0000 correct=0 tokens=6892
__main__:1150 [INFO]     [g5][r6/8] adapter=0 R_exec=0.0000 true_MI=0.00000 RMI=0.0000 R_total=0.0000 correct=0 tokens=9000
__main__:1150 [INFO]     [g5][r7/8] adapter=0 R_exec=0.0000 true_MI=0.00000 RMI=0.0000 R_total=0.0000 correct=0 tokens=7427
__main__:1150 [INFO]     [g5][r8/8] adapter=0 R_exec=0.0000 true_MI=0.00000 RMI=0.0000 R_total=0.0000 correct=0 tokens=8255
__main__:1167 [INFO]   [g5] group true_MI: mean=0.00000 std=0.00000 max=0.00000 normalized=[0.00 0.00 0.00 0.00 0.00 0.00 0.00 0.00]
tinker_cookbook.utils.ml_log:143 [INFO] Wrote metrics to logs/aws/wave1-rerun/ac1-base-seed2/metrics.jsonl
tinker_cookbook.utils.ml_log:240 [INFO] Logging to: https://wandb.ai/kriaz-msee20seecs-nust/ugttt-rebuttal/runs/56by6jmf
tinker_cookbook.utils.ml_log:143 [INFO] Wrote metrics to logs/aws/wave1-rerun/ac1-base-seed2/metrics.jsonl
tinker_cookbook.utils.ml_log:240 [INFO] Logging to: https://wandb.ai/kriaz-msee20seecs-nust/ugttt-rebuttal/runs/56by6jmf
tinker_cookbook.utils.ml_log:143 [INFO] Wrote metrics to logs/aws/wave1-rerun/ac1-base-seed2/metrics.jsonl
tinker_cookbook.utils.ml_log:240 [INFO] Logging to: https://wandb.ai/kriaz-msee20seecs-nust/ugttt-rebuttal/runs/56by6jmf
tinker_cookbook.utils.ml_log:143 [INFO] Wrote metrics to logs/aws/wave1-rerun/ac1-base-seed2/metrics.jsonl
tinker_cookbook.utils.ml_log:240 [INFO] Logging to: https://wandb.ai/kriaz-msee20seecs-nust/ugttt-rebuttal/runs/56by6jmf
tinker_cookbook.utils.ml_log:143 [INFO] Wrote metrics to logs/aws/wave1-rerun/ac1-base-seed2/metrics.jsonl
tinker_cookbook.utils.ml_log:240 [INFO] Logging to: https://wandb.ai/kriaz-msee20seecs-nust/ugttt-rebuttal/runs/56by6jmf
tinker_cookbook.utils.ml_log:143 [INFO] Wrote metrics to logs/aws/wave1-rerun/ac1-base-seed2/metrics.jsonl
tinker_cookbook.utils.ml_log:240 [INFO] Logging to: https://wandb.ai/kriaz-msee20seecs-nust/ugttt-rebuttal/runs/56by6jmf
tinker_cookbook.utils.ml_log:143 [INFO] Wrote metrics to logs/aws/wave1-rerun/ac1-base-seed2/metrics.jsonl
tinker_cookbook.utils.ml_log:240 [INFO] Logging to: https://wandb.ai/kriaz-msee20seecs-nust/ugttt-rebuttal/runs/56by6jmf
tinker_cookbook.utils.ml_log:143 [INFO] Wrote metrics to logs/aws/wave1-rerun/ac1-base-seed2/metrics.jsonl
tinker_cookbook.utils.ml_log:240 [INFO] Logging to: https://wandb.ai/kriaz-msee20seecs-nust/ugttt-rebuttal/runs/56by6jmf
__main__:1949 [INFO]   [0][6/8] FILTERED | R_exec=0.0000 (max=0.0000) RMI=0.0000 R_total=0.0000 | 1674.5s | GPU: 18.0/60.3GB
tinker_cookbook.utils.ml_log:143 [INFO] Wrote metrics to logs/aws/wave1-rerun/ac1-base-seed2/metrics.jsonl
tinker_cookbook.utils.ml_log:240 [INFO] Logging to: https://wandb.ai/kriaz-msee20seecs-nust/ugttt-rebuttal/runs/56by6jmf
tinker_cookbook.rl.ensemble:1082 [INFO]   generate_batch_multi_adapter_two_phase: N=8 phase1_max=26000 streaming_mi=False kv_q=False
tinker_cookbook.rl.ensemble:1270 [INFO]     [gen/p1] step=2048/24055 active=8/8 mi_stopped=0
tinker_cookbook.rl.ensemble:1270 [INFO]     [gen/p1] step=4096/24055 active=8/8 mi_stopped=0
tinker_cookbook.rl.ensemble:1270 [INFO]     [gen/p1] step=6144/24055 active=8/8 mi_stopped=0
tinker_cookbook.rl.ensemble:1270 [INFO]     [gen/p1] step=8192/24055 active=5/8 mi_stopped=0
tinker_cookbook.rl.ensemble:1270 [INFO]     [gen/p1] step=10240/24055 active=1/8 mi_stopped=0
__main__:1078 [INFO]   Group 6: multi-adapter generation 8 seqs in 815.4s
__main__:1108 [INFO]   Group 6: rewards computed in 1005.6s
__main__:1150 [INFO]     [g6][r1/8] adapter=0 R_exec=0.0000 true_MI=0.00000 RMI=0.0000 R_total=0.0000 correct=0 tokens=8943
__main__:1150 [INFO]     [g6][r2/8] adapter=0 R_exec=0.0000 true_MI=0.00000 RMI=0.0000 R_total=0.0000 correct=0 tokens=7808
__main__:1150 [INFO]     [g6][r3/8] adapter=0 R_exec=0.5001 true_MI=0.00000 RMI=0.0000 R_total=0.5001 correct=1 tokens=10316
__main__:1150 [INFO]     [g6][r4/8] adapter=0 R_exec=0.5003 true_MI=0.00000 RMI=0.0000 R_total=0.5003 correct=1 tokens=8726
__main__:1150 [INFO]     [g6][r5/8] adapter=0 R_exec=0.0000 true_MI=0.00000 RMI=0.0000 R_total=0.0000 correct=0 tokens=8895
__main__:1150 [INFO]     [g6][r6/8] adapter=0 R_exec=0.0000 true_MI=0.00000 RMI=0.0000 R_total=0.0000 correct=0 tokens=9175
__main__:1150 [INFO]     [g6][r7/8] adapter=0 R_exec=0.0000 true_MI=0.00000 RMI=0.0000 R_total=0.0000 correct=0 tokens=8027
__main__:1150 [INFO]     [g6][r8/8] adapter=0 R_exec=0.0000 true_MI=0.00000 RMI=0.0000 R_total=0.0000 correct=0 tokens=7938
__main__:1167 [INFO]   [g6] group true_MI: mean=0.00000 std=0.00000 max=0.00000 normalized=[0.00 0.00 0.00 0.00 0.00 0.00 0.00 0.00]
tinker_cookbook.utils.ml_log:143 [INFO] Wrote metrics to logs/aws/wave1-rerun/ac1-base-seed2/metrics.jsonl
tinker_cookbook.utils.ml_log:240 [INFO] Logging to: https://wandb.ai/kriaz-msee20seecs-nust/ugttt-rebuttal/runs/56by6jmf
tinker_cookbook.utils.ml_log:143 [INFO] Wrote metrics to logs/aws/wave1-rerun/ac1-base-seed2/metrics.jsonl
tinker_cookbook.utils.ml_log:240 [INFO] Logging to: https://wandb.ai/kriaz-msee20seecs-nust/ugttt-rebuttal/runs/56by6jmf
tinker_cookbook.utils.ml_log:143 [INFO] Wrote metrics to logs/aws/wave1-rerun/ac1-base-seed2/metrics.jsonl
tinker_cookbook.utils.ml_log:240 [INFO] Logging to: https://wandb.ai/kriaz-msee20seecs-nust/ugttt-rebuttal/runs/56by6jmf
tinker_cookbook.utils.ml_log:143 [INFO] Wrote metrics to logs/aws/wave1-rerun/ac1-base-seed2/metrics.jsonl
tinker_cookbook.utils.ml_log:240 [INFO] Logging to: https://wandb.ai/kriaz-msee20seecs-nust/ugttt-rebuttal/runs/56by6jmf
tinker_cookbook.utils.ml_log:143 [INFO] Wrote metrics to logs/aws/wave1-rerun/ac1-base-seed2/metrics.jsonl
tinker_cookbook.utils.ml_log:240 [INFO] Logging to: https://wandb.ai/kriaz-msee20seecs-nust/ugttt-rebuttal/runs/56by6jmf
tinker_cookbook.utils.ml_log:143 [INFO] Wrote metrics to logs/aws/wave1-rerun/ac1-base-seed2/metrics.jsonl
tinker_cookbook.utils.ml_log:240 [INFO] Logging to: https://wandb.ai/kriaz-msee20seecs-nust/ugttt-rebuttal/runs/56by6jmf
tinker_cookbook.utils.ml_log:143 [INFO] Wrote metrics to logs/aws/wave1-rerun/ac1-base-seed2/metrics.jsonl
tinker_cookbook.utils.ml_log:240 [INFO] Logging to: https://wandb.ai/kriaz-msee20seecs-nust/ugttt-rebuttal/runs/56by6jmf
tinker_cookbook.utils.ml_log:143 [INFO] Wrote metrics to logs/aws/wave1-rerun/ac1-base-seed2/metrics.jsonl
tinker_cookbook.utils.ml_log:240 [INFO] Logging to: https://wandb.ai/kriaz-msee20seecs-nust/ugttt-rebuttal/runs/56by6jmf
__main__:1949 [INFO]   [0][7/8] KEPT | R_exec=0.1250 (max=0.5003) RMI=0.0000 R_total=0.1250 | 1821.1s | GPU: 18.0/60.5GB
tinker_cookbook.utils.ml_log:143 [INFO] Wrote metrics to logs/aws/wave1-rerun/ac1-base-seed2/metrics.jsonl
tinker_cookbook.utils.ml_log:240 [INFO] Logging to: https://wandb.ai/kriaz-msee20seecs-nust/ugttt-rebuttal/runs/56by6jmf
tinker_cookbook.rl.ensemble:1082 [INFO]   generate_batch_multi_adapter_two_phase: N=8 phase1_max=26000 streaming_mi=False kv_q=False
tinker_cookbook.rl.ensemble:1270 [INFO]     [gen/p1] step=2048/24055 active=8/8 mi_stopped=0
tinker_cookbook.rl.ensemble:1270 [INFO]     [gen/p1] step=4096/24055 active=8/8 mi_stopped=0
tinker_cookbook.rl.ensemble:1270 [INFO]     [gen/p1] step=6144/24055 active=8/8 mi_stopped=0
tinker_cookbook.rl.ensemble:1270 [INFO]     [gen/p1] step=8192/24055 active=4/8 mi_stopped=0
__main__:1078 [INFO]   Group 7: multi-adapter generation 8 seqs in 706.9s
__main__:1108 [INFO]   Group 7: rewards computed in 996.4s
__main__:1150 [INFO]     [g7][r1/8] adapter=0 R_exec=0.4849 true_MI=0.00000 RMI=0.0000 R_total=0.4849 correct=1 tokens=7614
__main__:1150 [INFO]     [g7][r2/8] adapter=0 R_exec=0.5000 true_MI=0.00000 RMI=0.0000 R_total=0.5000 correct=1 tokens=7657
__main__:1150 [INFO]     [g7][r3/8] adapter=0 R_exec=0.0000 true_MI=0.00000 RMI=0.0000 R_total=0.0000 correct=0 tokens=7142
__main__:1150 [INFO]     [g7][r4/8] adapter=0 R_exec=0.0000 true_MI=0.00000 RMI=0.0000 R_total=0.0000 correct=0 tokens=9125
__main__:1150 [INFO]     [g7][r5/8] adapter=0 R_exec=0.0000 true_MI=0.00000 RMI=0.0000 R_total=0.0000 correct=0 tokens=9337
__main__:1150 [INFO]     [g7][r6/8] adapter=0 R_exec=0.0000 true_MI=0.00000 RMI=0.0000 R_total=0.0000 correct=0 tokens=9000
__main__:1150 [INFO]     [g7][r7/8] adapter=0 R_exec=0.5000 true_MI=0.00000 RMI=0.0000 R_total=0.5000 correct=1 tokens=8242
__main__:1150 [INFO]     [g7][r8/8] adapter=0 R_exec=0.6587 true_MI=0.00000 RMI=0.0000 R_total=0.6587 correct=1 tokens=7609
__main__:1167 [INFO]   [g7] group true_MI: mean=0.00000 std=0.00000 max=0.00000 normalized=[0.00 0.00 0.00 0.00 0.00 0.00 0.00 0.00]
tinker_cookbook.utils.ml_log:143 [INFO] Wrote metrics to logs/aws/wave1-rerun/ac1-base-seed2/metrics.jsonl
tinker_cookbook.utils.ml_log:240 [INFO] Logging to: https://wandb.ai/kriaz-msee20seecs-nust/ugttt-rebuttal/runs/56by6jmf
tinker_cookbook.utils.ml_log:143 [INFO] Wrote metrics to logs/aws/wave1-rerun/ac1-base-seed2/metrics.jsonl
tinker_cookbook.utils.ml_log:240 [INFO] Logging to: https://wandb.ai/kriaz-msee20seecs-nust/ugttt-rebuttal/runs/56by6jmf
tinker_cookbook.utils.ml_log:143 [INFO] Wrote metrics to logs/aws/wave1-rerun/ac1-base-seed2/metrics.jsonl
tinker_cookbook.utils.ml_log:240 [INFO] Logging to: https://wandb.ai/kriaz-msee20seecs-nust/ugttt-rebuttal/runs/56by6jmf
tinker_cookbook.utils.ml_log:143 [INFO] Wrote metrics to logs/aws/wave1-rerun/ac1-base-seed2/metrics.jsonl
tinker_cookbook.utils.ml_log:240 [INFO] Logging to: https://wandb.ai/kriaz-msee20seecs-nust/ugttt-rebuttal/runs/56by6jmf
tinker_cookbook.utils.ml_log:143 [INFO] Wrote metrics to logs/aws/wave1-rerun/ac1-base-seed2/metrics.jsonl
tinker_cookbook.utils.ml_log:240 [INFO] Logging to: https://wandb.ai/kriaz-msee20seecs-nust/ugttt-rebuttal/runs/56by6jmf
tinker_cookbook.utils.ml_log:143 [INFO] Wrote metrics to logs/aws/wave1-rerun/ac1-base-seed2/metrics.jsonl
tinker_cookbook.utils.ml_log:240 [INFO] Logging to: https://wandb.ai/kriaz-msee20seecs-nust/ugttt-rebuttal/runs/56by6jmf
tinker_cookbook.utils.ml_log:143 [INFO] Wrote metrics to logs/aws/wave1-rerun/ac1-base-seed2/metrics.jsonl
tinker_cookbook.utils.ml_log:240 [INFO] Logging to: https://wandb.ai/kriaz-msee20seecs-nust/ugttt-rebuttal/runs/56by6jmf
tinker_cookbook.utils.ml_log:143 [INFO] Wrote metrics to logs/aws/wave1-rerun/ac1-base-seed2/metrics.jsonl
tinker_cookbook.utils.ml_log:240 [INFO] Logging to: https://wandb.ai/kriaz-msee20seecs-nust/ugttt-rebuttal/runs/56by6jmf
__main__:1949 [INFO]   [0][8/8] KEPT | R_exec=0.2680 (max=0.6587) RMI=0.0000 R_total=0.2680 | 1703.3s | GPU: 18.0/60.4GB
tinker_cookbook.utils.ml_log:143 [INFO] Wrote metrics to logs/aws/wave1-rerun/ac1-base-seed2/metrics.jsonl
tinker_cookbook.utils.ml_log:240 [INFO] Logging to: https://wandb.ai/kriaz-msee20seecs-nust/ugttt-rebuttal/runs/56by6jmf
__main__:1988 [INFO] [Epoch 0] Rollout phase done in 14947.5s. Training on 7/8 groups...
tinker_cookbook.utils.ml_log:143 [INFO] Wrote metrics to logs/aws/wave1-rerun/ac1-base-seed2/metrics.jsonl
tinker_cookbook.utils.ml_log:195 [INFO] 
┏━━━━━━━━━━━━━━━━━━━━━━━━━━━━━━━━┳━━━━━━━━━━━━━━┓
┃ Metric                         ┃ Value        ┃
┡━━━━━━━━━━━━━━━━━━━━━━━━━━━━━━━━╇━━━━━━━━━━━━━━┩
│ gpu/memory_allocated_gb        │ 18.092511    │
│ gpu/memory_peak_gb             │ 60.200276    │
│ gpu/memory_reserved_gb         │ 18.152948    │
│ kl_policy_base                 │ 0.002781     │
│ optim/entropy                  │ 0.556022     │
│ optim/kl_sample_train_v1       │ 0.000120     │
│ optim/kl_sample_train_v2       │ 0.000133     │
│ progress/done_frac             │ 0.166667     │
│ progress/epoch                 │ 0            │
│ rollout/groups_attempted       │ 8.000000     │
│ rollout/groups_filtered        │ 1.000000     │
│ rollout/groups_kept            │ 7.000000     │
│ rollout/intra_group_reward_std │ 0.259250     │
│ time/rollout                   │ 14947.507374 │
│ time/total                     │ 15167.596807 │
│ time/train                     │ 219.853978   │
│ train/advantage/max            │ 5.301882     │
│ train/advantage/mean           │ 0.318957     │
│ train/advantage/min            │ -0.999050    │
│ train/advantage/std            │ 1.961309     │
│ train/beta/mean                │ 6.667717     │
│ train/beta/std                 │ 2.338539     │
│ train/correctness/mean         │ 0.446429     │
│ train/correctness/rate         │ 0.446429     │
│ train/ensemble/frac_high_disa… │ 0.000000     │
│ train/ensemble/max_token_disa… │ nan          │
│ train/ensemble/member_logprob… │ 0.000000     │
│ train/ensemble/member_logprob… │ nan          │
│ train/gamma_eff/mean           │ 0.000000     │
│ train/gen/num_tokens/max       │ 13161.000000 │
│ train/gen/num_tokens/mean      │ 8535.321429  │
│ train/gen/num_tokens/std       │ 1473.474551  │
│ train/loss                     │ -0.318963    │
│ train/nnm_loss                 │ 0.000000     │
│ train/nnm_nuclear_norm         │ 0.000000     │
│ train/num_groups               │ 7.000000     │
│ train/num_rollouts             │ 56.000000    │
│ train/num_rollouts_total       │ 56.000000    │
│ train/reward/exec/best         │ 0.660976     │
│ train/reward/exec/max          │ 0.660976     │
│ train/reward/exec/mean         │ 0.244938     │
│ train/reward/exec/min          │ 0.000000     │
│ train/reward/exec/std          │ 0.276913     │
│ train/reward/rmi/max           │ 0.000000     │
│ train/reward/rmi/mean          │ 0.000000     │
│ train/reward/rmi/min           │ 0.000000     │
│ train/reward/rmi/std           │ 0.000000     │
│ train/reward/total/best        │ 0.660976     │
│ train/reward/total/max         │ 0.660976     │
│ train/reward/total/mean        │ 0.244938     │
│ train/reward/total/min         │ 0.000000     │
│ train/reward/total/std         │ 0.276913     │
│ train/streaming_mi/stop_rate   │ 0.000000     │
│ train/streaming_mi/tokens_sav… │ 0.000000     │
│ train/streaming_mi/tokens_sav… │ 0.000000     │
│ train/two_phase/phase1_tokens… │ 8535.321429  │
│ train/two_phase/phase2_tokens… │ 0.000000     │
│ train/two_phase/prefill_rate   │ 0.000000     │
│ train/uncertainty/predictive_… │ 0.000000     │
│ train/uncertainty/predictive_… │ 0.000000     │
│ train/uncertainty/predictive_… │ 0.000000     │
│ train/uncertainty/predictive_… │ 0.000000     │
│ train/uncertainty/predictive_… │ 0.000000     │
│ train/uncertainty/predictive_… │ 0.000000     │
│ train/uncertainty/predictive_… │ 0.000000     │
│ train/uncertainty/predictive_… │ 0.000000     │
│ train/uncertainty/rmi/max      │ 0.000000     │
│ train/uncertainty/rmi/mean     │ 0.000000     │
│ train/uncertainty/rmi/min      │ 0.000000     │
│ train/uncertainty/rmi/std      │ 0.000000     │
│ train/uncertainty/rmi_top7/max │ 0.000000     │
│ train/uncertainty/rmi_top7/me… │ 0.000000     │
│ train/uncertainty/rmi_top7/min │ 0.000000     │
│ train/uncertainty/rmi_top7/std │ 0.000000     │
│ train/uncertainty/top7_mi_cod… │ 0.000000     │
│ train/uncertainty/top7_mi_cod… │ 0.000000     │
│ train/uncertainty/top7_mi_thi… │ 0.000000     │
│ train/uncertainty/top7_mi_thi… │ 0.000000     │
│ train/uncertainty/top7_pct_co… │ 0.000000     │
│ train/uncertainty/top7_pct_co… │ 0.000000     │
│ train/uncertainty/top7_pct_th… │ 1.000000     │
│ train/uncertainty/top7_pct_th… │ 0.000000     │
│ train/uncertainty/true_mi/max  │ 0.000000     │
│ train/uncertainty/true_mi/mean │ 0.000000     │
│ train/uncertainty/true_mi/min  │ 0.000000     │
│ train/uncertainty/true_mi/std  │ 0.000000     │
│ train/uncertainty/variance/max │ nan          │
│ train/uncertainty/variance/me… │ nan          │
│ train/uncertainty/variance/min │ nan          │
│ train/uncertainty/variance/std │ nan          │
│ train/uncertainty/variance_to… │ nan          │
│ train/uncertainty/variance_to… │ nan          │
│ train/uncertainty/variance_to… │ nan          │
│ train/uncertainty/variance_to… │ nan          │
└────────────────────────────────┴──────────────┘
tinker_cookbook.utils.ml_log:240 [INFO] Logging to: https://wandb.ai/kriaz-msee20seecs-nust/ugttt-rebuttal/runs/56by6jmf
__main__:2062 [INFO] [Epoch 0] R_exec=0.2449 (max=0.6610 best=0.6610) RMI=0.0000 beta=6.67 corr=44.6% loss=-0.3190 groups=7/8 time=15167.6s
__main__:1836 [INFO] [Epoch 1/6] Starting rollout phase: 8 groups × 8 rollouts
tinker_cookbook.rl.ensemble:1082 [INFO]   generate_batch_multi_adapter_two_phase: N=8 phase1_max=26000 streaming_mi=False kv_q=False
tinker_cookbook.rl.ensemble:1270 [INFO]     [gen/p1] step=2048/23468 active=8/8 mi_stopped=0
tinker_cookbook.rl.ensemble:1270 [INFO]     [gen/p1] step=4096/23468 active=8/8 mi_stopped=0
tinker_cookbook.rl.ensemble:1270 [INFO]     [gen/p1] step=6144/23468 active=6/8 mi_stopped=0
tinker_cookbook.rl.ensemble:1270 [INFO]     [gen/p1] step=8192/23468 active=5/8 mi_stopped=0
tinker_cookbook.rl.ensemble:1270 [INFO]     [gen/p1] step=10240/23468 active=1/8 mi_stopped=0
__main__:1078 [INFO]   Group 0: multi-adapter generation 8 seqs in 885.2s
__main__:1108 [INFO]   Group 0: rewards computed in 1005.2s
__main__:1150 [INFO]     [g0][r1/8] adapter=0 R_exec=0.6365 true_MI=0.00000 RMI=0.0000 R_total=0.6365 correct=1 tokens=8860
__main__:1150 [INFO]     [g0][r2/8] adapter=0 R_exec=0.4829 true_MI=0.00000 RMI=0.0000 R_total=0.4829 correct=1 tokens=7472
__main__:1150 [INFO]     [g0][r3/8] adapter=0 R_exec=0.6592 true_MI=0.00000 RMI=0.0000 R_total=0.6592 correct=1 tokens=10218
__main__:1150 [INFO]     [g0][r4/8] adapter=0 R_exec=0.6601 true_MI=0.00000 RMI=0.0000 R_total=0.6601 correct=1 tokens=10030
__main__:1150 [INFO]     [g0][r5/8] adapter=0 R_exec=0.0000 true_MI=0.00000 RMI=0.0000 R_total=0.0000 correct=0 tokens=8860
__main__:1150 [INFO]     [g0][r6/8] adapter=0 R_exec=0.5871 true_MI=0.00000 RMI=0.0000 R_total=0.5871 correct=1 tokens=4987
__main__:1150 [INFO]     [g0][r7/8] adapter=0 R_exec=0.6590 true_MI=0.00000 RMI=0.0000 R_total=0.6590 correct=1 tokens=10562
__main__:1150 [INFO]     [g0][r8/8] adapter=0 R_exec=0.6581 true_MI=0.00000 RMI=0.0000 R_total=0.6581 correct=1 tokens=6053
__main__:1167 [INFO]   [g0] group true_MI: mean=0.00000 std=0.00000 max=0.00000 normalized=[0.00 0.00 0.00 0.00 0.00 0.00 0.00 0.00]
tinker_cookbook.utils.ml_log:143 [INFO] Wrote metrics to logs/aws/wave1-rerun/ac1-base-seed2/metrics.jsonl
tinker_cookbook.utils.ml_log:240 [INFO] Logging to: https://wandb.ai/kriaz-msee20seecs-nust/ugttt-rebuttal/runs/56by6jmf
tinker_cookbook.utils.ml_log:143 [INFO] Wrote metrics to logs/aws/wave1-rerun/ac1-base-seed2/metrics.jsonl
tinker_cookbook.utils.ml_log:240 [INFO] Logging to: https://wandb.ai/kriaz-msee20seecs-nust/ugttt-rebuttal/runs/56by6jmf
tinker_cookbook.utils.ml_log:143 [INFO] Wrote metrics to logs/aws/wave1-rerun/ac1-base-seed2/metrics.jsonl
tinker_cookbook.utils.ml_log:240 [INFO] Logging to: https://wandb.ai/kriaz-msee20seecs-nust/ugttt-rebuttal/runs/56by6jmf
tinker_cookbook.utils.ml_log:143 [INFO] Wrote metrics to logs/aws/wave1-rerun/ac1-base-seed2/metrics.jsonl
tinker_cookbook.utils.ml_log:240 [INFO] Logging to: https://wandb.ai/kriaz-msee20seecs-nust/ugttt-rebuttal/runs/56by6jmf
tinker_cookbook.utils.ml_log:143 [INFO] Wrote metrics to logs/aws/wave1-rerun/ac1-base-seed2/metrics.jsonl
tinker_cookbook.utils.ml_log:240 [INFO] Logging to: https://wandb.ai/kriaz-msee20seecs-nust/ugttt-rebuttal/runs/56by6jmf
tinker_cookbook.utils.ml_log:143 [INFO] Wrote metrics to logs/aws/wave1-rerun/ac1-base-seed2/metrics.jsonl
tinker_cookbook.utils.ml_log:240 [INFO] Logging to: https://wandb.ai/kriaz-msee20seecs-nust/ugttt-rebuttal/runs/56by6jmf
tinker_cookbook.utils.ml_log:143 [INFO] Wrote metrics to logs/aws/wave1-rerun/ac1-base-seed2/metrics.jsonl
tinker_cookbook.utils.ml_log:240 [INFO] Logging to: https://wandb.ai/kriaz-msee20seecs-nust/ugttt-rebuttal/runs/56by6jmf
tinker_cookbook.utils.ml_log:143 [INFO] Wrote metrics to logs/aws/wave1-rerun/ac1-base-seed2/metrics.jsonl
tinker_cookbook.utils.ml_log:240 [INFO] Logging to: https://wandb.ai/kriaz-msee20seecs-nust/ugttt-rebuttal/runs/56by6jmf
__main__:1949 [INFO]   [1][1/8] KEPT | R_exec=0.5428 (max=0.6601) RMI=0.0000 R_total=0.5428 | 1890.5s | GPU: 18.1/60.9GB
tinker_cookbook.utils.ml_log:143 [INFO] Wrote metrics to logs/aws/wave1-rerun/ac1-base-seed2/metrics.jsonl
tinker_cookbook.utils.ml_log:240 [INFO] Logging to: https://wandb.ai/kriaz-msee20seecs-nust/ugttt-rebuttal/runs/56by6jmf
tinker_cookbook.rl.ensemble:1082 [INFO]   generate_batch_multi_adapter_two_phase: N=8 phase1_max=26000 streaming_mi=False kv_q=False
tinker_cookbook.rl.ensemble:1270 [INFO]     [gen/p1] step=2048/23539 active=8/8 mi_stopped=0
tinker_cookbook.rl.ensemble:1270 [INFO]     [gen/p1] step=4096/23539 active=8/8 mi_stopped=0
tinker_cookbook.rl.ensemble:1270 [INFO]     [gen/p1] step=6144/23539 active=8/8 mi_stopped=0
tinker_cookbook.rl.ensemble:1270 [INFO]     [gen/p1] step=8192/23539 active=5/8 mi_stopped=0
__main__:1078 [INFO]   Group 1: multi-adapter generation 8 seqs in 780.2s
__main__:1108 [INFO]   Group 1: rewards computed in 1004.6s
__main__:1150 [INFO]     [g1][r1/8] adapter=0 R_exec=0.6597 true_MI=0.00000 RMI=0.0000 R_total=0.6597 correct=1 tokens=8984
__main__:1150 [INFO]     [g1][r2/8] adapter=0 R_exec=0.5403 true_MI=0.00000 RMI=0.0000 R_total=0.5403 correct=1 tokens=7095
__main__:1150 [INFO]     [g1][r3/8] adapter=0 R_exec=0.5625 true_MI=0.00000 RMI=0.0000 R_total=0.5625 correct=1 tokens=9109
__main__:1150 [INFO]     [g1][r4/8] adapter=0 R_exec=0.0000 true_MI=0.00000 RMI=0.0000 R_total=0.0000 correct=0 tokens=9725
__main__:1150 [INFO]     [g1][r5/8] adapter=0 R_exec=0.6598 true_MI=0.00000 RMI=0.0000 R_total=0.6598 correct=1 tokens=9438
__main__:1150 [INFO]     [g1][r6/8] adapter=0 R_exec=0.5163 true_MI=0.00000 RMI=0.0000 R_total=0.5163 correct=1 tokens=8777
__main__:1150 [INFO]     [g1][r7/8] adapter=0 R_exec=0.6578 true_MI=0.00000 RMI=0.0000 R_total=0.6578 correct=1 tokens=7111
__main__:1150 [INFO]     [g1][r8/8] adapter=0 R_exec=0.6580 true_MI=0.00000 RMI=0.0000 R_total=0.6580 correct=1 tokens=7670
__main__:1167 [INFO]   [g1] group true_MI: mean=0.00000 std=0.00000 max=0.00000 normalized=[0.00 0.00 0.00 0.00 0.00 0.00 0.00 0.00]
tinker_cookbook.utils.ml_log:143 [INFO] Wrote metrics to logs/aws/wave1-rerun/ac1-base-seed2/metrics.jsonl
tinker_cookbook.utils.ml_log:240 [INFO] Logging to: https://wandb.ai/kriaz-msee20seecs-nust/ugttt-rebuttal/runs/56by6jmf
tinker_cookbook.utils.ml_log:143 [INFO] Wrote metrics to logs/aws/wave1-rerun/ac1-base-seed2/metrics.jsonl
tinker_cookbook.utils.ml_log:240 [INFO] Logging to: https://wandb.ai/kriaz-msee20seecs-nust/ugttt-rebuttal/runs/56by6jmf
tinker_cookbook.utils.ml_log:143 [INFO] Wrote metrics to logs/aws/wave1-rerun/ac1-base-seed2/metrics.jsonl
tinker_cookbook.utils.ml_log:240 [INFO] Logging to: https://wandb.ai/kriaz-msee20seecs-nust/ugttt-rebuttal/runs/56by6jmf
tinker_cookbook.utils.ml_log:143 [INFO] Wrote metrics to logs/aws/wave1-rerun/ac1-base-seed2/metrics.jsonl
tinker_cookbook.utils.ml_log:240 [INFO] Logging to: https://wandb.ai/kriaz-msee20seecs-nust/ugttt-rebuttal/runs/56by6jmf
tinker_cookbook.utils.ml_log:143 [INFO] Wrote metrics to logs/aws/wave1-rerun/ac1-base-seed2/metrics.jsonl
tinker_cookbook.utils.ml_log:240 [INFO] Logging to: https://wandb.ai/kriaz-msee20seecs-nust/ugttt-rebuttal/runs/56by6jmf
tinker_cookbook.utils.ml_log:143 [INFO] Wrote metrics to logs/aws/wave1-rerun/ac1-base-seed2/metrics.jsonl
tinker_cookbook.utils.ml_log:240 [INFO] Logging to: https://wandb.ai/kriaz-msee20seecs-nust/ugttt-rebuttal/runs/56by6jmf
tinker_cookbook.utils.ml_log:143 [INFO] Wrote metrics to logs/aws/wave1-rerun/ac1-base-seed2/metrics.jsonl
tinker_cookbook.utils.ml_log:240 [INFO] Logging to: https://wandb.ai/kriaz-msee20seecs-nust/ugttt-rebuttal/runs/56by6jmf
tinker_cookbook.utils.ml_log:143 [INFO] Wrote metrics to logs/aws/wave1-rerun/ac1-base-seed2/metrics.jsonl
tinker_cookbook.utils.ml_log:240 [INFO] Logging to: https://wandb.ai/kriaz-msee20seecs-nust/ugttt-rebuttal/runs/56by6jmf
__main__:1949 [INFO]   [1][2/8] KEPT | R_exec=0.5318 (max=0.6598) RMI=0.0000 R_total=0.5318 | 1784.8s | GPU: 18.1/61.2GB
tinker_cookbook.utils.ml_log:143 [INFO] Wrote metrics to logs/aws/wave1-rerun/ac1-base-seed2/metrics.jsonl
tinker_cookbook.utils.ml_log:240 [INFO] Logging to: https://wandb.ai/kriaz-msee20seecs-nust/ugttt-rebuttal/runs/56by6jmf
tinker_cookbook.rl.ensemble:1082 [INFO]   generate_batch_multi_adapter_two_phase: N=8 phase1_max=26000 streaming_mi=False kv_q=False
tinker_cookbook.rl.ensemble:1270 [INFO]     [gen/p1] step=2048/23726 active=8/8 mi_stopped=0
tinker_cookbook.rl.ensemble:1270 [INFO]     [gen/p1] step=4096/23726 active=8/8 mi_stopped=0
tinker_cookbook.rl.ensemble:1270 [INFO]     [gen/p1] step=6144/23726 active=7/8 mi_stopped=0
tinker_cookbook.rl.ensemble:1270 [INFO]     [gen/p1] step=8192/23726 active=2/8 mi_stopped=0
__main__:1078 [INFO]   Group 2: multi-adapter generation 8 seqs in 741.6s
__main__:1108 [INFO]   Group 2: rewards computed in 1005.2s
__main__:1150 [INFO]     [g2][r1/8] adapter=0 R_exec=0.6365 true_MI=0.00000 RMI=0.0000 R_total=0.6365 correct=1 tokens=6798
__main__:1150 [INFO]     [g2][r2/8] adapter=0 R_exec=0.6365 true_MI=0.00000 RMI=0.0000 R_total=0.6365 correct=1 tokens=9458
__main__:1150 [INFO]     [g2][r3/8] adapter=0 R_exec=0.6365 true_MI=0.00000 RMI=0.0000 R_total=0.6365 correct=1 tokens=9288
__main__:1150 [INFO]     [g2][r4/8] adapter=0 R_exec=0.6365 true_MI=0.00000 RMI=0.0000 R_total=0.6365 correct=1 tokens=7843
__main__:1150 [INFO]     [g2][r5/8] adapter=0 R_exec=0.0000 true_MI=0.00000 RMI=0.0000 R_total=0.0000 correct=0 tokens=7827
__main__:1150 [INFO]     [g2][r6/8] adapter=0 R_exec=0.6365 true_MI=0.00000 RMI=0.0000 R_total=0.6365 correct=1 tokens=7937
__main__:1150 [INFO]     [g2][r7/8] adapter=0 R_exec=0.6614 true_MI=0.00000 RMI=0.0000 R_total=0.6614 correct=1 tokens=6104
__main__:1150 [INFO]     [g2][r8/8] adapter=0 R_exec=0.6365 true_MI=0.00000 RMI=0.0000 R_total=0.6365 correct=1 tokens=8134
__main__:1167 [INFO]   [g2] group true_MI: mean=0.00000 std=0.00000 max=0.00000 normalized=[0.00 0.00 0.00 0.00 0.00 0.00 0.00 0.00]
tinker_cookbook.utils.ml_log:143 [INFO] Wrote metrics to logs/aws/wave1-rerun/ac1-base-seed2/metrics.jsonl
tinker_cookbook.utils.ml_log:240 [INFO] Logging to: https://wandb.ai/kriaz-msee20seecs-nust/ugttt-rebuttal/runs/56by6jmf
tinker_cookbook.utils.ml_log:143 [INFO] Wrote metrics to logs/aws/wave1-rerun/ac1-base-seed2/metrics.jsonl
tinker_cookbook.utils.ml_log:240 [INFO] Logging to: https://wandb.ai/kriaz-msee20seecs-nust/ugttt-rebuttal/runs/56by6jmf
tinker_cookbook.utils.ml_log:143 [INFO] Wrote metrics to logs/aws/wave1-rerun/ac1-base-seed2/metrics.jsonl
tinker_cookbook.utils.ml_log:240 [INFO] Logging to: https://wandb.ai/kriaz-msee20seecs-nust/ugttt-rebuttal/runs/56by6jmf
tinker_cookbook.utils.ml_log:143 [INFO] Wrote metrics to logs/aws/wave1-rerun/ac1-base-seed2/metrics.jsonl
tinker_cookbook.utils.ml_log:240 [INFO] Logging to: https://wandb.ai/kriaz-msee20seecs-nust/ugttt-rebuttal/runs/56by6jmf
tinker_cookbook.utils.ml_log:143 [INFO] Wrote metrics to logs/aws/wave1-rerun/ac1-base-seed2/metrics.jsonl
tinker_cookbook.utils.ml_log:240 [INFO] Logging to: https://wandb.ai/kriaz-msee20seecs-nust/ugttt-rebuttal/runs/56by6jmf
tinker_cookbook.utils.ml_log:143 [INFO] Wrote metrics to logs/aws/wave1-rerun/ac1-base-seed2/metrics.jsonl
tinker_cookbook.utils.ml_log:240 [INFO] Logging to: https://wandb.ai/kriaz-msee20seecs-nust/ugttt-rebuttal/runs/56by6jmf
tinker_cookbook.utils.ml_log:143 [INFO] Wrote metrics to logs/aws/wave1-rerun/ac1-base-seed2/metrics.jsonl
tinker_cookbook.utils.ml_log:240 [INFO] Logging to: https://wandb.ai/kriaz-msee20seecs-nust/ugttt-rebuttal/runs/56by6jmf
tinker_cookbook.utils.ml_log:143 [INFO] Wrote metrics to logs/aws/wave1-rerun/ac1-base-seed2/metrics.jsonl
tinker_cookbook.utils.ml_log:240 [INFO] Logging to: https://wandb.ai/kriaz-msee20seecs-nust/ugttt-rebuttal/runs/56by6jmf
__main__:1949 [INFO]   [1][3/8] KEPT | R_exec=0.5600 (max=0.6614) RMI=0.0000 R_total=0.5600 | 1746.9s | GPU: 18.1/60.7GB
tinker_cookbook.utils.ml_log:143 [INFO] Wrote metrics to logs/aws/wave1-rerun/ac1-base-seed2/metrics.jsonl
tinker_cookbook.utils.ml_log:240 [INFO] Logging to: https://wandb.ai/kriaz-msee20seecs-nust/ugttt-rebuttal/runs/56by6jmf
tinker_cookbook.rl.ensemble:1082 [INFO]   generate_batch_multi_adapter_two_phase: N=8 phase1_max=26000 streaming_mi=False kv_q=False
tinker_cookbook.rl.ensemble:1270 [INFO]     [gen/p1] step=2048/23815 active=8/8 mi_stopped=0
tinker_cookbook.rl.ensemble:1270 [INFO]     [gen/p1] step=4096/23815 active=8/8 mi_stopped=0
tinker_cookbook.rl.ensemble:1270 [INFO]     [gen/p1] step=6144/23815 active=7/8 mi_stopped=0
tinker_cookbook.rl.ensemble:1270 [INFO]     [gen/p1] step=8192/23815 active=3/8 mi_stopped=0
__main__:1078 [INFO]   Group 3: multi-adapter generation 8 seqs in 763.2s
__main__:1108 [INFO]   Group 3: rewards computed in 994.4s
__main__:1150 [INFO]     [g3][r1/8] adapter=0 R_exec=0.5023 true_MI=0.00000 RMI=0.0000 R_total=0.5023 correct=1 tokens=8021
__main__:1150 [INFO]     [g3][r2/8] adapter=0 R_exec=0.0000 true_MI=0.00000 RMI=0.0000 R_total=0.0000 correct=0 tokens=8074
__main__:1150 [INFO]     [g3][r3/8] adapter=0 R_exec=0.6415 true_MI=0.00000 RMI=0.0000 R_total=0.6415 correct=1 tokens=9691
__main__:1150 [INFO]     [g3][r4/8] adapter=0 R_exec=0.4887 true_MI=0.00000 RMI=0.0000 R_total=0.4887 correct=1 tokens=5625
__main__:1150 [INFO]     [g3][r5/8] adapter=0 R_exec=0.5024 true_MI=0.00000 RMI=0.0000 R_total=0.5024 correct=1 tokens=8982
__main__:1150 [INFO]     [g3][r6/8] adapter=0 R_exec=0.6358 true_MI=0.00000 RMI=0.0000 R_total=0.6358 correct=1 tokens=6350
__main__:1150 [INFO]     [g3][r7/8] adapter=0 R_exec=0.6562 true_MI=0.00000 RMI=0.0000 R_total=0.6562 correct=1 tokens=7359
__main__:1150 [INFO]     [g3][r8/8] adapter=0 R_exec=0.0000 true_MI=0.00000 RMI=0.0000 R_total=0.0000 correct=0 tokens=8912
__main__:1167 [INFO]   [g3] group true_MI: mean=0.00000 std=0.00000 max=0.00000 normalized=[0.00 0.00 0.00 0.00 0.00 0.00 0.00 0.00]
tinker_cookbook.utils.ml_log:143 [INFO] Wrote metrics to logs/aws/wave1-rerun/ac1-base-seed2/metrics.jsonl
tinker_cookbook.utils.ml_log:240 [INFO] Logging to: https://wandb.ai/kriaz-msee20seecs-nust/ugttt-rebuttal/runs/56by6jmf
tinker_cookbook.utils.ml_log:143 [INFO] Wrote metrics to logs/aws/wave1-rerun/ac1-base-seed2/metrics.jsonl
tinker_cookbook.utils.ml_log:240 [INFO] Logging to: https://wandb.ai/kriaz-msee20seecs-nust/ugttt-rebuttal/runs/56by6jmf
tinker_cookbook.utils.ml_log:143 [INFO] Wrote metrics to logs/aws/wave1-rerun/ac1-base-seed2/metrics.jsonl
tinker_cookbook.utils.ml_log:240 [INFO] Logging to: https://wandb.ai/kriaz-msee20seecs-nust/ugttt-rebuttal/runs/56by6jmf
tinker_cookbook.utils.ml_log:143 [INFO] Wrote metrics to logs/aws/wave1-rerun/ac1-base-seed2/metrics.jsonl
tinker_cookbook.utils.ml_log:240 [INFO] Logging to: https://wandb.ai/kriaz-msee20seecs-nust/ugttt-rebuttal/runs/56by6jmf
tinker_cookbook.utils.ml_log:143 [INFO] Wrote metrics to logs/aws/wave1-rerun/ac1-base-seed2/metrics.jsonl
tinker_cookbook.utils.ml_log:240 [INFO] Logging to: https://wandb.ai/kriaz-msee20seecs-nust/ugttt-rebuttal/runs/56by6jmf
tinker_cookbook.utils.ml_log:143 [INFO] Wrote metrics to logs/aws/wave1-rerun/ac1-base-seed2/metrics.jsonl
tinker_cookbook.utils.ml_log:240 [INFO] Logging to: https://wandb.ai/kriaz-msee20seecs-nust/ugttt-rebuttal/runs/56by6jmf
tinker_cookbook.utils.ml_log:143 [INFO] Wrote metrics to logs/aws/wave1-rerun/ac1-base-seed2/metrics.jsonl
tinker_cookbook.utils.ml_log:240 [INFO] Logging to: https://wandb.ai/kriaz-msee20seecs-nust/ugttt-rebuttal/runs/56by6jmf
tinker_cookbook.utils.ml_log:143 [INFO] Wrote metrics to logs/aws/wave1-rerun/ac1-base-seed2/metrics.jsonl
tinker_cookbook.utils.ml_log:240 [INFO] Logging to: https://wandb.ai/kriaz-msee20seecs-nust/ugttt-rebuttal/runs/56by6jmf
__main__:1949 [INFO]   [1][4/8] KEPT | R_exec=0.4284 (max=0.6562) RMI=0.0000 R_total=0.4284 | 1757.6s | GPU: 18.1/60.6GB
tinker_cookbook.utils.ml_log:143 [INFO] Wrote metrics to logs/aws/wave1-rerun/ac1-base-seed2/metrics.jsonl
tinker_cookbook.utils.ml_log:240 [INFO] Logging to: https://wandb.ai/kriaz-msee20seecs-nust/ugttt-rebuttal/runs/56by6jmf
tinker_cookbook.rl.ensemble:1082 [INFO]   generate_batch_multi_adapter_two_phase: N=8 phase1_max=26000 streaming_mi=False kv_q=False
tinker_cookbook.rl.ensemble:1270 [INFO]     [gen/p1] step=2048/24055 active=8/8 mi_stopped=0
tinker_cookbook.rl.ensemble:1270 [INFO]     [gen/p1] step=4096/24055 active=8/8 mi_stopped=0
tinker_cookbook.rl.ensemble:1270 [INFO]     [gen/p1] step=6144/24055 active=8/8 mi_stopped=0
tinker_cookbook.rl.ensemble:1270 [INFO]     [gen/p1] step=8192/24055 active=1/8 mi_stopped=0
tinker_cookbook.rl.ensemble:1270 [INFO]     [gen/p1] step=10240/24055 active=1/8 mi_stopped=0
__main__:1078 [INFO]   Group 4: multi-adapter generation 8 seqs in 856.9s
__main__:1108 [INFO]   Group 4: rewards computed in 1005.5s
__main__:1150 [INFO]     [g4][r1/8] adapter=0 R_exec=0.5000 true_MI=0.00000 RMI=0.0000 R_total=0.5000 correct=1 tokens=8170
__main__:1150 [INFO]     [g4][r2/8] adapter=0 R_exec=0.0000 true_MI=0.00000 RMI=0.0000 R_total=0.0000 correct=0 tokens=6920
__main__:1150 [INFO]     [g4][r3/8] adapter=0 R_exec=0.0000 true_MI=0.00000 RMI=0.0000 R_total=0.0000 correct=0 tokens=7496
__main__:1150 [INFO]     [g4][r4/8] adapter=0 R_exec=0.5001 true_MI=0.00000 RMI=0.0000 R_total=0.5001 correct=1 tokens=7726
__main__:1150 [INFO]     [g4][r5/8] adapter=0 R_exec=0.0000 true_MI=0.00000 RMI=0.0000 R_total=0.0000 correct=0 tokens=10667
__main__:1150 [INFO]     [g4][r6/8] adapter=0 R_exec=0.5000 true_MI=0.00000 RMI=0.0000 R_total=0.5000 correct=1 tokens=7203
__main__:1150 [INFO]     [g4][r7/8] adapter=0 R_exec=0.5019 true_MI=0.00000 RMI=0.0000 R_total=0.5019 correct=1 tokens=7318
__main__:1150 [INFO]     [g4][r8/8] adapter=0 R_exec=0.5000 true_MI=0.00000 RMI=0.0000 R_total=0.5000 correct=1 tokens=8178
__main__:1167 [INFO]   [g4] group true_MI: mean=0.00000 std=0.00000 max=0.00000 normalized=[0.00 0.00 0.00 0.00 0.00 0.00 0.00 0.00]
tinker_cookbook.utils.ml_log:143 [INFO] Wrote metrics to logs/aws/wave1-rerun/ac1-base-seed2/metrics.jsonl
tinker_cookbook.utils.ml_log:240 [INFO] Logging to: https://wandb.ai/kriaz-msee20seecs-nust/ugttt-rebuttal/runs/56by6jmf
tinker_cookbook.utils.ml_log:143 [INFO] Wrote metrics to logs/aws/wave1-rerun/ac1-base-seed2/metrics.jsonl
tinker_cookbook.utils.ml_log:240 [INFO] Logging to: https://wandb.ai/kriaz-msee20seecs-nust/ugttt-rebuttal/runs/56by6jmf
tinker_cookbook.utils.ml_log:143 [INFO] Wrote metrics to logs/aws/wave1-rerun/ac1-base-seed2/metrics.jsonl
tinker_cookbook.utils.ml_log:240 [INFO] Logging to: https://wandb.ai/kriaz-msee20seecs-nust/ugttt-rebuttal/runs/56by6jmf
tinker_cookbook.utils.ml_log:143 [INFO] Wrote metrics to logs/aws/wave1-rerun/ac1-base-seed2/metrics.jsonl
tinker_cookbook.utils.ml_log:240 [INFO] Logging to: https://wandb.ai/kriaz-msee20seecs-nust/ugttt-rebuttal/runs/56by6jmf
tinker_cookbook.utils.ml_log:143 [INFO] Wrote metrics to logs/aws/wave1-rerun/ac1-base-seed2/metrics.jsonl
tinker_cookbook.utils.ml_log:240 [INFO] Logging to: https://wandb.ai/kriaz-msee20seecs-nust/ugttt-rebuttal/runs/56by6jmf
tinker_cookbook.utils.ml_log:143 [INFO] Wrote metrics to logs/aws/wave1-rerun/ac1-base-seed2/metrics.jsonl
tinker_cookbook.utils.ml_log:240 [INFO] Logging to: https://wandb.ai/kriaz-msee20seecs-nust/ugttt-rebuttal/runs/56by6jmf
tinker_cookbook.utils.ml_log:143 [INFO] Wrote metrics to logs/aws/wave1-rerun/ac1-base-seed2/metrics.jsonl
tinker_cookbook.utils.ml_log:240 [INFO] Logging to: https://wandb.ai/kriaz-msee20seecs-nust/ugttt-rebuttal/runs/56by6jmf
tinker_cookbook.utils.ml_log:143 [INFO] Wrote metrics to logs/aws/wave1-rerun/ac1-base-seed2/metrics.jsonl
tinker_cookbook.utils.ml_log:240 [INFO] Logging to: https://wandb.ai/kriaz-msee20seecs-nust/ugttt-rebuttal/runs/56by6jmf
__main__:1949 [INFO]   [1][5/8] KEPT | R_exec=0.3128 (max=0.5019) RMI=0.0000 R_total=0.3128 | 1862.5s | GPU: 18.1/60.7GB
tinker_cookbook.utils.ml_log:143 [INFO] Wrote metrics to logs/aws/wave1-rerun/ac1-base-seed2/metrics.jsonl
tinker_cookbook.utils.ml_log:240 [INFO] Logging to: https://wandb.ai/kriaz-msee20seecs-nust/ugttt-rebuttal/runs/56by6jmf
tinker_cookbook.rl.ensemble:1082 [INFO]   generate_batch_multi_adapter_two_phase: N=8 phase1_max=26000 streaming_mi=False kv_q=False
tinker_cookbook.rl.ensemble:1270 [INFO]     [gen/p1] step=2048/24055 active=8/8 mi_stopped=0
tinker_cookbook.rl.ensemble:1270 [INFO]     [gen/p1] step=4096/24055 active=8/8 mi_stopped=0
tinker_cookbook.rl.ensemble:1270 [INFO]     [gen/p1] step=6144/24055 active=8/8 mi_stopped=0
tinker_cookbook.rl.ensemble:1270 [INFO]     [gen/p1] step=8192/24055 active=4/8 mi_stopped=0
tinker_cookbook.rl.ensemble:1270 [INFO]     [gen/p1] step=10240/24055 active=1/8 mi_stopped=0
tinker_cookbook.rl.ensemble:1270 [INFO]     [gen/p1] step=12288/24055 active=1/8 mi_stopped=0
__main__:1078 [INFO]   Group 5: multi-adapter generation 8 seqs in 1205.1s
__main__:1108 [INFO]   Group 5: rewards computed in 1005.2s
__main__:1150 [INFO]     [g5][r1/8] adapter=0 R_exec=0.0000 true_MI=0.00000 RMI=0.0000 R_total=0.0000 correct=0 tokens=6414
__main__:1150 [INFO]     [g5][r2/8] adapter=0 R_exec=0.0000 true_MI=0.00000 RMI=0.0000 R_total=0.0000 correct=0 tokens=9728
__main__:1150 [INFO]     [g5][r3/8] adapter=0 R_exec=0.6628 true_MI=0.00000 RMI=0.0000 R_total=0.6628 correct=1 tokens=8746
__main__:1150 [INFO]     [g5][r4/8] adapter=0 R_exec=0.0000 true_MI=0.00000 RMI=0.0000 R_total=0.0000 correct=0 tokens=7278
__main__:1150 [INFO]     [g5][r5/8] adapter=0 R_exec=0.0000 true_MI=0.00000 RMI=0.0000 R_total=0.0000 correct=0 tokens=7381
__main__:1150 [INFO]     [g5][r6/8] adapter=0 R_exec=0.0000 true_MI=0.00000 RMI=0.0000 R_total=0.0000 correct=0 tokens=8663
__main__:1150 [INFO]     [g5][r7/8] adapter=0 R_exec=0.5000 true_MI=0.00000 RMI=0.0000 R_total=0.5000 correct=1 tokens=13462
__main__:1150 [INFO]     [g5][r8/8] adapter=0 R_exec=0.5000 true_MI=0.00000 RMI=0.0000 R_total=0.5000 correct=1 tokens=7944
__main__:1167 [INFO]   [g5] group true_MI: mean=0.00000 std=0.00000 max=0.00000 normalized=[0.00 0.00 0.00 0.00 0.00 0.00 0.00 0.00]
tinker_cookbook.utils.ml_log:143 [INFO] Wrote metrics to logs/aws/wave1-rerun/ac1-base-seed2/metrics.jsonl
tinker_cookbook.utils.ml_log:240 [INFO] Logging to: https://wandb.ai/kriaz-msee20seecs-nust/ugttt-rebuttal/runs/56by6jmf
tinker_cookbook.utils.ml_log:143 [INFO] Wrote metrics to logs/aws/wave1-rerun/ac1-base-seed2/metrics.jsonl
tinker_cookbook.utils.ml_log:240 [INFO] Logging to: https://wandb.ai/kriaz-msee20seecs-nust/ugttt-rebuttal/runs/56by6jmf
tinker_cookbook.utils.ml_log:143 [INFO] Wrote metrics to logs/aws/wave1-rerun/ac1-base-seed2/metrics.jsonl
tinker_cookbook.utils.ml_log:240 [INFO] Logging to: https://wandb.ai/kriaz-msee20seecs-nust/ugttt-rebuttal/runs/56by6jmf
tinker_cookbook.utils.ml_log:143 [INFO] Wrote metrics to logs/aws/wave1-rerun/ac1-base-seed2/metrics.jsonl
tinker_cookbook.utils.ml_log:240 [INFO] Logging to: https://wandb.ai/kriaz-msee20seecs-nust/ugttt-rebuttal/runs/56by6jmf
tinker_cookbook.utils.ml_log:143 [INFO] Wrote metrics to logs/aws/wave1-rerun/ac1-base-seed2/metrics.jsonl
tinker_cookbook.utils.ml_log:240 [INFO] Logging to: https://wandb.ai/kriaz-msee20seecs-nust/ugttt-rebuttal/runs/56by6jmf
tinker_cookbook.utils.ml_log:143 [INFO] Wrote metrics to logs/aws/wave1-rerun/ac1-base-seed2/metrics.jsonl
tinker_cookbook.utils.ml_log:240 [INFO] Logging to: https://wandb.ai/kriaz-msee20seecs-nust/ugttt-rebuttal/runs/56by6jmf
tinker_cookbook.utils.ml_log:143 [INFO] Wrote metrics to logs/aws/wave1-rerun/ac1-base-seed2/metrics.jsonl
tinker_cookbook.utils.ml_log:240 [INFO] Logging to: https://wandb.ai/kriaz-msee20seecs-nust/ugttt-rebuttal/runs/56by6jmf
tinker_cookbook.utils.ml_log:143 [INFO] Wrote metrics to logs/aws/wave1-rerun/ac1-base-seed2/metrics.jsonl
tinker_cookbook.utils.ml_log:240 [INFO] Logging to: https://wandb.ai/kriaz-msee20seecs-nust/ugttt-rebuttal/runs/56by6jmf
__main__:1949 [INFO]   [1][6/8] KEPT | R_exec=0.2078 (max=0.6628) RMI=0.0000 R_total=0.2078 | 2210.4s | GPU: 18.1/61.1GB
tinker_cookbook.utils.ml_log:143 [INFO] Wrote metrics to logs/aws/wave1-rerun/ac1-base-seed2/metrics.jsonl
tinker_cookbook.utils.ml_log:240 [INFO] Logging to: https://wandb.ai/kriaz-msee20seecs-nust/ugttt-rebuttal/runs/56by6jmf
tinker_cookbook.rl.ensemble:1082 [INFO]   generate_batch_multi_adapter_two_phase: N=8 phase1_max=26000 streaming_mi=False kv_q=False
tinker_cookbook.rl.ensemble:1270 [INFO]     [gen/p1] step=2048/23505 active=8/8 mi_stopped=0
tinker_cookbook.rl.ensemble:1270 [INFO]     [gen/p1] step=4096/23505 active=8/8 mi_stopped=0
tinker_cookbook.rl.ensemble:1270 [INFO]     [gen/p1] step=6144/23505 active=6/8 mi_stopped=0
tinker_cookbook.rl.ensemble:1270 [INFO]     [gen/p1] step=8192/23505 active=4/8 mi_stopped=0
tinker_cookbook.rl.ensemble:1270 [INFO]     [gen/p1] step=10240/23505 active=1/8 mi_stopped=0
__main__:1078 [INFO]   Group 6: multi-adapter generation 8 seqs in 886.6s
__main__:1108 [INFO]   Group 6: rewards computed in 1005.2s
__main__:1150 [INFO]     [g6][r1/8] adapter=0 R_exec=0.4945 true_MI=0.00000 RMI=0.0000 R_total=0.4945 correct=1 tokens=8936
__main__:1150 [INFO]     [g6][r2/8] adapter=0 R_exec=0.4921 true_MI=0.00000 RMI=0.0000 R_total=0.4921 correct=1 tokens=10619
__main__:1150 [INFO]     [g6][r3/8] adapter=0 R_exec=0.0000 true_MI=0.00000 RMI=0.0000 R_total=0.0000 correct=0 tokens=7085
__main__:1150 [INFO]     [g6][r4/8] adapter=0 R_exec=0.0000 true_MI=0.00000 RMI=0.0000 R_total=0.0000 correct=0 tokens=9293
__main__:1150 [INFO]     [g6][r5/8] adapter=0 R_exec=0.0000 true_MI=0.00000 RMI=0.0000 R_total=0.0000 correct=0 tokens=7618
__main__:1150 [INFO]     [g6][r6/8] adapter=0 R_exec=0.4927 true_MI=0.00000 RMI=0.0000 R_total=0.4927 correct=1 tokens=5363
__main__:1150 [INFO]     [g6][r7/8] adapter=0 R_exec=0.4920 true_MI=0.00000 RMI=0.0000 R_total=0.4920 correct=1 tokens=5746
__main__:1150 [INFO]     [g6][r8/8] adapter=0 R_exec=0.0000 true_MI=0.00000 RMI=0.0000 R_total=0.0000 correct=0 tokens=8366
__main__:1167 [INFO]   [g6] group true_MI: mean=0.00000 std=0.00000 max=0.00000 normalized=[0.00 0.00 0.00 0.00 0.00 0.00 0.00 0.00]
tinker_cookbook.utils.ml_log:143 [INFO] Wrote metrics to logs/aws/wave1-rerun/ac1-base-seed2/metrics.jsonl
tinker_cookbook.utils.ml_log:240 [INFO] Logging to: https://wandb.ai/kriaz-msee20seecs-nust/ugttt-rebuttal/runs/56by6jmf
tinker_cookbook.utils.ml_log:143 [INFO] Wrote metrics to logs/aws/wave1-rerun/ac1-base-seed2/metrics.jsonl
tinker_cookbook.utils.ml_log:240 [INFO] Logging to: https://wandb.ai/kriaz-msee20seecs-nust/ugttt-rebuttal/runs/56by6jmf
tinker_cookbook.utils.ml_log:143 [INFO] Wrote metrics to logs/aws/wave1-rerun/ac1-base-seed2/metrics.jsonl
tinker_cookbook.utils.ml_log:240 [INFO] Logging to: https://wandb.ai/kriaz-msee20seecs-nust/ugttt-rebuttal/runs/56by6jmf
tinker_cookbook.utils.ml_log:143 [INFO] Wrote metrics to logs/aws/wave1-rerun/ac1-base-seed2/metrics.jsonl
tinker_cookbook.utils.ml_log:240 [INFO] Logging to: https://wandb.ai/kriaz-msee20seecs-nust/ugttt-rebuttal/runs/56by6jmf
tinker_cookbook.utils.ml_log:143 [INFO] Wrote metrics to logs/aws/wave1-rerun/ac1-base-seed2/metrics.jsonl
tinker_cookbook.utils.ml_log:240 [INFO] Logging to: https://wandb.ai/kriaz-msee20seecs-nust/ugttt-rebuttal/runs/56by6jmf
tinker_cookbook.utils.ml_log:143 [INFO] Wrote metrics to logs/aws/wave1-rerun/ac1-base-seed2/metrics.jsonl
tinker_cookbook.utils.ml_log:240 [INFO] Logging to: https://wandb.ai/kriaz-msee20seecs-nust/ugttt-rebuttal/runs/56by6jmf
tinker_cookbook.utils.ml_log:143 [INFO] Wrote metrics to logs/aws/wave1-rerun/ac1-base-seed2/metrics.jsonl
tinker_cookbook.utils.ml_log:240 [INFO] Logging to: https://wandb.ai/kriaz-msee20seecs-nust/ugttt-rebuttal/runs/56by6jmf
tinker_cookbook.utils.ml_log:143 [INFO] Wrote metrics to logs/aws/wave1-rerun/ac1-base-seed2/metrics.jsonl
tinker_cookbook.utils.ml_log:240 [INFO] Logging to: https://wandb.ai/kriaz-msee20seecs-nust/ugttt-rebuttal/runs/56by6jmf
__main__:1949 [INFO]   [1][7/8] KEPT | R_exec=0.2464 (max=0.4945) RMI=0.0000 R_total=0.2464 | 1891.9s | GPU: 18.1/61.4GB
tinker_cookbook.utils.ml_log:143 [INFO] Wrote metrics to logs/aws/wave1-rerun/ac1-base-seed2/metrics.jsonl
tinker_cookbook.utils.ml_log:240 [INFO] Logging to: https://wandb.ai/kriaz-msee20seecs-nust/ugttt-rebuttal/runs/56by6jmf
tinker_cookbook.rl.ensemble:1082 [INFO]   generate_batch_multi_adapter_two_phase: N=8 phase1_max=26000 streaming_mi=False kv_q=False
tinker_cookbook.rl.ensemble:1270 [INFO]     [gen/p1] step=2048/23223 active=8/8 mi_stopped=0
tinker_cookbook.rl.ensemble:1270 [INFO]     [gen/p1] step=4096/23223 active=8/8 mi_stopped=0
tinker_cookbook.rl.ensemble:1270 [INFO]     [gen/p1] step=6144/23223 active=7/8 mi_stopped=0
tinker_cookbook.rl.ensemble:1270 [INFO]     [gen/p1] step=8192/23223 active=2/8 mi_stopped=0
__main__:1078 [INFO]   Group 7: multi-adapter generation 8 seqs in 726.5s
__main__:1108 [INFO]   Group 7: rewards computed in 1002.0s
__main__:1150 [INFO]     [g7][r1/8] adapter=0 R_exec=0.0000 true_MI=0.00000 RMI=0.0000 R_total=0.0000 correct=0 tokens=8185
__main__:1150 [INFO]     [g7][r2/8] adapter=0 R_exec=0.0000 true_MI=0.00000 RMI=0.0000 R_total=0.0000 correct=0 tokens=7009
__main__:1150 [INFO]     [g7][r3/8] adapter=0 R_exec=0.0000 true_MI=0.00000 RMI=0.0000 R_total=0.0000 correct=0 tokens=8413
__main__:1150 [INFO]     [g7][r4/8] adapter=0 R_exec=0.0845 true_MI=0.00000 RMI=0.0000 R_total=0.0845 correct=1 tokens=6675
__main__:1150 [INFO]     [g7][r5/8] adapter=0 R_exec=0.0000 true_MI=0.00000 RMI=0.0000 R_total=0.0000 correct=0 tokens=6114
__main__:1150 [INFO]     [g7][r6/8] adapter=0 R_exec=0.0000 true_MI=0.00000 RMI=0.0000 R_total=0.0000 correct=0 tokens=9080
__main__:1150 [INFO]     [g7][r7/8] adapter=0 R_exec=0.0000 true_MI=0.00000 RMI=0.0000 R_total=0.0000 correct=0 tokens=7557
__main__:1150 [INFO]     [g7][r8/8] adapter=0 R_exec=0.0000 true_MI=0.00000 RMI=0.0000 R_total=0.0000 correct=0 tokens=7444
__main__:1167 [INFO]   [g7] group true_MI: mean=0.00000 std=0.00000 max=0.00000 normalized=[0.00 0.00 0.00 0.00 0.00 0.00 0.00 0.00]
tinker_cookbook.utils.ml_log:143 [INFO] Wrote metrics to logs/aws/wave1-rerun/ac1-base-seed2/metrics.jsonl
tinker_cookbook.utils.ml_log:240 [INFO] Logging to: https://wandb.ai/kriaz-msee20seecs-nust/ugttt-rebuttal/runs/56by6jmf
tinker_cookbook.utils.ml_log:143 [INFO] Wrote metrics to logs/aws/wave1-rerun/ac1-base-seed2/metrics.jsonl
tinker_cookbook.utils.ml_log:240 [INFO] Logging to: https://wandb.ai/kriaz-msee20seecs-nust/ugttt-rebuttal/runs/56by6jmf
tinker_cookbook.utils.ml_log:143 [INFO] Wrote metrics to logs/aws/wave1-rerun/ac1-base-seed2/metrics.jsonl
tinker_cookbook.utils.ml_log:240 [INFO] Logging to: https://wandb.ai/kriaz-msee20seecs-nust/ugttt-rebuttal/runs/56by6jmf
tinker_cookbook.utils.ml_log:143 [INFO] Wrote metrics to logs/aws/wave1-rerun/ac1-base-seed2/metrics.jsonl
tinker_cookbook.utils.ml_log:240 [INFO] Logging to: https://wandb.ai/kriaz-msee20seecs-nust/ugttt-rebuttal/runs/56by6jmf
tinker_cookbook.utils.ml_log:143 [INFO] Wrote metrics to logs/aws/wave1-rerun/ac1-base-seed2/metrics.jsonl
tinker_cookbook.utils.ml_log:240 [INFO] Logging to: https://wandb.ai/kriaz-msee20seecs-nust/ugttt-rebuttal/runs/56by6jmf
tinker_cookbook.utils.ml_log:143 [INFO] Wrote metrics to logs/aws/wave1-rerun/ac1-base-seed2/metrics.jsonl
tinker_cookbook.utils.ml_log:240 [INFO] Logging to: https://wandb.ai/kriaz-msee20seecs-nust/ugttt-rebuttal/runs/56by6jmf
tinker_cookbook.utils.ml_log:143 [INFO] Wrote metrics to logs/aws/wave1-rerun/ac1-base-seed2/metrics.jsonl
tinker_cookbook.utils.ml_log:240 [INFO] Logging to: https://wandb.ai/kriaz-msee20seecs-nust/ugttt-rebuttal/runs/56by6jmf
tinker_cookbook.utils.ml_log:143 [INFO] Wrote metrics to logs/aws/wave1-rerun/ac1-base-seed2/metrics.jsonl
tinker_cookbook.utils.ml_log:240 [INFO] Logging to: https://wandb.ai/kriaz-msee20seecs-nust/ugttt-rebuttal/runs/56by6jmf
__main__:1949 [INFO]   [1][8/8] KEPT | R_exec=0.0106 (max=0.0845) RMI=0.0000 R_total=0.0106 | 1728.5s | GPU: 18.1/61.2GB
tinker_cookbook.utils.ml_log:143 [INFO] Wrote metrics to logs/aws/wave1-rerun/ac1-base-seed2/metrics.jsonl
tinker_cookbook.utils.ml_log:240 [INFO] Logging to: https://wandb.ai/kriaz-msee20seecs-nust/ugttt-rebuttal/runs/56by6jmf
__main__:1988 [INFO] [Epoch 1] Rollout phase done in 14874.7s. Training on 8/8 groups...
tinker_cookbook.utils.ml_log:143 [INFO] Wrote metrics to logs/aws/wave1-rerun/ac1-base-seed2/metrics.jsonl
tinker_cookbook.utils.ml_log:195 [INFO] 
┏━━━━━━━━━━━━━━━━━━━━━━━━━━━━━━━━┳━━━━━━━━━━━━━━┓
┃ Metric                         ┃ Value        ┃
┡━━━━━━━━━━━━━━━━━━━━━━━━━━━━━━━━╇━━━━━━━━━━━━━━┩
│ gpu/memory_allocated_gb        │ 18.092511    │
│ gpu/memory_peak_gb             │ 60.588478    │
│ gpu/memory_reserved_gb         │ 18.152948    │
│ kl_policy_base                 │ 0.003102     │
│ optim/entropy                  │ 0.548414     │
│ optim/kl_sample_train_v1       │ 0.000177     │
│ optim/kl_sample_train_v2       │ 0.000135     │
│ progress/done_frac             │ 0.333333     │
│ progress/epoch                 │ 1            │
│ rollout/groups_attempted       │ 8.000000     │
│ rollout/groups_filtered        │ 0.000000     │
│ rollout/groups_kept            │ 8.000000     │
│ rollout/intra_group_reward_std │ 0.209755     │
│ time/rollout                   │ 14874.664226 │
│ time/total                     │ 15125.177605 │
│ time/train                     │ 250.241258   │
│ train/advantage/max            │ 10.768049    │
│ train/advantage/mean           │ 0.374773     │
│ train/advantage/min            │ -1.000000    │
│ train/advantage/std            │ 2.190811     │
│ train/beta/mean                │ 149.973882   │
│ train/beta/std                 │ 236.553100   │
│ train/correctness/mean         │ 0.625000     │
│ train/correctness/rate         │ 0.625000     │
│ train/ensemble/frac_high_disa… │ 0.000000     │
│ train/ensemble/max_token_disa… │ nan          │
│ train/ensemble/member_logprob… │ 0.000000     │
│ train/ensemble/member_logprob… │ nan          │
│ train/gamma_eff/mean           │ 0.000000     │
│ train/gen/num_tokens/max       │ 13462.000000 │
│ train/gen/num_tokens/mean      │ 8096.109375  │
│ train/gen/num_tokens/std       │ 1475.198664  │
│ train/loss                     │ -0.374663    │
│ train/nnm_loss                 │ 0.000000     │
│ train/nnm_nuclear_norm         │ 0.000000     │
│ train/num_groups               │ 8.000000     │
│ train/num_rollouts             │ 64.000000    │
│ train/num_rollouts_total       │ 64.000000    │
│ train/reward/exec/best         │ 0.662792     │
│ train/reward/exec/max          │ 0.662792     │
│ train/reward/exec/mean         │ 0.355073     │
│ train/reward/exec/min          │ 0.000000     │
│ train/reward/exec/std          │ 0.287510     │
│ train/reward/rmi/max           │ 0.000000     │
│ train/reward/rmi/mean          │ 0.000000     │
│ train/reward/rmi/min           │ 0.000000     │
│ train/reward/rmi/std           │ 0.000000     │
│ train/reward/total/best        │ 0.662792     │
│ train/reward/total/max         │ 0.662792     │
│ train/reward/total/mean        │ 0.355073     │
│ train/reward/total/min         │ 0.000000     │
│ train/reward/total/std         │ 0.287510     │
│ train/streaming_mi/stop_rate   │ 0.000000     │
│ train/streaming_mi/tokens_sav… │ 0.000000     │
│ train/streaming_mi/tokens_sav… │ 0.000000     │
│ train/two_phase/phase1_tokens… │ 8096.109375  │
│ train/two_phase/phase2_tokens… │ 0.000000     │
│ train/two_phase/prefill_rate   │ 0.000000     │
│ train/uncertainty/predictive_… │ 0.000000     │
│ train/uncertainty/predictive_… │ 0.000000     │
│ train/uncertainty/predictive_… │ 0.000000     │
│ train/uncertainty/predictive_… │ 0.000000     │
│ train/uncertainty/predictive_… │ 0.000000     │
│ train/uncertainty/predictive_… │ 0.000000     │
│ train/uncertainty/predictive_… │ 0.000000     │
│ train/uncertainty/predictive_… │ 0.000000     │
│ train/uncertainty/rmi/max      │ 0.000000     │
│ train/uncertainty/rmi/mean     │ 0.000000     │
│ train/uncertainty/rmi/min      │ 0.000000     │
│ train/uncertainty/rmi/std      │ 0.000000     │
│ train/uncertainty/rmi_top7/max │ 0.000000     │
│ train/uncertainty/rmi_top7/me… │ 0.000000     │
│ train/uncertainty/rmi_top7/min │ 0.000000     │
│ train/uncertainty/rmi_top7/std │ 0.000000     │
│ train/uncertainty/top7_mi_cod… │ 0.000000     │
│ train/uncertainty/top7_mi_cod… │ 0.000000     │
│ train/uncertainty/top7_mi_thi… │ 0.000000     │
│ train/uncertainty/top7_mi_thi… │ 0.000000     │
│ train/uncertainty/top7_pct_co… │ 0.000000     │
│ train/uncertainty/top7_pct_co… │ 0.000000     │
│ train/uncertainty/top7_pct_th… │ 1.000000     │
│ train/uncertainty/top7_pct_th… │ 0.000000     │
│ train/uncertainty/true_mi/max  │ 0.000000     │
│ train/uncertainty/true_mi/mean │ 0.000000     │
│ train/uncertainty/true_mi/min  │ 0.000000     │
│ train/uncertainty/true_mi/std  │ 0.000000     │
│ train/uncertainty/variance/max │ nan          │
│ train/uncertainty/variance/me… │ nan          │
│ train/uncertainty/variance/min │ nan          │
│ train/uncertainty/variance/std │ nan          │
│ train/uncertainty/variance_to… │ nan          │
│ train/uncertainty/variance_to… │ nan          │
│ train/uncertainty/variance_to… │ nan          │
│ train/uncertainty/variance_to… │ nan          │
└────────────────────────────────┴──────────────┘
tinker_cookbook.utils.ml_log:240 [INFO] Logging to: https://wandb.ai/kriaz-msee20seecs-nust/ugttt-rebuttal/runs/56by6jmf
__main__:2062 [INFO] [Epoch 1] R_exec=0.3551 (max=0.6628 best=0.6628) RMI=0.0000 beta=149.97 corr=62.5% loss=-0.3747 groups=8/8 time=15125.2s
__main__:2073 [INFO] Checkpoint saved at epoch 1
__main__:1836 [INFO] [Epoch 2/6] Starting rollout phase: 8 groups × 8 rollouts
tinker_cookbook.rl.ensemble:1082 [INFO]   generate_batch_multi_adapter_two_phase: N=8 phase1_max=26000 streaming_mi=False kv_q=False
tinker_cookbook.rl.ensemble:1270 [INFO]     [gen/p1] step=2048/23496 active=8/8 mi_stopped=0
tinker_cookbook.rl.ensemble:1270 [INFO]     [gen/p1] step=4096/23496 active=8/8 mi_stopped=0
tinker_cookbook.rl.ensemble:1270 [INFO]     [gen/p1] step=6144/23496 active=7/8 mi_stopped=0
tinker_cookbook.rl.ensemble:1270 [INFO]     [gen/p1] step=8192/23496 active=4/8 mi_stopped=0
tinker_cookbook.rl.ensemble:1270 [INFO]     [gen/p1] step=10240/23496 active=1/8 mi_stopped=0
__main__:1078 [INFO]   Group 0: multi-adapter generation 8 seqs in 854.6s
__main__:1108 [INFO]   Group 0: rewards computed in 1006.1s
__main__:1150 [INFO]     [g0][r1/8] adapter=0 R_exec=0.0000 true_MI=0.00000 RMI=0.0000 R_total=0.0000 correct=0 tokens=9301
__main__:1150 [INFO]     [g0][r2/8] adapter=0 R_exec=0.6566 true_MI=0.00000 RMI=0.0000 R_total=0.6566 correct=1 tokens=7260
__main__:1150 [INFO]     [g0][r3/8] adapter=0 R_exec=0.6365 true_MI=0.00000 RMI=0.0000 R_total=0.6365 correct=1 tokens=7872
__main__:1150 [INFO]     [g0][r4/8] adapter=0 R_exec=0.0000 true_MI=0.00000 RMI=0.0000 R_total=0.0000 correct=0 tokens=10333
__main__:1150 [INFO]     [g0][r5/8] adapter=0 R_exec=0.5133 true_MI=0.00000 RMI=0.0000 R_total=0.5133 correct=1 tokens=8160
__main__:1150 [INFO]     [g0][r6/8] adapter=0 R_exec=0.6542 true_MI=0.00000 RMI=0.0000 R_total=0.6542 correct=1 tokens=8694
__main__:1150 [INFO]     [g0][r7/8] adapter=0 R_exec=0.6592 true_MI=0.00000 RMI=0.0000 R_total=0.6592 correct=1 tokens=5086
__main__:1150 [INFO]     [g0][r8/8] adapter=0 R_exec=0.0000 true_MI=0.00000 RMI=0.0000 R_total=0.0000 correct=0 tokens=9796
__main__:1167 [INFO]   [g0] group true_MI: mean=0.00000 std=0.00000 max=0.00000 normalized=[0.00 0.00 0.00 0.00 0.00 0.00 0.00 0.00]
tinker_cookbook.utils.ml_log:143 [INFO] Wrote metrics to logs/aws/wave1-rerun/ac1-base-seed2/metrics.jsonl
tinker_cookbook.utils.ml_log:240 [INFO] Logging to: https://wandb.ai/kriaz-msee20seecs-nust/ugttt-rebuttal/runs/56by6jmf
tinker_cookbook.utils.ml_log:143 [INFO] Wrote metrics to logs/aws/wave1-rerun/ac1-base-seed2/metrics.jsonl
tinker_cookbook.utils.ml_log:240 [INFO] Logging to: https://wandb.ai/kriaz-msee20seecs-nust/ugttt-rebuttal/runs/56by6jmf
tinker_cookbook.utils.ml_log:143 [INFO] Wrote metrics to logs/aws/wave1-rerun/ac1-base-seed2/metrics.jsonl
tinker_cookbook.utils.ml_log:240 [INFO] Logging to: https://wandb.ai/kriaz-msee20seecs-nust/ugttt-rebuttal/runs/56by6jmf
tinker_cookbook.utils.ml_log:143 [INFO] Wrote metrics to logs/aws/wave1-rerun/ac1-base-seed2/metrics.jsonl
tinker_cookbook.utils.ml_log:240 [INFO] Logging to: https://wandb.ai/kriaz-msee20seecs-nust/ugttt-rebuttal/runs/56by6jmf
tinker_cookbook.utils.ml_log:143 [INFO] Wrote metrics to logs/aws/wave1-rerun/ac1-base-seed2/metrics.jsonl
tinker_cookbook.utils.ml_log:240 [INFO] Logging to: https://wandb.ai/kriaz-msee20seecs-nust/ugttt-rebuttal/runs/56by6jmf
tinker_cookbook.utils.ml_log:143 [INFO] Wrote metrics to logs/aws/wave1-rerun/ac1-base-seed2/metrics.jsonl
tinker_cookbook.utils.ml_log:240 [INFO] Logging to: https://wandb.ai/kriaz-msee20seecs-nust/ugttt-rebuttal/runs/56by6jmf
tinker_cookbook.utils.ml_log:143 [INFO] Wrote metrics to logs/aws/wave1-rerun/ac1-base-seed2/metrics.jsonl
tinker_cookbook.utils.ml_log:240 [INFO] Logging to: https://wandb.ai/kriaz-msee20seecs-nust/ugttt-rebuttal/runs/56by6jmf
tinker_cookbook.utils.ml_log:143 [INFO] Wrote metrics to logs/aws/wave1-rerun/ac1-base-seed2/metrics.jsonl
tinker_cookbook.utils.ml_log:240 [INFO] Logging to: https://wandb.ai/kriaz-msee20seecs-nust/ugttt-rebuttal/runs/56by6jmf
__main__:1949 [INFO]   [2][1/8] KEPT | R_exec=0.3900 (max=0.6592) RMI=0.0000 R_total=0.3900 | 1860.8s | GPU: 18.1/61.3GB
tinker_cookbook.utils.ml_log:143 [INFO] Wrote metrics to logs/aws/wave1-rerun/ac1-base-seed2/metrics.jsonl
tinker_cookbook.utils.ml_log:240 [INFO] Logging to: https://wandb.ai/kriaz-msee20seecs-nust/ugttt-rebuttal/runs/56by6jmf
tinker_cookbook.rl.ensemble:1082 [INFO]   generate_batch_multi_adapter_two_phase: N=8 phase1_max=26000 streaming_mi=False kv_q=False
tinker_cookbook.rl.ensemble:1270 [INFO]     [gen/p1] step=2048/23326 active=8/8 mi_stopped=0
tinker_cookbook.rl.ensemble:1270 [INFO]     [gen/p1] step=4096/23326 active=8/8 mi_stopped=0
tinker_cookbook.rl.ensemble:1270 [INFO]     [gen/p1] step=6144/23326 active=8/8 mi_stopped=0
tinker_cookbook.rl.ensemble:1270 [INFO]     [gen/p1] step=8192/23326 active=4/8 mi_stopped=0
__main__:1078 [INFO]   Group 1: multi-adapter generation 8 seqs in 781.6s
__main__:1108 [INFO]   Group 1: rewards computed in 1003.3s
__main__:1150 [INFO]     [g1][r1/8] adapter=0 R_exec=0.6564 true_MI=0.00000 RMI=0.0000 R_total=0.6564 correct=1 tokens=8492
__main__:1150 [INFO]     [g1][r2/8] adapter=0 R_exec=0.4973 true_MI=0.00000 RMI=0.0000 R_total=0.4973 correct=1 tokens=9317
__main__:1150 [INFO]     [g1][r3/8] adapter=0 R_exec=0.0000 true_MI=0.00000 RMI=0.0000 R_total=0.0000 correct=0 tokens=6936
__main__:1150 [INFO]     [g1][r4/8] adapter=0 R_exec=0.6585 true_MI=0.00000 RMI=0.0000 R_total=0.6585 correct=1 tokens=8351
__main__:1150 [INFO]     [g1][r5/8] adapter=0 R_exec=0.5219 true_MI=0.00000 RMI=0.0000 R_total=0.5219 correct=1 tokens=7868
__main__:1150 [INFO]     [g1][r6/8] adapter=0 R_exec=0.6601 true_MI=0.00000 RMI=0.0000 R_total=0.6601 correct=1 tokens=7589
__main__:1150 [INFO]     [g1][r7/8] adapter=0 R_exec=0.5001 true_MI=0.00000 RMI=0.0000 R_total=0.5001 correct=1 tokens=9605
__main__:1150 [INFO]     [g1][r8/8] adapter=0 R_exec=0.6596 true_MI=0.00000 RMI=0.0000 R_total=0.6596 correct=1 tokens=7748
__main__:1167 [INFO]   [g1] group true_MI: mean=0.00000 std=0.00000 max=0.00000 normalized=[0.00 0.00 0.00 0.00 0.00 0.00 0.00 0.00]
tinker_cookbook.utils.ml_log:143 [INFO] Wrote metrics to logs/aws/wave1-rerun/ac1-base-seed2/metrics.jsonl
tinker_cookbook.utils.ml_log:240 [INFO] Logging to: https://wandb.ai/kriaz-msee20seecs-nust/ugttt-rebuttal/runs/56by6jmf
tinker_cookbook.utils.ml_log:143 [INFO] Wrote metrics to logs/aws/wave1-rerun/ac1-base-seed2/metrics.jsonl
tinker_cookbook.utils.ml_log:240 [INFO] Logging to: https://wandb.ai/kriaz-msee20seecs-nust/ugttt-rebuttal/runs/56by6jmf
tinker_cookbook.utils.ml_log:143 [INFO] Wrote metrics to logs/aws/wave1-rerun/ac1-base-seed2/metrics.jsonl
tinker_cookbook.utils.ml_log:240 [INFO] Logging to: https://wandb.ai/kriaz-msee20seecs-nust/ugttt-rebuttal/runs/56by6jmf
tinker_cookbook.utils.ml_log:143 [INFO] Wrote metrics to logs/aws/wave1-rerun/ac1-base-seed2/metrics.jsonl
tinker_cookbook.utils.ml_log:240 [INFO] Logging to: https://wandb.ai/kriaz-msee20seecs-nust/ugttt-rebuttal/runs/56by6jmf
tinker_cookbook.utils.ml_log:143 [INFO] Wrote metrics to logs/aws/wave1-rerun/ac1-base-seed2/metrics.jsonl
tinker_cookbook.utils.ml_log:240 [INFO] Logging to: https://wandb.ai/kriaz-msee20seecs-nust/ugttt-rebuttal/runs/56by6jmf
tinker_cookbook.utils.ml_log:143 [INFO] Wrote metrics to logs/aws/wave1-rerun/ac1-base-seed2/metrics.jsonl
tinker_cookbook.utils.ml_log:240 [INFO] Logging to: https://wandb.ai/kriaz-msee20seecs-nust/ugttt-rebuttal/runs/56by6jmf
tinker_cookbook.utils.ml_log:143 [INFO] Wrote metrics to logs/aws/wave1-rerun/ac1-base-seed2/metrics.jsonl
tinker_cookbook.utils.ml_log:240 [INFO] Logging to: https://wandb.ai/kriaz-msee20seecs-nust/ugttt-rebuttal/runs/56by6jmf
tinker_cookbook.utils.ml_log:143 [INFO] Wrote metrics to logs/aws/wave1-rerun/ac1-base-seed2/metrics.jsonl
tinker_cookbook.utils.ml_log:240 [INFO] Logging to: https://wandb.ai/kriaz-msee20seecs-nust/ugttt-rebuttal/runs/56by6jmf
__main__:1949 [INFO]   [2][2/8] KEPT | R_exec=0.5192 (max=0.6601) RMI=0.0000 R_total=0.5192 | 1785.0s | GPU: 18.1/61.6GB
tinker_cookbook.utils.ml_log:143 [INFO] Wrote metrics to logs/aws/wave1-rerun/ac1-base-seed2/metrics.jsonl
tinker_cookbook.utils.ml_log:240 [INFO] Logging to: https://wandb.ai/kriaz-msee20seecs-nust/ugttt-rebuttal/runs/56by6jmf
tinker_cookbook.rl.ensemble:1082 [INFO]   generate_batch_multi_adapter_two_phase: N=8 phase1_max=26000 streaming_mi=False kv_q=False
tinker_cookbook.rl.ensemble:1270 [INFO]     [gen/p1] step=2048/23196 active=8/8 mi_stopped=0
tinker_cookbook.rl.ensemble:1270 [INFO]     [gen/p1] step=4096/23196 active=8/8 mi_stopped=0
tinker_cookbook.rl.ensemble:1270 [INFO]     [gen/p1] step=6144/23196 active=6/8 mi_stopped=0
tinker_cookbook.rl.ensemble:1270 [INFO]     [gen/p1] step=8192/23196 active=5/8 mi_stopped=0
tinker_cookbook.rl.ensemble:1270 [INFO]     [gen/p1] step=10240/23196 active=1/8 mi_stopped=0
tinker_cookbook.rl.ensemble:1270 [INFO]     [gen/p1] step=12288/23196 active=1/8 mi_stopped=0
__main__:1078 [INFO]   Group 2: multi-adapter generation 8 seqs in 1124.6s
__main__:1108 [INFO]   Group 2: rewards computed in 1005.2s
__main__:1150 [INFO]     [g2][r1/8] adapter=0 R_exec=0.6598 true_MI=0.00000 RMI=0.0000 R_total=0.6598 correct=1 tokens=8920
__main__:1150 [INFO]     [g2][r2/8] adapter=0 R_exec=0.6598 true_MI=0.00000 RMI=0.0000 R_total=0.6598 correct=1 tokens=8653
__main__:1150 [INFO]     [g2][r3/8] adapter=0 R_exec=0.6598 true_MI=0.00000 RMI=0.0000 R_total=0.6598 correct=1 tokens=6023
__main__:1150 [INFO]     [g2][r4/8] adapter=0 R_exec=0.6598 true_MI=0.00000 RMI=0.0000 R_total=0.6598 correct=1 tokens=12302
__main__:1150 [INFO]     [g2][r5/8] adapter=0 R_exec=0.6598 true_MI=0.00000 RMI=0.0000 R_total=0.6598 correct=1 tokens=7499
__main__:1150 [INFO]     [g2][r6/8] adapter=0 R_exec=0.0000 true_MI=0.00000 RMI=0.0000 R_total=0.0000 correct=0 tokens=5856
__main__:1150 [INFO]     [g2][r7/8] adapter=0 R_exec=0.6598 true_MI=0.00000 RMI=0.0000 R_total=0.6598 correct=1 tokens=8252
__main__:1150 [INFO]     [g2][r8/8] adapter=0 R_exec=0.0000 true_MI=0.00000 RMI=0.0000 R_total=0.0000 correct=0 tokens=8916
__main__:1167 [INFO]   [g2] group true_MI: mean=0.00000 std=0.00000 max=0.00000 normalized=[0.00 0.00 0.00 0.00 0.00 0.00 0.00 0.00]
tinker_cookbook.utils.ml_log:143 [INFO] Wrote metrics to logs/aws/wave1-rerun/ac1-base-seed2/metrics.jsonl
tinker_cookbook.utils.ml_log:240 [INFO] Logging to: https://wandb.ai/kriaz-msee20seecs-nust/ugttt-rebuttal/runs/56by6jmf
tinker_cookbook.utils.ml_log:143 [INFO] Wrote metrics to logs/aws/wave1-rerun/ac1-base-seed2/metrics.jsonl
tinker_cookbook.utils.ml_log:240 [INFO] Logging to: https://wandb.ai/kriaz-msee20seecs-nust/ugttt-rebuttal/runs/56by6jmf
tinker_cookbook.utils.ml_log:143 [INFO] Wrote metrics to logs/aws/wave1-rerun/ac1-base-seed2/metrics.jsonl
tinker_cookbook.utils.ml_log:240 [INFO] Logging to: https://wandb.ai/kriaz-msee20seecs-nust/ugttt-rebuttal/runs/56by6jmf
tinker_cookbook.utils.ml_log:143 [INFO] Wrote metrics to logs/aws/wave1-rerun/ac1-base-seed2/metrics.jsonl
tinker_cookbook.utils.ml_log:240 [INFO] Logging to: https://wandb.ai/kriaz-msee20seecs-nust/ugttt-rebuttal/runs/56by6jmf
tinker_cookbook.utils.ml_log:143 [INFO] Wrote metrics to logs/aws/wave1-rerun/ac1-base-seed2/metrics.jsonl
tinker_cookbook.utils.ml_log:240 [INFO] Logging to: https://wandb.ai/kriaz-msee20seecs-nust/ugttt-rebuttal/runs/56by6jmf
tinker_cookbook.utils.ml_log:143 [INFO] Wrote metrics to logs/aws/wave1-rerun/ac1-base-seed2/metrics.jsonl
tinker_cookbook.utils.ml_log:240 [INFO] Logging to: https://wandb.ai/kriaz-msee20seecs-nust/ugttt-rebuttal/runs/56by6jmf
tinker_cookbook.utils.ml_log:143 [INFO] Wrote metrics to logs/aws/wave1-rerun/ac1-base-seed2/metrics.jsonl
tinker_cookbook.utils.ml_log:240 [INFO] Logging to: https://wandb.ai/kriaz-msee20seecs-nust/ugttt-rebuttal/runs/56by6jmf
tinker_cookbook.utils.ml_log:143 [INFO] Wrote metrics to logs/aws/wave1-rerun/ac1-base-seed2/metrics.jsonl
tinker_cookbook.utils.ml_log:240 [INFO] Logging to: https://wandb.ai/kriaz-msee20seecs-nust/ugttt-rebuttal/runs/56by6jmf
__main__:1949 [INFO]   [2][3/8] KEPT | R_exec=0.4949 (max=0.6598) RMI=0.0000 R_total=0.4949 | 2129.9s | GPU: 18.1/61.8GB
tinker_cookbook.utils.ml_log:143 [INFO] Wrote metrics to logs/aws/wave1-rerun/ac1-base-seed2/metrics.jsonl
tinker_cookbook.utils.ml_log:240 [INFO] Logging to: https://wandb.ai/kriaz-msee20seecs-nust/ugttt-rebuttal/runs/56by6jmf
tinker_cookbook.rl.ensemble:1082 [INFO]   generate_batch_multi_adapter_two_phase: N=8 phase1_max=26000 streaming_mi=False kv_q=False
tinker_cookbook.rl.ensemble:1270 [INFO]     [gen/p1] step=2048/23136 active=8/8 mi_stopped=0
tinker_cookbook.rl.ensemble:1270 [INFO]     [gen/p1] step=4096/23136 active=8/8 mi_stopped=0
tinker_cookbook.rl.ensemble:1270 [INFO]     [gen/p1] step=6144/23136 active=8/8 mi_stopped=0
tinker_cookbook.rl.ensemble:1270 [INFO]     [gen/p1] step=8192/23136 active=4/8 mi_stopped=0
__main__:1078 [INFO]   Group 3: multi-adapter generation 8 seqs in 827.7s
__main__:1108 [INFO]   Group 3: rewards computed in 1003.9s
__main__:1150 [INFO]     [g3][r1/8] adapter=0 R_exec=0.6585 true_MI=0.00000 RMI=0.0000 R_total=0.6585 correct=1 tokens=9932
__main__:1150 [INFO]     [g3][r2/8] adapter=0 R_exec=0.6569 true_MI=0.00000 RMI=0.0000 R_total=0.6569 correct=1 tokens=8495
__main__:1150 [INFO]     [g3][r3/8] adapter=0 R_exec=0.5012 true_MI=0.00000 RMI=0.0000 R_total=0.5012 correct=1 tokens=9393
__main__:1150 [INFO]     [g3][r4/8] adapter=0 R_exec=0.0000 true_MI=0.00000 RMI=0.0000 R_total=0.0000 correct=0 tokens=7295
__main__:1150 [INFO]     [g3][r5/8] adapter=0 R_exec=0.6580 true_MI=0.00000 RMI=0.0000 R_total=0.6580 correct=1 tokens=7380
__main__:1150 [INFO]     [g3][r6/8] adapter=0 R_exec=0.6605 true_MI=0.00000 RMI=0.0000 R_total=0.6605 correct=1 tokens=9052
__main__:1150 [INFO]     [g3][r7/8] adapter=0 R_exec=0.6598 true_MI=0.00000 RMI=0.0000 R_total=0.6598 correct=1 tokens=6235
__main__:1150 [INFO]     [g3][r8/8] adapter=0 R_exec=0.6597 true_MI=0.00000 RMI=0.0000 R_total=0.6597 correct=1 tokens=6692
__main__:1167 [INFO]   [g3] group true_MI: mean=0.00000 std=0.00000 max=0.00000 normalized=[0.00 0.00 0.00 0.00 0.00 0.00 0.00 0.00]
tinker_cookbook.utils.ml_log:143 [INFO] Wrote metrics to logs/aws/wave1-rerun/ac1-base-seed2/metrics.jsonl
tinker_cookbook.utils.ml_log:240 [INFO] Logging to: https://wandb.ai/kriaz-msee20seecs-nust/ugttt-rebuttal/runs/56by6jmf
tinker_cookbook.utils.ml_log:143 [INFO] Wrote metrics to logs/aws/wave1-rerun/ac1-base-seed2/metrics.jsonl
tinker_cookbook.utils.ml_log:240 [INFO] Logging to: https://wandb.ai/kriaz-msee20seecs-nust/ugttt-rebuttal/runs/56by6jmf
tinker_cookbook.utils.ml_log:143 [INFO] Wrote metrics to logs/aws/wave1-rerun/ac1-base-seed2/metrics.jsonl
tinker_cookbook.utils.ml_log:240 [INFO] Logging to: https://wandb.ai/kriaz-msee20seecs-nust/ugttt-rebuttal/runs/56by6jmf
tinker_cookbook.utils.ml_log:143 [INFO] Wrote metrics to logs/aws/wave1-rerun/ac1-base-seed2/metrics.jsonl
tinker_cookbook.utils.ml_log:240 [INFO] Logging to: https://wandb.ai/kriaz-msee20seecs-nust/ugttt-rebuttal/runs/56by6jmf
tinker_cookbook.utils.ml_log:143 [INFO] Wrote metrics to logs/aws/wave1-rerun/ac1-base-seed2/metrics.jsonl
tinker_cookbook.utils.ml_log:240 [INFO] Logging to: https://wandb.ai/kriaz-msee20seecs-nust/ugttt-rebuttal/runs/56by6jmf
tinker_cookbook.utils.ml_log:143 [INFO] Wrote metrics to logs/aws/wave1-rerun/ac1-base-seed2/metrics.jsonl
tinker_cookbook.utils.ml_log:240 [INFO] Logging to: https://wandb.ai/kriaz-msee20seecs-nust/ugttt-rebuttal/runs/56by6jmf
tinker_cookbook.utils.ml_log:143 [INFO] Wrote metrics to logs/aws/wave1-rerun/ac1-base-seed2/metrics.jsonl
tinker_cookbook.utils.ml_log:240 [INFO] Logging to: https://wandb.ai/kriaz-msee20seecs-nust/ugttt-rebuttal/runs/56by6jmf
tinker_cookbook.utils.ml_log:143 [INFO] Wrote metrics to logs/aws/wave1-rerun/ac1-base-seed2/metrics.jsonl
tinker_cookbook.utils.ml_log:240 [INFO] Logging to: https://wandb.ai/kriaz-msee20seecs-nust/ugttt-rebuttal/runs/56by6jmf
__main__:1949 [INFO]   [2][4/8] KEPT | R_exec=0.5568 (max=0.6605) RMI=0.0000 R_total=0.5568 | 1831.7s | GPU: 18.1/61.5GB
tinker_cookbook.utils.ml_log:143 [INFO] Wrote metrics to logs/aws/wave1-rerun/ac1-base-seed2/metrics.jsonl
tinker_cookbook.utils.ml_log:240 [INFO] Logging to: https://wandb.ai/kriaz-msee20seecs-nust/ugttt-rebuttal/runs/56by6jmf
tinker_cookbook.rl.ensemble:1082 [INFO]   generate_batch_multi_adapter_two_phase: N=8 phase1_max=26000 streaming_mi=False kv_q=False
tinker_cookbook.rl.ensemble:1270 [INFO]     [gen/p1] step=2048/23475 active=8/8 mi_stopped=0
tinker_cookbook.rl.ensemble:1270 [INFO]     [gen/p1] step=4096/23475 active=8/8 mi_stopped=0
tinker_cookbook.rl.ensemble:1270 [INFO]     [gen/p1] step=6144/23475 active=8/8 mi_stopped=0
tinker_cookbook.rl.ensemble:1270 [INFO]     [gen/p1] step=8192/23475 active=4/8 mi_stopped=0
tinker_cookbook.rl.ensemble:1270 [INFO]     [gen/p1] step=10240/23475 active=1/8 mi_stopped=0
__main__:1078 [INFO]   Group 4: multi-adapter generation 8 seqs in 954.3s
__main__:1108 [INFO]   Group 4: rewards computed in 995.9s
__main__:1150 [INFO]     [g4][r1/8] adapter=0 R_exec=0.6585 true_MI=0.00000 RMI=0.0000 R_total=0.6585 correct=1 tokens=8113
__main__:1150 [INFO]     [g4][r2/8] adapter=0 R_exec=0.6594 true_MI=0.00000 RMI=0.0000 R_total=0.6594 correct=1 tokens=6224
__main__:1150 [INFO]     [g4][r3/8] adapter=0 R_exec=0.5515 true_MI=0.00000 RMI=0.0000 R_total=0.5515 correct=1 tokens=11179
__main__:1150 [INFO]     [g4][r4/8] adapter=0 R_exec=0.3750 true_MI=0.00000 RMI=0.0000 R_total=0.3750 correct=1 tokens=9402
__main__:1150 [INFO]     [g4][r5/8] adapter=0 R_exec=0.6517 true_MI=0.00000 RMI=0.0000 R_total=0.6517 correct=1 tokens=8529
__main__:1150 [INFO]     [g4][r6/8] adapter=0 R_exec=0.6572 true_MI=0.00000 RMI=0.0000 R_total=0.6572 correct=1 tokens=7743
__main__:1150 [INFO]     [g4][r7/8] adapter=0 R_exec=0.5005 true_MI=0.00000 RMI=0.0000 R_total=0.5005 correct=1 tokens=8016
__main__:1150 [INFO]     [g4][r8/8] adapter=0 R_exec=0.0000 true_MI=0.00000 RMI=0.0000 R_total=0.0000 correct=0 tokens=10237
__main__:1167 [INFO]   [g4] group true_MI: mean=0.00000 std=0.00000 max=0.00000 normalized=[0.00 0.00 0.00 0.00 0.00 0.00 0.00 0.00]
tinker_cookbook.utils.ml_log:143 [INFO] Wrote metrics to logs/aws/wave1-rerun/ac1-base-seed2/metrics.jsonl
tinker_cookbook.utils.ml_log:240 [INFO] Logging to: https://wandb.ai/kriaz-msee20seecs-nust/ugttt-rebuttal/runs/56by6jmf
tinker_cookbook.utils.ml_log:143 [INFO] Wrote metrics to logs/aws/wave1-rerun/ac1-base-seed2/metrics.jsonl
tinker_cookbook.utils.ml_log:240 [INFO] Logging to: https://wandb.ai/kriaz-msee20seecs-nust/ugttt-rebuttal/runs/56by6jmf
tinker_cookbook.utils.ml_log:143 [INFO] Wrote metrics to logs/aws/wave1-rerun/ac1-base-seed2/metrics.jsonl
tinker_cookbook.utils.ml_log:240 [INFO] Logging to: https://wandb.ai/kriaz-msee20seecs-nust/ugttt-rebuttal/runs/56by6jmf
tinker_cookbook.utils.ml_log:143 [INFO] Wrote metrics to logs/aws/wave1-rerun/ac1-base-seed2/metrics.jsonl
tinker_cookbook.utils.ml_log:240 [INFO] Logging to: https://wandb.ai/kriaz-msee20seecs-nust/ugttt-rebuttal/runs/56by6jmf
tinker_cookbook.utils.ml_log:143 [INFO] Wrote metrics to logs/aws/wave1-rerun/ac1-base-seed2/metrics.jsonl
tinker_cookbook.utils.ml_log:240 [INFO] Logging to: https://wandb.ai/kriaz-msee20seecs-nust/ugttt-rebuttal/runs/56by6jmf
tinker_cookbook.utils.ml_log:143 [INFO] Wrote metrics to logs/aws/wave1-rerun/ac1-base-seed2/metrics.jsonl
tinker_cookbook.utils.ml_log:240 [INFO] Logging to: https://wandb.ai/kriaz-msee20seecs-nust/ugttt-rebuttal/runs/56by6jmf
tinker_cookbook.utils.ml_log:143 [INFO] Wrote metrics to logs/aws/wave1-rerun/ac1-base-seed2/metrics.jsonl
tinker_cookbook.utils.ml_log:240 [INFO] Logging to: https://wandb.ai/kriaz-msee20seecs-nust/ugttt-rebuttal/runs/56by6jmf
tinker_cookbook.utils.ml_log:143 [INFO] Wrote metrics to logs/aws/wave1-rerun/ac1-base-seed2/metrics.jsonl
tinker_cookbook.utils.ml_log:240 [INFO] Logging to: https://wandb.ai/kriaz-msee20seecs-nust/ugttt-rebuttal/runs/56by6jmf
__main__:1949 [INFO]   [2][5/8] KEPT | R_exec=0.5067 (max=0.6594) RMI=0.0000 R_total=0.5067 | 1950.3s | GPU: 18.1/61.0GB
tinker_cookbook.utils.ml_log:143 [INFO] Wrote metrics to logs/aws/wave1-rerun/ac1-base-seed2/metrics.jsonl
tinker_cookbook.utils.ml_log:240 [INFO] Logging to: https://wandb.ai/kriaz-msee20seecs-nust/ugttt-rebuttal/runs/56by6jmf
tinker_cookbook.rl.ensemble:1082 [INFO]   generate_batch_multi_adapter_two_phase: N=8 phase1_max=26000 streaming_mi=False kv_q=False
tinker_cookbook.rl.ensemble:1270 [INFO]     [gen/p1] step=2048/23330 active=8/8 mi_stopped=0
tinker_cookbook.rl.ensemble:1270 [INFO]     [gen/p1] step=4096/23330 active=8/8 mi_stopped=0
tinker_cookbook.rl.ensemble:1270 [INFO]     [gen/p1] step=6144/23330 active=6/8 mi_stopped=0
tinker_cookbook.rl.ensemble:1270 [INFO]     [gen/p1] step=8192/23330 active=1/8 mi_stopped=0
__main__:1078 [INFO]   Group 5: multi-adapter generation 8 seqs in 789.9s
__main__:1108 [INFO]   Group 5: rewards computed in 994.8s
__main__:1150 [INFO]     [g5][r1/8] adapter=0 R_exec=0.0000 true_MI=0.00000 RMI=0.0000 R_total=0.0000 correct=0 tokens=7792
__main__:1150 [INFO]     [g5][r2/8] adapter=0 R_exec=0.6549 true_MI=0.00000 RMI=0.0000 R_total=0.6549 correct=1 tokens=7693
__main__:1150 [INFO]     [g5][r3/8] adapter=0 R_exec=0.5000 true_MI=0.00000 RMI=0.0000 R_total=0.5000 correct=1 tokens=9698
__main__:1150 [INFO]     [g5][r4/8] adapter=0 R_exec=0.6488 true_MI=0.00000 RMI=0.0000 R_total=0.6488 correct=1 tokens=5652
__main__:1150 [INFO]     [g5][r5/8] adapter=0 R_exec=0.0000 true_MI=0.00000 RMI=0.0000 R_total=0.0000 correct=0 tokens=7925
__main__:1150 [INFO]     [g5][r6/8] adapter=0 R_exec=0.5648 true_MI=0.00000 RMI=0.0000 R_total=0.5648 correct=1 tokens=5773
__main__:1150 [INFO]     [g5][r7/8] adapter=0 R_exec=0.0000 true_MI=0.00000 RMI=0.0000 R_total=0.0000 correct=0 tokens=6259
__main__:1150 [INFO]     [g5][r8/8] adapter=0 R_exec=0.6442 true_MI=0.00000 RMI=0.0000 R_total=0.6442 correct=1 tokens=7953
__main__:1167 [INFO]   [g5] group true_MI: mean=0.00000 std=0.00000 max=0.00000 normalized=[0.00 0.00 0.00 0.00 0.00 0.00 0.00 0.00]
tinker_cookbook.utils.ml_log:143 [INFO] Wrote metrics to logs/aws/wave1-rerun/ac1-base-seed2/metrics.jsonl
tinker_cookbook.utils.ml_log:240 [INFO] Logging to: https://wandb.ai/kriaz-msee20seecs-nust/ugttt-rebuttal/runs/56by6jmf
tinker_cookbook.utils.ml_log:143 [INFO] Wrote metrics to logs/aws/wave1-rerun/ac1-base-seed2/metrics.jsonl
tinker_cookbook.utils.ml_log:240 [INFO] Logging to: https://wandb.ai/kriaz-msee20seecs-nust/ugttt-rebuttal/runs/56by6jmf
tinker_cookbook.utils.ml_log:143 [INFO] Wrote metrics to logs/aws/wave1-rerun/ac1-base-seed2/metrics.jsonl
tinker_cookbook.utils.ml_log:240 [INFO] Logging to: https://wandb.ai/kriaz-msee20seecs-nust/ugttt-rebuttal/runs/56by6jmf
tinker_cookbook.utils.ml_log:143 [INFO] Wrote metrics to logs/aws/wave1-rerun/ac1-base-seed2/metrics.jsonl
tinker_cookbook.utils.ml_log:240 [INFO] Logging to: https://wandb.ai/kriaz-msee20seecs-nust/ugttt-rebuttal/runs/56by6jmf
tinker_cookbook.utils.ml_log:143 [INFO] Wrote metrics to logs/aws/wave1-rerun/ac1-base-seed2/metrics.jsonl
tinker_cookbook.utils.ml_log:240 [INFO] Logging to: https://wandb.ai/kriaz-msee20seecs-nust/ugttt-rebuttal/runs/56by6jmf
tinker_cookbook.utils.ml_log:143 [INFO] Wrote metrics to logs/aws/wave1-rerun/ac1-base-seed2/metrics.jsonl
tinker_cookbook.utils.ml_log:240 [INFO] Logging to: https://wandb.ai/kriaz-msee20seecs-nust/ugttt-rebuttal/runs/56by6jmf
tinker_cookbook.utils.ml_log:143 [INFO] Wrote metrics to logs/aws/wave1-rerun/ac1-base-seed2/metrics.jsonl
tinker_cookbook.utils.ml_log:240 [INFO] Logging to: https://wandb.ai/kriaz-msee20seecs-nust/ugttt-rebuttal/runs/56by6jmf
tinker_cookbook.utils.ml_log:143 [INFO] Wrote metrics to logs/aws/wave1-rerun/ac1-base-seed2/metrics.jsonl
tinker_cookbook.utils.ml_log:240 [INFO] Logging to: https://wandb.ai/kriaz-msee20seecs-nust/ugttt-rebuttal/runs/56by6jmf
__main__:1949 [INFO]   [2][6/8] KEPT | R_exec=0.3766 (max=0.6549) RMI=0.0000 R_total=0.3766 | 1784.8s | GPU: 18.1/61.6GB
tinker_cookbook.utils.ml_log:143 [INFO] Wrote metrics to logs/aws/wave1-rerun/ac1-base-seed2/metrics.jsonl
tinker_cookbook.utils.ml_log:240 [INFO] Logging to: https://wandb.ai/kriaz-msee20seecs-nust/ugttt-rebuttal/runs/56by6jmf
tinker_cookbook.rl.ensemble:1082 [INFO]   generate_batch_multi_adapter_two_phase: N=8 phase1_max=26000 streaming_mi=False kv_q=False
tinker_cookbook.rl.ensemble:1270 [INFO]     [gen/p1] step=2048/23700 active=8/8 mi_stopped=0
tinker_cookbook.rl.ensemble:1270 [INFO]     [gen/p1] step=4096/23700 active=8/8 mi_stopped=0
tinker_cookbook.rl.ensemble:1270 [INFO]     [gen/p1] step=6144/23700 active=6/8 mi_stopped=0
tinker_cookbook.rl.ensemble:1270 [INFO]     [gen/p1] step=8192/23700 active=4/8 mi_stopped=0
__main__:1078 [INFO]   Group 6: multi-adapter generation 8 seqs in 690.7s
__main__:1108 [INFO]   Group 6: rewards computed in 1005.6s
__main__:1150 [INFO]     [g6][r1/8] adapter=0 R_exec=0.6365 true_MI=0.00000 RMI=0.0000 R_total=0.6365 correct=1 tokens=7781
__main__:1150 [INFO]     [g6][r2/8] adapter=0 R_exec=0.6571 true_MI=0.00000 RMI=0.0000 R_total=0.6571 correct=1 tokens=8703
__main__:1150 [INFO]     [g6][r3/8] adapter=0 R_exec=0.0000 true_MI=0.00000 RMI=0.0000 R_total=0.0000 correct=0 tokens=8262
__main__:1150 [INFO]     [g6][r4/8] adapter=0 R_exec=0.6585 true_MI=0.00000 RMI=0.0000 R_total=0.6585 correct=1 tokens=5913
__main__:1150 [INFO]     [g6][r5/8] adapter=0 R_exec=0.5087 true_MI=0.00000 RMI=0.0000 R_total=0.5087 correct=1 tokens=6322
__main__:1150 [INFO]     [g6][r6/8] adapter=0 R_exec=0.6365 true_MI=0.00000 RMI=0.0000 R_total=0.6365 correct=1 tokens=8418
__main__:1150 [INFO]     [g6][r7/8] adapter=0 R_exec=0.6365 true_MI=0.00000 RMI=0.0000 R_total=0.6365 correct=1 tokens=5824
__main__:1150 [INFO]     [g6][r8/8] adapter=0 R_exec=0.0000 true_MI=0.00000 RMI=0.0000 R_total=0.0000 correct=0 tokens=8991
__main__:1167 [INFO]   [g6] group true_MI: mean=0.00000 std=0.00000 max=0.00000 normalized=[0.00 0.00 0.00 0.00 0.00 0.00 0.00 0.00]
tinker_cookbook.utils.ml_log:143 [INFO] Wrote metrics to logs/aws/wave1-rerun/ac1-base-seed2/metrics.jsonl
tinker_cookbook.utils.ml_log:240 [INFO] Logging to: https://wandb.ai/kriaz-msee20seecs-nust/ugttt-rebuttal/runs/56by6jmf
tinker_cookbook.utils.ml_log:143 [INFO] Wrote metrics to logs/aws/wave1-rerun/ac1-base-seed2/metrics.jsonl
tinker_cookbook.utils.ml_log:240 [INFO] Logging to: https://wandb.ai/kriaz-msee20seecs-nust/ugttt-rebuttal/runs/56by6jmf
tinker_cookbook.utils.ml_log:143 [INFO] Wrote metrics to logs/aws/wave1-rerun/ac1-base-seed2/metrics.jsonl
tinker_cookbook.utils.ml_log:240 [INFO] Logging to: https://wandb.ai/kriaz-msee20seecs-nust/ugttt-rebuttal/runs/56by6jmf
tinker_cookbook.utils.ml_log:143 [INFO] Wrote metrics to logs/aws/wave1-rerun/ac1-base-seed2/metrics.jsonl
tinker_cookbook.utils.ml_log:240 [INFO] Logging to: https://wandb.ai/kriaz-msee20seecs-nust/ugttt-rebuttal/runs/56by6jmf
tinker_cookbook.utils.ml_log:143 [INFO] Wrote metrics to logs/aws/wave1-rerun/ac1-base-seed2/metrics.jsonl
tinker_cookbook.utils.ml_log:240 [INFO] Logging to: https://wandb.ai/kriaz-msee20seecs-nust/ugttt-rebuttal/runs/56by6jmf
tinker_cookbook.utils.ml_log:143 [INFO] Wrote metrics to logs/aws/wave1-rerun/ac1-base-seed2/metrics.jsonl
tinker_cookbook.utils.ml_log:240 [INFO] Logging to: https://wandb.ai/kriaz-msee20seecs-nust/ugttt-rebuttal/runs/56by6jmf
tinker_cookbook.utils.ml_log:143 [INFO] Wrote metrics to logs/aws/wave1-rerun/ac1-base-seed2/metrics.jsonl
tinker_cookbook.utils.ml_log:240 [INFO] Logging to: https://wandb.ai/kriaz-msee20seecs-nust/ugttt-rebuttal/runs/56by6jmf
tinker_cookbook.utils.ml_log:143 [INFO] Wrote metrics to logs/aws/wave1-rerun/ac1-base-seed2/metrics.jsonl
tinker_cookbook.utils.ml_log:240 [INFO] Logging to: https://wandb.ai/kriaz-msee20seecs-nust/ugttt-rebuttal/runs/56by6jmf
__main__:1949 [INFO]   [2][7/8] KEPT | R_exec=0.4667 (max=0.6585) RMI=0.0000 R_total=0.4667 | 1696.3s | GPU: 18.1/60.7GB
tinker_cookbook.utils.ml_log:143 [INFO] Wrote metrics to logs/aws/wave1-rerun/ac1-base-seed2/metrics.jsonl
tinker_cookbook.utils.ml_log:240 [INFO] Logging to: https://wandb.ai/kriaz-msee20seecs-nust/ugttt-rebuttal/runs/56by6jmf
tinker_cookbook.rl.ensemble:1082 [INFO]   generate_batch_multi_adapter_two_phase: N=8 phase1_max=26000 streaming_mi=False kv_q=False
tinker_cookbook.rl.ensemble:1270 [INFO]     [gen/p1] step=2048/23592 active=8/8 mi_stopped=0
tinker_cookbook.rl.ensemble:1270 [INFO]     [gen/p1] step=4096/23592 active=8/8 mi_stopped=0
tinker_cookbook.rl.ensemble:1270 [INFO]     [gen/p1] step=6144/23592 active=6/8 mi_stopped=0
tinker_cookbook.rl.ensemble:1270 [INFO]     [gen/p1] step=8192/23592 active=3/8 mi_stopped=0
__main__:1078 [INFO]   Group 7: multi-adapter generation 8 seqs in 715.0s
__main__:1108 [INFO]   Group 7: rewards computed in 1005.4s
__main__:1150 [INFO]     [g7][r1/8] adapter=0 R_exec=0.0000 true_MI=0.00000 RMI=0.0000 R_total=0.0000 correct=0 tokens=5422
__main__:1150 [INFO]     [g7][r2/8] adapter=0 R_exec=0.0000 true_MI=0.00000 RMI=0.0000 R_total=0.0000 correct=0 tokens=8146
__main__:1150 [INFO]     [g7][r3/8] adapter=0 R_exec=0.0000 true_MI=0.00000 RMI=0.0000 R_total=0.0000 correct=0 tokens=4647
__main__:1150 [INFO]     [g7][r4/8] adapter=0 R_exec=0.5019 true_MI=0.00000 RMI=0.0000 R_total=0.5019 correct=1 tokens=8509
__main__:1150 [INFO]     [g7][r5/8] adapter=0 R_exec=0.0000 true_MI=0.00000 RMI=0.0000 R_total=0.0000 correct=0 tokens=7316
__main__:1150 [INFO]     [g7][r6/8] adapter=0 R_exec=0.0000 true_MI=0.00000 RMI=0.0000 R_total=0.0000 correct=0 tokens=8554
__main__:1150 [INFO]     [g7][r7/8] adapter=0 R_exec=0.0000 true_MI=0.00000 RMI=0.0000 R_total=0.0000 correct=0 tokens=9181
__main__:1150 [INFO]     [g7][r8/8] adapter=0 R_exec=0.5017 true_MI=0.00000 RMI=0.0000 R_total=0.5017 correct=1 tokens=6782
__main__:1167 [INFO]   [g7] group true_MI: mean=0.00000 std=0.00000 max=0.00000 normalized=[0.00 0.00 0.00 0.00 0.00 0.00 0.00 0.00]
tinker_cookbook.utils.ml_log:143 [INFO] Wrote metrics to logs/aws/wave1-rerun/ac1-base-seed2/metrics.jsonl
tinker_cookbook.utils.ml_log:240 [INFO] Logging to: https://wandb.ai/kriaz-msee20seecs-nust/ugttt-rebuttal/runs/56by6jmf
tinker_cookbook.utils.ml_log:143 [INFO] Wrote metrics to logs/aws/wave1-rerun/ac1-base-seed2/metrics.jsonl
tinker_cookbook.utils.ml_log:240 [INFO] Logging to: https://wandb.ai/kriaz-msee20seecs-nust/ugttt-rebuttal/runs/56by6jmf
tinker_cookbook.utils.ml_log:143 [INFO] Wrote metrics to logs/aws/wave1-rerun/ac1-base-seed2/metrics.jsonl
tinker_cookbook.utils.ml_log:240 [INFO] Logging to: https://wandb.ai/kriaz-msee20seecs-nust/ugttt-rebuttal/runs/56by6jmf
tinker_cookbook.utils.ml_log:143 [INFO] Wrote metrics to logs/aws/wave1-rerun/ac1-base-seed2/metrics.jsonl
tinker_cookbook.utils.ml_log:240 [INFO] Logging to: https://wandb.ai/kriaz-msee20seecs-nust/ugttt-rebuttal/runs/56by6jmf
tinker_cookbook.utils.ml_log:143 [INFO] Wrote metrics to logs/aws/wave1-rerun/ac1-base-seed2/metrics.jsonl
tinker_cookbook.utils.ml_log:240 [INFO] Logging to: https://wandb.ai/kriaz-msee20seecs-nust/ugttt-rebuttal/runs/56by6jmf
tinker_cookbook.utils.ml_log:143 [INFO] Wrote metrics to logs/aws/wave1-rerun/ac1-base-seed2/metrics.jsonl
tinker_cookbook.utils.ml_log:240 [INFO] Logging to: https://wandb.ai/kriaz-msee20seecs-nust/ugttt-rebuttal/runs/56by6jmf
tinker_cookbook.utils.ml_log:143 [INFO] Wrote metrics to logs/aws/wave1-rerun/ac1-base-seed2/metrics.jsonl
tinker_cookbook.utils.ml_log:240 [INFO] Logging to: https://wandb.ai/kriaz-msee20seecs-nust/ugttt-rebuttal/runs/56by6jmf
tinker_cookbook.utils.ml_log:143 [INFO] Wrote metrics to logs/aws/wave1-rerun/ac1-base-seed2/metrics.jsonl
tinker_cookbook.utils.ml_log:240 [INFO] Logging to: https://wandb.ai/kriaz-msee20seecs-nust/ugttt-rebuttal/runs/56by6jmf
__main__:1949 [INFO]   [2][8/8] KEPT | R_exec=0.1254 (max=0.5019) RMI=0.0000 R_total=0.1254 | 1720.4s | GPU: 18.1/61.0GB
tinker_cookbook.utils.ml_log:143 [INFO] Wrote metrics to logs/aws/wave1-rerun/ac1-base-seed2/metrics.jsonl
tinker_cookbook.utils.ml_log:240 [INFO] Logging to: https://wandb.ai/kriaz-msee20seecs-nust/ugttt-rebuttal/runs/56by6jmf
__main__:1988 [INFO] [Epoch 2] Rollout phase done in 14760.7s. Training on 8/8 groups...
tinker_cookbook.utils.ml_log:143 [INFO] Wrote metrics to logs/aws/wave1-rerun/ac1-base-seed2/metrics.jsonl
tinker_cookbook.utils.ml_log:195 [INFO] 
┏━━━━━━━━━━━━━━━━━━━━━━━━━━━━━━━━┳━━━━━━━━━━━━━━━┓
┃ Metric                         ┃ Value         ┃
┡━━━━━━━━━━━━━━━━━━━━━━━━━━━━━━━━╇━━━━━━━━━━━━━━━┩
│ gpu/memory_allocated_gb        │ 18.092511     │
│ gpu/memory_peak_gb             │ 61.036491     │
│ gpu/memory_reserved_gb         │ 18.152948     │
│ kl_policy_base                 │ 0.003329      │
│ optim/entropy                  │ 0.545887      │
│ optim/kl_sample_train_v1       │ 0.000133      │
│ optim/kl_sample_train_v2       │ 0.000139      │
│ progress/done_frac             │ 0.500000      │
│ progress/epoch                 │ 2             │
│ rollout/groups_attempted       │ 8.000000      │
│ rollout/groups_filtered        │ 0.000000      │
│ rollout/groups_kept            │ 8.000000      │
│ rollout/intra_group_reward_std │ 0.252045      │
│ time/rollout                   │ 14760.686710  │
│ time/total                     │ 15015.642906  │
│ time/train                     │ 254.674164    │
│ train/advantage/max            │ 4.853645      │
│ train/advantage/mean           │ 0.217229      │
│ train/advantage/min            │ -1.000000     │
│ train/advantage/std            │ 1.482153      │
│ train/beta/mean                │ 131218.331943 │
│ train/beta/std                 │ 346728.738760 │
│ train/correctness/mean         │ 0.703125      │
│ train/correctness/rate         │ 0.703125      │
│ train/ensemble/frac_high_disa… │ 0.000000      │
│ train/ensemble/max_token_disa… │ nan           │
│ train/ensemble/member_logprob… │ 0.000000      │
│ train/ensemble/member_logprob… │ nan           │
│ train/gamma_eff/mean           │ 0.000000      │
│ train/gen/num_tokens/max       │ 12302.000000  │
│ train/gen/num_tokens/mean      │ 7972.843750   │
│ train/gen/num_tokens/std       │ 1482.831795   │
│ train/loss                     │ -0.217234     │
│ train/nnm_loss                 │ 0.000000      │
│ train/nnm_nuclear_norm         │ 0.000000      │
│ train/num_groups               │ 8.000000      │
│ train/num_rollouts             │ 64.000000     │
│ train/num_rollouts_total       │ 64.000000     │
│ train/reward/exec/best         │ 0.662792      │
│ train/reward/exec/max          │ 0.660536      │
│ train/reward/exec/mean         │ 0.429547      │
│ train/reward/exec/min          │ 0.000000      │
│ train/reward/exec/std          │ 0.285705      │
│ train/reward/rmi/max           │ 0.000000      │
│ train/reward/rmi/mean          │ 0.000000      │
│ train/reward/rmi/min           │ 0.000000      │
│ train/reward/rmi/std           │ 0.000000      │
│ train/reward/total/best        │ 0.662792      │
│ train/reward/total/max         │ 0.660536      │
│ train/reward/total/mean        │ 0.429547      │
│ train/reward/total/min         │ 0.000000      │
│ train/reward/total/std         │ 0.285705      │
│ train/streaming_mi/stop_rate   │ 0.000000      │
│ train/streaming_mi/tokens_sav… │ 0.000000      │
│ train/streaming_mi/tokens_sav… │ 0.000000      │
│ train/two_phase/phase1_tokens… │ 7972.843750   │
│ train/two_phase/phase2_tokens… │ 0.000000      │
│ train/two_phase/prefill_rate   │ 0.000000      │
│ train/uncertainty/predictive_… │ 0.000000      │
│ train/uncertainty/predictive_… │ 0.000000      │
│ train/uncertainty/predictive_… │ 0.000000      │
│ train/uncertainty/predictive_… │ 0.000000      │
│ train/uncertainty/predictive_… │ 0.000000      │
│ train/uncertainty/predictive_… │ 0.000000      │
│ train/uncertainty/predictive_… │ 0.000000      │
│ train/uncertainty/predictive_… │ 0.000000      │
│ train/uncertainty/rmi/max      │ 0.000000      │
│ train/uncertainty/rmi/mean     │ 0.000000      │
│ train/uncertainty/rmi/min      │ 0.000000      │
│ train/uncertainty/rmi/std      │ 0.000000      │
│ train/uncertainty/rmi_top7/max │ 0.000000      │
│ train/uncertainty/rmi_top7/me… │ 0.000000      │
│ train/uncertainty/rmi_top7/min │ 0.000000      │
│ train/uncertainty/rmi_top7/std │ 0.000000      │
│ train/uncertainty/top7_mi_cod… │ 0.000000      │
│ train/uncertainty/top7_mi_cod… │ 0.000000      │
│ train/uncertainty/top7_mi_thi… │ 0.000000      │
│ train/uncertainty/top7_mi_thi… │ 0.000000      │
│ train/uncertainty/top7_pct_co… │ 0.000000      │
│ train/uncertainty/top7_pct_co… │ 0.000000      │
│ train/uncertainty/top7_pct_th… │ 1.000000      │
│ train/uncertainty/top7_pct_th… │ 0.000000      │
│ train/uncertainty/true_mi/max  │ 0.000000      │
│ train/uncertainty/true_mi/mean │ 0.000000      │
│ train/uncertainty/true_mi/min  │ 0.000000      │
│ train/uncertainty/true_mi/std  │ 0.000000      │
│ train/uncertainty/variance/max │ nan           │
│ train/uncertainty/variance/me… │ nan           │
│ train/uncertainty/variance/min │ nan           │
│ train/uncertainty/variance/std │ nan           │
│ train/uncertainty/variance_to… │ nan           │
│ train/uncertainty/variance_to… │ nan           │
│ train/uncertainty/variance_to… │ nan           │
│ train/uncertainty/variance_to… │ nan           │
└────────────────────────────────┴───────────────┘
tinker_cookbook.utils.ml_log:240 [INFO] Logging to: https://wandb.ai/kriaz-msee20seecs-nust/ugttt-rebuttal/runs/56by6jmf
__main__:2062 [INFO] [Epoch 2] R_exec=0.4295 (max=0.6605 best=0.6628) RMI=0.0000 beta=131218.33 corr=70.3% loss=-0.2172 groups=8/8 time=15015.6s
__main__:1836 [INFO] [Epoch 3/6] Starting rollout phase: 8 groups × 8 rollouts
tinker_cookbook.rl.ensemble:1082 [INFO]   generate_batch_multi_adapter_two_phase: N=8 phase1_max=26000 streaming_mi=False kv_q=False
tinker_cookbook.rl.ensemble:1270 [INFO]     [gen/p1] step=2048/22979 active=8/8 mi_stopped=0
tinker_cookbook.rl.ensemble:1270 [INFO]     [gen/p1] step=4096/22979 active=8/8 mi_stopped=0
tinker_cookbook.rl.ensemble:1270 [INFO]     [gen/p1] step=6144/22979 active=8/8 mi_stopped=0
tinker_cookbook.rl.ensemble:1270 [INFO]     [gen/p1] step=8192/22979 active=4/8 mi_stopped=0
tinker_cookbook.rl.ensemble:1270 [INFO]     [gen/p1] step=10240/22979 active=1/8 mi_stopped=0
__main__:1078 [INFO]   Group 0: multi-adapter generation 8 seqs in 941.7s
__main__:1108 [INFO]   Group 0: rewards computed in 1005.2s
__main__:1150 [INFO]     [g0][r1/8] adapter=0 R_exec=0.0000 true_MI=0.00000 RMI=0.0000 R_total=0.0000 correct=0 tokens=7782
__main__:1150 [INFO]     [g0][r2/8] adapter=0 R_exec=0.6382 true_MI=0.00000 RMI=0.0000 R_total=0.6382 correct=1 tokens=10783
__main__:1150 [INFO]     [g0][r3/8] adapter=0 R_exec=0.0000 true_MI=0.00000 RMI=0.0000 R_total=0.0000 correct=0 tokens=9487
__main__:1150 [INFO]     [g0][r4/8] adapter=0 R_exec=0.5000 true_MI=0.00000 RMI=0.0000 R_total=0.5000 correct=1 tokens=8123
__main__:1150 [INFO]     [g0][r5/8] adapter=0 R_exec=0.4993 true_MI=0.00000 RMI=0.0000 R_total=0.4993 correct=1 tokens=7411
__main__:1150 [INFO]     [g0][r6/8] adapter=0 R_exec=0.0000 true_MI=0.00000 RMI=0.0000 R_total=0.0000 correct=0 tokens=9620
__main__:1150 [INFO]     [g0][r7/8] adapter=0 R_exec=0.6585 true_MI=0.00000 RMI=0.0000 R_total=0.6585 correct=1 tokens=8195
__main__:1150 [INFO]     [g0][r8/8] adapter=0 R_exec=0.0000 true_MI=0.00000 RMI=0.0000 R_total=0.0000 correct=0 tokens=7237
__main__:1167 [INFO]   [g0] group true_MI: mean=0.00000 std=0.00000 max=0.00000 normalized=[0.00 0.00 0.00 0.00 0.00 0.00 0.00 0.00]
tinker_cookbook.utils.ml_log:143 [INFO] Wrote metrics to logs/aws/wave1-rerun/ac1-base-seed2/metrics.jsonl
tinker_cookbook.utils.ml_log:240 [INFO] Logging to: https://wandb.ai/kriaz-msee20seecs-nust/ugttt-rebuttal/runs/56by6jmf
tinker_cookbook.utils.ml_log:143 [INFO] Wrote metrics to logs/aws/wave1-rerun/ac1-base-seed2/metrics.jsonl
tinker_cookbook.utils.ml_log:240 [INFO] Logging to: https://wandb.ai/kriaz-msee20seecs-nust/ugttt-rebuttal/runs/56by6jmf
tinker_cookbook.utils.ml_log:143 [INFO] Wrote metrics to logs/aws/wave1-rerun/ac1-base-seed2/metrics.jsonl
tinker_cookbook.utils.ml_log:240 [INFO] Logging to: https://wandb.ai/kriaz-msee20seecs-nust/ugttt-rebuttal/runs/56by6jmf
tinker_cookbook.utils.ml_log:143 [INFO] Wrote metrics to logs/aws/wave1-rerun/ac1-base-seed2/metrics.jsonl
tinker_cookbook.utils.ml_log:240 [INFO] Logging to: https://wandb.ai/kriaz-msee20seecs-nust/ugttt-rebuttal/runs/56by6jmf
tinker_cookbook.utils.ml_log:143 [INFO] Wrote metrics to logs/aws/wave1-rerun/ac1-base-seed2/metrics.jsonl
tinker_cookbook.utils.ml_log:240 [INFO] Logging to: https://wandb.ai/kriaz-msee20seecs-nust/ugttt-rebuttal/runs/56by6jmf
tinker_cookbook.utils.ml_log:143 [INFO] Wrote metrics to logs/aws/wave1-rerun/ac1-base-seed2/metrics.jsonl
tinker_cookbook.utils.ml_log:240 [INFO] Logging to: https://wandb.ai/kriaz-msee20seecs-nust/ugttt-rebuttal/runs/56by6jmf
tinker_cookbook.utils.ml_log:143 [INFO] Wrote metrics to logs/aws/wave1-rerun/ac1-base-seed2/metrics.jsonl
tinker_cookbook.utils.ml_log:240 [INFO] Logging to: https://wandb.ai/kriaz-msee20seecs-nust/ugttt-rebuttal/runs/56by6jmf
tinker_cookbook.utils.ml_log:143 [INFO] Wrote metrics to logs/aws/wave1-rerun/ac1-base-seed2/metrics.jsonl
tinker_cookbook.utils.ml_log:240 [INFO] Logging to: https://wandb.ai/kriaz-msee20seecs-nust/ugttt-rebuttal/runs/56by6jmf
__main__:1949 [INFO]   [3][1/8] KEPT | R_exec=0.2870 (max=0.6585) RMI=0.0000 R_total=0.2870 | 1947.0s | GPU: 18.1/62.0GB
tinker_cookbook.utils.ml_log:143 [INFO] Wrote metrics to logs/aws/wave1-rerun/ac1-base-seed2/metrics.jsonl
tinker_cookbook.utils.ml_log:240 [INFO] Logging to: https://wandb.ai/kriaz-msee20seecs-nust/ugttt-rebuttal/runs/56by6jmf
tinker_cookbook.rl.ensemble:1082 [INFO]   generate_batch_multi_adapter_two_phase: N=8 phase1_max=26000 streaming_mi=False kv_q=False
tinker_cookbook.rl.ensemble:1270 [INFO]     [gen/p1] step=2048/22880 active=8/8 mi_stopped=0
tinker_cookbook.rl.ensemble:1270 [INFO]     [gen/p1] step=4096/22880 active=8/8 mi_stopped=0
tinker_cookbook.rl.ensemble:1270 [INFO]     [gen/p1] step=6144/22880 active=7/8 mi_stopped=0
tinker_cookbook.rl.ensemble:1270 [INFO]     [gen/p1] step=8192/22880 active=3/8 mi_stopped=0
__main__:1078 [INFO]   Group 1: multi-adapter generation 8 seqs in 773.7s
__main__:1108 [INFO]   Group 1: rewards computed in 959.2s
__main__:1150 [INFO]     [g1][r1/8] adapter=0 R_exec=0.0000 true_MI=0.00000 RMI=0.0000 R_total=0.0000 correct=0 tokens=8895
__main__:1150 [INFO]     [g1][r2/8] adapter=0 R_exec=0.6601 true_MI=0.00000 RMI=0.0000 R_total=0.6601 correct=1 tokens=6407
__main__:1150 [INFO]     [g1][r3/8] adapter=0 R_exec=0.0000 true_MI=0.00000 RMI=0.0000 R_total=0.0000 correct=0 tokens=7856
__main__:1150 [INFO]     [g1][r4/8] adapter=0 R_exec=0.0000 true_MI=0.00000 RMI=0.0000 R_total=0.0000 correct=0 tokens=8622
__main__:1150 [INFO]     [g1][r5/8] adapter=0 R_exec=0.6589 true_MI=0.00000 RMI=0.0000 R_total=0.6589 correct=1 tokens=9319
__main__:1150 [INFO]     [g1][r6/8] adapter=0 R_exec=0.0000 true_MI=0.00000 RMI=0.0000 R_total=0.0000 correct=0 tokens=7049
__main__:1150 [INFO]     [g1][r7/8] adapter=0 R_exec=0.0000 true_MI=0.00000 RMI=0.0000 R_total=0.0000 correct=0 tokens=7470
__main__:1150 [INFO]     [g1][r8/8] adapter=0 R_exec=0.0000 true_MI=0.00000 RMI=0.0000 R_total=0.0000 correct=0 tokens=4577
__main__:1167 [INFO]   [g1] group true_MI: mean=0.00000 std=0.00000 max=0.00000 normalized=[0.00 0.00 0.00 0.00 0.00 0.00 0.00 0.00]
tinker_cookbook.utils.ml_log:143 [INFO] Wrote metrics to logs/aws/wave1-rerun/ac1-base-seed2/metrics.jsonl
tinker_cookbook.utils.ml_log:240 [INFO] Logging to: https://wandb.ai/kriaz-msee20seecs-nust/ugttt-rebuttal/runs/56by6jmf
tinker_cookbook.utils.ml_log:143 [INFO] Wrote metrics to logs/aws/wave1-rerun/ac1-base-seed2/metrics.jsonl
tinker_cookbook.utils.ml_log:240 [INFO] Logging to: https://wandb.ai/kriaz-msee20seecs-nust/ugttt-rebuttal/runs/56by6jmf
tinker_cookbook.utils.ml_log:143 [INFO] Wrote metrics to logs/aws/wave1-rerun/ac1-base-seed2/metrics.jsonl
tinker_cookbook.utils.ml_log:240 [INFO] Logging to: https://wandb.ai/kriaz-msee20seecs-nust/ugttt-rebuttal/runs/56by6jmf
tinker_cookbook.utils.ml_log:143 [INFO] Wrote metrics to logs/aws/wave1-rerun/ac1-base-seed2/metrics.jsonl
tinker_cookbook.utils.ml_log:240 [INFO] Logging to: https://wandb.ai/kriaz-msee20seecs-nust/ugttt-rebuttal/runs/56by6jmf
tinker_cookbook.utils.ml_log:143 [INFO] Wrote metrics to logs/aws/wave1-rerun/ac1-base-seed2/metrics.jsonl
tinker_cookbook.utils.ml_log:240 [INFO] Logging to: https://wandb.ai/kriaz-msee20seecs-nust/ugttt-rebuttal/runs/56by6jmf
tinker_cookbook.utils.ml_log:143 [INFO] Wrote metrics to logs/aws/wave1-rerun/ac1-base-seed2/metrics.jsonl
tinker_cookbook.utils.ml_log:240 [INFO] Logging to: https://wandb.ai/kriaz-msee20seecs-nust/ugttt-rebuttal/runs/56by6jmf
tinker_cookbook.utils.ml_log:143 [INFO] Wrote metrics to logs/aws/wave1-rerun/ac1-base-seed2/metrics.jsonl
tinker_cookbook.utils.ml_log:240 [INFO] Logging to: https://wandb.ai/kriaz-msee20seecs-nust/ugttt-rebuttal/runs/56by6jmf
tinker_cookbook.utils.ml_log:143 [INFO] Wrote metrics to logs/aws/wave1-rerun/ac1-base-seed2/metrics.jsonl
tinker_cookbook.utils.ml_log:240 [INFO] Logging to: https://wandb.ai/kriaz-msee20seecs-nust/ugttt-rebuttal/runs/56by6jmf
__main__:1949 [INFO]   [3][2/8] KEPT | R_exec=0.1649 (max=0.6601) RMI=0.0000 R_total=0.1649 | 1733.0s | GPU: 18.1/62.0GB
tinker_cookbook.utils.ml_log:143 [INFO] Wrote metrics to logs/aws/wave1-rerun/ac1-base-seed2/metrics.jsonl
tinker_cookbook.utils.ml_log:240 [INFO] Logging to: https://wandb.ai/kriaz-msee20seecs-nust/ugttt-rebuttal/runs/56by6jmf
tinker_cookbook.rl.ensemble:1082 [INFO]   generate_batch_multi_adapter_two_phase: N=8 phase1_max=26000 streaming_mi=False kv_q=False
tinker_cookbook.rl.ensemble:1270 [INFO]     [gen/p1] step=2048/22953 active=8/8 mi_stopped=0
tinker_cookbook.rl.ensemble:1270 [INFO]     [gen/p1] step=4096/22953 active=8/8 mi_stopped=0
tinker_cookbook.rl.ensemble:1270 [INFO]     [gen/p1] step=6144/22953 active=7/8 mi_stopped=0
tinker_cookbook.rl.ensemble:1270 [INFO]     [gen/p1] step=8192/22953 active=4/8 mi_stopped=0
__main__:1078 [INFO]   Group 2: multi-adapter generation 8 seqs in 794.3s
__main__:1108 [INFO]   Group 2: rewards computed in 1005.2s
__main__:1150 [INFO]     [g2][r1/8] adapter=0 R_exec=0.5709 true_MI=0.00000 RMI=0.0000 R_total=0.5709 correct=1 tokens=9462
__main__:1150 [INFO]     [g2][r2/8] adapter=0 R_exec=0.0000 true_MI=0.00000 RMI=0.0000 R_total=0.0000 correct=0 tokens=7346
__main__:1150 [INFO]     [g2][r3/8] adapter=0 R_exec=0.0000 true_MI=0.00000 RMI=0.0000 R_total=0.0000 correct=0 tokens=4326
__main__:1150 [INFO]     [g2][r4/8] adapter=0 R_exec=0.0000 true_MI=0.00000 RMI=0.0000 R_total=0.0000 correct=0 tokens=8536
__main__:1150 [INFO]     [g2][r5/8] adapter=0 R_exec=0.0000 true_MI=0.00000 RMI=0.0000 R_total=0.0000 correct=0 tokens=8856
__main__:1150 [INFO]     [g2][r6/8] adapter=0 R_exec=0.6600 true_MI=0.00000 RMI=0.0000 R_total=0.6600 correct=1 tokens=7749
__main__:1150 [INFO]     [g2][r7/8] adapter=0 R_exec=0.5000 true_MI=0.00000 RMI=0.0000 R_total=0.5000 correct=1 tokens=6235
__main__:1150 [INFO]     [g2][r8/8] adapter=0 R_exec=0.5482 true_MI=0.00000 RMI=0.0000 R_total=0.5482 correct=1 tokens=9537
__main__:1167 [INFO]   [g2] group true_MI: mean=0.00000 std=0.00000 max=0.00000 normalized=[0.00 0.00 0.00 0.00 0.00 0.00 0.00 0.00]
tinker_cookbook.utils.ml_log:143 [INFO] Wrote metrics to logs/aws/wave1-rerun/ac1-base-seed2/metrics.jsonl
tinker_cookbook.utils.ml_log:240 [INFO] Logging to: https://wandb.ai/kriaz-msee20seecs-nust/ugttt-rebuttal/runs/56by6jmf
tinker_cookbook.utils.ml_log:143 [INFO] Wrote metrics to logs/aws/wave1-rerun/ac1-base-seed2/metrics.jsonl
tinker_cookbook.utils.ml_log:240 [INFO] Logging to: https://wandb.ai/kriaz-msee20seecs-nust/ugttt-rebuttal/runs/56by6jmf
tinker_cookbook.utils.ml_log:143 [INFO] Wrote metrics to logs/aws/wave1-rerun/ac1-base-seed2/metrics.jsonl
tinker_cookbook.utils.ml_log:240 [INFO] Logging to: https://wandb.ai/kriaz-msee20seecs-nust/ugttt-rebuttal/runs/56by6jmf
tinker_cookbook.utils.ml_log:143 [INFO] Wrote metrics to logs/aws/wave1-rerun/ac1-base-seed2/metrics.jsonl
tinker_cookbook.utils.ml_log:240 [INFO] Logging to: https://wandb.ai/kriaz-msee20seecs-nust/ugttt-rebuttal/runs/56by6jmf
tinker_cookbook.utils.ml_log:143 [INFO] Wrote metrics to logs/aws/wave1-rerun/ac1-base-seed2/metrics.jsonl
tinker_cookbook.utils.ml_log:240 [INFO] Logging to: https://wandb.ai/kriaz-msee20seecs-nust/ugttt-rebuttal/runs/56by6jmf
tinker_cookbook.utils.ml_log:143 [INFO] Wrote metrics to logs/aws/wave1-rerun/ac1-base-seed2/metrics.jsonl
tinker_cookbook.utils.ml_log:240 [INFO] Logging to: https://wandb.ai/kriaz-msee20seecs-nust/ugttt-rebuttal/runs/56by6jmf
tinker_cookbook.utils.ml_log:143 [INFO] Wrote metrics to logs/aws/wave1-rerun/ac1-base-seed2/metrics.jsonl
tinker_cookbook.utils.ml_log:240 [INFO] Logging to: https://wandb.ai/kriaz-msee20seecs-nust/ugttt-rebuttal/runs/56by6jmf
tinker_cookbook.utils.ml_log:143 [INFO] Wrote metrics to logs/aws/wave1-rerun/ac1-base-seed2/metrics.jsonl
tinker_cookbook.utils.ml_log:240 [INFO] Logging to: https://wandb.ai/kriaz-msee20seecs-nust/ugttt-rebuttal/runs/56by6jmf
__main__:1949 [INFO]   [3][3/8] KEPT | R_exec=0.2849 (max=0.6600) RMI=0.0000 R_total=0.2849 | 1799.6s | GPU: 18.1/61.9GB
tinker_cookbook.utils.ml_log:143 [INFO] Wrote metrics to logs/aws/wave1-rerun/ac1-base-seed2/metrics.jsonl
tinker_cookbook.utils.ml_log:240 [INFO] Logging to: https://wandb.ai/kriaz-msee20seecs-nust/ugttt-rebuttal/runs/56by6jmf
tinker_cookbook.rl.ensemble:1082 [INFO]   generate_batch_multi_adapter_two_phase: N=8 phase1_max=26000 streaming_mi=False kv_q=False
tinker_cookbook.rl.ensemble:1270 [INFO]     [gen/p1] step=2048/23331 active=8/8 mi_stopped=0
tinker_cookbook.rl.ensemble:1270 [INFO]     [gen/p1] step=4096/23331 active=8/8 mi_stopped=0
tinker_cookbook.rl.ensemble:1270 [INFO]     [gen/p1] step=6144/23331 active=8/8 mi_stopped=0
tinker_cookbook.rl.ensemble:1270 [INFO]     [gen/p1] step=8192/23331 active=6/8 mi_stopped=0
tinker_cookbook.rl.ensemble:1270 [INFO]     [gen/p1] step=10240/23331 active=3/8 mi_stopped=0
__main__:1078 [INFO]   Group 3: multi-adapter generation 8 seqs in 1024.8s
__main__:1108 [INFO]   Group 3: rewards computed in 1006.0s
__main__:1150 [INFO]     [g3][r1/8] adapter=0 R_exec=0.0000 true_MI=0.00000 RMI=0.0000 R_total=0.0000 correct=0 tokens=7049
__main__:1150 [INFO]     [g3][r2/8] adapter=0 R_exec=0.6393 true_MI=0.00000 RMI=0.0000 R_total=0.6393 correct=1 tokens=8263
__main__:1150 [INFO]     [g3][r3/8] adapter=0 R_exec=0.0000 true_MI=0.00000 RMI=0.0000 R_total=0.0000 correct=0 tokens=10335
__main__:1150 [INFO]     [g3][r4/8] adapter=0 R_exec=0.3723 true_MI=0.00000 RMI=0.0000 R_total=0.3723 correct=1 tokens=10426
__main__:1150 [INFO]     [g3][r5/8] adapter=0 R_exec=0.0000 true_MI=0.00000 RMI=0.0000 R_total=0.0000 correct=0 tokens=10134
__main__:1150 [INFO]     [g3][r6/8] adapter=0 R_exec=0.0000 true_MI=0.00000 RMI=0.0000 R_total=0.0000 correct=0 tokens=6433
__main__:1150 [INFO]     [g3][r7/8] adapter=0 R_exec=0.0000 true_MI=0.00000 RMI=0.0000 R_total=0.0000 correct=0 tokens=8839
__main__:1150 [INFO]     [g3][r8/8] adapter=0 R_exec=0.5005 true_MI=0.00000 RMI=0.0000 R_total=0.5005 correct=1 tokens=11624
__main__:1167 [INFO]   [g3] group true_MI: mean=0.00000 std=0.00000 max=0.00000 normalized=[0.00 0.00 0.00 0.00 0.00 0.00 0.00 0.00]
tinker_cookbook.utils.ml_log:143 [INFO] Wrote metrics to logs/aws/wave1-rerun/ac1-base-seed2/metrics.jsonl
tinker_cookbook.utils.ml_log:240 [INFO] Logging to: https://wandb.ai/kriaz-msee20seecs-nust/ugttt-rebuttal/runs/56by6jmf
tinker_cookbook.utils.ml_log:143 [INFO] Wrote metrics to logs/aws/wave1-rerun/ac1-base-seed2/metrics.jsonl
tinker_cookbook.utils.ml_log:240 [INFO] Logging to: https://wandb.ai/kriaz-msee20seecs-nust/ugttt-rebuttal/runs/56by6jmf
tinker_cookbook.utils.ml_log:143 [INFO] Wrote metrics to logs/aws/wave1-rerun/ac1-base-seed2/metrics.jsonl
tinker_cookbook.utils.ml_log:240 [INFO] Logging to: https://wandb.ai/kriaz-msee20seecs-nust/ugttt-rebuttal/runs/56by6jmf
tinker_cookbook.utils.ml_log:143 [INFO] Wrote metrics to logs/aws/wave1-rerun/ac1-base-seed2/metrics.jsonl
tinker_cookbook.utils.ml_log:240 [INFO] Logging to: https://wandb.ai/kriaz-msee20seecs-nust/ugttt-rebuttal/runs/56by6jmf
tinker_cookbook.utils.ml_log:143 [INFO] Wrote metrics to logs/aws/wave1-rerun/ac1-base-seed2/metrics.jsonl
tinker_cookbook.utils.ml_log:240 [INFO] Logging to: https://wandb.ai/kriaz-msee20seecs-nust/ugttt-rebuttal/runs/56by6jmf
tinker_cookbook.utils.ml_log:143 [INFO] Wrote metrics to logs/aws/wave1-rerun/ac1-base-seed2/metrics.jsonl
tinker_cookbook.utils.ml_log:240 [INFO] Logging to: https://wandb.ai/kriaz-msee20seecs-nust/ugttt-rebuttal/runs/56by6jmf
tinker_cookbook.utils.ml_log:143 [INFO] Wrote metrics to logs/aws/wave1-rerun/ac1-base-seed2/metrics.jsonl
tinker_cookbook.utils.ml_log:240 [INFO] Logging to: https://wandb.ai/kriaz-msee20seecs-nust/ugttt-rebuttal/runs/56by6jmf
tinker_cookbook.utils.ml_log:143 [INFO] Wrote metrics to logs/aws/wave1-rerun/ac1-base-seed2/metrics.jsonl
tinker_cookbook.utils.ml_log:240 [INFO] Logging to: https://wandb.ai/kriaz-msee20seecs-nust/ugttt-rebuttal/runs/56by6jmf
__main__:1949 [INFO]   [3][4/8] KEPT | R_exec=0.1890 (max=0.6393) RMI=0.0000 R_total=0.1890 | 2030.9s | GPU: 18.1/61.9GB
tinker_cookbook.utils.ml_log:143 [INFO] Wrote metrics to logs/aws/wave1-rerun/ac1-base-seed2/metrics.jsonl
tinker_cookbook.utils.ml_log:240 [INFO] Logging to: https://wandb.ai/kriaz-msee20seecs-nust/ugttt-rebuttal/runs/56by6jmf
tinker_cookbook.rl.ensemble:1082 [INFO]   generate_batch_multi_adapter_two_phase: N=8 phase1_max=26000 streaming_mi=False kv_q=False
tinker_cookbook.rl.ensemble:1270 [INFO]     [gen/p1] step=2048/23462 active=8/8 mi_stopped=0
tinker_cookbook.rl.ensemble:1270 [INFO]     [gen/p1] step=4096/23462 active=8/8 mi_stopped=0
tinker_cookbook.rl.ensemble:1270 [INFO]     [gen/p1] step=6144/23462 active=8/8 mi_stopped=0
tinker_cookbook.rl.ensemble:1270 [INFO]     [gen/p1] step=8192/23462 active=6/8 mi_stopped=0
tinker_cookbook.rl.ensemble:1270 [INFO]     [gen/p1] step=10240/23462 active=2/8 mi_stopped=0
__main__:1078 [INFO]   Group 4: multi-adapter generation 8 seqs in 897.3s
__main__:1108 [INFO]   Group 4: rewards computed in 1005.8s
__main__:1150 [INFO]     [g4][r1/8] adapter=0 R_exec=0.5005 true_MI=0.00000 RMI=0.0000 R_total=0.5005 correct=1 tokens=10672
__main__:1150 [INFO]     [g4][r2/8] adapter=0 R_exec=0.0000 true_MI=0.00000 RMI=0.0000 R_total=0.0000 correct=0 tokens=7389
__main__:1150 [INFO]     [g4][r3/8] adapter=0 R_exec=0.6594 true_MI=0.00000 RMI=0.0000 R_total=0.6594 correct=1 tokens=10191
__main__:1150 [INFO]     [g4][r4/8] adapter=0 R_exec=0.4832 true_MI=0.00000 RMI=0.0000 R_total=0.4832 correct=1 tokens=9335
__main__:1150 [INFO]     [g4][r5/8] adapter=0 R_exec=0.6596 true_MI=0.00000 RMI=0.0000 R_total=0.6596 correct=1 tokens=7637
__main__:1150 [INFO]     [g4][r6/8] adapter=0 R_exec=0.0005 true_MI=0.00000 RMI=0.0000 R_total=0.0005 correct=1 tokens=10155
__main__:1150 [INFO]     [g4][r7/8] adapter=0 R_exec=0.0000 true_MI=0.00000 RMI=0.0000 R_total=0.0000 correct=0 tokens=10624
__main__:1150 [INFO]     [g4][r8/8] adapter=0 R_exec=0.0000 true_MI=0.00000 RMI=0.0000 R_total=0.0000 correct=0 tokens=8628
__main__:1167 [INFO]   [g4] group true_MI: mean=0.00000 std=0.00000 max=0.00000 normalized=[0.00 0.00 0.00 0.00 0.00 0.00 0.00 0.00]
tinker_cookbook.utils.ml_log:143 [INFO] Wrote metrics to logs/aws/wave1-rerun/ac1-base-seed2/metrics.jsonl
tinker_cookbook.utils.ml_log:240 [INFO] Logging to: https://wandb.ai/kriaz-msee20seecs-nust/ugttt-rebuttal/runs/56by6jmf
tinker_cookbook.utils.ml_log:143 [INFO] Wrote metrics to logs/aws/wave1-rerun/ac1-base-seed2/metrics.jsonl
tinker_cookbook.utils.ml_log:240 [INFO] Logging to: https://wandb.ai/kriaz-msee20seecs-nust/ugttt-rebuttal/runs/56by6jmf
tinker_cookbook.utils.ml_log:143 [INFO] Wrote metrics to logs/aws/wave1-rerun/ac1-base-seed2/metrics.jsonl
tinker_cookbook.utils.ml_log:240 [INFO] Logging to: https://wandb.ai/kriaz-msee20seecs-nust/ugttt-rebuttal/runs/56by6jmf
tinker_cookbook.utils.ml_log:143 [INFO] Wrote metrics to logs/aws/wave1-rerun/ac1-base-seed2/metrics.jsonl
tinker_cookbook.utils.ml_log:240 [INFO] Logging to: https://wandb.ai/kriaz-msee20seecs-nust/ugttt-rebuttal/runs/56by6jmf
tinker_cookbook.utils.ml_log:143 [INFO] Wrote metrics to logs/aws/wave1-rerun/ac1-base-seed2/metrics.jsonl
tinker_cookbook.utils.ml_log:240 [INFO] Logging to: https://wandb.ai/kriaz-msee20seecs-nust/ugttt-rebuttal/runs/56by6jmf
tinker_cookbook.utils.ml_log:143 [INFO] Wrote metrics to logs/aws/wave1-rerun/ac1-base-seed2/metrics.jsonl
tinker_cookbook.utils.ml_log:240 [INFO] Logging to: https://wandb.ai/kriaz-msee20seecs-nust/ugttt-rebuttal/runs/56by6jmf
tinker_cookbook.utils.ml_log:143 [INFO] Wrote metrics to logs/aws/wave1-rerun/ac1-base-seed2/metrics.jsonl
tinker_cookbook.utils.ml_log:240 [INFO] Logging to: https://wandb.ai/kriaz-msee20seecs-nust/ugttt-rebuttal/runs/56by6jmf
tinker_cookbook.utils.ml_log:143 [INFO] Wrote metrics to logs/aws/wave1-rerun/ac1-base-seed2/metrics.jsonl
tinker_cookbook.utils.ml_log:240 [INFO] Logging to: https://wandb.ai/kriaz-msee20seecs-nust/ugttt-rebuttal/runs/56by6jmf
__main__:1949 [INFO]   [3][5/8] KEPT | R_exec=0.2879 (max=0.6596) RMI=0.0000 R_total=0.2879 | 1903.1s | GPU: 18.1/60.9GB
tinker_cookbook.utils.ml_log:143 [INFO] Wrote metrics to logs/aws/wave1-rerun/ac1-base-seed2/metrics.jsonl
tinker_cookbook.utils.ml_log:240 [INFO] Logging to: https://wandb.ai/kriaz-msee20seecs-nust/ugttt-rebuttal/runs/56by6jmf
tinker_cookbook.rl.ensemble:1082 [INFO]   generate_batch_multi_adapter_two_phase: N=8 phase1_max=26000 streaming_mi=False kv_q=False
tinker_cookbook.rl.ensemble:1270 [INFO]     [gen/p1] step=2048/22990 active=8/8 mi_stopped=0
tinker_cookbook.rl.ensemble:1270 [INFO]     [gen/p1] step=4096/22990 active=8/8 mi_stopped=0
tinker_cookbook.rl.ensemble:1270 [INFO]     [gen/p1] step=6144/22990 active=6/8 mi_stopped=0
tinker_cookbook.rl.ensemble:1270 [INFO]     [gen/p1] step=8192/22990 active=3/8 mi_stopped=0
tinker_cookbook.rl.ensemble:1270 [INFO]     [gen/p1] step=10240/22990 active=1/8 mi_stopped=0
__main__:1078 [INFO]   Group 5: multi-adapter generation 8 seqs in 971.9s
__main__:1108 [INFO]   Group 5: rewards computed in 1005.2s
__main__:1150 [INFO]     [g5][r1/8] adapter=0 R_exec=0.0000 true_MI=0.00000 RMI=0.0000 R_total=0.0000 correct=0 tokens=7277
__main__:1150 [INFO]     [g5][r2/8] adapter=0 R_exec=0.4902 true_MI=0.00000 RMI=0.0000 R_total=0.4902 correct=1 tokens=9794
__main__:1150 [INFO]     [g5][r3/8] adapter=0 R_exec=0.0000 true_MI=0.00000 RMI=0.0000 R_total=0.0000 correct=0 tokens=9174
__main__:1150 [INFO]     [g5][r4/8] adapter=0 R_exec=0.4947 true_MI=0.00000 RMI=0.0000 R_total=0.4947 correct=1 tokens=11028
__main__:1150 [INFO]     [g5][r5/8] adapter=0 R_exec=0.4934 true_MI=0.00000 RMI=0.0000 R_total=0.4934 correct=1 tokens=5246
__main__:1150 [INFO]     [g5][r6/8] adapter=0 R_exec=0.6571 true_MI=0.00000 RMI=0.0000 R_total=0.6571 correct=1 tokens=5836
__main__:1150 [INFO]     [g5][r7/8] adapter=0 R_exec=0.5023 true_MI=0.00000 RMI=0.0000 R_total=0.5023 correct=1 tokens=6755
__main__:1150 [INFO]     [g5][r8/8] adapter=0 R_exec=0.4925 true_MI=0.00000 RMI=0.0000 R_total=0.4925 correct=1 tokens=7595
__main__:1167 [INFO]   [g5] group true_MI: mean=0.00000 std=0.00000 max=0.00000 normalized=[0.00 0.00 0.00 0.00 0.00 0.00 0.00 0.00]
tinker_cookbook.utils.ml_log:143 [INFO] Wrote metrics to logs/aws/wave1-rerun/ac1-base-seed2/metrics.jsonl
tinker_cookbook.utils.ml_log:240 [INFO] Logging to: https://wandb.ai/kriaz-msee20seecs-nust/ugttt-rebuttal/runs/56by6jmf
tinker_cookbook.utils.ml_log:143 [INFO] Wrote metrics to logs/aws/wave1-rerun/ac1-base-seed2/metrics.jsonl
tinker_cookbook.utils.ml_log:240 [INFO] Logging to: https://wandb.ai/kriaz-msee20seecs-nust/ugttt-rebuttal/runs/56by6jmf
tinker_cookbook.utils.ml_log:143 [INFO] Wrote metrics to logs/aws/wave1-rerun/ac1-base-seed2/metrics.jsonl
tinker_cookbook.utils.ml_log:240 [INFO] Logging to: https://wandb.ai/kriaz-msee20seecs-nust/ugttt-rebuttal/runs/56by6jmf
tinker_cookbook.utils.ml_log:143 [INFO] Wrote metrics to logs/aws/wave1-rerun/ac1-base-seed2/metrics.jsonl
tinker_cookbook.utils.ml_log:240 [INFO] Logging to: https://wandb.ai/kriaz-msee20seecs-nust/ugttt-rebuttal/runs/56by6jmf
tinker_cookbook.utils.ml_log:143 [INFO] Wrote metrics to logs/aws/wave1-rerun/ac1-base-seed2/metrics.jsonl
tinker_cookbook.utils.ml_log:240 [INFO] Logging to: https://wandb.ai/kriaz-msee20seecs-nust/ugttt-rebuttal/runs/56by6jmf
tinker_cookbook.utils.ml_log:143 [INFO] Wrote metrics to logs/aws/wave1-rerun/ac1-base-seed2/metrics.jsonl
tinker_cookbook.utils.ml_log:240 [INFO] Logging to: https://wandb.ai/kriaz-msee20seecs-nust/ugttt-rebuttal/runs/56by6jmf
tinker_cookbook.utils.ml_log:143 [INFO] Wrote metrics to logs/aws/wave1-rerun/ac1-base-seed2/metrics.jsonl
tinker_cookbook.utils.ml_log:240 [INFO] Logging to: https://wandb.ai/kriaz-msee20seecs-nust/ugttt-rebuttal/runs/56by6jmf
tinker_cookbook.utils.ml_log:143 [INFO] Wrote metrics to logs/aws/wave1-rerun/ac1-base-seed2/metrics.jsonl
tinker_cookbook.utils.ml_log:240 [INFO] Logging to: https://wandb.ai/kriaz-msee20seecs-nust/ugttt-rebuttal/runs/56by6jmf
__main__:1949 [INFO]   [3][6/8] KEPT | R_exec=0.3913 (max=0.6571) RMI=0.0000 R_total=0.3913 | 1977.2s | GPU: 18.1/62.0GB
tinker_cookbook.utils.ml_log:143 [INFO] Wrote metrics to logs/aws/wave1-rerun/ac1-base-seed2/metrics.jsonl
tinker_cookbook.utils.ml_log:240 [INFO] Logging to: https://wandb.ai/kriaz-msee20seecs-nust/ugttt-rebuttal/runs/56by6jmf
tinker_cookbook.rl.ensemble:1082 [INFO]   generate_batch_multi_adapter_two_phase: N=8 phase1_max=26000 streaming_mi=False kv_q=False
tinker_cookbook.rl.ensemble:1270 [INFO]     [gen/p1] step=2048/23374 active=8/8 mi_stopped=0
tinker_cookbook.rl.ensemble:1270 [INFO]     [gen/p1] step=4096/23374 active=8/8 mi_stopped=0
tinker_cookbook.rl.ensemble:1270 [INFO]     [gen/p1] step=6144/23374 active=8/8 mi_stopped=0
tinker_cookbook.rl.ensemble:1270 [INFO]     [gen/p1] step=8192/23374 active=2/8 mi_stopped=0
tinker_cookbook.rl.ensemble:1270 [INFO]     [gen/p1] step=10240/23374 active=2/8 mi_stopped=0
__main__:1078 [INFO]   Group 6: multi-adapter generation 8 seqs in 1016.2s
__main__:1108 [INFO]   Group 6: rewards computed in 999.1s
__main__:1150 [INFO]     [g6][r1/8] adapter=0 R_exec=0.0000 true_MI=0.00000 RMI=0.0000 R_total=0.0000 correct=0 tokens=7038
__main__:1150 [INFO]     [g6][r2/8] adapter=0 R_exec=0.6587 true_MI=0.00000 RMI=0.0000 R_total=0.6587 correct=1 tokens=7131
__main__:1150 [INFO]     [g6][r3/8] adapter=0 R_exec=0.6586 true_MI=0.00000 RMI=0.0000 R_total=0.6586 correct=1 tokens=6942
__main__:1150 [INFO]     [g6][r4/8] adapter=0 R_exec=0.6571 true_MI=0.00000 RMI=0.0000 R_total=0.6571 correct=1 tokens=7186
__main__:1150 [INFO]     [g6][r5/8] adapter=0 R_exec=0.0000 true_MI=0.00000 RMI=0.0000 R_total=0.0000 correct=0 tokens=7394
__main__:1150 [INFO]     [g6][r6/8] adapter=0 R_exec=0.0000 true_MI=0.00000 RMI=0.0000 R_total=0.0000 correct=0 tokens=10612
__main__:1150 [INFO]     [g6][r7/8] adapter=0 R_exec=0.4053 true_MI=0.00000 RMI=0.0000 R_total=0.4053 correct=1 tokens=11604
__main__:1150 [INFO]     [g6][r8/8] adapter=0 R_exec=0.6593 true_MI=0.00000 RMI=0.0000 R_total=0.6593 correct=1 tokens=7703
__main__:1167 [INFO]   [g6] group true_MI: mean=0.00000 std=0.00000 max=0.00000 normalized=[0.00 0.00 0.00 0.00 0.00 0.00 0.00 0.00]
tinker_cookbook.utils.ml_log:143 [INFO] Wrote metrics to logs/aws/wave1-rerun/ac1-base-seed2/metrics.jsonl
tinker_cookbook.utils.ml_log:240 [INFO] Logging to: https://wandb.ai/kriaz-msee20seecs-nust/ugttt-rebuttal/runs/56by6jmf
tinker_cookbook.utils.ml_log:143 [INFO] Wrote metrics to logs/aws/wave1-rerun/ac1-base-seed2/metrics.jsonl
tinker_cookbook.utils.ml_log:240 [INFO] Logging to: https://wandb.ai/kriaz-msee20seecs-nust/ugttt-rebuttal/runs/56by6jmf
tinker_cookbook.utils.ml_log:143 [INFO] Wrote metrics to logs/aws/wave1-rerun/ac1-base-seed2/metrics.jsonl
tinker_cookbook.utils.ml_log:240 [INFO] Logging to: https://wandb.ai/kriaz-msee20seecs-nust/ugttt-rebuttal/runs/56by6jmf
tinker_cookbook.utils.ml_log:143 [INFO] Wrote metrics to logs/aws/wave1-rerun/ac1-base-seed2/metrics.jsonl
tinker_cookbook.utils.ml_log:240 [INFO] Logging to: https://wandb.ai/kriaz-msee20seecs-nust/ugttt-rebuttal/runs/56by6jmf
tinker_cookbook.utils.ml_log:143 [INFO] Wrote metrics to logs/aws/wave1-rerun/ac1-base-seed2/metrics.jsonl
tinker_cookbook.utils.ml_log:240 [INFO] Logging to: https://wandb.ai/kriaz-msee20seecs-nust/ugttt-rebuttal/runs/56by6jmf
tinker_cookbook.utils.ml_log:143 [INFO] Wrote metrics to logs/aws/wave1-rerun/ac1-base-seed2/metrics.jsonl
tinker_cookbook.utils.ml_log:240 [INFO] Logging to: https://wandb.ai/kriaz-msee20seecs-nust/ugttt-rebuttal/runs/56by6jmf
tinker_cookbook.utils.ml_log:143 [INFO] Wrote metrics to logs/aws/wave1-rerun/ac1-base-seed2/metrics.jsonl
tinker_cookbook.utils.ml_log:240 [INFO] Logging to: https://wandb.ai/kriaz-msee20seecs-nust/ugttt-rebuttal/runs/56by6jmf
tinker_cookbook.utils.ml_log:143 [INFO] Wrote metrics to logs/aws/wave1-rerun/ac1-base-seed2/metrics.jsonl
tinker_cookbook.utils.ml_log:240 [INFO] Logging to: https://wandb.ai/kriaz-msee20seecs-nust/ugttt-rebuttal/runs/56by6jmf
__main__:1949 [INFO]   [3][7/8] KEPT | R_exec=0.3799 (max=0.6593) RMI=0.0000 R_total=0.3799 | 2015.4s | GPU: 18.1/61.2GB
tinker_cookbook.utils.ml_log:143 [INFO] Wrote metrics to logs/aws/wave1-rerun/ac1-base-seed2/metrics.jsonl
tinker_cookbook.utils.ml_log:240 [INFO] Logging to: https://wandb.ai/kriaz-msee20seecs-nust/ugttt-rebuttal/runs/56by6jmf
tinker_cookbook.rl.ensemble:1082 [INFO]   generate_batch_multi_adapter_two_phase: N=8 phase1_max=26000 streaming_mi=False kv_q=False
tinker_cookbook.rl.ensemble:1270 [INFO]     [gen/p1] step=2048/23469 active=8/8 mi_stopped=0
tinker_cookbook.rl.ensemble:1270 [INFO]     [gen/p1] step=4096/23469 active=8/8 mi_stopped=0
tinker_cookbook.rl.ensemble:1270 [INFO]     [gen/p1] step=6144/23469 active=7/8 mi_stopped=0
__main__:1078 [INFO]   Group 7: multi-adapter generation 8 seqs in 611.0s
__main__:1108 [INFO]   Group 7: rewards computed in 1005.6s
__main__:1150 [INFO]     [g7][r1/8] adapter=0 R_exec=0.0000 true_MI=0.00000 RMI=0.0000 R_total=0.0000 correct=0 tokens=6226
__main__:1150 [INFO]     [g7][r2/8] adapter=0 R_exec=0.0000 true_MI=0.00000 RMI=0.0000 R_total=0.0000 correct=0 tokens=7964
__main__:1150 [INFO]     [g7][r3/8] adapter=0 R_exec=0.0000 true_MI=0.00000 RMI=0.0000 R_total=0.0000 correct=0 tokens=8094
__main__:1150 [INFO]     [g7][r4/8] adapter=0 R_exec=0.0000 true_MI=0.00000 RMI=0.0000 R_total=0.0000 correct=0 tokens=7860
__main__:1150 [INFO]     [g7][r5/8] adapter=0 R_exec=0.0000 true_MI=0.00000 RMI=0.0000 R_total=0.0000 correct=0 tokens=7529
__main__:1150 [INFO]     [g7][r6/8] adapter=0 R_exec=0.6571 true_MI=0.00000 RMI=0.0000 R_total=0.6571 correct=1 tokens=4957
__main__:1150 [INFO]     [g7][r7/8] adapter=0 R_exec=0.6606 true_MI=0.00000 RMI=0.0000 R_total=0.6606 correct=1 tokens=8127
__main__:1150 [INFO]     [g7][r8/8] adapter=0 R_exec=0.0000 true_MI=0.00000 RMI=0.0000 R_total=0.0000 correct=0 tokens=7017
__main__:1167 [INFO]   [g7] group true_MI: mean=0.00000 std=0.00000 max=0.00000 normalized=[0.00 0.00 0.00 0.00 0.00 0.00 0.00 0.00]
tinker_cookbook.utils.ml_log:143 [INFO] Wrote metrics to logs/aws/wave1-rerun/ac1-base-seed2/metrics.jsonl
tinker_cookbook.utils.ml_log:240 [INFO] Logging to: https://wandb.ai/kriaz-msee20seecs-nust/ugttt-rebuttal/runs/56by6jmf
tinker_cookbook.utils.ml_log:143 [INFO] Wrote metrics to logs/aws/wave1-rerun/ac1-base-seed2/metrics.jsonl
tinker_cookbook.utils.ml_log:240 [INFO] Logging to: https://wandb.ai/kriaz-msee20seecs-nust/ugttt-rebuttal/runs/56by6jmf
tinker_cookbook.utils.ml_log:143 [INFO] Wrote metrics to logs/aws/wave1-rerun/ac1-base-seed2/metrics.jsonl
tinker_cookbook.utils.ml_log:240 [INFO] Logging to: https://wandb.ai/kriaz-msee20seecs-nust/ugttt-rebuttal/runs/56by6jmf
tinker_cookbook.utils.ml_log:143 [INFO] Wrote metrics to logs/aws/wave1-rerun/ac1-base-seed2/metrics.jsonl
tinker_cookbook.utils.ml_log:240 [INFO] Logging to: https://wandb.ai/kriaz-msee20seecs-nust/ugttt-rebuttal/runs/56by6jmf
tinker_cookbook.utils.ml_log:143 [INFO] Wrote metrics to logs/aws/wave1-rerun/ac1-base-seed2/metrics.jsonl
tinker_cookbook.utils.ml_log:240 [INFO] Logging to: https://wandb.ai/kriaz-msee20seecs-nust/ugttt-rebuttal/runs/56by6jmf
tinker_cookbook.utils.ml_log:143 [INFO] Wrote metrics to logs/aws/wave1-rerun/ac1-base-seed2/metrics.jsonl
tinker_cookbook.utils.ml_log:240 [INFO] Logging to: https://wandb.ai/kriaz-msee20seecs-nust/ugttt-rebuttal/runs/56by6jmf
tinker_cookbook.utils.ml_log:143 [INFO] Wrote metrics to logs/aws/wave1-rerun/ac1-base-seed2/metrics.jsonl
tinker_cookbook.utils.ml_log:240 [INFO] Logging to: https://wandb.ai/kriaz-msee20seecs-nust/ugttt-rebuttal/runs/56by6jmf
tinker_cookbook.utils.ml_log:143 [INFO] Wrote metrics to logs/aws/wave1-rerun/ac1-base-seed2/metrics.jsonl
tinker_cookbook.utils.ml_log:240 [INFO] Logging to: https://wandb.ai/kriaz-msee20seecs-nust/ugttt-rebuttal/runs/56by6jmf
__main__:1949 [INFO]   [3][8/8] KEPT | R_exec=0.1647 (max=0.6606) RMI=0.0000 R_total=0.1647 | 1616.7s | GPU: 18.1/60.6GB
tinker_cookbook.utils.ml_log:143 [INFO] Wrote metrics to logs/aws/wave1-rerun/ac1-base-seed2/metrics.jsonl
tinker_cookbook.utils.ml_log:240 [INFO] Logging to: https://wandb.ai/kriaz-msee20seecs-nust/ugttt-rebuttal/runs/56by6jmf
__main__:1988 [INFO] [Epoch 3] Rollout phase done in 15024.5s. Training on 8/8 groups...
tinker_cookbook.utils.ml_log:143 [INFO] Wrote metrics to logs/aws/wave1-rerun/ac1-base-seed2/metrics.jsonl
tinker_cookbook.utils.ml_log:195 [INFO] 
┏━━━━━━━━━━━━━━━━━━━━━━━━━━━━━━━━┳━━━━━━━━━━━━━━┓
┃ Metric                         ┃ Value        ┃
┡━━━━━━━━━━━━━━━━━━━━━━━━━━━━━━━━╇━━━━━━━━━━━━━━┩
│ gpu/memory_allocated_gb        │ 18.092511    │
│ gpu/memory_peak_gb             │ 61.065578    │
│ gpu/memory_reserved_gb         │ 18.152948    │
│ kl_policy_base                 │ 0.003451     │
│ optim/entropy                  │ 0.554061     │
│ optim/kl_sample_train_v1       │ 0.000126     │
│ optim/kl_sample_train_v2       │ 0.000132     │
│ progress/done_frac             │ 0.666667     │
│ progress/epoch                 │ 3            │
│ rollout/groups_attempted       │ 8.000000     │
│ rollout/groups_filtered        │ 0.000000     │
│ rollout/groups_kept            │ 8.000000     │
│ rollout/intra_group_reward_std │ 0.279279     │
│ time/rollout                   │ 15024.460468 │
│ time/total                     │ 15293.834749 │
│ time/train                     │ 269.072934   │
│ train/advantage/max            │ 8.127717     │
│ train/advantage/mean           │ 0.330419     │
│ train/advantage/min            │ -1.000000    │
│ train/advantage/std            │ 2.009608     │
│ train/beta/mean                │ 9.804300     │
│ train/beta/std                 │ 9.663877     │
│ train/correctness/mean         │ 0.484375     │
│ train/correctness/rate         │ 0.484375     │
│ train/ensemble/frac_high_disa… │ 0.000000     │
│ train/ensemble/max_token_disa… │ nan          │
│ train/ensemble/member_logprob… │ 0.000000     │
│ train/ensemble/member_logprob… │ nan          │
│ train/gamma_eff/mean           │ 0.000000     │
│ train/gen/num_tokens/max       │ 11624.000000 │
│ train/gen/num_tokens/mean      │ 8198.484375  │
│ train/gen/num_tokens/std       │ 1663.254425  │
│ train/loss                     │ -0.330335    │
│ train/nnm_loss                 │ 0.000000     │
│ train/nnm_nuclear_norm         │ 0.000000     │
│ train/num_groups               │ 8.000000     │
│ train/num_rollouts             │ 64.000000    │
│ train/num_rollouts_total       │ 64.000000    │
│ train/reward/exec/best         │ 0.662792     │
│ train/reward/exec/max          │ 0.660575     │
│ train/reward/exec/mean         │ 0.268694     │
│ train/reward/exec/min          │ 0.000000     │
│ train/reward/exec/std          │ 0.292485     │
│ train/reward/rmi/max           │ 0.000000     │
│ train/reward/rmi/mean          │ 0.000000     │
│ train/reward/rmi/min           │ 0.000000     │
│ train/reward/rmi/std           │ 0.000000     │
│ train/reward/total/best        │ 0.662792     │
│ train/reward/total/max         │ 0.660575     │
│ train/reward/total/mean        │ 0.268694     │
│ train/reward/total/min         │ 0.000000     │
│ train/reward/total/std         │ 0.292485     │
│ train/streaming_mi/stop_rate   │ 0.000000     │
│ train/streaming_mi/tokens_sav… │ 0.000000     │
│ train/streaming_mi/tokens_sav… │ 0.000000     │
│ train/two_phase/phase1_tokens… │ 8198.484375  │
│ train/two_phase/phase2_tokens… │ 0.000000     │
│ train/two_phase/prefill_rate   │ 0.000000     │
│ train/uncertainty/predictive_… │ 0.000000     │
│ train/uncertainty/predictive_… │ 0.000000     │
│ train/uncertainty/predictive_… │ 0.000000     │
│ train/uncertainty/predictive_… │ 0.000000     │
│ train/uncertainty/predictive_… │ 0.000000     │
│ train/uncertainty/predictive_… │ 0.000000     │
│ train/uncertainty/predictive_… │ 0.000000     │
│ train/uncertainty/predictive_… │ 0.000000     │
│ train/uncertainty/rmi/max      │ 0.000000     │
│ train/uncertainty/rmi/mean     │ 0.000000     │
│ train/uncertainty/rmi/min      │ 0.000000     │
│ train/uncertainty/rmi/std      │ 0.000000     │
│ train/uncertainty/rmi_top7/max │ 0.000000     │
│ train/uncertainty/rmi_top7/me… │ 0.000000     │
│ train/uncertainty/rmi_top7/min │ 0.000000     │
│ train/uncertainty/rmi_top7/std │ 0.000000     │
│ train/uncertainty/top7_mi_cod… │ 0.000000     │
│ train/uncertainty/top7_mi_cod… │ 0.000000     │
│ train/uncertainty/top7_mi_thi… │ 0.000000     │
│ train/uncertainty/top7_mi_thi… │ 0.000000     │
│ train/uncertainty/top7_pct_co… │ 0.000000     │
│ train/uncertainty/top7_pct_co… │ 0.000000     │
│ train/uncertainty/top7_pct_th… │ 1.000000     │
│ train/uncertainty/top7_pct_th… │ 0.000000     │
│ train/uncertainty/true_mi/max  │ 0.000000     │
│ train/uncertainty/true_mi/mean │ 0.000000     │
│ train/uncertainty/true_mi/min  │ 0.000000     │
│ train/uncertainty/true_mi/std  │ 0.000000     │
│ train/uncertainty/variance/max │ nan          │
│ train/uncertainty/variance/me… │ nan          │
│ train/uncertainty/variance/min │ nan          │
│ train/uncertainty/variance/std │ nan          │
│ train/uncertainty/variance_to… │ nan          │
│ train/uncertainty/variance_to… │ nan          │
│ train/uncertainty/variance_to… │ nan          │
│ train/uncertainty/variance_to… │ nan          │
└────────────────────────────────┴──────────────┘
tinker_cookbook.utils.ml_log:240 [INFO] Logging to: https://wandb.ai/kriaz-msee20seecs-nust/ugttt-rebuttal/runs/56by6jmf
__main__:2062 [INFO] [Epoch 3] R_exec=0.2687 (max=0.6606 best=0.6628) RMI=0.0000 beta=9.80 corr=48.4% loss=-0.3303 groups=8/8 time=15293.8s
__main__:2073 [INFO] Checkpoint saved at epoch 3
__main__:1836 [INFO] [Epoch 4/6] Starting rollout phase: 8 groups × 8 rollouts
tinker_cookbook.rl.ensemble:1082 [INFO]   generate_batch_multi_adapter_two_phase: N=8 phase1_max=26000 streaming_mi=False kv_q=False
tinker_cookbook.rl.ensemble:1270 [INFO]     [gen/p1] step=2048/23192 active=8/8 mi_stopped=0
tinker_cookbook.rl.ensemble:1270 [INFO]     [gen/p1] step=4096/23192 active=8/8 mi_stopped=0
tinker_cookbook.rl.ensemble:1270 [INFO]     [gen/p1] step=6144/23192 active=7/8 mi_stopped=0
tinker_cookbook.rl.ensemble:1270 [INFO]     [gen/p1] step=8192/23192 active=2/8 mi_stopped=0
__main__:1078 [INFO]   Group 0: multi-adapter generation 8 seqs in 831.6s
__main__:1108 [INFO]   Group 0: rewards computed in 990.5s
__main__:1150 [INFO]     [g0][r1/8] adapter=0 R_exec=0.5081 true_MI=0.00000 RMI=0.0000 R_total=0.5081 correct=1 tokens=7086
__main__:1150 [INFO]     [g0][r2/8] adapter=0 R_exec=0.0000 true_MI=0.00000 RMI=0.0000 R_total=0.0000 correct=0 tokens=9112
__main__:1150 [INFO]     [g0][r3/8] adapter=0 R_exec=0.0000 true_MI=0.00000 RMI=0.0000 R_total=0.0000 correct=0 tokens=10005
__main__:1150 [INFO]     [g0][r4/8] adapter=0 R_exec=0.6541 true_MI=0.00000 RMI=0.0000 R_total=0.6541 correct=1 tokens=7317
__main__:1150 [INFO]     [g0][r5/8] adapter=0 R_exec=0.5123 true_MI=0.00000 RMI=0.0000 R_total=0.5123 correct=1 tokens=7691
__main__:1150 [INFO]     [g0][r6/8] adapter=0 R_exec=0.6602 true_MI=0.00000 RMI=0.0000 R_total=0.6602 correct=1 tokens=8135
__main__:1150 [INFO]     [g0][r7/8] adapter=0 R_exec=0.5517 true_MI=0.00000 RMI=0.0000 R_total=0.5517 correct=1 tokens=7745
__main__:1150 [INFO]     [g0][r8/8] adapter=0 R_exec=0.0000 true_MI=0.00000 RMI=0.0000 R_total=0.0000 correct=0 tokens=6075
__main__:1167 [INFO]   [g0] group true_MI: mean=0.00000 std=0.00000 max=0.00000 normalized=[0.00 0.00 0.00 0.00 0.00 0.00 0.00 0.00]
tinker_cookbook.utils.ml_log:143 [INFO] Wrote metrics to logs/aws/wave1-rerun/ac1-base-seed2/metrics.jsonl
tinker_cookbook.utils.ml_log:240 [INFO] Logging to: https://wandb.ai/kriaz-msee20seecs-nust/ugttt-rebuttal/runs/56by6jmf
tinker_cookbook.utils.ml_log:143 [INFO] Wrote metrics to logs/aws/wave1-rerun/ac1-base-seed2/metrics.jsonl
tinker_cookbook.utils.ml_log:240 [INFO] Logging to: https://wandb.ai/kriaz-msee20seecs-nust/ugttt-rebuttal/runs/56by6jmf
tinker_cookbook.utils.ml_log:143 [INFO] Wrote metrics to logs/aws/wave1-rerun/ac1-base-seed2/metrics.jsonl
tinker_cookbook.utils.ml_log:240 [INFO] Logging to: https://wandb.ai/kriaz-msee20seecs-nust/ugttt-rebuttal/runs/56by6jmf
tinker_cookbook.utils.ml_log:143 [INFO] Wrote metrics to logs/aws/wave1-rerun/ac1-base-seed2/metrics.jsonl
tinker_cookbook.utils.ml_log:240 [INFO] Logging to: https://wandb.ai/kriaz-msee20seecs-nust/ugttt-rebuttal/runs/56by6jmf
tinker_cookbook.utils.ml_log:143 [INFO] Wrote metrics to logs/aws/wave1-rerun/ac1-base-seed2/metrics.jsonl
tinker_cookbook.utils.ml_log:240 [INFO] Logging to: https://wandb.ai/kriaz-msee20seecs-nust/ugttt-rebuttal/runs/56by6jmf
tinker_cookbook.utils.ml_log:143 [INFO] Wrote metrics to logs/aws/wave1-rerun/ac1-base-seed2/metrics.jsonl
tinker_cookbook.utils.ml_log:240 [INFO] Logging to: https://wandb.ai/kriaz-msee20seecs-nust/ugttt-rebuttal/runs/56by6jmf
tinker_cookbook.utils.ml_log:143 [INFO] Wrote metrics to logs/aws/wave1-rerun/ac1-base-seed2/metrics.jsonl
tinker_cookbook.utils.ml_log:240 [INFO] Logging to: https://wandb.ai/kriaz-msee20seecs-nust/ugttt-rebuttal/runs/56by6jmf
tinker_cookbook.utils.ml_log:143 [INFO] Wrote metrics to logs/aws/wave1-rerun/ac1-base-seed2/metrics.jsonl
tinker_cookbook.utils.ml_log:240 [INFO] Logging to: https://wandb.ai/kriaz-msee20seecs-nust/ugttt-rebuttal/runs/56by6jmf
__main__:1949 [INFO]   [4][1/8] KEPT | R_exec=0.3608 (max=0.6602) RMI=0.0000 R_total=0.3608 | 1822.1s | GPU: 18.1/61.5GB
tinker_cookbook.utils.ml_log:143 [INFO] Wrote metrics to logs/aws/wave1-rerun/ac1-base-seed2/metrics.jsonl
tinker_cookbook.utils.ml_log:240 [INFO] Logging to: https://wandb.ai/kriaz-msee20seecs-nust/ugttt-rebuttal/runs/56by6jmf
tinker_cookbook.rl.ensemble:1082 [INFO]   generate_batch_multi_adapter_two_phase: N=8 phase1_max=26000 streaming_mi=False kv_q=False
tinker_cookbook.rl.ensemble:1270 [INFO]     [gen/p1] step=2048/22681 active=8/8 mi_stopped=0
tinker_cookbook.rl.ensemble:1270 [INFO]     [gen/p1] step=4096/22681 active=8/8 mi_stopped=0
tinker_cookbook.rl.ensemble:1270 [INFO]     [gen/p1] step=6144/22681 active=7/8 mi_stopped=0
tinker_cookbook.rl.ensemble:1270 [INFO]     [gen/p1] step=8192/22681 active=2/8 mi_stopped=0
__main__:1078 [INFO]   Group 1: multi-adapter generation 8 seqs in 817.7s
__main__:1108 [INFO]   Group 1: rewards computed in 1001.5s
__main__:1150 [INFO]     [g1][r1/8] adapter=0 R_exec=0.0000 true_MI=0.00000 RMI=0.0000 R_total=0.0000 correct=0 tokens=9075
__main__:1150 [INFO]     [g1][r2/8] adapter=0 R_exec=0.0000 true_MI=0.00000 RMI=0.0000 R_total=0.0000 correct=0 tokens=7541
__main__:1150 [INFO]     [g1][r3/8] adapter=0 R_exec=0.0000 true_MI=0.00000 RMI=0.0000 R_total=0.0000 correct=0 tokens=9607
__main__:1150 [INFO]     [g1][r4/8] adapter=0 R_exec=0.5106 true_MI=0.00000 RMI=0.0000 R_total=0.5106 correct=1 tokens=6676
__main__:1150 [INFO]     [g1][r5/8] adapter=0 R_exec=0.5828 true_MI=0.00000 RMI=0.0000 R_total=0.5828 correct=1 tokens=7609
__main__:1150 [INFO]     [g1][r6/8] adapter=0 R_exec=0.4929 true_MI=0.00000 RMI=0.0000 R_total=0.4929 correct=1 tokens=6803
__main__:1150 [INFO]     [g1][r7/8] adapter=0 R_exec=0.0000 true_MI=0.00000 RMI=0.0000 R_total=0.0000 correct=0 tokens=6634
__main__:1150 [INFO]     [g1][r8/8] adapter=0 R_exec=0.0000 true_MI=0.00000 RMI=0.0000 R_total=0.0000 correct=0 tokens=4809
__main__:1167 [INFO]   [g1] group true_MI: mean=0.00000 std=0.00000 max=0.00000 normalized=[0.00 0.00 0.00 0.00 0.00 0.00 0.00 0.00]
tinker_cookbook.utils.ml_log:143 [INFO] Wrote metrics to logs/aws/wave1-rerun/ac1-base-seed2/metrics.jsonl
tinker_cookbook.utils.ml_log:240 [INFO] Logging to: https://wandb.ai/kriaz-msee20seecs-nust/ugttt-rebuttal/runs/56by6jmf
tinker_cookbook.utils.ml_log:143 [INFO] Wrote metrics to logs/aws/wave1-rerun/ac1-base-seed2/metrics.jsonl
tinker_cookbook.utils.ml_log:240 [INFO] Logging to: https://wandb.ai/kriaz-msee20seecs-nust/ugttt-rebuttal/runs/56by6jmf
tinker_cookbook.utils.ml_log:143 [INFO] Wrote metrics to logs/aws/wave1-rerun/ac1-base-seed2/metrics.jsonl
tinker_cookbook.utils.ml_log:240 [INFO] Logging to: https://wandb.ai/kriaz-msee20seecs-nust/ugttt-rebuttal/runs/56by6jmf
tinker_cookbook.utils.ml_log:143 [INFO] Wrote metrics to logs/aws/wave1-rerun/ac1-base-seed2/metrics.jsonl
tinker_cookbook.utils.ml_log:240 [INFO] Logging to: https://wandb.ai/kriaz-msee20seecs-nust/ugttt-rebuttal/runs/56by6jmf
tinker_cookbook.utils.ml_log:143 [INFO] Wrote metrics to logs/aws/wave1-rerun/ac1-base-seed2/metrics.jsonl
tinker_cookbook.utils.ml_log:240 [INFO] Logging to: https://wandb.ai/kriaz-msee20seecs-nust/ugttt-rebuttal/runs/56by6jmf
tinker_cookbook.utils.ml_log:143 [INFO] Wrote metrics to logs/aws/wave1-rerun/ac1-base-seed2/metrics.jsonl
tinker_cookbook.utils.ml_log:240 [INFO] Logging to: https://wandb.ai/kriaz-msee20seecs-nust/ugttt-rebuttal/runs/56by6jmf
tinker_cookbook.utils.ml_log:143 [INFO] Wrote metrics to logs/aws/wave1-rerun/ac1-base-seed2/metrics.jsonl
tinker_cookbook.utils.ml_log:240 [INFO] Logging to: https://wandb.ai/kriaz-msee20seecs-nust/ugttt-rebuttal/runs/56by6jmf
tinker_cookbook.utils.ml_log:143 [INFO] Wrote metrics to logs/aws/wave1-rerun/ac1-base-seed2/metrics.jsonl
tinker_cookbook.utils.ml_log:240 [INFO] Logging to: https://wandb.ai/kriaz-msee20seecs-nust/ugttt-rebuttal/runs/56by6jmf
__main__:1949 [INFO]   [4][2/8] KEPT | R_exec=0.1983 (max=0.5828) RMI=0.0000 R_total=0.1983 | 1819.2s | GPU: 18.1/61.9GB
tinker_cookbook.utils.ml_log:143 [INFO] Wrote metrics to logs/aws/wave1-rerun/ac1-base-seed2/metrics.jsonl
tinker_cookbook.utils.ml_log:240 [INFO] Logging to: https://wandb.ai/kriaz-msee20seecs-nust/ugttt-rebuttal/runs/56by6jmf
tinker_cookbook.rl.ensemble:1082 [INFO]   generate_batch_multi_adapter_two_phase: N=8 phase1_max=26000 streaming_mi=False kv_q=False
tinker_cookbook.rl.ensemble:1270 [INFO]     [gen/p1] step=2048/22847 active=8/8 mi_stopped=0
tinker_cookbook.rl.ensemble:1270 [INFO]     [gen/p1] step=4096/22847 active=8/8 mi_stopped=0
tinker_cookbook.rl.ensemble:1270 [INFO]     [gen/p1] step=6144/22847 active=7/8 mi_stopped=0
tinker_cookbook.rl.ensemble:1270 [INFO]     [gen/p1] step=8192/22847 active=4/8 mi_stopped=0
__main__:1078 [INFO]   Group 2: multi-adapter generation 8 seqs in 864.3s
__main__:1108 [INFO]   Group 2: rewards computed in 1005.3s
__main__:1150 [INFO]     [g2][r1/8] adapter=0 R_exec=0.5403 true_MI=0.00000 RMI=0.0000 R_total=0.5403 correct=1 tokens=8001
__main__:1150 [INFO]     [g2][r2/8] adapter=0 R_exec=0.6600 true_MI=0.00000 RMI=0.0000 R_total=0.6600 correct=1 tokens=9268
__main__:1150 [INFO]     [g2][r3/8] adapter=0 R_exec=0.5403 true_MI=0.00000 RMI=0.0000 R_total=0.5403 correct=1 tokens=6907
__main__:1150 [INFO]     [g2][r4/8] adapter=0 R_exec=0.6600 true_MI=0.00000 RMI=0.0000 R_total=0.6600 correct=1 tokens=10077
__main__:1150 [INFO]     [g2][r5/8] adapter=0 R_exec=0.5595 true_MI=0.00000 RMI=0.0000 R_total=0.5595 correct=1 tokens=7255
__main__:1150 [INFO]     [g2][r6/8] adapter=0 R_exec=0.0000 true_MI=0.00000 RMI=0.0000 R_total=0.0000 correct=0 tokens=9648
__main__:1150 [INFO]     [g2][r7/8] adapter=0 R_exec=0.0000 true_MI=0.00000 RMI=0.0000 R_total=0.0000 correct=0 tokens=8978
__main__:1150 [INFO]     [g2][r8/8] adapter=0 R_exec=0.0000 true_MI=0.00000 RMI=0.0000 R_total=0.0000 correct=0 tokens=6054
__main__:1167 [INFO]   [g2] group true_MI: mean=0.00000 std=0.00000 max=0.00000 normalized=[0.00 0.00 0.00 0.00 0.00 0.00 0.00 0.00]
tinker_cookbook.utils.ml_log:143 [INFO] Wrote metrics to logs/aws/wave1-rerun/ac1-base-seed2/metrics.jsonl
tinker_cookbook.utils.ml_log:240 [INFO] Logging to: https://wandb.ai/kriaz-msee20seecs-nust/ugttt-rebuttal/runs/56by6jmf
tinker_cookbook.utils.ml_log:143 [INFO] Wrote metrics to logs/aws/wave1-rerun/ac1-base-seed2/metrics.jsonl
tinker_cookbook.utils.ml_log:240 [INFO] Logging to: https://wandb.ai/kriaz-msee20seecs-nust/ugttt-rebuttal/runs/56by6jmf
tinker_cookbook.utils.ml_log:143 [INFO] Wrote metrics to logs/aws/wave1-rerun/ac1-base-seed2/metrics.jsonl
tinker_cookbook.utils.ml_log:240 [INFO] Logging to: https://wandb.ai/kriaz-msee20seecs-nust/ugttt-rebuttal/runs/56by6jmf
tinker_cookbook.utils.ml_log:143 [INFO] Wrote metrics to logs/aws/wave1-rerun/ac1-base-seed2/metrics.jsonl
tinker_cookbook.utils.ml_log:240 [INFO] Logging to: https://wandb.ai/kriaz-msee20seecs-nust/ugttt-rebuttal/runs/56by6jmf
tinker_cookbook.utils.ml_log:143 [INFO] Wrote metrics to logs/aws/wave1-rerun/ac1-base-seed2/metrics.jsonl
tinker_cookbook.utils.ml_log:240 [INFO] Logging to: https://wandb.ai/kriaz-msee20seecs-nust/ugttt-rebuttal/runs/56by6jmf
tinker_cookbook.utils.ml_log:143 [INFO] Wrote metrics to logs/aws/wave1-rerun/ac1-base-seed2/metrics.jsonl
tinker_cookbook.utils.ml_log:240 [INFO] Logging to: https://wandb.ai/kriaz-msee20seecs-nust/ugttt-rebuttal/runs/56by6jmf
tinker_cookbook.utils.ml_log:143 [INFO] Wrote metrics to logs/aws/wave1-rerun/ac1-base-seed2/metrics.jsonl
tinker_cookbook.utils.ml_log:240 [INFO] Logging to: https://wandb.ai/kriaz-msee20seecs-nust/ugttt-rebuttal/runs/56by6jmf
tinker_cookbook.utils.ml_log:143 [INFO] Wrote metrics to logs/aws/wave1-rerun/ac1-base-seed2/metrics.jsonl
tinker_cookbook.utils.ml_log:240 [INFO] Logging to: https://wandb.ai/kriaz-msee20seecs-nust/ugttt-rebuttal/runs/56by6jmf
__main__:1949 [INFO]   [4][3/8] KEPT | R_exec=0.3700 (max=0.6600) RMI=0.0000 R_total=0.3700 | 1869.6s | GPU: 18.1/62.2GB
tinker_cookbook.utils.ml_log:143 [INFO] Wrote metrics to logs/aws/wave1-rerun/ac1-base-seed2/metrics.jsonl
tinker_cookbook.utils.ml_log:240 [INFO] Logging to: https://wandb.ai/kriaz-msee20seecs-nust/ugttt-rebuttal/runs/56by6jmf
tinker_cookbook.rl.ensemble:1082 [INFO]   generate_batch_multi_adapter_two_phase: N=8 phase1_max=26000 streaming_mi=False kv_q=False
tinker_cookbook.rl.ensemble:1270 [INFO]     [gen/p1] step=2048/23234 active=8/8 mi_stopped=0
tinker_cookbook.rl.ensemble:1270 [INFO]     [gen/p1] step=4096/23234 active=8/8 mi_stopped=0
tinker_cookbook.rl.ensemble:1270 [INFO]     [gen/p1] step=6144/23234 active=6/8 mi_stopped=0
__main__:1078 [INFO]   Group 3: multi-adapter generation 8 seqs in 597.4s
__main__:1108 [INFO]   Group 3: rewards computed in 997.8s
__main__:1150 [INFO]     [g3][r1/8] adapter=0 R_exec=0.6602 true_MI=0.00000 RMI=0.0000 R_total=0.6602 correct=1 tokens=7708
__main__:1150 [INFO]     [g3][r2/8] adapter=0 R_exec=0.6603 true_MI=0.00000 RMI=0.0000 R_total=0.6603 correct=1 tokens=7911
__main__:1150 [INFO]     [g3][r3/8] adapter=0 R_exec=0.6603 true_MI=0.00000 RMI=0.0000 R_total=0.6603 correct=1 tokens=6130
__main__:1150 [INFO]     [g3][r4/8] adapter=0 R_exec=0.0000 true_MI=0.00000 RMI=0.0000 R_total=0.0000 correct=0 tokens=5816
__main__:1150 [INFO]     [g3][r5/8] adapter=0 R_exec=0.0000 true_MI=0.00000 RMI=0.0000 R_total=0.0000 correct=0 tokens=7164
__main__:1150 [INFO]     [g3][r6/8] adapter=0 R_exec=0.0000 true_MI=0.00000 RMI=0.0000 R_total=0.0000 correct=0 tokens=7075
__main__:1150 [INFO]     [g3][r7/8] adapter=0 R_exec=0.0000 true_MI=0.00000 RMI=0.0000 R_total=0.0000 correct=0 tokens=7075
__main__:1150 [INFO]     [g3][r8/8] adapter=0 R_exec=0.6588 true_MI=0.00000 RMI=0.0000 R_total=0.6588 correct=1 tokens=7349
__main__:1167 [INFO]   [g3] group true_MI: mean=0.00000 std=0.00000 max=0.00000 normalized=[0.00 0.00 0.00 0.00 0.00 0.00 0.00 0.00]
tinker_cookbook.utils.ml_log:143 [INFO] Wrote metrics to logs/aws/wave1-rerun/ac1-base-seed2/metrics.jsonl
tinker_cookbook.utils.ml_log:240 [INFO] Logging to: https://wandb.ai/kriaz-msee20seecs-nust/ugttt-rebuttal/runs/56by6jmf
tinker_cookbook.utils.ml_log:143 [INFO] Wrote metrics to logs/aws/wave1-rerun/ac1-base-seed2/metrics.jsonl
tinker_cookbook.utils.ml_log:240 [INFO] Logging to: https://wandb.ai/kriaz-msee20seecs-nust/ugttt-rebuttal/runs/56by6jmf
tinker_cookbook.utils.ml_log:143 [INFO] Wrote metrics to logs/aws/wave1-rerun/ac1-base-seed2/metrics.jsonl
tinker_cookbook.utils.ml_log:240 [INFO] Logging to: https://wandb.ai/kriaz-msee20seecs-nust/ugttt-rebuttal/runs/56by6jmf
tinker_cookbook.utils.ml_log:143 [INFO] Wrote metrics to logs/aws/wave1-rerun/ac1-base-seed2/metrics.jsonl
tinker_cookbook.utils.ml_log:240 [INFO] Logging to: https://wandb.ai/kriaz-msee20seecs-nust/ugttt-rebuttal/runs/56by6jmf
tinker_cookbook.utils.ml_log:143 [INFO] Wrote metrics to logs/aws/wave1-rerun/ac1-base-seed2/metrics.jsonl
tinker_cookbook.utils.ml_log:240 [INFO] Logging to: https://wandb.ai/kriaz-msee20seecs-nust/ugttt-rebuttal/runs/56by6jmf
tinker_cookbook.utils.ml_log:143 [INFO] Wrote metrics to logs/aws/wave1-rerun/ac1-base-seed2/metrics.jsonl
tinker_cookbook.utils.ml_log:240 [INFO] Logging to: https://wandb.ai/kriaz-msee20seecs-nust/ugttt-rebuttal/runs/56by6jmf
tinker_cookbook.utils.ml_log:143 [INFO] Wrote metrics to logs/aws/wave1-rerun/ac1-base-seed2/metrics.jsonl
tinker_cookbook.utils.ml_log:240 [INFO] Logging to: https://wandb.ai/kriaz-msee20seecs-nust/ugttt-rebuttal/runs/56by6jmf
tinker_cookbook.utils.ml_log:143 [INFO] Wrote metrics to logs/aws/wave1-rerun/ac1-base-seed2/metrics.jsonl
tinker_cookbook.utils.ml_log:240 [INFO] Logging to: https://wandb.ai/kriaz-msee20seecs-nust/ugttt-rebuttal/runs/56by6jmf
__main__:1949 [INFO]   [4][4/8] KEPT | R_exec=0.3300 (max=0.6603) RMI=0.0000 R_total=0.3300 | 1595.2s | GPU: 18.1/61.1GB
tinker_cookbook.utils.ml_log:143 [INFO] Wrote metrics to logs/aws/wave1-rerun/ac1-base-seed2/metrics.jsonl
tinker_cookbook.utils.ml_log:240 [INFO] Logging to: https://wandb.ai/kriaz-msee20seecs-nust/ugttt-rebuttal/runs/56by6jmf
tinker_cookbook.rl.ensemble:1082 [INFO]   generate_batch_multi_adapter_two_phase: N=8 phase1_max=26000 streaming_mi=False kv_q=False
tinker_cookbook.rl.ensemble:1270 [INFO]     [gen/p1] step=2048/23407 active=8/8 mi_stopped=0
tinker_cookbook.rl.ensemble:1270 [INFO]     [gen/p1] step=4096/23407 active=8/8 mi_stopped=0
tinker_cookbook.rl.ensemble:1270 [INFO]     [gen/p1] step=6144/23407 active=6/8 mi_stopped=0
tinker_cookbook.rl.ensemble:1270 [INFO]     [gen/p1] step=8192/23407 active=4/8 mi_stopped=0
tinker_cookbook.rl.ensemble:1270 [INFO]     [gen/p1] step=10240/23407 active=2/8 mi_stopped=0
tinker_cookbook.rl.ensemble:1270 [INFO]     [gen/p1] step=12288/23407 active=1/8 mi_stopped=0
tinker_cookbook.rl.ensemble:1270 [INFO]     [gen/p1] step=14336/23407 active=1/8 mi_stopped=0
tinker_cookbook.rl.ensemble:1270 [INFO]     [gen/p1] step=16384/23407 active=1/8 mi_stopped=0
tinker_cookbook.rl.ensemble:1270 [INFO]     [gen/p1] step=18432/23407 active=1/8 mi_stopped=0
tinker_cookbook.rl.ensemble:1270 [INFO]     [gen/p1] step=20480/23407 active=1/8 mi_stopped=0
tinker_cookbook.rl.ensemble:1270 [INFO]     [gen/p1] step=22528/23407 active=1/8 mi_stopped=0
__main__:1078 [INFO]   Group 4: multi-adapter generation 8 seqs in 4582.6s
__main__:1108 [INFO]   Group 4: rewards computed in 1004.9s
__main__:1150 [INFO]     [g4][r1/8] adapter=0 R_exec=0.0000 true_MI=0.00000 RMI=0.0000 R_total=0.0000 correct=0 tokens=30125 p1=23407 p2=6696
__main__:1150 [INFO]     [g4][r2/8] adapter=0 R_exec=0.6604 true_MI=0.00000 RMI=0.0000 R_total=0.6604 correct=1 tokens=5781
__main__:1150 [INFO]     [g4][r3/8] adapter=0 R_exec=0.0100 true_MI=0.00000 RMI=0.0000 R_total=0.0100 correct=1 tokens=9737
__main__:1150 [INFO]     [g4][r4/8] adapter=0 R_exec=0.6594 true_MI=0.00000 RMI=0.0000 R_total=0.6594 correct=1 tokens=7462
__main__:1150 [INFO]     [g4][r5/8] adapter=0 R_exec=0.6572 true_MI=0.00000 RMI=0.0000 R_total=0.6572 correct=1 tokens=8337
__main__:1150 [INFO]     [g4][r6/8] adapter=0 R_exec=0.4973 true_MI=0.00000 RMI=0.0000 R_total=0.4973 correct=1 tokens=10318
__main__:1150 [INFO]     [g4][r7/8] adapter=0 R_exec=0.0000 true_MI=0.00000 RMI=0.0000 R_total=0.0000 correct=0 tokens=7205
__main__:1150 [INFO]     [g4][r8/8] adapter=0 R_exec=0.6594 true_MI=0.00000 RMI=0.0000 R_total=0.6594 correct=1 tokens=5874
__main__:1167 [INFO]   [g4] group true_MI: mean=0.00000 std=0.00000 max=0.00000 normalized=[0.00 0.00 0.00 0.00 0.00 0.00 0.00 0.00]
tinker_cookbook.utils.ml_log:143 [INFO] Wrote metrics to logs/aws/wave1-rerun/ac1-base-seed2/metrics.jsonl
tinker_cookbook.utils.ml_log:240 [INFO] Logging to: https://wandb.ai/kriaz-msee20seecs-nust/ugttt-rebuttal/runs/56by6jmf
tinker_cookbook.utils.ml_log:143 [INFO] Wrote metrics to logs/aws/wave1-rerun/ac1-base-seed2/metrics.jsonl
tinker_cookbook.utils.ml_log:240 [INFO] Logging to: https://wandb.ai/kriaz-msee20seecs-nust/ugttt-rebuttal/runs/56by6jmf
tinker_cookbook.utils.ml_log:143 [INFO] Wrote metrics to logs/aws/wave1-rerun/ac1-base-seed2/metrics.jsonl
tinker_cookbook.utils.ml_log:240 [INFO] Logging to: https://wandb.ai/kriaz-msee20seecs-nust/ugttt-rebuttal/runs/56by6jmf
tinker_cookbook.utils.ml_log:143 [INFO] Wrote metrics to logs/aws/wave1-rerun/ac1-base-seed2/metrics.jsonl
tinker_cookbook.utils.ml_log:240 [INFO] Logging to: https://wandb.ai/kriaz-msee20seecs-nust/ugttt-rebuttal/runs/56by6jmf
tinker_cookbook.utils.ml_log:143 [INFO] Wrote metrics to logs/aws/wave1-rerun/ac1-base-seed2/metrics.jsonl
tinker_cookbook.utils.ml_log:240 [INFO] Logging to: https://wandb.ai/kriaz-msee20seecs-nust/ugttt-rebuttal/runs/56by6jmf
tinker_cookbook.utils.ml_log:143 [INFO] Wrote metrics to logs/aws/wave1-rerun/ac1-base-seed2/metrics.jsonl
tinker_cookbook.utils.ml_log:240 [INFO] Logging to: https://wandb.ai/kriaz-msee20seecs-nust/ugttt-rebuttal/runs/56by6jmf
tinker_cookbook.utils.ml_log:143 [INFO] Wrote metrics to logs/aws/wave1-rerun/ac1-base-seed2/metrics.jsonl
tinker_cookbook.utils.ml_log:240 [INFO] Logging to: https://wandb.ai/kriaz-msee20seecs-nust/ugttt-rebuttal/runs/56by6jmf
tinker_cookbook.utils.ml_log:143 [INFO] Wrote metrics to logs/aws/wave1-rerun/ac1-base-seed2/metrics.jsonl
tinker_cookbook.utils.ml_log:240 [INFO] Logging to: https://wandb.ai/kriaz-msee20seecs-nust/ugttt-rebuttal/runs/56by6jmf
__main__:1949 [INFO]   [4][5/8] KEPT | R_exec=0.3930 (max=0.6604) RMI=0.0000 R_total=0.3930 | 5587.5s | GPU: 18.1/63.6GB
tinker_cookbook.utils.ml_log:143 [INFO] Wrote metrics to logs/aws/wave1-rerun/ac1-base-seed2/metrics.jsonl
tinker_cookbook.utils.ml_log:240 [INFO] Logging to: https://wandb.ai/kriaz-msee20seecs-nust/ugttt-rebuttal/runs/56by6jmf
tinker_cookbook.rl.ensemble:1082 [INFO]   generate_batch_multi_adapter_two_phase: N=8 phase1_max=26000 streaming_mi=False kv_q=False
tinker_cookbook.rl.ensemble:1270 [INFO]     [gen/p1] step=2048/22857 active=8/8 mi_stopped=0
tinker_cookbook.rl.ensemble:1270 [INFO]     [gen/p1] step=4096/22857 active=8/8 mi_stopped=0
tinker_cookbook.rl.ensemble:1270 [INFO]     [gen/p1] step=6144/22857 active=8/8 mi_stopped=0
tinker_cookbook.rl.ensemble:1270 [INFO]     [gen/p1] step=8192/22857 active=2/8 mi_stopped=0
__main__:1078 [INFO]   Group 5: multi-adapter generation 8 seqs in 873.8s
__main__:1108 [INFO]   Group 5: rewards computed in 962.6s
__main__:1150 [INFO]     [g5][r1/8] adapter=0 R_exec=0.0000 true_MI=0.00000 RMI=0.0000 R_total=0.0000 correct=0 tokens=6916
__main__:1150 [INFO]     [g5][r2/8] adapter=0 R_exec=0.4812 true_MI=0.00000 RMI=0.0000 R_total=0.4812 correct=1 tokens=10176
__main__:1150 [INFO]     [g5][r3/8] adapter=0 R_exec=0.0000 true_MI=0.00000 RMI=0.0000 R_total=0.0000 correct=0 tokens=9292
__main__:1150 [INFO]     [g5][r4/8] adapter=0 R_exec=0.0000 true_MI=0.00000 RMI=0.0000 R_total=0.0000 correct=0 tokens=7943
__main__:1150 [INFO]     [g5][r5/8] adapter=0 R_exec=0.6589 true_MI=0.00000 RMI=0.0000 R_total=0.6589 correct=1 tokens=7204
__main__:1150 [INFO]     [g5][r6/8] adapter=0 R_exec=0.5805 true_MI=0.00000 RMI=0.0000 R_total=0.5805 correct=1 tokens=8014
__main__:1150 [INFO]     [g5][r7/8] adapter=0 R_exec=0.0000 true_MI=0.00000 RMI=0.0000 R_total=0.0000 correct=0 tokens=6229
__main__:1150 [INFO]     [g5][r8/8] adapter=0 R_exec=0.5109 true_MI=0.00000 RMI=0.0000 R_total=0.5109 correct=1 tokens=6362
__main__:1167 [INFO]   [g5] group true_MI: mean=0.00000 std=0.00000 max=0.00000 normalized=[0.00 0.00 0.00 0.00 0.00 0.00 0.00 0.00]
tinker_cookbook.utils.ml_log:143 [INFO] Wrote metrics to logs/aws/wave1-rerun/ac1-base-seed2/metrics.jsonl
tinker_cookbook.utils.ml_log:240 [INFO] Logging to: https://wandb.ai/kriaz-msee20seecs-nust/ugttt-rebuttal/runs/56by6jmf
tinker_cookbook.utils.ml_log:143 [INFO] Wrote metrics to logs/aws/wave1-rerun/ac1-base-seed2/metrics.jsonl
tinker_cookbook.utils.ml_log:240 [INFO] Logging to: https://wandb.ai/kriaz-msee20seecs-nust/ugttt-rebuttal/runs/56by6jmf
tinker_cookbook.utils.ml_log:143 [INFO] Wrote metrics to logs/aws/wave1-rerun/ac1-base-seed2/metrics.jsonl
tinker_cookbook.utils.ml_log:240 [INFO] Logging to: https://wandb.ai/kriaz-msee20seecs-nust/ugttt-rebuttal/runs/56by6jmf
tinker_cookbook.utils.ml_log:143 [INFO] Wrote metrics to logs/aws/wave1-rerun/ac1-base-seed2/metrics.jsonl
tinker_cookbook.utils.ml_log:240 [INFO] Logging to: https://wandb.ai/kriaz-msee20seecs-nust/ugttt-rebuttal/runs/56by6jmf
tinker_cookbook.utils.ml_log:143 [INFO] Wrote metrics to logs/aws/wave1-rerun/ac1-base-seed2/metrics.jsonl
tinker_cookbook.utils.ml_log:240 [INFO] Logging to: https://wandb.ai/kriaz-msee20seecs-nust/ugttt-rebuttal/runs/56by6jmf
tinker_cookbook.utils.ml_log:143 [INFO] Wrote metrics to logs/aws/wave1-rerun/ac1-base-seed2/metrics.jsonl
tinker_cookbook.utils.ml_log:240 [INFO] Logging to: https://wandb.ai/kriaz-msee20seecs-nust/ugttt-rebuttal/runs/56by6jmf
tinker_cookbook.utils.ml_log:143 [INFO] Wrote metrics to logs/aws/wave1-rerun/ac1-base-seed2/metrics.jsonl
tinker_cookbook.utils.ml_log:240 [INFO] Logging to: https://wandb.ai/kriaz-msee20seecs-nust/ugttt-rebuttal/runs/56by6jmf
tinker_cookbook.utils.ml_log:143 [INFO] Wrote metrics to logs/aws/wave1-rerun/ac1-base-seed2/metrics.jsonl
tinker_cookbook.utils.ml_log:240 [INFO] Logging to: https://wandb.ai/kriaz-msee20seecs-nust/ugttt-rebuttal/runs/56by6jmf
__main__:1949 [INFO]   [4][6/8] KEPT | R_exec=0.2789 (max=0.6589) RMI=0.0000 R_total=0.2789 | 1836.4s | GPU: 18.1/62.2GB
tinker_cookbook.utils.ml_log:143 [INFO] Wrote metrics to logs/aws/wave1-rerun/ac1-base-seed2/metrics.jsonl
tinker_cookbook.utils.ml_log:240 [INFO] Logging to: https://wandb.ai/kriaz-msee20seecs-nust/ugttt-rebuttal/runs/56by6jmf
tinker_cookbook.rl.ensemble:1082 [INFO]   generate_batch_multi_adapter_two_phase: N=8 phase1_max=26000 streaming_mi=False kv_q=False
tinker_cookbook.rl.ensemble:1270 [INFO]     [gen/p1] step=2048/23258 active=8/8 mi_stopped=0
tinker_cookbook.rl.ensemble:1270 [INFO]     [gen/p1] step=4096/23258 active=8/8 mi_stopped=0
tinker_cookbook.rl.ensemble:1270 [INFO]     [gen/p1] step=6144/23258 active=8/8 mi_stopped=0
tinker_cookbook.rl.ensemble:1270 [INFO]     [gen/p1] step=8192/23258 active=7/8 mi_stopped=0
tinker_cookbook.rl.ensemble:1270 [INFO]     [gen/p1] step=10240/23258 active=1/8 mi_stopped=0
__main__:1078 [INFO]   Group 6: multi-adapter generation 8 seqs in 960.7s
__main__:1108 [INFO]   Group 6: rewards computed in 996.1s
__main__:1150 [INFO]     [g6][r1/8] adapter=0 R_exec=0.0000 true_MI=0.00000 RMI=0.0000 R_total=0.0000 correct=0 tokens=9266
__main__:1150 [INFO]     [g6][r2/8] adapter=0 R_exec=0.6585 true_MI=0.00000 RMI=0.0000 R_total=0.6585 correct=1 tokens=11074
__main__:1150 [INFO]     [g6][r3/8] adapter=0 R_exec=0.3330 true_MI=0.00000 RMI=0.0000 R_total=0.3330 correct=1 tokens=7926
__main__:1150 [INFO]     [g6][r4/8] adapter=0 R_exec=0.6587 true_MI=0.00000 RMI=0.0000 R_total=0.6587 correct=1 tokens=8958
__main__:1150 [INFO]     [g6][r5/8] adapter=0 R_exec=0.6607 true_MI=0.00000 RMI=0.0000 R_total=0.6607 correct=1 tokens=8662
__main__:1150 [INFO]     [g6][r6/8] adapter=0 R_exec=0.0000 true_MI=0.00000 RMI=0.0000 R_total=0.0000 correct=0 tokens=9283
__main__:1150 [INFO]     [g6][r7/8] adapter=0 R_exec=0.6587 true_MI=0.00000 RMI=0.0000 R_total=0.6587 correct=1 tokens=8404
__main__:1150 [INFO]     [g6][r8/8] adapter=0 R_exec=0.0000 true_MI=0.00000 RMI=0.0000 R_total=0.0000 correct=0 tokens=9169
__main__:1167 [INFO]   [g6] group true_MI: mean=0.00000 std=0.00000 max=0.00000 normalized=[0.00 0.00 0.00 0.00 0.00 0.00 0.00 0.00]
tinker_cookbook.utils.ml_log:143 [INFO] Wrote metrics to logs/aws/wave1-rerun/ac1-base-seed2/metrics.jsonl
tinker_cookbook.utils.ml_log:240 [INFO] Logging to: https://wandb.ai/kriaz-msee20seecs-nust/ugttt-rebuttal/runs/56by6jmf
tinker_cookbook.utils.ml_log:143 [INFO] Wrote metrics to logs/aws/wave1-rerun/ac1-base-seed2/metrics.jsonl
tinker_cookbook.utils.ml_log:240 [INFO] Logging to: https://wandb.ai/kriaz-msee20seecs-nust/ugttt-rebuttal/runs/56by6jmf
tinker_cookbook.utils.ml_log:143 [INFO] Wrote metrics to logs/aws/wave1-rerun/ac1-base-seed2/metrics.jsonl
tinker_cookbook.utils.ml_log:240 [INFO] Logging to: https://wandb.ai/kriaz-msee20seecs-nust/ugttt-rebuttal/runs/56by6jmf
tinker_cookbook.utils.ml_log:143 [INFO] Wrote metrics to logs/aws/wave1-rerun/ac1-base-seed2/metrics.jsonl
tinker_cookbook.utils.ml_log:240 [INFO] Logging to: https://wandb.ai/kriaz-msee20seecs-nust/ugttt-rebuttal/runs/56by6jmf
tinker_cookbook.utils.ml_log:143 [INFO] Wrote metrics to logs/aws/wave1-rerun/ac1-base-seed2/metrics.jsonl
tinker_cookbook.utils.ml_log:240 [INFO] Logging to: https://wandb.ai/kriaz-msee20seecs-nust/ugttt-rebuttal/runs/56by6jmf
tinker_cookbook.utils.ml_log:143 [INFO] Wrote metrics to logs/aws/wave1-rerun/ac1-base-seed2/metrics.jsonl
tinker_cookbook.utils.ml_log:240 [INFO] Logging to: https://wandb.ai/kriaz-msee20seecs-nust/ugttt-rebuttal/runs/56by6jmf
tinker_cookbook.utils.ml_log:143 [INFO] Wrote metrics to logs/aws/wave1-rerun/ac1-base-seed2/metrics.jsonl
tinker_cookbook.utils.ml_log:240 [INFO] Logging to: https://wandb.ai/kriaz-msee20seecs-nust/ugttt-rebuttal/runs/56by6jmf
tinker_cookbook.utils.ml_log:143 [INFO] Wrote metrics to logs/aws/wave1-rerun/ac1-base-seed2/metrics.jsonl
tinker_cookbook.utils.ml_log:240 [INFO] Logging to: https://wandb.ai/kriaz-msee20seecs-nust/ugttt-rebuttal/runs/56by6jmf
__main__:1949 [INFO]   [4][7/8] KEPT | R_exec=0.3712 (max=0.6607) RMI=0.0000 R_total=0.3712 | 1956.9s | GPU: 18.1/61.4GB
tinker_cookbook.utils.ml_log:143 [INFO] Wrote metrics to logs/aws/wave1-rerun/ac1-base-seed2/metrics.jsonl
tinker_cookbook.utils.ml_log:240 [INFO] Logging to: https://wandb.ai/kriaz-msee20seecs-nust/ugttt-rebuttal/runs/56by6jmf
tinker_cookbook.rl.ensemble:1082 [INFO]   generate_batch_multi_adapter_two_phase: N=8 phase1_max=26000 streaming_mi=False kv_q=False
tinker_cookbook.rl.ensemble:1270 [INFO]     [gen/p1] step=2048/22925 active=8/8 mi_stopped=0
tinker_cookbook.rl.ensemble:1270 [INFO]     [gen/p1] step=4096/22925 active=8/8 mi_stopped=0
tinker_cookbook.rl.ensemble:1270 [INFO]     [gen/p1] step=6144/22925 active=8/8 mi_stopped=0
tinker_cookbook.rl.ensemble:1270 [INFO]     [gen/p1] step=8192/22925 active=6/8 mi_stopped=0
tinker_cookbook.rl.ensemble:1270 [INFO]     [gen/p1] step=10240/22925 active=1/8 mi_stopped=0
tinker_cookbook.rl.ensemble:1270 [INFO]     [gen/p1] step=12288/22925 active=1/8 mi_stopped=0
__main__:1078 [INFO]   Group 7: multi-adapter generation 8 seqs in 1169.1s
__main__:1108 [INFO]   Group 7: rewards computed in 994.8s
__main__:1150 [INFO]     [g7][r1/8] adapter=0 R_exec=0.6585 true_MI=0.00000 RMI=0.0000 R_total=0.6585 correct=1 tokens=9962
__main__:1150 [INFO]     [g7][r2/8] adapter=0 R_exec=0.6585 true_MI=0.00000 RMI=0.0000 R_total=0.6585 correct=1 tokens=8535
__main__:1150 [INFO]     [g7][r3/8] adapter=0 R_exec=0.0000 true_MI=0.00000 RMI=0.0000 R_total=0.0000 correct=0 tokens=9824
__main__:1150 [INFO]     [g7][r4/8] adapter=0 R_exec=0.5270 true_MI=0.00000 RMI=0.0000 R_total=0.5270 correct=1 tokens=8409
__main__:1150 [INFO]     [g7][r5/8] adapter=0 R_exec=0.6562 true_MI=0.00000 RMI=0.0000 R_total=0.6562 correct=1 tokens=10020
__main__:1150 [INFO]     [g7][r6/8] adapter=0 R_exec=0.5029 true_MI=0.00000 RMI=0.0000 R_total=0.5029 correct=1 tokens=7927
__main__:1150 [INFO]     [g7][r7/8] adapter=0 R_exec=0.6586 true_MI=0.00000 RMI=0.0000 R_total=0.6586 correct=1 tokens=8103
__main__:1150 [INFO]     [g7][r8/8] adapter=0 R_exec=0.5270 true_MI=0.00000 RMI=0.0000 R_total=0.5270 correct=1 tokens=12484
__main__:1167 [INFO]   [g7] group true_MI: mean=0.00000 std=0.00000 max=0.00000 normalized=[0.00 0.00 0.00 0.00 0.00 0.00 0.00 0.00]
tinker_cookbook.utils.ml_log:143 [INFO] Wrote metrics to logs/aws/wave1-rerun/ac1-base-seed2/metrics.jsonl
tinker_cookbook.utils.ml_log:240 [INFO] Logging to: https://wandb.ai/kriaz-msee20seecs-nust/ugttt-rebuttal/runs/56by6jmf
tinker_cookbook.utils.ml_log:143 [INFO] Wrote metrics to logs/aws/wave1-rerun/ac1-base-seed2/metrics.jsonl
tinker_cookbook.utils.ml_log:240 [INFO] Logging to: https://wandb.ai/kriaz-msee20seecs-nust/ugttt-rebuttal/runs/56by6jmf
tinker_cookbook.utils.ml_log:143 [INFO] Wrote metrics to logs/aws/wave1-rerun/ac1-base-seed2/metrics.jsonl
tinker_cookbook.utils.ml_log:240 [INFO] Logging to: https://wandb.ai/kriaz-msee20seecs-nust/ugttt-rebuttal/runs/56by6jmf
tinker_cookbook.utils.ml_log:143 [INFO] Wrote metrics to logs/aws/wave1-rerun/ac1-base-seed2/metrics.jsonl
tinker_cookbook.utils.ml_log:240 [INFO] Logging to: https://wandb.ai/kriaz-msee20seecs-nust/ugttt-rebuttal/runs/56by6jmf
tinker_cookbook.utils.ml_log:143 [INFO] Wrote metrics to logs/aws/wave1-rerun/ac1-base-seed2/metrics.jsonl
tinker_cookbook.utils.ml_log:240 [INFO] Logging to: https://wandb.ai/kriaz-msee20seecs-nust/ugttt-rebuttal/runs/56by6jmf
tinker_cookbook.utils.ml_log:143 [INFO] Wrote metrics to logs/aws/wave1-rerun/ac1-base-seed2/metrics.jsonl
tinker_cookbook.utils.ml_log:240 [INFO] Logging to: https://wandb.ai/kriaz-msee20seecs-nust/ugttt-rebuttal/runs/56by6jmf
tinker_cookbook.utils.ml_log:143 [INFO] Wrote metrics to logs/aws/wave1-rerun/ac1-base-seed2/metrics.jsonl
tinker_cookbook.utils.ml_log:240 [INFO] Logging to: https://wandb.ai/kriaz-msee20seecs-nust/ugttt-rebuttal/runs/56by6jmf
tinker_cookbook.utils.ml_log:143 [INFO] Wrote metrics to logs/aws/wave1-rerun/ac1-base-seed2/metrics.jsonl
tinker_cookbook.utils.ml_log:240 [INFO] Logging to: https://wandb.ai/kriaz-msee20seecs-nust/ugttt-rebuttal/runs/56by6jmf
__main__:1949 [INFO]   [4][8/8] KEPT | R_exec=0.5236 (max=0.6586) RMI=0.0000 R_total=0.5236 | 2164.0s | GPU: 18.1/62.3GB
tinker_cookbook.utils.ml_log:143 [INFO] Wrote metrics to logs/aws/wave1-rerun/ac1-base-seed2/metrics.jsonl
tinker_cookbook.utils.ml_log:240 [INFO] Logging to: https://wandb.ai/kriaz-msee20seecs-nust/ugttt-rebuttal/runs/56by6jmf
__main__:1988 [INFO] [Epoch 4] Rollout phase done in 18652.4s. Training on 8/8 groups...
tinker_cookbook.utils.ml_log:143 [INFO] Wrote metrics to logs/aws/wave1-rerun/ac1-base-seed2/metrics.jsonl
tinker_cookbook.utils.ml_log:195 [INFO] 
┏━━━━━━━━━━━━━━━━━━━━━━━━━━━━━━━━┳━━━━━━━━━━━━━━┓
┃ Metric                         ┃ Value        ┃
┡━━━━━━━━━━━━━━━━━━━━━━━━━━━━━━━━╇━━━━━━━━━━━━━━┩
│ gpu/memory_allocated_gb        │ 18.092511    │
│ gpu/memory_peak_gb             │ 63.171756    │
│ gpu/memory_reserved_gb         │ 18.152948    │
│ kl_policy_base                 │ 0.002890     │
│ optim/entropy                  │ 0.535474     │
│ optim/kl_sample_train_v1       │ 0.000136     │
│ optim/kl_sample_train_v2       │ 0.000121     │
│ progress/done_frac             │ 0.833333     │
│ progress/epoch                 │ 4            │
│ rollout/groups_attempted       │ 8.000000     │
│ rollout/groups_filtered        │ 0.000000     │
│ rollout/groups_kept            │ 8.000000     │
│ rollout/intra_group_reward_std │ 0.283052     │
│ time/rollout                   │ 18652.442034 │
│ time/total                     │ 18933.117092 │
│ time/train                     │ 280.257821   │
│ train/advantage/max            │ 4.274994     │
│ train/advantage/mean           │ 0.220045     │
│ train/advantage/min            │ -1.000000    │
│ train/advantage/std            │ 1.509717     │
│ train/beta/mean                │ 23.433304    │
│ train/beta/std                 │ 18.678488    │
│ train/correctness/mean         │ 0.609375     │
│ train/correctness/rate         │ 0.609375     │
│ train/ensemble/frac_high_disa… │ 0.000000     │
│ train/ensemble/max_token_disa… │ nan          │
│ train/ensemble/member_logprob… │ 0.000000     │
│ train/ensemble/member_logprob… │ nan          │
│ train/gamma_eff/mean           │ 0.000000     │
│ train/gen/num_tokens/max       │ 30125.000000 │
│ train/gen/num_tokens/mean      │ 8426.828125  │
│ train/gen/num_tokens/std       │ 3098.100126  │
│ train/loss                     │ -0.220015    │
│ train/nnm_loss                 │ 0.000000     │
│ train/nnm_nuclear_norm         │ 0.000000     │
│ train/num_groups               │ 8.000000     │
│ train/num_rollouts             │ 64.000000    │
│ train/num_rollouts_total       │ 64.000000    │
│ train/reward/exec/best         │ 0.662792     │
│ train/reward/exec/max          │ 0.660676     │
│ train/reward/exec/mean         │ 0.353214     │
│ train/reward/exec/min          │ 0.000000     │
│ train/reward/exec/std          │ 0.298292     │
│ train/reward/rmi/max           │ 0.000000     │
│ train/reward/rmi/mean          │ 0.000000     │
│ train/reward/rmi/min           │ 0.000000     │
│ train/reward/rmi/std           │ 0.000000     │
│ train/reward/total/best        │ 0.662792     │
│ train/reward/total/max         │ 0.660676     │
│ train/reward/total/mean        │ 0.353214     │
│ train/reward/total/min         │ 0.000000     │
│ train/reward/total/std         │ 0.298292     │
│ train/streaming_mi/stop_rate   │ 0.000000     │
│ train/streaming_mi/tokens_sav… │ 0.000000     │
│ train/streaming_mi/tokens_sav… │ 0.000000     │
│ train/two_phase/phase1_tokens… │ 8321.859375  │
│ train/two_phase/phase2_tokens… │ 104.625000   │
│ train/two_phase/prefill_rate   │ 0.015625     │
│ train/uncertainty/predictive_… │ 0.000000     │
│ train/uncertainty/predictive_… │ 0.000000     │
│ train/uncertainty/predictive_… │ 0.000000     │
│ train/uncertainty/predictive_… │ 0.000000     │
│ train/uncertainty/predictive_… │ 0.000000     │
│ train/uncertainty/predictive_… │ 0.000000     │
│ train/uncertainty/predictive_… │ 0.000000     │
│ train/uncertainty/predictive_… │ 0.000000     │
│ train/uncertainty/rmi/max      │ 0.000000     │
│ train/uncertainty/rmi/mean     │ 0.000000     │
│ train/uncertainty/rmi/min      │ 0.000000     │
│ train/uncertainty/rmi/std      │ 0.000000     │
│ train/uncertainty/rmi_top7/max │ 0.000000     │
│ train/uncertainty/rmi_top7/me… │ 0.000000     │
│ train/uncertainty/rmi_top7/min │ 0.000000     │
│ train/uncertainty/rmi_top7/std │ 0.000000     │
│ train/uncertainty/top7_mi_cod… │ 0.000000     │
│ train/uncertainty/top7_mi_cod… │ 0.000000     │
│ train/uncertainty/top7_mi_thi… │ 0.000000     │
│ train/uncertainty/top7_mi_thi… │ 0.000000     │
│ train/uncertainty/top7_pct_co… │ 0.000000     │
│ train/uncertainty/top7_pct_co… │ 0.000000     │
│ train/uncertainty/top7_pct_th… │ 1.000000     │
│ train/uncertainty/top7_pct_th… │ 0.000000     │
│ train/uncertainty/true_mi/max  │ 0.000000     │
│ train/uncertainty/true_mi/mean │ 0.000000     │
│ train/uncertainty/true_mi/min  │ 0.000000     │
│ train/uncertainty/true_mi/std  │ 0.000000     │
│ train/uncertainty/variance/max │ nan          │
│ train/uncertainty/variance/me… │ nan          │
│ train/uncertainty/variance/min │ nan          │
│ train/uncertainty/variance/std │ nan          │
│ train/uncertainty/variance_to… │ nan          │
│ train/uncertainty/variance_to… │ nan          │
│ train/uncertainty/variance_to… │ nan          │
│ train/uncertainty/variance_to… │ nan          │
└────────────────────────────────┴──────────────┘
tinker_cookbook.utils.ml_log:240 [INFO] Logging to: https://wandb.ai/kriaz-msee20seecs-nust/ugttt-rebuttal/runs/56by6jmf
__main__:2062 [INFO] [Epoch 4] R_exec=0.3532 (max=0.6607 best=0.6628) RMI=0.0000 beta=23.43 corr=60.9% loss=-0.2200 groups=8/8 time=18933.1s
__main__:1836 [INFO] [Epoch 5/6] Starting rollout phase: 8 groups × 8 rollouts
tinker_cookbook.rl.ensemble:1082 [INFO]   generate_batch_multi_adapter_two_phase: N=8 phase1_max=26000 streaming_mi=False kv_q=False
tinker_cookbook.rl.ensemble:1270 [INFO]     [gen/p1] step=2048/23123 active=8/8 mi_stopped=0
tinker_cookbook.rl.ensemble:1270 [INFO]     [gen/p1] step=4096/23123 active=8/8 mi_stopped=0
tinker_cookbook.rl.ensemble:1270 [INFO]     [gen/p1] step=6144/23123 active=7/8 mi_stopped=0
tinker_cookbook.rl.ensemble:1270 [INFO]     [gen/p1] step=8192/23123 active=4/8 mi_stopped=0
__main__:1078 [INFO]   Group 0: multi-adapter generation 8 seqs in 836.0s
__main__:1108 [INFO]   Group 0: rewards computed in 999.4s
__main__:1150 [INFO]     [g0][r1/8] adapter=0 R_exec=0.6607 true_MI=0.00000 RMI=0.0000 R_total=0.6607 correct=1 tokens=5948
__main__:1150 [INFO]     [g0][r2/8] adapter=0 R_exec=0.0000 true_MI=0.00000 RMI=0.0000 R_total=0.0000 correct=0 tokens=8498
__main__:1150 [INFO]     [g0][r3/8] adapter=0 R_exec=0.0000 true_MI=0.00000 RMI=0.0000 R_total=0.0000 correct=0 tokens=7425
__main__:1150 [INFO]     [g0][r4/8] adapter=0 R_exec=0.6599 true_MI=0.00000 RMI=0.0000 R_total=0.6599 correct=1 tokens=8466
__main__:1150 [INFO]     [g0][r5/8] adapter=0 R_exec=0.6607 true_MI=0.00000 RMI=0.0000 R_total=0.6607 correct=1 tokens=7473
__main__:1150 [INFO]     [g0][r6/8] adapter=0 R_exec=0.6607 true_MI=0.00000 RMI=0.0000 R_total=0.6607 correct=1 tokens=6931
__main__:1150 [INFO]     [g0][r7/8] adapter=0 R_exec=0.6607 true_MI=0.00000 RMI=0.0000 R_total=0.6607 correct=1 tokens=10000
__main__:1150 [INFO]     [g0][r8/8] adapter=0 R_exec=0.6607 true_MI=0.00000 RMI=0.0000 R_total=0.6607 correct=1 tokens=8817
__main__:1167 [INFO]   [g0] group true_MI: mean=0.00000 std=0.00000 max=0.00000 normalized=[0.00 0.00 0.00 0.00 0.00 0.00 0.00 0.00]
tinker_cookbook.utils.ml_log:143 [INFO] Wrote metrics to logs/aws/wave1-rerun/ac1-base-seed2/metrics.jsonl
tinker_cookbook.utils.ml_log:240 [INFO] Logging to: https://wandb.ai/kriaz-msee20seecs-nust/ugttt-rebuttal/runs/56by6jmf
tinker_cookbook.utils.ml_log:143 [INFO] Wrote metrics to logs/aws/wave1-rerun/ac1-base-seed2/metrics.jsonl
tinker_cookbook.utils.ml_log:240 [INFO] Logging to: https://wandb.ai/kriaz-msee20seecs-nust/ugttt-rebuttal/runs/56by6jmf
tinker_cookbook.utils.ml_log:143 [INFO] Wrote metrics to logs/aws/wave1-rerun/ac1-base-seed2/metrics.jsonl
tinker_cookbook.utils.ml_log:240 [INFO] Logging to: https://wandb.ai/kriaz-msee20seecs-nust/ugttt-rebuttal/runs/56by6jmf
tinker_cookbook.utils.ml_log:143 [INFO] Wrote metrics to logs/aws/wave1-rerun/ac1-base-seed2/metrics.jsonl
tinker_cookbook.utils.ml_log:240 [INFO] Logging to: https://wandb.ai/kriaz-msee20seecs-nust/ugttt-rebuttal/runs/56by6jmf
tinker_cookbook.utils.ml_log:143 [INFO] Wrote metrics to logs/aws/wave1-rerun/ac1-base-seed2/metrics.jsonl
tinker_cookbook.utils.ml_log:240 [INFO] Logging to: https://wandb.ai/kriaz-msee20seecs-nust/ugttt-rebuttal/runs/56by6jmf
tinker_cookbook.utils.ml_log:143 [INFO] Wrote metrics to logs/aws/wave1-rerun/ac1-base-seed2/metrics.jsonl
tinker_cookbook.utils.ml_log:240 [INFO] Logging to: https://wandb.ai/kriaz-msee20seecs-nust/ugttt-rebuttal/runs/56by6jmf
tinker_cookbook.utils.ml_log:143 [INFO] Wrote metrics to logs/aws/wave1-rerun/ac1-base-seed2/metrics.jsonl
tinker_cookbook.utils.ml_log:240 [INFO] Logging to: https://wandb.ai/kriaz-msee20seecs-nust/ugttt-rebuttal/runs/56by6jmf
tinker_cookbook.utils.ml_log:143 [INFO] Wrote metrics to logs/aws/wave1-rerun/ac1-base-seed2/metrics.jsonl
tinker_cookbook.utils.ml_log:240 [INFO] Logging to: https://wandb.ai/kriaz-msee20seecs-nust/ugttt-rebuttal/runs/56by6jmf
__main__:1949 [INFO]   [5][1/8] KEPT | R_exec=0.4954 (max=0.6607) RMI=0.0000 R_total=0.4954 | 1835.5s | GPU: 18.1/61.6GB
tinker_cookbook.utils.ml_log:143 [INFO] Wrote metrics to logs/aws/wave1-rerun/ac1-base-seed2/metrics.jsonl
tinker_cookbook.utils.ml_log:240 [INFO] Logging to: https://wandb.ai/kriaz-msee20seecs-nust/ugttt-rebuttal/runs/56by6jmf
tinker_cookbook.rl.ensemble:1082 [INFO]   generate_batch_multi_adapter_two_phase: N=8 phase1_max=26000 streaming_mi=False kv_q=False
tinker_cookbook.rl.ensemble:1270 [INFO]     [gen/p1] step=2048/23317 active=8/8 mi_stopped=0
tinker_cookbook.rl.ensemble:1270 [INFO]     [gen/p1] step=4096/23317 active=8/8 mi_stopped=0
tinker_cookbook.rl.ensemble:1270 [INFO]     [gen/p1] step=6144/23317 active=8/8 mi_stopped=0
tinker_cookbook.rl.ensemble:1270 [INFO]     [gen/p1] step=8192/23317 active=5/8 mi_stopped=0
tinker_cookbook.rl.ensemble:1270 [INFO]     [gen/p1] step=10240/23317 active=1/8 mi_stopped=0
__main__:1078 [INFO]   Group 1: multi-adapter generation 8 seqs in 852.0s
__main__:1108 [INFO]   Group 1: rewards computed in 998.7s
__main__:1150 [INFO]     [g1][r1/8] adapter=0 R_exec=0.6605 true_MI=0.00000 RMI=0.0000 R_total=0.6605 correct=1 tokens=8699
__main__:1150 [INFO]     [g1][r2/8] adapter=0 R_exec=0.4729 true_MI=0.00000 RMI=0.0000 R_total=0.4729 correct=1 tokens=8460
__main__:1150 [INFO]     [g1][r3/8] adapter=0 R_exec=0.0000 true_MI=0.00000 RMI=0.0000 R_total=0.0000 correct=0 tokens=10250
__main__:1150 [INFO]     [g1][r4/8] adapter=0 R_exec=0.6586 true_MI=0.00000 RMI=0.0000 R_total=0.6586 correct=1 tokens=8078
__main__:1150 [INFO]     [g1][r5/8] adapter=0 R_exec=0.0000 true_MI=0.00000 RMI=0.0000 R_total=0.0000 correct=0 tokens=8841
__main__:1150 [INFO]     [g1][r6/8] adapter=0 R_exec=0.6604 true_MI=0.00000 RMI=0.0000 R_total=0.6604 correct=1 tokens=7749
__main__:1150 [INFO]     [g1][r7/8] adapter=0 R_exec=0.0000 true_MI=0.00000 RMI=0.0000 R_total=0.0000 correct=0 tokens=8555
__main__:1150 [INFO]     [g1][r8/8] adapter=0 R_exec=0.6604 true_MI=0.00000 RMI=0.0000 R_total=0.6604 correct=1 tokens=6337
__main__:1167 [INFO]   [g1] group true_MI: mean=0.00000 std=0.00000 max=0.00000 normalized=[0.00 0.00 0.00 0.00 0.00 0.00 0.00 0.00]
tinker_cookbook.utils.ml_log:143 [INFO] Wrote metrics to logs/aws/wave1-rerun/ac1-base-seed2/metrics.jsonl
tinker_cookbook.utils.ml_log:240 [INFO] Logging to: https://wandb.ai/kriaz-msee20seecs-nust/ugttt-rebuttal/runs/56by6jmf
tinker_cookbook.utils.ml_log:143 [INFO] Wrote metrics to logs/aws/wave1-rerun/ac1-base-seed2/metrics.jsonl
tinker_cookbook.utils.ml_log:240 [INFO] Logging to: https://wandb.ai/kriaz-msee20seecs-nust/ugttt-rebuttal/runs/56by6jmf
tinker_cookbook.utils.ml_log:143 [INFO] Wrote metrics to logs/aws/wave1-rerun/ac1-base-seed2/metrics.jsonl
tinker_cookbook.utils.ml_log:240 [INFO] Logging to: https://wandb.ai/kriaz-msee20seecs-nust/ugttt-rebuttal/runs/56by6jmf
tinker_cookbook.utils.ml_log:143 [INFO] Wrote metrics to logs/aws/wave1-rerun/ac1-base-seed2/metrics.jsonl
tinker_cookbook.utils.ml_log:240 [INFO] Logging to: https://wandb.ai/kriaz-msee20seecs-nust/ugttt-rebuttal/runs/56by6jmf
tinker_cookbook.utils.ml_log:143 [INFO] Wrote metrics to logs/aws/wave1-rerun/ac1-base-seed2/metrics.jsonl
tinker_cookbook.utils.ml_log:240 [INFO] Logging to: https://wandb.ai/kriaz-msee20seecs-nust/ugttt-rebuttal/runs/56by6jmf
tinker_cookbook.utils.ml_log:143 [INFO] Wrote metrics to logs/aws/wave1-rerun/ac1-base-seed2/metrics.jsonl
tinker_cookbook.utils.ml_log:240 [INFO] Logging to: https://wandb.ai/kriaz-msee20seecs-nust/ugttt-rebuttal/runs/56by6jmf
tinker_cookbook.utils.ml_log:143 [INFO] Wrote metrics to logs/aws/wave1-rerun/ac1-base-seed2/metrics.jsonl
tinker_cookbook.utils.ml_log:240 [INFO] Logging to: https://wandb.ai/kriaz-msee20seecs-nust/ugttt-rebuttal/runs/56by6jmf
tinker_cookbook.utils.ml_log:143 [INFO] Wrote metrics to logs/aws/wave1-rerun/ac1-base-seed2/metrics.jsonl
tinker_cookbook.utils.ml_log:240 [INFO] Logging to: https://wandb.ai/kriaz-msee20seecs-nust/ugttt-rebuttal/runs/56by6jmf
__main__:1949 [INFO]   [5][2/8] KEPT | R_exec=0.3891 (max=0.6605) RMI=0.0000 R_total=0.3891 | 1850.8s | GPU: 18.1/61.7GB
tinker_cookbook.utils.ml_log:143 [INFO] Wrote metrics to logs/aws/wave1-rerun/ac1-base-seed2/metrics.jsonl
tinker_cookbook.utils.ml_log:240 [INFO] Logging to: https://wandb.ai/kriaz-msee20seecs-nust/ugttt-rebuttal/runs/56by6jmf
tinker_cookbook.rl.ensemble:1082 [INFO]   generate_batch_multi_adapter_two_phase: N=8 phase1_max=26000 streaming_mi=False kv_q=False
tinker_cookbook.rl.ensemble:1270 [INFO]     [gen/p1] step=2048/23161 active=8/8 mi_stopped=0
tinker_cookbook.rl.ensemble:1270 [INFO]     [gen/p1] step=4096/23161 active=8/8 mi_stopped=0
tinker_cookbook.rl.ensemble:1270 [INFO]     [gen/p1] step=6144/23161 active=4/8 mi_stopped=0
__main__:1078 [INFO]   Group 2: multi-adapter generation 8 seqs in 561.9s
__main__:1108 [INFO]   Group 2: rewards computed in 992.1s
__main__:1150 [INFO]     [g2][r1/8] adapter=0 R_exec=0.6263 true_MI=0.00000 RMI=0.0000 R_total=0.6263 correct=1 tokens=7527
__main__:1150 [INFO]     [g2][r2/8] adapter=0 R_exec=0.5796 true_MI=0.00000 RMI=0.0000 R_total=0.5796 correct=1 tokens=5534
__main__:1150 [INFO]     [g2][r3/8] adapter=0 R_exec=0.5148 true_MI=0.00000 RMI=0.0000 R_total=0.5148 correct=1 tokens=6878
__main__:1150 [INFO]     [g2][r4/8] adapter=0 R_exec=0.5019 true_MI=0.00000 RMI=0.0000 R_total=0.5019 correct=1 tokens=7297
__main__:1150 [INFO]     [g2][r5/8] adapter=0 R_exec=0.0000 true_MI=0.00000 RMI=0.0000 R_total=0.0000 correct=0 tokens=5981
__main__:1150 [INFO]     [g2][r6/8] adapter=0 R_exec=0.6599 true_MI=0.00000 RMI=0.0000 R_total=0.6599 correct=1 tokens=6511
__main__:1150 [INFO]     [g2][r7/8] adapter=0 R_exec=0.4990 true_MI=0.00000 RMI=0.0000 R_total=0.4990 correct=1 tokens=5614
__main__:1150 [INFO]     [g2][r8/8] adapter=0 R_exec=0.6570 true_MI=0.00000 RMI=0.0000 R_total=0.6570 correct=1 tokens=5616
__main__:1167 [INFO]   [g2] group true_MI: mean=0.00000 std=0.00000 max=0.00000 normalized=[0.00 0.00 0.00 0.00 0.00 0.00 0.00 0.00]
tinker_cookbook.utils.ml_log:143 [INFO] Wrote metrics to logs/aws/wave1-rerun/ac1-base-seed2/metrics.jsonl
tinker_cookbook.utils.ml_log:240 [INFO] Logging to: https://wandb.ai/kriaz-msee20seecs-nust/ugttt-rebuttal/runs/56by6jmf
tinker_cookbook.utils.ml_log:143 [INFO] Wrote metrics to logs/aws/wave1-rerun/ac1-base-seed2/metrics.jsonl
tinker_cookbook.utils.ml_log:240 [INFO] Logging to: https://wandb.ai/kriaz-msee20seecs-nust/ugttt-rebuttal/runs/56by6jmf
tinker_cookbook.utils.ml_log:143 [INFO] Wrote metrics to logs/aws/wave1-rerun/ac1-base-seed2/metrics.jsonl
tinker_cookbook.utils.ml_log:240 [INFO] Logging to: https://wandb.ai/kriaz-msee20seecs-nust/ugttt-rebuttal/runs/56by6jmf
tinker_cookbook.utils.ml_log:143 [INFO] Wrote metrics to logs/aws/wave1-rerun/ac1-base-seed2/metrics.jsonl
tinker_cookbook.utils.ml_log:240 [INFO] Logging to: https://wandb.ai/kriaz-msee20seecs-nust/ugttt-rebuttal/runs/56by6jmf
tinker_cookbook.utils.ml_log:143 [INFO] Wrote metrics to logs/aws/wave1-rerun/ac1-base-seed2/metrics.jsonl
tinker_cookbook.utils.ml_log:240 [INFO] Logging to: https://wandb.ai/kriaz-msee20seecs-nust/ugttt-rebuttal/runs/56by6jmf
tinker_cookbook.utils.ml_log:143 [INFO] Wrote metrics to logs/aws/wave1-rerun/ac1-base-seed2/metrics.jsonl
tinker_cookbook.utils.ml_log:240 [INFO] Logging to: https://wandb.ai/kriaz-msee20seecs-nust/ugttt-rebuttal/runs/56by6jmf
tinker_cookbook.utils.ml_log:143 [INFO] Wrote metrics to logs/aws/wave1-rerun/ac1-base-seed2/metrics.jsonl
tinker_cookbook.utils.ml_log:240 [INFO] Logging to: https://wandb.ai/kriaz-msee20seecs-nust/ugttt-rebuttal/runs/56by6jmf
tinker_cookbook.utils.ml_log:143 [INFO] Wrote metrics to logs/aws/wave1-rerun/ac1-base-seed2/metrics.jsonl
tinker_cookbook.utils.ml_log:240 [INFO] Logging to: https://wandb.ai/kriaz-msee20seecs-nust/ugttt-rebuttal/runs/56by6jmf
__main__:1949 [INFO]   [5][3/8] KEPT | R_exec=0.5048 (max=0.6599) RMI=0.0000 R_total=0.5048 | 1554.1s | GPU: 18.1/61.2GB
tinker_cookbook.utils.ml_log:143 [INFO] Wrote metrics to logs/aws/wave1-rerun/ac1-base-seed2/metrics.jsonl
tinker_cookbook.utils.ml_log:240 [INFO] Logging to: https://wandb.ai/kriaz-msee20seecs-nust/ugttt-rebuttal/runs/56by6jmf
tinker_cookbook.rl.ensemble:1082 [INFO]   generate_batch_multi_adapter_two_phase: N=8 phase1_max=26000 streaming_mi=False kv_q=False
tinker_cookbook.rl.ensemble:1270 [INFO]     [gen/p1] step=2048/22708 active=8/8 mi_stopped=0
tinker_cookbook.rl.ensemble:1270 [INFO]     [gen/p1] step=4096/22708 active=8/8 mi_stopped=0
tinker_cookbook.rl.ensemble:1270 [INFO]     [gen/p1] step=6144/22708 active=8/8 mi_stopped=0
tinker_cookbook.rl.ensemble:1270 [INFO]     [gen/p1] step=8192/22708 active=3/8 mi_stopped=0
__main__:1078 [INFO]   Group 3: multi-adapter generation 8 seqs in 754.1s
__main__:1108 [INFO]   Group 3: rewards computed in 1005.6s
__main__:1150 [INFO]     [g3][r1/8] adapter=0 R_exec=0.6603 true_MI=0.00000 RMI=0.0000 R_total=0.6603 correct=1 tokens=8852
__main__:1150 [INFO]     [g3][r2/8] adapter=0 R_exec=0.6603 true_MI=0.00000 RMI=0.0000 R_total=0.6603 correct=1 tokens=8011
__main__:1150 [INFO]     [g3][r3/8] adapter=0 R_exec=0.0000 true_MI=0.00000 RMI=0.0000 R_total=0.0000 correct=0 tokens=7107
__main__:1150 [INFO]     [g3][r4/8] adapter=0 R_exec=0.6603 true_MI=0.00000 RMI=0.0000 R_total=0.6603 correct=1 tokens=6512
__main__:1150 [INFO]     [g3][r5/8] adapter=0 R_exec=0.0000 true_MI=0.00000 RMI=0.0000 R_total=0.0000 correct=0 tokens=9072
__main__:1150 [INFO]     [g3][r6/8] adapter=0 R_exec=0.0000 true_MI=0.00000 RMI=0.0000 R_total=0.0000 correct=0 tokens=8673
__main__:1150 [INFO]     [g3][r7/8] adapter=0 R_exec=0.6603 true_MI=0.00000 RMI=0.0000 R_total=0.6603 correct=1 tokens=7447
__main__:1150 [INFO]     [g3][r8/8] adapter=0 R_exec=0.6603 true_MI=0.00000 RMI=0.0000 R_total=0.6603 correct=1 tokens=6988
__main__:1167 [INFO]   [g3] group true_MI: mean=0.00000 std=0.00000 max=0.00000 normalized=[0.00 0.00 0.00 0.00 0.00 0.00 0.00 0.00]
tinker_cookbook.utils.ml_log:143 [INFO] Wrote metrics to logs/aws/wave1-rerun/ac1-base-seed2/metrics.jsonl
tinker_cookbook.utils.ml_log:240 [INFO] Logging to: https://wandb.ai/kriaz-msee20seecs-nust/ugttt-rebuttal/runs/56by6jmf
tinker_cookbook.utils.ml_log:143 [INFO] Wrote metrics to logs/aws/wave1-rerun/ac1-base-seed2/metrics.jsonl
tinker_cookbook.utils.ml_log:240 [INFO] Logging to: https://wandb.ai/kriaz-msee20seecs-nust/ugttt-rebuttal/runs/56by6jmf
tinker_cookbook.utils.ml_log:143 [INFO] Wrote metrics to logs/aws/wave1-rerun/ac1-base-seed2/metrics.jsonl
tinker_cookbook.utils.ml_log:240 [INFO] Logging to: https://wandb.ai/kriaz-msee20seecs-nust/ugttt-rebuttal/runs/56by6jmf
tinker_cookbook.utils.ml_log:143 [INFO] Wrote metrics to logs/aws/wave1-rerun/ac1-base-seed2/metrics.jsonl
tinker_cookbook.utils.ml_log:240 [INFO] Logging to: https://wandb.ai/kriaz-msee20seecs-nust/ugttt-rebuttal/runs/56by6jmf
tinker_cookbook.utils.ml_log:143 [INFO] Wrote metrics to logs/aws/wave1-rerun/ac1-base-seed2/metrics.jsonl
tinker_cookbook.utils.ml_log:240 [INFO] Logging to: https://wandb.ai/kriaz-msee20seecs-nust/ugttt-rebuttal/runs/56by6jmf
tinker_cookbook.utils.ml_log:143 [INFO] Wrote metrics to logs/aws/wave1-rerun/ac1-base-seed2/metrics.jsonl
tinker_cookbook.utils.ml_log:240 [INFO] Logging to: https://wandb.ai/kriaz-msee20seecs-nust/ugttt-rebuttal/runs/56by6jmf
tinker_cookbook.utils.ml_log:143 [INFO] Wrote metrics to logs/aws/wave1-rerun/ac1-base-seed2/metrics.jsonl
tinker_cookbook.utils.ml_log:240 [INFO] Logging to: https://wandb.ai/kriaz-msee20seecs-nust/ugttt-rebuttal/runs/56by6jmf
tinker_cookbook.utils.ml_log:143 [INFO] Wrote metrics to logs/aws/wave1-rerun/ac1-base-seed2/metrics.jsonl
tinker_cookbook.utils.ml_log:240 [INFO] Logging to: https://wandb.ai/kriaz-msee20seecs-nust/ugttt-rebuttal/runs/56by6jmf
__main__:1949 [INFO]   [5][4/8] KEPT | R_exec=0.4127 (max=0.6603) RMI=0.0000 R_total=0.4127 | 1759.9s | GPU: 18.1/61.8GB
tinker_cookbook.utils.ml_log:143 [INFO] Wrote metrics to logs/aws/wave1-rerun/ac1-base-seed2/metrics.jsonl
tinker_cookbook.utils.ml_log:240 [INFO] Logging to: https://wandb.ai/kriaz-msee20seecs-nust/ugttt-rebuttal/runs/56by6jmf
tinker_cookbook.rl.ensemble:1082 [INFO]   generate_batch_multi_adapter_two_phase: N=8 phase1_max=26000 streaming_mi=False kv_q=False
tinker_cookbook.rl.ensemble:1270 [INFO]     [gen/p1] step=2048/23191 active=8/8 mi_stopped=0
tinker_cookbook.rl.ensemble:1270 [INFO]     [gen/p1] step=4096/23191 active=8/8 mi_stopped=0
tinker_cookbook.rl.ensemble:1270 [INFO]     [gen/p1] step=6144/23191 active=8/8 mi_stopped=0
tinker_cookbook.rl.ensemble:1270 [INFO]     [gen/p1] step=8192/23191 active=4/8 mi_stopped=0
tinker_cookbook.rl.ensemble:1270 [INFO]     [gen/p1] step=10240/23191 active=1/8 mi_stopped=0
__main__:1078 [INFO]   Group 4: multi-adapter generation 8 seqs in 919.1s
__main__:1108 [INFO]   Group 4: rewards computed in 983.8s
__main__:1150 [INFO]     [g4][r1/8] adapter=0 R_exec=0.6602 true_MI=0.00000 RMI=0.0000 R_total=0.6602 correct=1 tokens=9121
__main__:1150 [INFO]     [g4][r2/8] adapter=0 R_exec=0.0000 true_MI=0.00000 RMI=0.0000 R_total=0.0000 correct=0 tokens=6793
__main__:1150 [INFO]     [g4][r3/8] adapter=0 R_exec=0.0000 true_MI=0.00000 RMI=0.0000 R_total=0.0000 correct=0 tokens=6705
__main__:1150 [INFO]     [g4][r4/8] adapter=0 R_exec=0.0000 true_MI=0.00000 RMI=0.0000 R_total=0.0000 correct=0 tokens=8183
__main__:1150 [INFO]     [g4][r5/8] adapter=0 R_exec=0.4992 true_MI=0.00000 RMI=0.0000 R_total=0.4992 correct=1 tokens=10722
__main__:1150 [INFO]     [g4][r6/8] adapter=0 R_exec=0.0000 true_MI=0.00000 RMI=0.0000 R_total=0.0000 correct=0 tokens=9532
__main__:1150 [INFO]     [g4][r7/8] adapter=0 R_exec=0.6595 true_MI=0.00000 RMI=0.0000 R_total=0.6595 correct=1 tokens=7706
__main__:1150 [INFO]     [g4][r8/8] adapter=0 R_exec=0.6602 true_MI=0.00000 RMI=0.0000 R_total=0.6602 correct=1 tokens=9761
__main__:1167 [INFO]   [g4] group true_MI: mean=0.00000 std=0.00000 max=0.00000 normalized=[0.00 0.00 0.00 0.00 0.00 0.00 0.00 0.00]
tinker_cookbook.utils.ml_log:143 [INFO] Wrote metrics to logs/aws/wave1-rerun/ac1-base-seed2/metrics.jsonl
tinker_cookbook.utils.ml_log:240 [INFO] Logging to: https://wandb.ai/kriaz-msee20seecs-nust/ugttt-rebuttal/runs/56by6jmf
tinker_cookbook.utils.ml_log:143 [INFO] Wrote metrics to logs/aws/wave1-rerun/ac1-base-seed2/metrics.jsonl
tinker_cookbook.utils.ml_log:240 [INFO] Logging to: https://wandb.ai/kriaz-msee20seecs-nust/ugttt-rebuttal/runs/56by6jmf
tinker_cookbook.utils.ml_log:143 [INFO] Wrote metrics to logs/aws/wave1-rerun/ac1-base-seed2/metrics.jsonl
tinker_cookbook.utils.ml_log:240 [INFO] Logging to: https://wandb.ai/kriaz-msee20seecs-nust/ugttt-rebuttal/runs/56by6jmf
tinker_cookbook.utils.ml_log:143 [INFO] Wrote metrics to logs/aws/wave1-rerun/ac1-base-seed2/metrics.jsonl
tinker_cookbook.utils.ml_log:240 [INFO] Logging to: https://wandb.ai/kriaz-msee20seecs-nust/ugttt-rebuttal/runs/56by6jmf
tinker_cookbook.utils.ml_log:143 [INFO] Wrote metrics to logs/aws/wave1-rerun/ac1-base-seed2/metrics.jsonl
tinker_cookbook.utils.ml_log:240 [INFO] Logging to: https://wandb.ai/kriaz-msee20seecs-nust/ugttt-rebuttal/runs/56by6jmf
tinker_cookbook.utils.ml_log:143 [INFO] Wrote metrics to logs/aws/wave1-rerun/ac1-base-seed2/metrics.jsonl
tinker_cookbook.utils.ml_log:240 [INFO] Logging to: https://wandb.ai/kriaz-msee20seecs-nust/ugttt-rebuttal/runs/56by6jmf
tinker_cookbook.utils.ml_log:143 [INFO] Wrote metrics to logs/aws/wave1-rerun/ac1-base-seed2/metrics.jsonl
tinker_cookbook.utils.ml_log:240 [INFO] Logging to: https://wandb.ai/kriaz-msee20seecs-nust/ugttt-rebuttal/runs/56by6jmf
tinker_cookbook.utils.ml_log:143 [INFO] Wrote metrics to logs/aws/wave1-rerun/ac1-base-seed2/metrics.jsonl
tinker_cookbook.utils.ml_log:240 [INFO] Logging to: https://wandb.ai/kriaz-msee20seecs-nust/ugttt-rebuttal/runs/56by6jmf
__main__:1949 [INFO]   [5][5/8] KEPT | R_exec=0.3099 (max=0.6602) RMI=0.0000 R_total=0.3099 | 1903.0s | GPU: 18.1/61.5GB
tinker_cookbook.utils.ml_log:143 [INFO] Wrote metrics to logs/aws/wave1-rerun/ac1-base-seed2/metrics.jsonl
tinker_cookbook.utils.ml_log:240 [INFO] Logging to: https://wandb.ai/kriaz-msee20seecs-nust/ugttt-rebuttal/runs/56by6jmf
tinker_cookbook.rl.ensemble:1082 [INFO]   generate_batch_multi_adapter_two_phase: N=8 phase1_max=26000 streaming_mi=False kv_q=False
tinker_cookbook.rl.ensemble:1270 [INFO]     [gen/p1] step=2048/22853 active=8/8 mi_stopped=0
tinker_cookbook.rl.ensemble:1270 [INFO]     [gen/p1] step=4096/22853 active=8/8 mi_stopped=0
tinker_cookbook.rl.ensemble:1270 [INFO]     [gen/p1] step=6144/22853 active=8/8 mi_stopped=0
tinker_cookbook.rl.ensemble:1270 [INFO]     [gen/p1] step=8192/22853 active=4/8 mi_stopped=0
tinker_cookbook.rl.ensemble:1270 [INFO]     [gen/p1] step=10240/22853 active=1/8 mi_stopped=0
__main__:1078 [INFO]   Group 5: multi-adapter generation 8 seqs in 891.8s
__main__:1108 [INFO]   Group 5: rewards computed in 1005.7s
__main__:1150 [INFO]     [g5][r1/8] adapter=0 R_exec=0.6598 true_MI=0.00000 RMI=0.0000 R_total=0.6598 correct=1 tokens=8094
__main__:1150 [INFO]     [g5][r2/8] adapter=0 R_exec=0.0000 true_MI=0.00000 RMI=0.0000 R_total=0.0000 correct=0 tokens=10301
__main__:1150 [INFO]     [g5][r3/8] adapter=0 R_exec=0.5281 true_MI=0.00000 RMI=0.0000 R_total=0.5281 correct=1 tokens=7028
__main__:1150 [INFO]     [g5][r4/8] adapter=0 R_exec=0.5403 true_MI=0.00000 RMI=0.0000 R_total=0.5403 correct=1 tokens=8070
__main__:1150 [INFO]     [g5][r5/8] adapter=0 R_exec=0.0000 true_MI=0.00000 RMI=0.0000 R_total=0.0000 correct=0 tokens=8975
__main__:1150 [INFO]     [g5][r6/8] adapter=0 R_exec=0.5403 true_MI=0.00000 RMI=0.0000 R_total=0.5403 correct=1 tokens=8856
__main__:1150 [INFO]     [g5][r7/8] adapter=0 R_exec=0.6597 true_MI=0.00000 RMI=0.0000 R_total=0.6597 correct=1 tokens=9580
__main__:1150 [INFO]     [g5][r8/8] adapter=0 R_exec=0.5403 true_MI=0.00000 RMI=0.0000 R_total=0.5403 correct=1 tokens=6882
__main__:1167 [INFO]   [g5] group true_MI: mean=0.00000 std=0.00000 max=0.00000 normalized=[0.00 0.00 0.00 0.00 0.00 0.00 0.00 0.00]
tinker_cookbook.utils.ml_log:143 [INFO] Wrote metrics to logs/aws/wave1-rerun/ac1-base-seed2/metrics.jsonl
tinker_cookbook.utils.ml_log:240 [INFO] Logging to: https://wandb.ai/kriaz-msee20seecs-nust/ugttt-rebuttal/runs/56by6jmf
tinker_cookbook.utils.ml_log:143 [INFO] Wrote metrics to logs/aws/wave1-rerun/ac1-base-seed2/metrics.jsonl
tinker_cookbook.utils.ml_log:240 [INFO] Logging to: https://wandb.ai/kriaz-msee20seecs-nust/ugttt-rebuttal/runs/56by6jmf
tinker_cookbook.utils.ml_log:143 [INFO] Wrote metrics to logs/aws/wave1-rerun/ac1-base-seed2/metrics.jsonl
tinker_cookbook.utils.ml_log:240 [INFO] Logging to: https://wandb.ai/kriaz-msee20seecs-nust/ugttt-rebuttal/runs/56by6jmf
tinker_cookbook.utils.ml_log:143 [INFO] Wrote metrics to logs/aws/wave1-rerun/ac1-base-seed2/metrics.jsonl
tinker_cookbook.utils.ml_log:240 [INFO] Logging to: https://wandb.ai/kriaz-msee20seecs-nust/ugttt-rebuttal/runs/56by6jmf
tinker_cookbook.utils.ml_log:143 [INFO] Wrote metrics to logs/aws/wave1-rerun/ac1-base-seed2/metrics.jsonl
tinker_cookbook.utils.ml_log:240 [INFO] Logging to: https://wandb.ai/kriaz-msee20seecs-nust/ugttt-rebuttal/runs/56by6jmf
tinker_cookbook.utils.ml_log:143 [INFO] Wrote metrics to logs/aws/wave1-rerun/ac1-base-seed2/metrics.jsonl
tinker_cookbook.utils.ml_log:240 [INFO] Logging to: https://wandb.ai/kriaz-msee20seecs-nust/ugttt-rebuttal/runs/56by6jmf
tinker_cookbook.utils.ml_log:143 [INFO] Wrote metrics to logs/aws/wave1-rerun/ac1-base-seed2/metrics.jsonl
tinker_cookbook.utils.ml_log:240 [INFO] Logging to: https://wandb.ai/kriaz-msee20seecs-nust/ugttt-rebuttal/runs/56by6jmf
tinker_cookbook.utils.ml_log:143 [INFO] Wrote metrics to logs/aws/wave1-rerun/ac1-base-seed2/metrics.jsonl
tinker_cookbook.utils.ml_log:240 [INFO] Logging to: https://wandb.ai/kriaz-msee20seecs-nust/ugttt-rebuttal/runs/56by6jmf
__main__:1949 [INFO]   [5][6/8] KEPT | R_exec=0.4336 (max=0.6598) RMI=0.0000 R_total=0.4336 | 1897.5s | GPU: 18.1/62.2GB
tinker_cookbook.utils.ml_log:143 [INFO] Wrote metrics to logs/aws/wave1-rerun/ac1-base-seed2/metrics.jsonl
tinker_cookbook.utils.ml_log:240 [INFO] Logging to: https://wandb.ai/kriaz-msee20seecs-nust/ugttt-rebuttal/runs/56by6jmf
tinker_cookbook.rl.ensemble:1082 [INFO]   generate_batch_multi_adapter_two_phase: N=8 phase1_max=26000 streaming_mi=False kv_q=False
tinker_cookbook.rl.ensemble:1270 [INFO]     [gen/p1] step=2048/23257 active=8/8 mi_stopped=0
tinker_cookbook.rl.ensemble:1270 [INFO]     [gen/p1] step=4096/23257 active=8/8 mi_stopped=0
tinker_cookbook.rl.ensemble:1270 [INFO]     [gen/p1] step=6144/23257 active=8/8 mi_stopped=0
tinker_cookbook.rl.ensemble:1270 [INFO]     [gen/p1] step=8192/23257 active=4/8 mi_stopped=0
__main__:1078 [INFO]   Group 6: multi-adapter generation 8 seqs in 804.0s
__main__:1108 [INFO]   Group 6: rewards computed in 1002.5s
__main__:1150 [INFO]     [g6][r1/8] adapter=0 R_exec=0.6594 true_MI=0.00000 RMI=0.0000 R_total=0.6594 correct=1 tokens=9500
__main__:1150 [INFO]     [g6][r2/8] adapter=0 R_exec=0.6566 true_MI=0.00000 RMI=0.0000 R_total=0.6566 correct=1 tokens=8399
__main__:1150 [INFO]     [g6][r3/8] adapter=0 R_exec=0.4662 true_MI=0.00000 RMI=0.0000 R_total=0.4662 correct=1 tokens=7287
__main__:1150 [INFO]     [g6][r4/8] adapter=0 R_exec=0.6594 true_MI=0.00000 RMI=0.0000 R_total=0.6594 correct=1 tokens=7623
__main__:1150 [INFO]     [g6][r5/8] adapter=0 R_exec=0.6582 true_MI=0.00000 RMI=0.0000 R_total=0.6582 correct=1 tokens=7549
__main__:1150 [INFO]     [g6][r6/8] adapter=0 R_exec=0.6594 true_MI=0.00000 RMI=0.0000 R_total=0.6594 correct=1 tokens=6720
__main__:1150 [INFO]     [g6][r7/8] adapter=0 R_exec=0.6594 true_MI=0.00000 RMI=0.0000 R_total=0.6594 correct=1 tokens=9802
__main__:1150 [INFO]     [g6][r8/8] adapter=0 R_exec=0.0000 true_MI=0.00000 RMI=0.0000 R_total=0.0000 correct=0 tokens=8438
__main__:1167 [INFO]   [g6] group true_MI: mean=0.00000 std=0.00000 max=0.00000 normalized=[0.00 0.00 0.00 0.00 0.00 0.00 0.00 0.00]
tinker_cookbook.utils.ml_log:143 [INFO] Wrote metrics to logs/aws/wave1-rerun/ac1-base-seed2/metrics.jsonl
tinker_cookbook.utils.ml_log:240 [INFO] Logging to: https://wandb.ai/kriaz-msee20seecs-nust/ugttt-rebuttal/runs/56by6jmf
tinker_cookbook.utils.ml_log:143 [INFO] Wrote metrics to logs/aws/wave1-rerun/ac1-base-seed2/metrics.jsonl
tinker_cookbook.utils.ml_log:240 [INFO] Logging to: https://wandb.ai/kriaz-msee20seecs-nust/ugttt-rebuttal/runs/56by6jmf
tinker_cookbook.utils.ml_log:143 [INFO] Wrote metrics to logs/aws/wave1-rerun/ac1-base-seed2/metrics.jsonl
tinker_cookbook.utils.ml_log:240 [INFO] Logging to: https://wandb.ai/kriaz-msee20seecs-nust/ugttt-rebuttal/runs/56by6jmf
tinker_cookbook.utils.ml_log:143 [INFO] Wrote metrics to logs/aws/wave1-rerun/ac1-base-seed2/metrics.jsonl
tinker_cookbook.utils.ml_log:240 [INFO] Logging to: https://wandb.ai/kriaz-msee20seecs-nust/ugttt-rebuttal/runs/56by6jmf
tinker_cookbook.utils.ml_log:143 [INFO] Wrote metrics to logs/aws/wave1-rerun/ac1-base-seed2/metrics.jsonl
tinker_cookbook.utils.ml_log:240 [INFO] Logging to: https://wandb.ai/kriaz-msee20seecs-nust/ugttt-rebuttal/runs/56by6jmf
tinker_cookbook.utils.ml_log:143 [INFO] Wrote metrics to logs/aws/wave1-rerun/ac1-base-seed2/metrics.jsonl
tinker_cookbook.utils.ml_log:240 [INFO] Logging to: https://wandb.ai/kriaz-msee20seecs-nust/ugttt-rebuttal/runs/56by6jmf
tinker_cookbook.utils.ml_log:143 [INFO] Wrote metrics to logs/aws/wave1-rerun/ac1-base-seed2/metrics.jsonl
tinker_cookbook.utils.ml_log:240 [INFO] Logging to: https://wandb.ai/kriaz-msee20seecs-nust/ugttt-rebuttal/runs/56by6jmf
tinker_cookbook.utils.ml_log:143 [INFO] Wrote metrics to logs/aws/wave1-rerun/ac1-base-seed2/metrics.jsonl
tinker_cookbook.utils.ml_log:240 [INFO] Logging to: https://wandb.ai/kriaz-msee20seecs-nust/ugttt-rebuttal/runs/56by6jmf
__main__:1949 [INFO]   [5][7/8] KEPT | R_exec=0.5523 (max=0.6594) RMI=0.0000 R_total=0.5523 | 1806.5s | GPU: 18.1/61.3GB
tinker_cookbook.utils.ml_log:143 [INFO] Wrote metrics to logs/aws/wave1-rerun/ac1-base-seed2/metrics.jsonl
tinker_cookbook.utils.ml_log:240 [INFO] Logging to: https://wandb.ai/kriaz-msee20seecs-nust/ugttt-rebuttal/runs/56by6jmf
tinker_cookbook.rl.ensemble:1082 [INFO]   generate_batch_multi_adapter_two_phase: N=8 phase1_max=26000 streaming_mi=False kv_q=False
tinker_cookbook.rl.ensemble:1270 [INFO]     [gen/p1] step=2048/22757 active=8/8 mi_stopped=0
tinker_cookbook.rl.ensemble:1270 [INFO]     [gen/p1] step=4096/22757 active=8/8 mi_stopped=0
tinker_cookbook.rl.ensemble:1270 [INFO]     [gen/p1] step=6144/22757 active=8/8 mi_stopped=0
tinker_cookbook.rl.ensemble:1270 [INFO]     [gen/p1] step=8192/22757 active=5/8 mi_stopped=0
tinker_cookbook.rl.ensemble:1270 [INFO]     [gen/p1] step=10240/22757 active=1/8 mi_stopped=0
__main__:1078 [INFO]   Group 7: multi-adapter generation 8 seqs in 945.1s
__main__:1108 [INFO]   Group 7: rewards computed in 975.4s
__main__:1150 [INFO]     [g7][r1/8] adapter=0 R_exec=0.0000 true_MI=0.00000 RMI=0.0000 R_total=0.0000 correct=0 tokens=8393
__main__:1150 [INFO]     [g7][r2/8] adapter=0 R_exec=0.0000 true_MI=0.00000 RMI=0.0000 R_total=0.0000 correct=0 tokens=7573
__main__:1150 [INFO]     [g7][r3/8] adapter=0 R_exec=0.0000 true_MI=0.00000 RMI=0.0000 R_total=0.0000 correct=0 tokens=7764
__main__:1150 [INFO]     [g7][r4/8] adapter=0 R_exec=0.0000 true_MI=0.00000 RMI=0.0000 R_total=0.0000 correct=0 tokens=9007
__main__:1150 [INFO]     [g7][r5/8] adapter=0 R_exec=0.5698 true_MI=0.00000 RMI=0.0000 R_total=0.5698 correct=1 tokens=7314
__main__:1150 [INFO]     [g7][r6/8] adapter=0 R_exec=0.0000 true_MI=0.00000 RMI=0.0000 R_total=0.0000 correct=0 tokens=9002
__main__:1150 [INFO]     [g7][r7/8] adapter=0 R_exec=0.0000 true_MI=0.00000 RMI=0.0000 R_total=0.0000 correct=0 tokens=10683
__main__:1150 [INFO]     [g7][r8/8] adapter=0 R_exec=0.5635 true_MI=0.00000 RMI=0.0000 R_total=0.5635 correct=1 tokens=8759
__main__:1167 [INFO]   [g7] group true_MI: mean=0.00000 std=0.00000 max=0.00000 normalized=[0.00 0.00 0.00 0.00 0.00 0.00 0.00 0.00]
tinker_cookbook.utils.ml_log:143 [INFO] Wrote metrics to logs/aws/wave1-rerun/ac1-base-seed2/metrics.jsonl
tinker_cookbook.utils.ml_log:240 [INFO] Logging to: https://wandb.ai/kriaz-msee20seecs-nust/ugttt-rebuttal/runs/56by6jmf
tinker_cookbook.utils.ml_log:143 [INFO] Wrote metrics to logs/aws/wave1-rerun/ac1-base-seed2/metrics.jsonl
tinker_cookbook.utils.ml_log:240 [INFO] Logging to: https://wandb.ai/kriaz-msee20seecs-nust/ugttt-rebuttal/runs/56by6jmf
tinker_cookbook.utils.ml_log:143 [INFO] Wrote metrics to logs/aws/wave1-rerun/ac1-base-seed2/metrics.jsonl
tinker_cookbook.utils.ml_log:240 [INFO] Logging to: https://wandb.ai/kriaz-msee20seecs-nust/ugttt-rebuttal/runs/56by6jmf
tinker_cookbook.utils.ml_log:143 [INFO] Wrote metrics to logs/aws/wave1-rerun/ac1-base-seed2/metrics.jsonl
tinker_cookbook.utils.ml_log:240 [INFO] Logging to: https://wandb.ai/kriaz-msee20seecs-nust/ugttt-rebuttal/runs/56by6jmf
tinker_cookbook.utils.ml_log:143 [INFO] Wrote metrics to logs/aws/wave1-rerun/ac1-base-seed2/metrics.jsonl
tinker_cookbook.utils.ml_log:240 [INFO] Logging to: https://wandb.ai/kriaz-msee20seecs-nust/ugttt-rebuttal/runs/56by6jmf
tinker_cookbook.utils.ml_log:143 [INFO] Wrote metrics to logs/aws/wave1-rerun/ac1-base-seed2/metrics.jsonl
tinker_cookbook.utils.ml_log:240 [INFO] Logging to: https://wandb.ai/kriaz-msee20seecs-nust/ugttt-rebuttal/runs/56by6jmf
tinker_cookbook.utils.ml_log:143 [INFO] Wrote metrics to logs/aws/wave1-rerun/ac1-base-seed2/metrics.jsonl
tinker_cookbook.utils.ml_log:240 [INFO] Logging to: https://wandb.ai/kriaz-msee20seecs-nust/ugttt-rebuttal/runs/56by6jmf
tinker_cookbook.utils.ml_log:143 [INFO] Wrote metrics to logs/aws/wave1-rerun/ac1-base-seed2/metrics.jsonl
tinker_cookbook.utils.ml_log:240 [INFO] Logging to: https://wandb.ai/kriaz-msee20seecs-nust/ugttt-rebuttal/runs/56by6jmf
__main__:1949 [INFO]   [5][8/8] KEPT | R_exec=0.1417 (max=0.5698) RMI=0.0000 R_total=0.1417 | 1920.6s | GPU: 18.1/61.9GB
tinker_cookbook.utils.ml_log:143 [INFO] Wrote metrics to logs/aws/wave1-rerun/ac1-base-seed2/metrics.jsonl
tinker_cookbook.utils.ml_log:240 [INFO] Logging to: https://wandb.ai/kriaz-msee20seecs-nust/ugttt-rebuttal/runs/56by6jmf
__main__:1988 [INFO] [Epoch 5] Rollout phase done in 14529.3s. Training on 8/8 groups...
tinker_cookbook.utils.ml_log:143 [INFO] Wrote metrics to logs/aws/wave1-rerun/ac1-base-seed2/metrics.jsonl
tinker_cookbook.utils.ml_log:195 [INFO] 
┏━━━━━━━━━━━━━━━━━━━━━━━━━━━━━━━━┳━━━━━━━━━━━━━━━┓
┃ Metric                         ┃ Value         ┃
┡━━━━━━━━━━━━━━━━━━━━━━━━━━━━━━━━╇━━━━━━━━━━━━━━━┩
│ gpu/memory_allocated_gb        │ 18.092511     │
│ gpu/memory_peak_gb             │ 63.171756     │
│ gpu/memory_reserved_gb         │ 18.152948     │
│ kl_policy_base                 │ 0.003174      │
│ optim/entropy                  │ 0.580134      │
│ optim/kl_sample_train_v1       │ 0.000095      │
│ optim/kl_sample_train_v2       │ 0.000130      │
│ progress/done_frac             │ 1.000000      │
│ progress/epoch                 │ 5             │
│ rollout/groups_attempted       │ 8.000000      │
│ rollout/groups_filtered        │ 0.000000      │
│ rollout/groups_kept            │ 8.000000      │
│ rollout/intra_group_reward_std │ 0.268266      │
│ time/rollout                   │ 14529.348090  │
│ time/total                     │ 14796.478898  │
│ time/train                     │ 266.773381    │
│ train/advantage/max            │ 5.667341      │
│ train/advantage/mean           │ 0.242302      │
│ train/advantage/min            │ -1.000000     │
│ train/advantage/std            │ 1.604888      │
│ train/beta/mean                │ 139371.150025 │
│ train/beta/std                 │ 344218.551307 │
│ train/correctness/mean         │ 0.656250      │
│ train/correctness/rate         │ 0.656250      │
│ train/ensemble/frac_high_disa… │ 0.000000      │
│ train/ensemble/max_token_disa… │ nan           │
│ train/ensemble/member_logprob… │ 0.000000      │
│ train/ensemble/member_logprob… │ nan           │
│ train/gamma_eff/mean           │ 0.000000      │
│ train/gen/num_tokens/max       │ 10722.000000  │
│ train/gen/num_tokens/mean      │ 8035.453125   │
│ train/gen/num_tokens/std       │ 1256.677153   │
│ train/loss                     │ -0.242258     │
│ train/nnm_loss                 │ 0.000000      │
│ train/nnm_nuclear_norm         │ 0.000000      │
│ train/num_groups               │ 8.000000      │
│ train/num_rollouts             │ 64.000000     │
│ train/num_rollouts_total       │ 64.000000     │
│ train/reward/exec/best         │ 0.662792      │
│ train/reward/exec/max          │ 0.660706      │
│ train/reward/exec/mean         │ 0.404932      │
│ train/reward/exec/min          │ 0.000000      │
│ train/reward/exec/std          │ 0.297784      │
│ train/reward/rmi/max           │ 0.000000      │
│ train/reward/rmi/mean          │ 0.000000      │
│ train/reward/rmi/min           │ 0.000000      │
│ train/reward/rmi/std           │ 0.000000      │
│ train/reward/total/best        │ 0.662792      │
│ train/reward/total/max         │ 0.660706      │
│ train/reward/total/mean        │ 0.404932      │
│ train/reward/total/min         │ 0.000000      │
│ train/reward/total/std         │ 0.297784      │
│ train/streaming_mi/stop_rate   │ 0.000000      │
│ train/streaming_mi/tokens_sav… │ 0.000000      │
│ train/streaming_mi/tokens_sav… │ 0.000000      │
│ train/two_phase/phase1_tokens… │ 8035.453125   │
│ train/two_phase/phase2_tokens… │ 0.000000      │
│ train/two_phase/prefill_rate   │ 0.000000      │
│ train/uncertainty/predictive_… │ 0.000000      │
│ train/uncertainty/predictive_… │ 0.000000      │
│ train/uncertainty/predictive_… │ 0.000000      │
│ train/uncertainty/predictive_… │ 0.000000      │
│ train/uncertainty/predictive_… │ 0.000000      │
│ train/uncertainty/predictive_… │ 0.000000      │
│ train/uncertainty/predictive_… │ 0.000000      │
│ train/uncertainty/predictive_… │ 0.000000      │
│ train/uncertainty/rmi/max      │ 0.000000      │
│ train/uncertainty/rmi/mean     │ 0.000000      │
│ train/uncertainty/rmi/min      │ 0.000000      │
│ train/uncertainty/rmi/std      │ 0.000000      │
│ train/uncertainty/rmi_top7/max │ 0.000000      │
│ train/uncertainty/rmi_top7/me… │ 0.000000      │
│ train/uncertainty/rmi_top7/min │ 0.000000      │
│ train/uncertainty/rmi_top7/std │ 0.000000      │
│ train/uncertainty/top7_mi_cod… │ 0.000000      │
│ train/uncertainty/top7_mi_cod… │ 0.000000      │
│ train/uncertainty/top7_mi_thi… │ 0.000000      │
│ train/uncertainty/top7_mi_thi… │ 0.000000      │
│ train/uncertainty/top7_pct_co… │ 0.000000      │
│ train/uncertainty/top7_pct_co… │ 0.000000      │
│ train/uncertainty/top7_pct_th… │ 1.000000      │
│ train/uncertainty/top7_pct_th… │ 0.000000      │
│ train/uncertainty/true_mi/max  │ 0.000000      │
│ train/uncertainty/true_mi/mean │ 0.000000      │
│ train/uncertainty/true_mi/min  │ 0.000000      │
│ train/uncertainty/true_mi/std  │ 0.000000      │
│ train/uncertainty/variance/max │ nan           │
│ train/uncertainty/variance/me… │ nan           │
│ train/uncertainty/variance/min │ nan           │
│ train/uncertainty/variance/std │ nan           │
│ train/uncertainty/variance_to… │ nan           │
│ train/uncertainty/variance_to… │ nan           │
│ train/uncertainty/variance_to… │ nan           │
│ train/uncertainty/variance_to… │ nan           │
└────────────────────────────────┴───────────────┘
tinker_cookbook.utils.ml_log:240 [INFO] Logging to: https://wandb.ai/kriaz-msee20seecs-nust/ugttt-rebuttal/runs/56by6jmf
__main__:2062 [INFO] [Epoch 5] R_exec=0.4049 (max=0.6607 best=0.6628) RMI=0.0000 beta=139371.15 corr=65.6% loss=-0.2423 groups=8/8 time=14796.5s
__main__:2073 [INFO] Checkpoint saved at epoch 5
__main__:2082 [INFO] Training complete
