tinker_cookbook.utils.ml_log:525 [INFO] Logging to: logs/aws/wave1-rerun/ac1-base-seed3
__main__:1657 [INFO] Active loggers: ['JsonLogger', 'PrettyPrintLogger', 'WandbLogger']
__main__:1690 [INFO] Loading base model: Qwen/Qwen3-8B (fp16)
root:227 [INFO] Loading model with precision - fp16
tinker_cookbook.utils.ml_log:525 [INFO] Logging to: logs/aws/wave1-rerun/ac1-base-seed3
__main__:1657 [INFO] Active loggers: ['JsonLogger', 'PrettyPrintLogger', 'WandbLogger']
__main__:1690 [INFO] Loading base model: Qwen/Qwen3-8B (fp16)
root:227 [INFO] Loading model with precision - fp16
tinker_cookbook.utils.ml_log:525 [INFO] Logging to: logs/aws/wave1-rerun/ac1-base-seed3
__main__:1657 [INFO] Active loggers: ['JsonLogger', 'PrettyPrintLogger', 'WandbLogger']
__main__:1690 [INFO] Loading base model: Qwen/Qwen3-8B (fp16)
root:227 [INFO] Loading model with precision - fp16
root:255 [INFO] loading llama compatible model - qwen3
root:49 [INFO] Adapter ensemble_0 without lr_scheduler.
tinker_cookbook.rl.ensemble:123 [INFO] Initialized 1 LoRA ensemble members (rank=16)
__main__:1779 [INFO] Training: 6 epochs, 8 groups/batch × 8 rollouts/group, K=1 adapters, γ=0.0
__main__:1784 [INFO] Parallelism: batched generation (8 seqs/batch), threaded rewards (8 workers), batched ensemble scoring
__main__:1807 [INFO] Two-phase sampling enabled: phase1_max=26000, context_window=32768, prefill_len=22, stop_ids=[151645]
__main__:1836 [INFO] [Epoch 0/6] Starting rollout phase: 8 groups × 8 rollouts
tinker_cookbook.rl.ensemble:1082 [INFO]   generate_batch_multi_adapter_two_phase: N=8 phase1_max=26000 streaming_mi=False kv_q=False
tinker_cookbook.rl.ensemble:1270 [INFO]     [gen/p1] step=2048/24055 active=8/8 mi_stopped=0
tinker_cookbook.rl.ensemble:1270 [INFO]     [gen/p1] step=4096/24055 active=8/8 mi_stopped=0
tinker_cookbook.rl.ensemble:1270 [INFO]     [gen/p1] step=6144/24055 active=8/8 mi_stopped=0
tinker_cookbook.rl.ensemble:1270 [INFO]     [gen/p1] step=8192/24055 active=4/8 mi_stopped=0
tinker_cookbook.rl.ensemble:1270 [INFO]     [gen/p1] step=10240/24055 active=2/8 mi_stopped=0
__main__:1078 [INFO]   Group 0: multi-adapter generation 8 seqs in 923.5s
__main__:1108 [INFO]   Group 0: rewards computed in 1007.0s
__main__:1150 [INFO]     [g0][r1/8] adapter=0 R_exec=0.0000 true_MI=0.00000 RMI=0.0000 R_total=0.0000 correct=0 tokens=11286
__main__:1150 [INFO]     [g0][r2/8] adapter=0 R_exec=0.5000 true_MI=0.00000 RMI=0.0000 R_total=0.5000 correct=1 tokens=8485
__main__:1150 [INFO]     [g0][r3/8] adapter=0 R_exec=0.0000 true_MI=0.00000 RMI=0.0000 R_total=0.0000 correct=0 tokens=10449
__main__:1150 [INFO]     [g0][r4/8] adapter=0 R_exec=0.6357 true_MI=0.00000 RMI=0.0000 R_total=0.6357 correct=1 tokens=7741
__main__:1150 [INFO]     [g0][r5/8] adapter=0 R_exec=0.0000 true_MI=0.00000 RMI=0.0000 R_total=0.0000 correct=0 tokens=7871
__main__:1150 [INFO]     [g0][r6/8] adapter=0 R_exec=0.5279 true_MI=0.00000 RMI=0.0000 R_total=0.5279 correct=1 tokens=7967
__main__:1150 [INFO]     [g0][r7/8] adapter=0 R_exec=0.0000 true_MI=0.00000 RMI=0.0000 R_total=0.0000 correct=0 tokens=8005
__main__:1150 [INFO]     [g0][r8/8] adapter=0 R_exec=0.0000 true_MI=0.00000 RMI=0.0000 R_total=0.0000 correct=0 tokens=8348
__main__:1167 [INFO]   [g0] group true_MI: mean=0.00000 std=0.00000 max=0.00000 normalized=[0.00 0.00 0.00 0.00 0.00 0.00 0.00 0.00]
tinker_cookbook.utils.ml_log:143 [INFO] Wrote metrics to logs/aws/wave1-rerun/ac1-base-seed3/metrics.jsonl
tinker_cookbook.utils.ml_log:240 [INFO] Logging to: https://wandb.ai/kriaz-msee20seecs-nust/ugttt-rebuttal/runs/1p8cxde0
tinker_cookbook.utils.ml_log:143 [INFO] Wrote metrics to logs/aws/wave1-rerun/ac1-base-seed3/metrics.jsonl
tinker_cookbook.utils.ml_log:240 [INFO] Logging to: https://wandb.ai/kriaz-msee20seecs-nust/ugttt-rebuttal/runs/1p8cxde0
tinker_cookbook.utils.ml_log:143 [INFO] Wrote metrics to logs/aws/wave1-rerun/ac1-base-seed3/metrics.jsonl
tinker_cookbook.utils.ml_log:240 [INFO] Logging to: https://wandb.ai/kriaz-msee20seecs-nust/ugttt-rebuttal/runs/1p8cxde0
tinker_cookbook.utils.ml_log:143 [INFO] Wrote metrics to logs/aws/wave1-rerun/ac1-base-seed3/metrics.jsonl
tinker_cookbook.utils.ml_log:240 [INFO] Logging to: https://wandb.ai/kriaz-msee20seecs-nust/ugttt-rebuttal/runs/1p8cxde0
tinker_cookbook.utils.ml_log:143 [INFO] Wrote metrics to logs/aws/wave1-rerun/ac1-base-seed3/metrics.jsonl
tinker_cookbook.utils.ml_log:240 [INFO] Logging to: https://wandb.ai/kriaz-msee20seecs-nust/ugttt-rebuttal/runs/1p8cxde0
tinker_cookbook.utils.ml_log:143 [INFO] Wrote metrics to logs/aws/wave1-rerun/ac1-base-seed3/metrics.jsonl
tinker_cookbook.utils.ml_log:240 [INFO] Logging to: https://wandb.ai/kriaz-msee20seecs-nust/ugttt-rebuttal/runs/1p8cxde0
tinker_cookbook.utils.ml_log:143 [INFO] Wrote metrics to logs/aws/wave1-rerun/ac1-base-seed3/metrics.jsonl
tinker_cookbook.utils.ml_log:240 [INFO] Logging to: https://wandb.ai/kriaz-msee20seecs-nust/ugttt-rebuttal/runs/1p8cxde0
tinker_cookbook.utils.ml_log:143 [INFO] Wrote metrics to logs/aws/wave1-rerun/ac1-base-seed3/metrics.jsonl
tinker_cookbook.utils.ml_log:240 [INFO] Logging to: https://wandb.ai/kriaz-msee20seecs-nust/ugttt-rebuttal/runs/1p8cxde0
__main__:1949 [INFO]   [0][1/8] KEPT | R_exec=0.2079 (max=0.6357) RMI=0.0000 R_total=0.2079 | 1930.5s | GPU: 18.0/60.7GB
tinker_cookbook.utils.ml_log:143 [INFO] Wrote metrics to logs/aws/wave1-rerun/ac1-base-seed3/metrics.jsonl
tinker_cookbook.utils.ml_log:240 [INFO] Logging to: https://wandb.ai/kriaz-msee20seecs-nust/ugttt-rebuttal/runs/1p8cxde0
tinker_cookbook.rl.ensemble:1082 [INFO]   generate_batch_multi_adapter_two_phase: N=8 phase1_max=26000 streaming_mi=False kv_q=False
tinker_cookbook.rl.ensemble:1270 [INFO]     [gen/p1] step=2048/24055 active=8/8 mi_stopped=0
tinker_cookbook.rl.ensemble:1270 [INFO]     [gen/p1] step=4096/24055 active=8/8 mi_stopped=0
tinker_cookbook.rl.ensemble:1270 [INFO]     [gen/p1] step=6144/24055 active=8/8 mi_stopped=0
tinker_cookbook.rl.ensemble:1270 [INFO]     [gen/p1] step=8192/24055 active=5/8 mi_stopped=0
tinker_cookbook.rl.ensemble:1270 [INFO]     [gen/p1] step=10240/24055 active=2/8 mi_stopped=0
__main__:1078 [INFO]   Group 1: multi-adapter generation 8 seqs in 1002.3s
__main__:1108 [INFO]   Group 1: rewards computed in 998.8s
__main__:1150 [INFO]     [g1][r1/8] adapter=0 R_exec=0.0000 true_MI=0.00000 RMI=0.0000 R_total=0.0000 correct=0 tokens=10389
__main__:1150 [INFO]     [g1][r2/8] adapter=0 R_exec=0.6540 true_MI=0.00000 RMI=0.0000 R_total=0.6540 correct=1 tokens=9896
__main__:1150 [INFO]     [g1][r3/8] adapter=0 R_exec=0.0000 true_MI=0.00000 RMI=0.0000 R_total=0.0000 correct=0 tokens=6476
__main__:1150 [INFO]     [g1][r4/8] adapter=0 R_exec=0.5050 true_MI=0.00000 RMI=0.0000 R_total=0.5050 correct=1 tokens=8172
__main__:1150 [INFO]     [g1][r5/8] adapter=0 R_exec=0.0000 true_MI=0.00000 RMI=0.0000 R_total=0.0000 correct=0 tokens=11869
__main__:1150 [INFO]     [g1][r6/8] adapter=0 R_exec=0.0000 true_MI=0.00000 RMI=0.0000 R_total=0.0000 correct=0 tokens=8444
__main__:1150 [INFO]     [g1][r7/8] adapter=0 R_exec=0.0000 true_MI=0.00000 RMI=0.0000 R_total=0.0000 correct=0 tokens=9382
__main__:1150 [INFO]     [g1][r8/8] adapter=0 R_exec=0.5006 true_MI=0.00000 RMI=0.0000 R_total=0.5006 correct=1 tokens=7049
__main__:1167 [INFO]   [g1] group true_MI: mean=0.00000 std=0.00000 max=0.00000 normalized=[0.00 0.00 0.00 0.00 0.00 0.00 0.00 0.00]
tinker_cookbook.utils.ml_log:143 [INFO] Wrote metrics to logs/aws/wave1-rerun/ac1-base-seed3/metrics.jsonl
tinker_cookbook.utils.ml_log:240 [INFO] Logging to: https://wandb.ai/kriaz-msee20seecs-nust/ugttt-rebuttal/runs/1p8cxde0
tinker_cookbook.utils.ml_log:143 [INFO] Wrote metrics to logs/aws/wave1-rerun/ac1-base-seed3/metrics.jsonl
tinker_cookbook.utils.ml_log:240 [INFO] Logging to: https://wandb.ai/kriaz-msee20seecs-nust/ugttt-rebuttal/runs/1p8cxde0
tinker_cookbook.utils.ml_log:143 [INFO] Wrote metrics to logs/aws/wave1-rerun/ac1-base-seed3/metrics.jsonl
tinker_cookbook.utils.ml_log:240 [INFO] Logging to: https://wandb.ai/kriaz-msee20seecs-nust/ugttt-rebuttal/runs/1p8cxde0
tinker_cookbook.utils.ml_log:143 [INFO] Wrote metrics to logs/aws/wave1-rerun/ac1-base-seed3/metrics.jsonl
tinker_cookbook.utils.ml_log:240 [INFO] Logging to: https://wandb.ai/kriaz-msee20seecs-nust/ugttt-rebuttal/runs/1p8cxde0
tinker_cookbook.utils.ml_log:143 [INFO] Wrote metrics to logs/aws/wave1-rerun/ac1-base-seed3/metrics.jsonl
tinker_cookbook.utils.ml_log:240 [INFO] Logging to: https://wandb.ai/kriaz-msee20seecs-nust/ugttt-rebuttal/runs/1p8cxde0
tinker_cookbook.utils.ml_log:143 [INFO] Wrote metrics to logs/aws/wave1-rerun/ac1-base-seed3/metrics.jsonl
tinker_cookbook.utils.ml_log:240 [INFO] Logging to: https://wandb.ai/kriaz-msee20seecs-nust/ugttt-rebuttal/runs/1p8cxde0
tinker_cookbook.utils.ml_log:143 [INFO] Wrote metrics to logs/aws/wave1-rerun/ac1-base-seed3/metrics.jsonl
tinker_cookbook.utils.ml_log:240 [INFO] Logging to: https://wandb.ai/kriaz-msee20seecs-nust/ugttt-rebuttal/runs/1p8cxde0
tinker_cookbook.utils.ml_log:143 [INFO] Wrote metrics to logs/aws/wave1-rerun/ac1-base-seed3/metrics.jsonl
tinker_cookbook.utils.ml_log:240 [INFO] Logging to: https://wandb.ai/kriaz-msee20seecs-nust/ugttt-rebuttal/runs/1p8cxde0
__main__:1949 [INFO]   [0][2/8] KEPT | R_exec=0.2075 (max=0.6540) RMI=0.0000 R_total=0.2075 | 2001.1s | GPU: 18.0/60.7GB
tinker_cookbook.utils.ml_log:143 [INFO] Wrote metrics to logs/aws/wave1-rerun/ac1-base-seed3/metrics.jsonl
tinker_cookbook.utils.ml_log:240 [INFO] Logging to: https://wandb.ai/kriaz-msee20seecs-nust/ugttt-rebuttal/runs/1p8cxde0
tinker_cookbook.rl.ensemble:1082 [INFO]   generate_batch_multi_adapter_two_phase: N=8 phase1_max=26000 streaming_mi=False kv_q=False
tinker_cookbook.rl.ensemble:1270 [INFO]     [gen/p1] step=2048/24055 active=8/8 mi_stopped=0
tinker_cookbook.rl.ensemble:1270 [INFO]     [gen/p1] step=4096/24055 active=8/8 mi_stopped=0
tinker_cookbook.rl.ensemble:1270 [INFO]     [gen/p1] step=6144/24055 active=8/8 mi_stopped=0
tinker_cookbook.rl.ensemble:1270 [INFO]     [gen/p1] step=8192/24055 active=7/8 mi_stopped=0
tinker_cookbook.rl.ensemble:1270 [INFO]     [gen/p1] step=10240/24055 active=1/8 mi_stopped=0
__main__:1078 [INFO]   Group 2: multi-adapter generation 8 seqs in 870.3s
__main__:1108 [INFO]   Group 2: rewards computed in 1005.4s
__main__:1150 [INFO]     [g2][r1/8] adapter=0 R_exec=0.5000 true_MI=0.00000 RMI=0.0000 R_total=0.5000 correct=1 tokens=8653
__main__:1150 [INFO]     [g2][r2/8] adapter=0 R_exec=0.5007 true_MI=0.00000 RMI=0.0000 R_total=0.5007 correct=1 tokens=10103
__main__:1150 [INFO]     [g2][r3/8] adapter=0 R_exec=0.5004 true_MI=0.00000 RMI=0.0000 R_total=0.5004 correct=1 tokens=8688
__main__:1150 [INFO]     [g2][r4/8] adapter=0 R_exec=0.4903 true_MI=0.00000 RMI=0.0000 R_total=0.4903 correct=1 tokens=10769
__main__:1150 [INFO]     [g2][r5/8] adapter=0 R_exec=0.0000 true_MI=0.00000 RMI=0.0000 R_total=0.0000 correct=0 tokens=7315
__main__:1150 [INFO]     [g2][r6/8] adapter=0 R_exec=0.5070 true_MI=0.00000 RMI=0.0000 R_total=0.5070 correct=1 tokens=8371
__main__:1150 [INFO]     [g2][r7/8] adapter=0 R_exec=0.0000 true_MI=0.00000 RMI=0.0000 R_total=0.0000 correct=0 tokens=9094
__main__:1150 [INFO]     [g2][r8/8] adapter=0 R_exec=0.0000 true_MI=0.00000 RMI=0.0000 R_total=0.0000 correct=0 tokens=8923
__main__:1167 [INFO]   [g2] group true_MI: mean=0.00000 std=0.00000 max=0.00000 normalized=[0.00 0.00 0.00 0.00 0.00 0.00 0.00 0.00]
tinker_cookbook.utils.ml_log:143 [INFO] Wrote metrics to logs/aws/wave1-rerun/ac1-base-seed3/metrics.jsonl
tinker_cookbook.utils.ml_log:240 [INFO] Logging to: https://wandb.ai/kriaz-msee20seecs-nust/ugttt-rebuttal/runs/1p8cxde0
tinker_cookbook.utils.ml_log:143 [INFO] Wrote metrics to logs/aws/wave1-rerun/ac1-base-seed3/metrics.jsonl
tinker_cookbook.utils.ml_log:240 [INFO] Logging to: https://wandb.ai/kriaz-msee20seecs-nust/ugttt-rebuttal/runs/1p8cxde0
tinker_cookbook.utils.ml_log:143 [INFO] Wrote metrics to logs/aws/wave1-rerun/ac1-base-seed3/metrics.jsonl
tinker_cookbook.utils.ml_log:240 [INFO] Logging to: https://wandb.ai/kriaz-msee20seecs-nust/ugttt-rebuttal/runs/1p8cxde0
tinker_cookbook.utils.ml_log:143 [INFO] Wrote metrics to logs/aws/wave1-rerun/ac1-base-seed3/metrics.jsonl
tinker_cookbook.utils.ml_log:240 [INFO] Logging to: https://wandb.ai/kriaz-msee20seecs-nust/ugttt-rebuttal/runs/1p8cxde0
tinker_cookbook.utils.ml_log:143 [INFO] Wrote metrics to logs/aws/wave1-rerun/ac1-base-seed3/metrics.jsonl
tinker_cookbook.utils.ml_log:240 [INFO] Logging to: https://wandb.ai/kriaz-msee20seecs-nust/ugttt-rebuttal/runs/1p8cxde0
tinker_cookbook.utils.ml_log:143 [INFO] Wrote metrics to logs/aws/wave1-rerun/ac1-base-seed3/metrics.jsonl
tinker_cookbook.utils.ml_log:240 [INFO] Logging to: https://wandb.ai/kriaz-msee20seecs-nust/ugttt-rebuttal/runs/1p8cxde0
tinker_cookbook.utils.ml_log:143 [INFO] Wrote metrics to logs/aws/wave1-rerun/ac1-base-seed3/metrics.jsonl
tinker_cookbook.utils.ml_log:240 [INFO] Logging to: https://wandb.ai/kriaz-msee20seecs-nust/ugttt-rebuttal/runs/1p8cxde0
tinker_cookbook.utils.ml_log:143 [INFO] Wrote metrics to logs/aws/wave1-rerun/ac1-base-seed3/metrics.jsonl
tinker_cookbook.utils.ml_log:240 [INFO] Logging to: https://wandb.ai/kriaz-msee20seecs-nust/ugttt-rebuttal/runs/1p8cxde0
__main__:1949 [INFO]   [0][3/8] KEPT | R_exec=0.3123 (max=0.5070) RMI=0.0000 R_total=0.3123 | 1875.8s | GPU: 18.0/60.6GB
tinker_cookbook.utils.ml_log:143 [INFO] Wrote metrics to logs/aws/wave1-rerun/ac1-base-seed3/metrics.jsonl
tinker_cookbook.utils.ml_log:240 [INFO] Logging to: https://wandb.ai/kriaz-msee20seecs-nust/ugttt-rebuttal/runs/1p8cxde0
tinker_cookbook.rl.ensemble:1082 [INFO]   generate_batch_multi_adapter_two_phase: N=8 phase1_max=26000 streaming_mi=False kv_q=False
tinker_cookbook.rl.ensemble:1270 [INFO]     [gen/p1] step=2048/24055 active=8/8 mi_stopped=0
tinker_cookbook.rl.ensemble:1270 [INFO]     [gen/p1] step=4096/24055 active=8/8 mi_stopped=0
tinker_cookbook.rl.ensemble:1270 [INFO]     [gen/p1] step=6144/24055 active=8/8 mi_stopped=0
tinker_cookbook.rl.ensemble:1270 [INFO]     [gen/p1] step=8192/24055 active=6/8 mi_stopped=0
tinker_cookbook.rl.ensemble:1270 [INFO]     [gen/p1] step=10240/24055 active=3/8 mi_stopped=0
tinker_cookbook.rl.ensemble:1270 [INFO]     [gen/p1] step=12288/24055 active=1/8 mi_stopped=0
__main__:1078 [INFO]   Group 3: multi-adapter generation 8 seqs in 1147.1s
__main__:1108 [INFO]   Group 3: rewards computed in 999.4s
__main__:1150 [INFO]     [g3][r1/8] adapter=0 R_exec=0.5235 true_MI=0.00000 RMI=0.0000 R_total=0.5235 correct=1 tokens=12977
__main__:1150 [INFO]     [g3][r2/8] adapter=0 R_exec=0.5393 true_MI=0.00000 RMI=0.0000 R_total=0.5393 correct=1 tokens=10338
__main__:1150 [INFO]     [g3][r3/8] adapter=0 R_exec=0.0000 true_MI=0.00000 RMI=0.0000 R_total=0.0000 correct=0 tokens=12021
__main__:1150 [INFO]     [g3][r4/8] adapter=0 R_exec=0.5000 true_MI=0.00000 RMI=0.0000 R_total=0.5000 correct=1 tokens=10139
__main__:1150 [INFO]     [g3][r5/8] adapter=0 R_exec=0.0000 true_MI=0.00000 RMI=0.0000 R_total=0.0000 correct=0 tokens=7179
__main__:1150 [INFO]     [g3][r6/8] adapter=0 R_exec=0.5005 true_MI=0.00000 RMI=0.0000 R_total=0.5005 correct=1 tokens=8051
__main__:1150 [INFO]     [g3][r7/8] adapter=0 R_exec=0.0000 true_MI=0.00000 RMI=0.0000 R_total=0.0000 correct=0 tokens=9804
__main__:1150 [INFO]     [g3][r8/8] adapter=0 R_exec=0.5002 true_MI=0.00000 RMI=0.0000 R_total=0.5002 correct=1 tokens=9228
__main__:1167 [INFO]   [g3] group true_MI: mean=0.00000 std=0.00000 max=0.00000 normalized=[0.00 0.00 0.00 0.00 0.00 0.00 0.00 0.00]
tinker_cookbook.utils.ml_log:143 [INFO] Wrote metrics to logs/aws/wave1-rerun/ac1-base-seed3/metrics.jsonl
tinker_cookbook.utils.ml_log:240 [INFO] Logging to: https://wandb.ai/kriaz-msee20seecs-nust/ugttt-rebuttal/runs/1p8cxde0
tinker_cookbook.utils.ml_log:143 [INFO] Wrote metrics to logs/aws/wave1-rerun/ac1-base-seed3/metrics.jsonl
tinker_cookbook.utils.ml_log:240 [INFO] Logging to: https://wandb.ai/kriaz-msee20seecs-nust/ugttt-rebuttal/runs/1p8cxde0
tinker_cookbook.utils.ml_log:143 [INFO] Wrote metrics to logs/aws/wave1-rerun/ac1-base-seed3/metrics.jsonl
tinker_cookbook.utils.ml_log:240 [INFO] Logging to: https://wandb.ai/kriaz-msee20seecs-nust/ugttt-rebuttal/runs/1p8cxde0
tinker_cookbook.utils.ml_log:143 [INFO] Wrote metrics to logs/aws/wave1-rerun/ac1-base-seed3/metrics.jsonl
tinker_cookbook.utils.ml_log:240 [INFO] Logging to: https://wandb.ai/kriaz-msee20seecs-nust/ugttt-rebuttal/runs/1p8cxde0
tinker_cookbook.utils.ml_log:143 [INFO] Wrote metrics to logs/aws/wave1-rerun/ac1-base-seed3/metrics.jsonl
tinker_cookbook.utils.ml_log:240 [INFO] Logging to: https://wandb.ai/kriaz-msee20seecs-nust/ugttt-rebuttal/runs/1p8cxde0
tinker_cookbook.utils.ml_log:143 [INFO] Wrote metrics to logs/aws/wave1-rerun/ac1-base-seed3/metrics.jsonl
tinker_cookbook.utils.ml_log:240 [INFO] Logging to: https://wandb.ai/kriaz-msee20seecs-nust/ugttt-rebuttal/runs/1p8cxde0
tinker_cookbook.utils.ml_log:143 [INFO] Wrote metrics to logs/aws/wave1-rerun/ac1-base-seed3/metrics.jsonl
tinker_cookbook.utils.ml_log:240 [INFO] Logging to: https://wandb.ai/kriaz-msee20seecs-nust/ugttt-rebuttal/runs/1p8cxde0
tinker_cookbook.utils.ml_log:143 [INFO] Wrote metrics to logs/aws/wave1-rerun/ac1-base-seed3/metrics.jsonl
tinker_cookbook.utils.ml_log:240 [INFO] Logging to: https://wandb.ai/kriaz-msee20seecs-nust/ugttt-rebuttal/runs/1p8cxde0
__main__:1949 [INFO]   [0][4/8] KEPT | R_exec=0.3204 (max=0.5393) RMI=0.0000 R_total=0.3204 | 2146.6s | GPU: 18.0/60.9GB
tinker_cookbook.utils.ml_log:143 [INFO] Wrote metrics to logs/aws/wave1-rerun/ac1-base-seed3/metrics.jsonl
tinker_cookbook.utils.ml_log:240 [INFO] Logging to: https://wandb.ai/kriaz-msee20seecs-nust/ugttt-rebuttal/runs/1p8cxde0
tinker_cookbook.rl.ensemble:1082 [INFO]   generate_batch_multi_adapter_two_phase: N=8 phase1_max=26000 streaming_mi=False kv_q=False
tinker_cookbook.rl.ensemble:1270 [INFO]     [gen/p1] step=2048/24055 active=8/8 mi_stopped=0
tinker_cookbook.rl.ensemble:1270 [INFO]     [gen/p1] step=4096/24055 active=8/8 mi_stopped=0
tinker_cookbook.rl.ensemble:1270 [INFO]     [gen/p1] step=6144/24055 active=8/8 mi_stopped=0
tinker_cookbook.rl.ensemble:1270 [INFO]     [gen/p1] step=8192/24055 active=7/8 mi_stopped=0
tinker_cookbook.rl.ensemble:1270 [INFO]     [gen/p1] step=10240/24055 active=1/8 mi_stopped=0
__main__:1078 [INFO]   Group 4: multi-adapter generation 8 seqs in 916.1s
__main__:1108 [INFO]   Group 4: rewards computed in 1001.2s
__main__:1150 [INFO]     [g4][r1/8] adapter=0 R_exec=0.5010 true_MI=0.00000 RMI=0.0000 R_total=0.5010 correct=1 tokens=9625
__main__:1150 [INFO]     [g4][r2/8] adapter=0 R_exec=0.5102 true_MI=0.00000 RMI=0.0000 R_total=0.5102 correct=1 tokens=9848
__main__:1150 [INFO]     [g4][r3/8] adapter=0 R_exec=0.5000 true_MI=0.00000 RMI=0.0000 R_total=0.5000 correct=1 tokens=10159
__main__:1150 [INFO]     [g4][r4/8] adapter=0 R_exec=0.5005 true_MI=0.00000 RMI=0.0000 R_total=0.5005 correct=1 tokens=8646
__main__:1150 [INFO]     [g4][r5/8] adapter=0 R_exec=0.0000 true_MI=0.00000 RMI=0.0000 R_total=0.0000 correct=0 tokens=7242
__main__:1150 [INFO]     [g4][r6/8] adapter=0 R_exec=0.5000 true_MI=0.00000 RMI=0.0000 R_total=0.5000 correct=1 tokens=11167
__main__:1150 [INFO]     [g4][r7/8] adapter=0 R_exec=0.0000 true_MI=0.00000 RMI=0.0000 R_total=0.0000 correct=0 tokens=9734
__main__:1150 [INFO]     [g4][r8/8] adapter=0 R_exec=0.0000 true_MI=0.00000 RMI=0.0000 R_total=0.0000 correct=0 tokens=9108
__main__:1167 [INFO]   [g4] group true_MI: mean=0.00000 std=0.00000 max=0.00000 normalized=[0.00 0.00 0.00 0.00 0.00 0.00 0.00 0.00]
tinker_cookbook.utils.ml_log:143 [INFO] Wrote metrics to logs/aws/wave1-rerun/ac1-base-seed3/metrics.jsonl
tinker_cookbook.utils.ml_log:240 [INFO] Logging to: https://wandb.ai/kriaz-msee20seecs-nust/ugttt-rebuttal/runs/1p8cxde0
tinker_cookbook.utils.ml_log:143 [INFO] Wrote metrics to logs/aws/wave1-rerun/ac1-base-seed3/metrics.jsonl
tinker_cookbook.utils.ml_log:240 [INFO] Logging to: https://wandb.ai/kriaz-msee20seecs-nust/ugttt-rebuttal/runs/1p8cxde0
tinker_cookbook.utils.ml_log:143 [INFO] Wrote metrics to logs/aws/wave1-rerun/ac1-base-seed3/metrics.jsonl
tinker_cookbook.utils.ml_log:240 [INFO] Logging to: https://wandb.ai/kriaz-msee20seecs-nust/ugttt-rebuttal/runs/1p8cxde0
tinker_cookbook.utils.ml_log:143 [INFO] Wrote metrics to logs/aws/wave1-rerun/ac1-base-seed3/metrics.jsonl
tinker_cookbook.utils.ml_log:240 [INFO] Logging to: https://wandb.ai/kriaz-msee20seecs-nust/ugttt-rebuttal/runs/1p8cxde0
tinker_cookbook.utils.ml_log:143 [INFO] Wrote metrics to logs/aws/wave1-rerun/ac1-base-seed3/metrics.jsonl
tinker_cookbook.utils.ml_log:240 [INFO] Logging to: https://wandb.ai/kriaz-msee20seecs-nust/ugttt-rebuttal/runs/1p8cxde0
tinker_cookbook.utils.ml_log:143 [INFO] Wrote metrics to logs/aws/wave1-rerun/ac1-base-seed3/metrics.jsonl
tinker_cookbook.utils.ml_log:240 [INFO] Logging to: https://wandb.ai/kriaz-msee20seecs-nust/ugttt-rebuttal/runs/1p8cxde0
tinker_cookbook.utils.ml_log:143 [INFO] Wrote metrics to logs/aws/wave1-rerun/ac1-base-seed3/metrics.jsonl
tinker_cookbook.utils.ml_log:240 [INFO] Logging to: https://wandb.ai/kriaz-msee20seecs-nust/ugttt-rebuttal/runs/1p8cxde0
tinker_cookbook.utils.ml_log:143 [INFO] Wrote metrics to logs/aws/wave1-rerun/ac1-base-seed3/metrics.jsonl
tinker_cookbook.utils.ml_log:240 [INFO] Logging to: https://wandb.ai/kriaz-msee20seecs-nust/ugttt-rebuttal/runs/1p8cxde0
__main__:1949 [INFO]   [0][5/8] KEPT | R_exec=0.3140 (max=0.5102) RMI=0.0000 R_total=0.3140 | 1917.3s | GPU: 18.0/60.6GB
tinker_cookbook.utils.ml_log:143 [INFO] Wrote metrics to logs/aws/wave1-rerun/ac1-base-seed3/metrics.jsonl
tinker_cookbook.utils.ml_log:240 [INFO] Logging to: https://wandb.ai/kriaz-msee20seecs-nust/ugttt-rebuttal/runs/1p8cxde0
tinker_cookbook.rl.ensemble:1082 [INFO]   generate_batch_multi_adapter_two_phase: N=8 phase1_max=26000 streaming_mi=False kv_q=False
tinker_cookbook.rl.ensemble:1270 [INFO]     [gen/p1] step=2048/24055 active=8/8 mi_stopped=0
tinker_cookbook.rl.ensemble:1270 [INFO]     [gen/p1] step=4096/24055 active=8/8 mi_stopped=0
tinker_cookbook.rl.ensemble:1270 [INFO]     [gen/p1] step=6144/24055 active=8/8 mi_stopped=0
tinker_cookbook.rl.ensemble:1270 [INFO]     [gen/p1] step=8192/24055 active=3/8 mi_stopped=0
tinker_cookbook.rl.ensemble:1270 [INFO]     [gen/p1] step=10240/24055 active=2/8 mi_stopped=0
tinker_cookbook.rl.ensemble:1270 [INFO]     [gen/p1] step=12288/24055 active=1/8 mi_stopped=0
__main__:1078 [INFO]   Group 5: multi-adapter generation 8 seqs in 1078.3s
__main__:1108 [INFO]   Group 5: rewards computed in 1005.3s
__main__:1150 [INFO]     [g5][r1/8] adapter=0 R_exec=0.5000 true_MI=0.00000 RMI=0.0000 R_total=0.5000 correct=1 tokens=12498
__main__:1150 [INFO]     [g5][r2/8] adapter=0 R_exec=0.0000 true_MI=0.00000 RMI=0.0000 R_total=0.0000 correct=0 tokens=7901
__main__:1150 [INFO]     [g5][r3/8] adapter=0 R_exec=0.6586 true_MI=0.00000 RMI=0.0000 R_total=0.6586 correct=1 tokens=8953
__main__:1150 [INFO]     [g5][r4/8] adapter=0 R_exec=0.0000 true_MI=0.00000 RMI=0.0000 R_total=0.0000 correct=0 tokens=7711
__main__:1150 [INFO]     [g5][r5/8] adapter=0 R_exec=0.0000 true_MI=0.00000 RMI=0.0000 R_total=0.0000 correct=0 tokens=8013
__main__:1150 [INFO]     [g5][r6/8] adapter=0 R_exec=0.5001 true_MI=0.00000 RMI=0.0000 R_total=0.5001 correct=1 tokens=7969
__main__:1150 [INFO]     [g5][r7/8] adapter=0 R_exec=0.5000 true_MI=0.00000 RMI=0.0000 R_total=0.5000 correct=1 tokens=7883
__main__:1150 [INFO]     [g5][r8/8] adapter=0 R_exec=0.0000 true_MI=0.00000 RMI=0.0000 R_total=0.0000 correct=0 tokens=10518
__main__:1167 [INFO]   [g5] group true_MI: mean=0.00000 std=0.00000 max=0.00000 normalized=[0.00 0.00 0.00 0.00 0.00 0.00 0.00 0.00]
tinker_cookbook.utils.ml_log:143 [INFO] Wrote metrics to logs/aws/wave1-rerun/ac1-base-seed3/metrics.jsonl
tinker_cookbook.utils.ml_log:240 [INFO] Logging to: https://wandb.ai/kriaz-msee20seecs-nust/ugttt-rebuttal/runs/1p8cxde0
tinker_cookbook.utils.ml_log:143 [INFO] Wrote metrics to logs/aws/wave1-rerun/ac1-base-seed3/metrics.jsonl
tinker_cookbook.utils.ml_log:240 [INFO] Logging to: https://wandb.ai/kriaz-msee20seecs-nust/ugttt-rebuttal/runs/1p8cxde0
tinker_cookbook.utils.ml_log:143 [INFO] Wrote metrics to logs/aws/wave1-rerun/ac1-base-seed3/metrics.jsonl
tinker_cookbook.utils.ml_log:240 [INFO] Logging to: https://wandb.ai/kriaz-msee20seecs-nust/ugttt-rebuttal/runs/1p8cxde0
tinker_cookbook.utils.ml_log:143 [INFO] Wrote metrics to logs/aws/wave1-rerun/ac1-base-seed3/metrics.jsonl
tinker_cookbook.utils.ml_log:240 [INFO] Logging to: https://wandb.ai/kriaz-msee20seecs-nust/ugttt-rebuttal/runs/1p8cxde0
tinker_cookbook.utils.ml_log:143 [INFO] Wrote metrics to logs/aws/wave1-rerun/ac1-base-seed3/metrics.jsonl
tinker_cookbook.utils.ml_log:240 [INFO] Logging to: https://wandb.ai/kriaz-msee20seecs-nust/ugttt-rebuttal/runs/1p8cxde0
tinker_cookbook.utils.ml_log:143 [INFO] Wrote metrics to logs/aws/wave1-rerun/ac1-base-seed3/metrics.jsonl
tinker_cookbook.utils.ml_log:240 [INFO] Logging to: https://wandb.ai/kriaz-msee20seecs-nust/ugttt-rebuttal/runs/1p8cxde0
tinker_cookbook.utils.ml_log:143 [INFO] Wrote metrics to logs/aws/wave1-rerun/ac1-base-seed3/metrics.jsonl
tinker_cookbook.utils.ml_log:240 [INFO] Logging to: https://wandb.ai/kriaz-msee20seecs-nust/ugttt-rebuttal/runs/1p8cxde0
tinker_cookbook.utils.ml_log:143 [INFO] Wrote metrics to logs/aws/wave1-rerun/ac1-base-seed3/metrics.jsonl
tinker_cookbook.utils.ml_log:240 [INFO] Logging to: https://wandb.ai/kriaz-msee20seecs-nust/ugttt-rebuttal/runs/1p8cxde0
__main__:1949 [INFO]   [0][6/8] KEPT | R_exec=0.2698 (max=0.6586) RMI=0.0000 R_total=0.2698 | 2083.7s | GPU: 18.0/60.8GB
tinker_cookbook.utils.ml_log:143 [INFO] Wrote metrics to logs/aws/wave1-rerun/ac1-base-seed3/metrics.jsonl
tinker_cookbook.utils.ml_log:240 [INFO] Logging to: https://wandb.ai/kriaz-msee20seecs-nust/ugttt-rebuttal/runs/1p8cxde0
tinker_cookbook.rl.ensemble:1082 [INFO]   generate_batch_multi_adapter_two_phase: N=8 phase1_max=26000 streaming_mi=False kv_q=False
tinker_cookbook.rl.ensemble:1270 [INFO]     [gen/p1] step=2048/24055 active=8/8 mi_stopped=0
tinker_cookbook.rl.ensemble:1270 [INFO]     [gen/p1] step=4096/24055 active=8/8 mi_stopped=0
tinker_cookbook.rl.ensemble:1270 [INFO]     [gen/p1] step=6144/24055 active=7/8 mi_stopped=0
tinker_cookbook.rl.ensemble:1270 [INFO]     [gen/p1] step=8192/24055 active=4/8 mi_stopped=0
__main__:1078 [INFO]   Group 6: multi-adapter generation 8 seqs in 735.7s
__main__:1108 [INFO]   Group 6: rewards computed in 1006.7s
__main__:1150 [INFO]     [g6][r1/8] adapter=0 R_exec=0.5043 true_MI=0.00000 RMI=0.0000 R_total=0.5043 correct=1 tokens=9565
__main__:1150 [INFO]     [g6][r2/8] adapter=0 R_exec=0.5080 true_MI=0.00000 RMI=0.0000 R_total=0.5080 correct=1 tokens=9583
__main__:1150 [INFO]     [g6][r3/8] adapter=0 R_exec=0.5013 true_MI=0.00000 RMI=0.0000 R_total=0.5013 correct=1 tokens=7847
__main__:1150 [INFO]     [g6][r4/8] adapter=0 R_exec=0.0000 true_MI=0.00000 RMI=0.0000 R_total=0.0000 correct=0 tokens=8882
__main__:1150 [INFO]     [g6][r5/8] adapter=0 R_exec=0.0000 true_MI=0.00000 RMI=0.0000 R_total=0.0000 correct=0 tokens=7375
__main__:1150 [INFO]     [g6][r6/8] adapter=0 R_exec=0.4981 true_MI=0.00000 RMI=0.0000 R_total=0.4981 correct=1 tokens=6884
__main__:1150 [INFO]     [g6][r7/8] adapter=0 R_exec=0.5002 true_MI=0.00000 RMI=0.0000 R_total=0.5002 correct=1 tokens=9286
__main__:1150 [INFO]     [g6][r8/8] adapter=0 R_exec=0.6580 true_MI=0.00000 RMI=0.0000 R_total=0.6580 correct=1 tokens=5210
__main__:1167 [INFO]   [g6] group true_MI: mean=0.00000 std=0.00000 max=0.00000 normalized=[0.00 0.00 0.00 0.00 0.00 0.00 0.00 0.00]
tinker_cookbook.utils.ml_log:143 [INFO] Wrote metrics to logs/aws/wave1-rerun/ac1-base-seed3/metrics.jsonl
tinker_cookbook.utils.ml_log:240 [INFO] Logging to: https://wandb.ai/kriaz-msee20seecs-nust/ugttt-rebuttal/runs/1p8cxde0
tinker_cookbook.utils.ml_log:143 [INFO] Wrote metrics to logs/aws/wave1-rerun/ac1-base-seed3/metrics.jsonl
tinker_cookbook.utils.ml_log:240 [INFO] Logging to: https://wandb.ai/kriaz-msee20seecs-nust/ugttt-rebuttal/runs/1p8cxde0
tinker_cookbook.utils.ml_log:143 [INFO] Wrote metrics to logs/aws/wave1-rerun/ac1-base-seed3/metrics.jsonl
tinker_cookbook.utils.ml_log:240 [INFO] Logging to: https://wandb.ai/kriaz-msee20seecs-nust/ugttt-rebuttal/runs/1p8cxde0
tinker_cookbook.utils.ml_log:143 [INFO] Wrote metrics to logs/aws/wave1-rerun/ac1-base-seed3/metrics.jsonl
tinker_cookbook.utils.ml_log:240 [INFO] Logging to: https://wandb.ai/kriaz-msee20seecs-nust/ugttt-rebuttal/runs/1p8cxde0
tinker_cookbook.utils.ml_log:143 [INFO] Wrote metrics to logs/aws/wave1-rerun/ac1-base-seed3/metrics.jsonl
tinker_cookbook.utils.ml_log:240 [INFO] Logging to: https://wandb.ai/kriaz-msee20seecs-nust/ugttt-rebuttal/runs/1p8cxde0
tinker_cookbook.utils.ml_log:143 [INFO] Wrote metrics to logs/aws/wave1-rerun/ac1-base-seed3/metrics.jsonl
tinker_cookbook.utils.ml_log:240 [INFO] Logging to: https://wandb.ai/kriaz-msee20seecs-nust/ugttt-rebuttal/runs/1p8cxde0
tinker_cookbook.utils.ml_log:143 [INFO] Wrote metrics to logs/aws/wave1-rerun/ac1-base-seed3/metrics.jsonl
tinker_cookbook.utils.ml_log:240 [INFO] Logging to: https://wandb.ai/kriaz-msee20seecs-nust/ugttt-rebuttal/runs/1p8cxde0
tinker_cookbook.utils.ml_log:143 [INFO] Wrote metrics to logs/aws/wave1-rerun/ac1-base-seed3/metrics.jsonl
tinker_cookbook.utils.ml_log:240 [INFO] Logging to: https://wandb.ai/kriaz-msee20seecs-nust/ugttt-rebuttal/runs/1p8cxde0
__main__:1949 [INFO]   [0][7/8] KEPT | R_exec=0.3962 (max=0.6580) RMI=0.0000 R_total=0.3962 | 1742.5s | GPU: 18.0/60.4GB
tinker_cookbook.utils.ml_log:143 [INFO] Wrote metrics to logs/aws/wave1-rerun/ac1-base-seed3/metrics.jsonl
tinker_cookbook.utils.ml_log:240 [INFO] Logging to: https://wandb.ai/kriaz-msee20seecs-nust/ugttt-rebuttal/runs/1p8cxde0
tinker_cookbook.rl.ensemble:1082 [INFO]   generate_batch_multi_adapter_two_phase: N=8 phase1_max=26000 streaming_mi=False kv_q=False
tinker_cookbook.rl.ensemble:1270 [INFO]     [gen/p1] step=2048/24055 active=8/8 mi_stopped=0
tinker_cookbook.rl.ensemble:1270 [INFO]     [gen/p1] step=4096/24055 active=8/8 mi_stopped=0
tinker_cookbook.rl.ensemble:1270 [INFO]     [gen/p1] step=6144/24055 active=8/8 mi_stopped=0
tinker_cookbook.rl.ensemble:1270 [INFO]     [gen/p1] step=8192/24055 active=6/8 mi_stopped=0
tinker_cookbook.rl.ensemble:1270 [INFO]     [gen/p1] step=10240/24055 active=4/8 mi_stopped=0
tinker_cookbook.rl.ensemble:1270 [INFO]     [gen/p1] step=12288/24055 active=1/8 mi_stopped=0
__main__:1078 [INFO]   Group 7: multi-adapter generation 8 seqs in 1089.4s
__main__:1108 [INFO]   Group 7: rewards computed in 1005.6s
__main__:1150 [INFO]     [g7][r1/8] adapter=0 R_exec=0.0000 true_MI=0.00000 RMI=0.0000 R_total=0.0000 correct=0 tokens=6977
__main__:1150 [INFO]     [g7][r2/8] adapter=0 R_exec=0.5018 true_MI=0.00000 RMI=0.0000 R_total=0.5018 correct=1 tokens=12546
__main__:1150 [INFO]     [g7][r3/8] adapter=0 R_exec=0.5000 true_MI=0.00000 RMI=0.0000 R_total=0.5000 correct=1 tokens=9643
__main__:1150 [INFO]     [g7][r4/8] adapter=0 R_exec=0.5000 true_MI=0.00000 RMI=0.0000 R_total=0.5000 correct=1 tokens=11596
__main__:1150 [INFO]     [g7][r5/8] adapter=0 R_exec=0.0000 true_MI=0.00000 RMI=0.0000 R_total=0.0000 correct=0 tokens=10315
__main__:1150 [INFO]     [g7][r6/8] adapter=0 R_exec=0.0000 true_MI=0.00000 RMI=0.0000 R_total=0.0000 correct=0 tokens=9716
__main__:1150 [INFO]     [g7][r7/8] adapter=0 R_exec=0.0000 true_MI=0.00000 RMI=0.0000 R_total=0.0000 correct=0 tokens=10272
__main__:1150 [INFO]     [g7][r8/8] adapter=0 R_exec=0.0000 true_MI=0.00000 RMI=0.0000 R_total=0.0000 correct=0 tokens=8104
__main__:1167 [INFO]   [g7] group true_MI: mean=0.00000 std=0.00000 max=0.00000 normalized=[0.00 0.00 0.00 0.00 0.00 0.00 0.00 0.00]
tinker_cookbook.utils.ml_log:143 [INFO] Wrote metrics to logs/aws/wave1-rerun/ac1-base-seed3/metrics.jsonl
tinker_cookbook.utils.ml_log:240 [INFO] Logging to: https://wandb.ai/kriaz-msee20seecs-nust/ugttt-rebuttal/runs/1p8cxde0
tinker_cookbook.utils.ml_log:143 [INFO] Wrote metrics to logs/aws/wave1-rerun/ac1-base-seed3/metrics.jsonl
tinker_cookbook.utils.ml_log:240 [INFO] Logging to: https://wandb.ai/kriaz-msee20seecs-nust/ugttt-rebuttal/runs/1p8cxde0
tinker_cookbook.utils.ml_log:143 [INFO] Wrote metrics to logs/aws/wave1-rerun/ac1-base-seed3/metrics.jsonl
tinker_cookbook.utils.ml_log:240 [INFO] Logging to: https://wandb.ai/kriaz-msee20seecs-nust/ugttt-rebuttal/runs/1p8cxde0
tinker_cookbook.utils.ml_log:143 [INFO] Wrote metrics to logs/aws/wave1-rerun/ac1-base-seed3/metrics.jsonl
tinker_cookbook.utils.ml_log:240 [INFO] Logging to: https://wandb.ai/kriaz-msee20seecs-nust/ugttt-rebuttal/runs/1p8cxde0
tinker_cookbook.utils.ml_log:143 [INFO] Wrote metrics to logs/aws/wave1-rerun/ac1-base-seed3/metrics.jsonl
tinker_cookbook.utils.ml_log:240 [INFO] Logging to: https://wandb.ai/kriaz-msee20seecs-nust/ugttt-rebuttal/runs/1p8cxde0
tinker_cookbook.utils.ml_log:143 [INFO] Wrote metrics to logs/aws/wave1-rerun/ac1-base-seed3/metrics.jsonl
tinker_cookbook.utils.ml_log:240 [INFO] Logging to: https://wandb.ai/kriaz-msee20seecs-nust/ugttt-rebuttal/runs/1p8cxde0
tinker_cookbook.utils.ml_log:143 [INFO] Wrote metrics to logs/aws/wave1-rerun/ac1-base-seed3/metrics.jsonl
tinker_cookbook.utils.ml_log:240 [INFO] Logging to: https://wandb.ai/kriaz-msee20seecs-nust/ugttt-rebuttal/runs/1p8cxde0
tinker_cookbook.utils.ml_log:143 [INFO] Wrote metrics to logs/aws/wave1-rerun/ac1-base-seed3/metrics.jsonl
tinker_cookbook.utils.ml_log:240 [INFO] Logging to: https://wandb.ai/kriaz-msee20seecs-nust/ugttt-rebuttal/runs/1p8cxde0
__main__:1949 [INFO]   [0][8/8] KEPT | R_exec=0.1877 (max=0.5018) RMI=0.0000 R_total=0.1877 | 2095.1s | GPU: 18.0/60.8GB
tinker_cookbook.utils.ml_log:143 [INFO] Wrote metrics to logs/aws/wave1-rerun/ac1-base-seed3/metrics.jsonl
tinker_cookbook.utils.ml_log:240 [INFO] Logging to: https://wandb.ai/kriaz-msee20seecs-nust/ugttt-rebuttal/runs/1p8cxde0
__main__:1988 [INFO] [Epoch 0] Rollout phase done in 15794.2s. Training on 8/8 groups...
tinker_cookbook.utils.ml_log:143 [INFO] Wrote metrics to logs/aws/wave1-rerun/ac1-base-seed3/metrics.jsonl
tinker_cookbook.utils.ml_log:195 [INFO] 
┏━━━━━━━━━━━━━━━━━━━━━━━━━━━━━━━━┳━━━━━━━━━━━━━━┓
┃ Metric                         ┃ Value        ┃
┡━━━━━━━━━━━━━━━━━━━━━━━━━━━━━━━━╇━━━━━━━━━━━━━━┩
│ gpu/memory_allocated_gb        │ 18.092511    │
│ gpu/memory_peak_gb             │ 60.176159    │
│ gpu/memory_reserved_gb         │ 18.121490    │
│ kl_policy_base                 │ 0.002857     │
│ optim/entropy                  │ 0.550664     │
│ optim/kl_sample_train_v1       │ 0.000124     │
│ optim/kl_sample_train_v2       │ 0.000131     │
│ progress/done_frac             │ 0.166667     │
│ progress/epoch                 │ 0            │
│ rollout/groups_attempted       │ 8.000000     │
│ rollout/groups_filtered        │ 0.000000     │
│ rollout/groups_kept            │ 8.000000     │
│ rollout/intra_group_reward_std │ 0.253329     │
│ time/rollout                   │ 15794.152559 │
│ time/total                     │ 16065.212029 │
│ time/train                     │ 270.866571   │
│ train/advantage/max            │ 8.111341     │
│ train/advantage/mean           │ 0.345802     │
│ train/advantage/min            │ -1.000000    │
│ train/advantage/std            │ 2.133251     │
│ train/beta/mean                │ 45.469945    │
│ train/beta/std                 │ 58.330385    │
│ train/correctness/mean         │ 0.531250     │
│ train/correctness/rate         │ 0.531250     │
│ train/ensemble/frac_high_disa… │ 0.000000     │
│ train/ensemble/max_token_disa… │ nan          │
│ train/ensemble/member_logprob… │ 0.000000     │
│ train/ensemble/member_logprob… │ nan          │
│ train/gamma_eff/mean           │ 0.000000     │
│ train/gen/num_tokens/max       │ 12977.000000 │
│ train/gen/num_tokens/mean      │ 9129.031250  │
│ train/gen/num_tokens/std       │ 1574.043181  │
│ train/loss                     │ -0.345851    │
│ train/nnm_loss                 │ 0.000000     │
│ train/nnm_nuclear_norm         │ 0.000000     │
│ train/num_groups               │ 8.000000     │
│ train/num_rollouts             │ 64.000000    │
│ train/num_rollouts_total       │ 64.000000    │
│ train/reward/exec/best         │ 0.658609     │
│ train/reward/exec/max          │ 0.658609     │
│ train/reward/exec/mean         │ 0.276985     │
│ train/reward/exec/min          │ 0.000000     │
│ train/reward/exec/std          │ 0.262572     │
│ train/reward/rmi/max           │ 0.000000     │
│ train/reward/rmi/mean          │ 0.000000     │
│ train/reward/rmi/min           │ 0.000000     │
│ train/reward/rmi/std           │ 0.000000     │
│ train/reward/total/best        │ 0.658609     │
│ train/reward/total/max         │ 0.658609     │
│ train/reward/total/mean        │ 0.276985     │
│ train/reward/total/min         │ 0.000000     │
│ train/reward/total/std         │ 0.262572     │
│ train/streaming_mi/stop_rate   │ 0.000000     │
│ train/streaming_mi/tokens_sav… │ 0.000000     │
│ train/streaming_mi/tokens_sav… │ 0.000000     │
│ train/two_phase/phase1_tokens… │ 9129.031250  │
│ train/two_phase/phase2_tokens… │ 0.000000     │
│ train/two_phase/prefill_rate   │ 0.000000     │
│ train/uncertainty/predictive_… │ 0.000000     │
│ train/uncertainty/predictive_… │ 0.000000     │
│ train/uncertainty/predictive_… │ 0.000000     │
│ train/uncertainty/predictive_… │ 0.000000     │
│ train/uncertainty/predictive_… │ 0.000000     │
│ train/uncertainty/predictive_… │ 0.000000     │
│ train/uncertainty/predictive_… │ 0.000000     │
│ train/uncertainty/predictive_… │ 0.000000     │
│ train/uncertainty/rmi/max      │ 0.000000     │
│ train/uncertainty/rmi/mean     │ 0.000000     │
│ train/uncertainty/rmi/min      │ 0.000000     │
│ train/uncertainty/rmi/std      │ 0.000000     │
│ train/uncertainty/rmi_top7/max │ 0.000000     │
│ train/uncertainty/rmi_top7/me… │ 0.000000     │
│ train/uncertainty/rmi_top7/min │ 0.000000     │
│ train/uncertainty/rmi_top7/std │ 0.000000     │
│ train/uncertainty/top7_mi_cod… │ 0.000000     │
│ train/uncertainty/top7_mi_cod… │ 0.000000     │
│ train/uncertainty/top7_mi_thi… │ 0.000000     │
│ train/uncertainty/top7_mi_thi… │ 0.000000     │
│ train/uncertainty/top7_pct_co… │ 0.000000     │
│ train/uncertainty/top7_pct_co… │ 0.000000     │
│ train/uncertainty/top7_pct_th… │ 1.000000     │
│ train/uncertainty/top7_pct_th… │ 0.000000     │
│ train/uncertainty/true_mi/max  │ 0.000000     │
│ train/uncertainty/true_mi/mean │ 0.000000     │
│ train/uncertainty/true_mi/min  │ 0.000000     │
│ train/uncertainty/true_mi/std  │ 0.000000     │
│ train/uncertainty/variance/max │ nan          │
│ train/uncertainty/variance/me… │ nan          │
│ train/uncertainty/variance/min │ nan          │
│ train/uncertainty/variance/std │ nan          │
│ train/uncertainty/variance_to… │ nan          │
│ train/uncertainty/variance_to… │ nan          │
│ train/uncertainty/variance_to… │ nan          │
│ train/uncertainty/variance_to… │ nan          │
└────────────────────────────────┴──────────────┘
tinker_cookbook.utils.ml_log:240 [INFO] Logging to: https://wandb.ai/kriaz-msee20seecs-nust/ugttt-rebuttal/runs/1p8cxde0
__main__:2062 [INFO] [Epoch 0] R_exec=0.2770 (max=0.6586 best=0.6586) RMI=0.0000 beta=45.47 corr=53.1% loss=-0.3459 groups=8/8 time=16065.2s
__main__:1836 [INFO] [Epoch 1/6] Starting rollout phase: 8 groups × 8 rollouts
tinker_cookbook.rl.ensemble:1082 [INFO]   generate_batch_multi_adapter_two_phase: N=8 phase1_max=26000 streaming_mi=False kv_q=False
tinker_cookbook.rl.ensemble:1270 [INFO]     [gen/p1] step=2048/24055 active=8/8 mi_stopped=0
tinker_cookbook.rl.ensemble:1270 [INFO]     [gen/p1] step=4096/24055 active=8/8 mi_stopped=0
tinker_cookbook.rl.ensemble:1270 [INFO]     [gen/p1] step=6144/24055 active=8/8 mi_stopped=0
tinker_cookbook.rl.ensemble:1270 [INFO]     [gen/p1] step=8192/24055 active=3/8 mi_stopped=0
__main__:1078 [INFO]   Group 0: multi-adapter generation 8 seqs in 796.4s
__main__:1108 [INFO]   Group 0: rewards computed in 1005.2s
__main__:1150 [INFO]     [g0][r1/8] adapter=0 R_exec=0.6363 true_MI=0.00000 RMI=0.0000 R_total=0.6363 correct=1 tokens=7990
__main__:1150 [INFO]     [g0][r2/8] adapter=0 R_exec=0.6395 true_MI=0.00000 RMI=0.0000 R_total=0.6395 correct=1 tokens=7300
__main__:1150 [INFO]     [g0][r3/8] adapter=0 R_exec=0.6582 true_MI=0.00000 RMI=0.0000 R_total=0.6582 correct=1 tokens=8857
__main__:1150 [INFO]     [g0][r4/8] adapter=0 R_exec=0.0000 true_MI=0.00000 RMI=0.0000 R_total=0.0000 correct=0 tokens=7308
__main__:1150 [INFO]     [g0][r5/8] adapter=0 R_exec=0.0000 true_MI=0.00000 RMI=0.0000 R_total=0.0000 correct=0 tokens=10161
__main__:1150 [INFO]     [g0][r6/8] adapter=0 R_exec=0.0000 true_MI=0.00000 RMI=0.0000 R_total=0.0000 correct=0 tokens=7371
__main__:1150 [INFO]     [g0][r7/8] adapter=0 R_exec=0.4819 true_MI=0.00000 RMI=0.0000 R_total=0.4819 correct=1 tokens=8866
__main__:1150 [INFO]     [g0][r8/8] adapter=0 R_exec=0.0000 true_MI=0.00000 RMI=0.0000 R_total=0.0000 correct=0 tokens=7391
__main__:1167 [INFO]   [g0] group true_MI: mean=0.00000 std=0.00000 max=0.00000 normalized=[0.00 0.00 0.00 0.00 0.00 0.00 0.00 0.00]
tinker_cookbook.utils.ml_log:143 [INFO] Wrote metrics to logs/aws/wave1-rerun/ac1-base-seed3/metrics.jsonl
tinker_cookbook.utils.ml_log:240 [INFO] Logging to: https://wandb.ai/kriaz-msee20seecs-nust/ugttt-rebuttal/runs/1p8cxde0
tinker_cookbook.utils.ml_log:143 [INFO] Wrote metrics to logs/aws/wave1-rerun/ac1-base-seed3/metrics.jsonl
tinker_cookbook.utils.ml_log:240 [INFO] Logging to: https://wandb.ai/kriaz-msee20seecs-nust/ugttt-rebuttal/runs/1p8cxde0
tinker_cookbook.utils.ml_log:143 [INFO] Wrote metrics to logs/aws/wave1-rerun/ac1-base-seed3/metrics.jsonl
tinker_cookbook.utils.ml_log:240 [INFO] Logging to: https://wandb.ai/kriaz-msee20seecs-nust/ugttt-rebuttal/runs/1p8cxde0
tinker_cookbook.utils.ml_log:143 [INFO] Wrote metrics to logs/aws/wave1-rerun/ac1-base-seed3/metrics.jsonl
tinker_cookbook.utils.ml_log:240 [INFO] Logging to: https://wandb.ai/kriaz-msee20seecs-nust/ugttt-rebuttal/runs/1p8cxde0
tinker_cookbook.utils.ml_log:143 [INFO] Wrote metrics to logs/aws/wave1-rerun/ac1-base-seed3/metrics.jsonl
tinker_cookbook.utils.ml_log:240 [INFO] Logging to: https://wandb.ai/kriaz-msee20seecs-nust/ugttt-rebuttal/runs/1p8cxde0
tinker_cookbook.utils.ml_log:143 [INFO] Wrote metrics to logs/aws/wave1-rerun/ac1-base-seed3/metrics.jsonl
tinker_cookbook.utils.ml_log:240 [INFO] Logging to: https://wandb.ai/kriaz-msee20seecs-nust/ugttt-rebuttal/runs/1p8cxde0
tinker_cookbook.utils.ml_log:143 [INFO] Wrote metrics to logs/aws/wave1-rerun/ac1-base-seed3/metrics.jsonl
tinker_cookbook.utils.ml_log:240 [INFO] Logging to: https://wandb.ai/kriaz-msee20seecs-nust/ugttt-rebuttal/runs/1p8cxde0
tinker_cookbook.utils.ml_log:143 [INFO] Wrote metrics to logs/aws/wave1-rerun/ac1-base-seed3/metrics.jsonl
tinker_cookbook.utils.ml_log:240 [INFO] Logging to: https://wandb.ai/kriaz-msee20seecs-nust/ugttt-rebuttal/runs/1p8cxde0
__main__:1949 [INFO]   [1][1/8] KEPT | R_exec=0.3020 (max=0.6582) RMI=0.0000 R_total=0.3020 | 1801.7s | GPU: 18.1/60.7GB
tinker_cookbook.utils.ml_log:143 [INFO] Wrote metrics to logs/aws/wave1-rerun/ac1-base-seed3/metrics.jsonl
tinker_cookbook.utils.ml_log:240 [INFO] Logging to: https://wandb.ai/kriaz-msee20seecs-nust/ugttt-rebuttal/runs/1p8cxde0
tinker_cookbook.rl.ensemble:1082 [INFO]   generate_batch_multi_adapter_two_phase: N=8 phase1_max=26000 streaming_mi=False kv_q=False
tinker_cookbook.rl.ensemble:1270 [INFO]     [gen/p1] step=2048/24055 active=8/8 mi_stopped=0
tinker_cookbook.rl.ensemble:1270 [INFO]     [gen/p1] step=4096/24055 active=8/8 mi_stopped=0
tinker_cookbook.rl.ensemble:1270 [INFO]     [gen/p1] step=6144/24055 active=8/8 mi_stopped=0
tinker_cookbook.rl.ensemble:1270 [INFO]     [gen/p1] step=8192/24055 active=7/8 mi_stopped=0
__main__:1078 [INFO]   Group 1: multi-adapter generation 8 seqs in 727.8s
__main__:1108 [INFO]   Group 1: rewards computed in 1005.3s
__main__:1150 [INFO]     [g1][r1/8] adapter=0 R_exec=0.0000 true_MI=0.00000 RMI=0.0000 R_total=0.0000 correct=0 tokens=9415
__main__:1150 [INFO]     [g1][r2/8] adapter=0 R_exec=0.5110 true_MI=0.00000 RMI=0.0000 R_total=0.5110 correct=1 tokens=9518
__main__:1150 [INFO]     [g1][r3/8] adapter=0 R_exec=0.0000 true_MI=0.00000 RMI=0.0000 R_total=0.0000 correct=0 tokens=9416
__main__:1150 [INFO]     [g1][r4/8] adapter=0 R_exec=0.5000 true_MI=0.00000 RMI=0.0000 R_total=0.5000 correct=1 tokens=9287
__main__:1150 [INFO]     [g1][r5/8] adapter=0 R_exec=0.0000 true_MI=0.00000 RMI=0.0000 R_total=0.0000 correct=0 tokens=8582
__main__:1150 [INFO]     [g1][r6/8] adapter=0 R_exec=0.0000 true_MI=0.00000 RMI=0.0000 R_total=0.0000 correct=0 tokens=7785
__main__:1150 [INFO]     [g1][r7/8] adapter=0 R_exec=0.5000 true_MI=0.00000 RMI=0.0000 R_total=0.5000 correct=1 tokens=8984
__main__:1150 [INFO]     [g1][r8/8] adapter=0 R_exec=0.0000 true_MI=0.00000 RMI=0.0000 R_total=0.0000 correct=0 tokens=9225
__main__:1167 [INFO]   [g1] group true_MI: mean=0.00000 std=0.00000 max=0.00000 normalized=[0.00 0.00 0.00 0.00 0.00 0.00 0.00 0.00]
tinker_cookbook.utils.ml_log:143 [INFO] Wrote metrics to logs/aws/wave1-rerun/ac1-base-seed3/metrics.jsonl
tinker_cookbook.utils.ml_log:240 [INFO] Logging to: https://wandb.ai/kriaz-msee20seecs-nust/ugttt-rebuttal/runs/1p8cxde0
tinker_cookbook.utils.ml_log:143 [INFO] Wrote metrics to logs/aws/wave1-rerun/ac1-base-seed3/metrics.jsonl
tinker_cookbook.utils.ml_log:240 [INFO] Logging to: https://wandb.ai/kriaz-msee20seecs-nust/ugttt-rebuttal/runs/1p8cxde0
tinker_cookbook.utils.ml_log:143 [INFO] Wrote metrics to logs/aws/wave1-rerun/ac1-base-seed3/metrics.jsonl
tinker_cookbook.utils.ml_log:240 [INFO] Logging to: https://wandb.ai/kriaz-msee20seecs-nust/ugttt-rebuttal/runs/1p8cxde0
tinker_cookbook.utils.ml_log:143 [INFO] Wrote metrics to logs/aws/wave1-rerun/ac1-base-seed3/metrics.jsonl
tinker_cookbook.utils.ml_log:240 [INFO] Logging to: https://wandb.ai/kriaz-msee20seecs-nust/ugttt-rebuttal/runs/1p8cxde0
tinker_cookbook.utils.ml_log:143 [INFO] Wrote metrics to logs/aws/wave1-rerun/ac1-base-seed3/metrics.jsonl
tinker_cookbook.utils.ml_log:240 [INFO] Logging to: https://wandb.ai/kriaz-msee20seecs-nust/ugttt-rebuttal/runs/1p8cxde0
tinker_cookbook.utils.ml_log:143 [INFO] Wrote metrics to logs/aws/wave1-rerun/ac1-base-seed3/metrics.jsonl
tinker_cookbook.utils.ml_log:240 [INFO] Logging to: https://wandb.ai/kriaz-msee20seecs-nust/ugttt-rebuttal/runs/1p8cxde0
tinker_cookbook.utils.ml_log:143 [INFO] Wrote metrics to logs/aws/wave1-rerun/ac1-base-seed3/metrics.jsonl
tinker_cookbook.utils.ml_log:240 [INFO] Logging to: https://wandb.ai/kriaz-msee20seecs-nust/ugttt-rebuttal/runs/1p8cxde0
tinker_cookbook.utils.ml_log:143 [INFO] Wrote metrics to logs/aws/wave1-rerun/ac1-base-seed3/metrics.jsonl
tinker_cookbook.utils.ml_log:240 [INFO] Logging to: https://wandb.ai/kriaz-msee20seecs-nust/ugttt-rebuttal/runs/1p8cxde0
__main__:1949 [INFO]   [1][2/8] KEPT | R_exec=0.1889 (max=0.5110) RMI=0.0000 R_total=0.1889 | 1733.2s | GPU: 18.1/60.6GB
tinker_cookbook.utils.ml_log:143 [INFO] Wrote metrics to logs/aws/wave1-rerun/ac1-base-seed3/metrics.jsonl
tinker_cookbook.utils.ml_log:240 [INFO] Logging to: https://wandb.ai/kriaz-msee20seecs-nust/ugttt-rebuttal/runs/1p8cxde0
tinker_cookbook.rl.ensemble:1082 [INFO]   generate_batch_multi_adapter_two_phase: N=8 phase1_max=26000 streaming_mi=False kv_q=False
tinker_cookbook.rl.ensemble:1270 [INFO]     [gen/p1] step=2048/24055 active=8/8 mi_stopped=0
tinker_cookbook.rl.ensemble:1270 [INFO]     [gen/p1] step=4096/24055 active=8/8 mi_stopped=0
tinker_cookbook.rl.ensemble:1270 [INFO]     [gen/p1] step=6144/24055 active=8/8 mi_stopped=0
tinker_cookbook.rl.ensemble:1270 [INFO]     [gen/p1] step=8192/24055 active=6/8 mi_stopped=0
tinker_cookbook.rl.ensemble:1270 [INFO]     [gen/p1] step=10240/24055 active=4/8 mi_stopped=0
tinker_cookbook.rl.ensemble:1270 [INFO]     [gen/p1] step=12288/24055 active=1/8 mi_stopped=0
__main__:1078 [INFO]   Group 2: multi-adapter generation 8 seqs in 1208.6s
__main__:1108 [INFO]   Group 2: rewards computed in 993.4s
__main__:1150 [INFO]     [g2][r1/8] adapter=0 R_exec=0.0000 true_MI=0.00000 RMI=0.0000 R_total=0.0000 correct=0 tokens=13446
__main__:1150 [INFO]     [g2][r2/8] adapter=0 R_exec=0.0000 true_MI=0.00000 RMI=0.0000 R_total=0.0000 correct=0 tokens=6835
__main__:1150 [INFO]     [g2][r3/8] adapter=0 R_exec=0.4797 true_MI=0.00000 RMI=0.0000 R_total=0.4797 correct=1 tokens=10771
__main__:1150 [INFO]     [g2][r4/8] adapter=0 R_exec=0.5000 true_MI=0.00000 RMI=0.0000 R_total=0.5000 correct=1 tokens=10778
__main__:1150 [INFO]     [g2][r5/8] adapter=0 R_exec=0.0000 true_MI=0.00000 RMI=0.0000 R_total=0.0000 correct=0 tokens=10144
__main__:1150 [INFO]     [g2][r6/8] adapter=0 R_exec=0.5005 true_MI=0.00000 RMI=0.0000 R_total=0.5005 correct=1 tokens=6709
__main__:1150 [INFO]     [g2][r7/8] adapter=0 R_exec=0.0000 true_MI=0.00000 RMI=0.0000 R_total=0.0000 correct=0 tokens=10080
__main__:1150 [INFO]     [g2][r8/8] adapter=0 R_exec=0.5000 true_MI=0.00000 RMI=0.0000 R_total=0.5000 correct=1 tokens=11122
__main__:1167 [INFO]   [g2] group true_MI: mean=0.00000 std=0.00000 max=0.00000 normalized=[0.00 0.00 0.00 0.00 0.00 0.00 0.00 0.00]
tinker_cookbook.utils.ml_log:143 [INFO] Wrote metrics to logs/aws/wave1-rerun/ac1-base-seed3/metrics.jsonl
tinker_cookbook.utils.ml_log:240 [INFO] Logging to: https://wandb.ai/kriaz-msee20seecs-nust/ugttt-rebuttal/runs/1p8cxde0
tinker_cookbook.utils.ml_log:143 [INFO] Wrote metrics to logs/aws/wave1-rerun/ac1-base-seed3/metrics.jsonl
tinker_cookbook.utils.ml_log:240 [INFO] Logging to: https://wandb.ai/kriaz-msee20seecs-nust/ugttt-rebuttal/runs/1p8cxde0
tinker_cookbook.utils.ml_log:143 [INFO] Wrote metrics to logs/aws/wave1-rerun/ac1-base-seed3/metrics.jsonl
tinker_cookbook.utils.ml_log:240 [INFO] Logging to: https://wandb.ai/kriaz-msee20seecs-nust/ugttt-rebuttal/runs/1p8cxde0
tinker_cookbook.utils.ml_log:143 [INFO] Wrote metrics to logs/aws/wave1-rerun/ac1-base-seed3/metrics.jsonl
tinker_cookbook.utils.ml_log:240 [INFO] Logging to: https://wandb.ai/kriaz-msee20seecs-nust/ugttt-rebuttal/runs/1p8cxde0
tinker_cookbook.utils.ml_log:143 [INFO] Wrote metrics to logs/aws/wave1-rerun/ac1-base-seed3/metrics.jsonl
tinker_cookbook.utils.ml_log:240 [INFO] Logging to: https://wandb.ai/kriaz-msee20seecs-nust/ugttt-rebuttal/runs/1p8cxde0
tinker_cookbook.utils.ml_log:143 [INFO] Wrote metrics to logs/aws/wave1-rerun/ac1-base-seed3/metrics.jsonl
tinker_cookbook.utils.ml_log:240 [INFO] Logging to: https://wandb.ai/kriaz-msee20seecs-nust/ugttt-rebuttal/runs/1p8cxde0
tinker_cookbook.utils.ml_log:143 [INFO] Wrote metrics to logs/aws/wave1-rerun/ac1-base-seed3/metrics.jsonl
tinker_cookbook.utils.ml_log:240 [INFO] Logging to: https://wandb.ai/kriaz-msee20seecs-nust/ugttt-rebuttal/runs/1p8cxde0
tinker_cookbook.utils.ml_log:143 [INFO] Wrote metrics to logs/aws/wave1-rerun/ac1-base-seed3/metrics.jsonl
tinker_cookbook.utils.ml_log:240 [INFO] Logging to: https://wandb.ai/kriaz-msee20seecs-nust/ugttt-rebuttal/runs/1p8cxde0
__main__:1949 [INFO]   [1][3/8] KEPT | R_exec=0.2475 (max=0.5005) RMI=0.0000 R_total=0.2475 | 2202.0s | GPU: 18.1/61.1GB
tinker_cookbook.utils.ml_log:143 [INFO] Wrote metrics to logs/aws/wave1-rerun/ac1-base-seed3/metrics.jsonl
tinker_cookbook.utils.ml_log:240 [INFO] Logging to: https://wandb.ai/kriaz-msee20seecs-nust/ugttt-rebuttal/runs/1p8cxde0
tinker_cookbook.rl.ensemble:1082 [INFO]   generate_batch_multi_adapter_two_phase: N=8 phase1_max=26000 streaming_mi=False kv_q=False
tinker_cookbook.rl.ensemble:1270 [INFO]     [gen/p1] step=2048/24055 active=8/8 mi_stopped=0
tinker_cookbook.rl.ensemble:1270 [INFO]     [gen/p1] step=4096/24055 active=8/8 mi_stopped=0
tinker_cookbook.rl.ensemble:1270 [INFO]     [gen/p1] step=6144/24055 active=8/8 mi_stopped=0
tinker_cookbook.rl.ensemble:1270 [INFO]     [gen/p1] step=8192/24055 active=5/8 mi_stopped=0
tinker_cookbook.rl.ensemble:1270 [INFO]     [gen/p1] step=10240/24055 active=2/8 mi_stopped=0
__main__:1078 [INFO]   Group 3: multi-adapter generation 8 seqs in 943.0s
__main__:1108 [INFO]   Group 3: rewards computed in 1005.5s
__main__:1150 [INFO]     [g3][r1/8] adapter=0 R_exec=0.0000 true_MI=0.00000 RMI=0.0000 R_total=0.0000 correct=0 tokens=7291
__main__:1150 [INFO]     [g3][r2/8] adapter=0 R_exec=0.0000 true_MI=0.00000 RMI=0.0000 R_total=0.0000 correct=0 tokens=8330
__main__:1150 [INFO]     [g3][r3/8] adapter=0 R_exec=0.6585 true_MI=0.00000 RMI=0.0000 R_total=0.6585 correct=1 tokens=9399
__main__:1150 [INFO]     [g3][r4/8] adapter=0 R_exec=0.5000 true_MI=0.00000 RMI=0.0000 R_total=0.5000 correct=1 tokens=11333
__main__:1150 [INFO]     [g3][r5/8] adapter=0 R_exec=0.5001 true_MI=0.00000 RMI=0.0000 R_total=0.5001 correct=1 tokens=11381
__main__:1150 [INFO]     [g3][r6/8] adapter=0 R_exec=0.0000 true_MI=0.00000 RMI=0.0000 R_total=0.0000 correct=0 tokens=9446
__main__:1150 [INFO]     [g3][r7/8] adapter=0 R_exec=0.6296 true_MI=0.00000 RMI=0.0000 R_total=0.6296 correct=1 tokens=7854
__main__:1150 [INFO]     [g3][r8/8] adapter=0 R_exec=0.6358 true_MI=0.00000 RMI=0.0000 R_total=0.6358 correct=1 tokens=7681
__main__:1167 [INFO]   [g3] group true_MI: mean=0.00000 std=0.00000 max=0.00000 normalized=[0.00 0.00 0.00 0.00 0.00 0.00 0.00 0.00]
tinker_cookbook.utils.ml_log:143 [INFO] Wrote metrics to logs/aws/wave1-rerun/ac1-base-seed3/metrics.jsonl
tinker_cookbook.utils.ml_log:240 [INFO] Logging to: https://wandb.ai/kriaz-msee20seecs-nust/ugttt-rebuttal/runs/1p8cxde0
tinker_cookbook.utils.ml_log:143 [INFO] Wrote metrics to logs/aws/wave1-rerun/ac1-base-seed3/metrics.jsonl
tinker_cookbook.utils.ml_log:240 [INFO] Logging to: https://wandb.ai/kriaz-msee20seecs-nust/ugttt-rebuttal/runs/1p8cxde0
tinker_cookbook.utils.ml_log:143 [INFO] Wrote metrics to logs/aws/wave1-rerun/ac1-base-seed3/metrics.jsonl
tinker_cookbook.utils.ml_log:240 [INFO] Logging to: https://wandb.ai/kriaz-msee20seecs-nust/ugttt-rebuttal/runs/1p8cxde0
tinker_cookbook.utils.ml_log:143 [INFO] Wrote metrics to logs/aws/wave1-rerun/ac1-base-seed3/metrics.jsonl
tinker_cookbook.utils.ml_log:240 [INFO] Logging to: https://wandb.ai/kriaz-msee20seecs-nust/ugttt-rebuttal/runs/1p8cxde0
tinker_cookbook.utils.ml_log:143 [INFO] Wrote metrics to logs/aws/wave1-rerun/ac1-base-seed3/metrics.jsonl
tinker_cookbook.utils.ml_log:240 [INFO] Logging to: https://wandb.ai/kriaz-msee20seecs-nust/ugttt-rebuttal/runs/1p8cxde0
tinker_cookbook.utils.ml_log:143 [INFO] Wrote metrics to logs/aws/wave1-rerun/ac1-base-seed3/metrics.jsonl
tinker_cookbook.utils.ml_log:240 [INFO] Logging to: https://wandb.ai/kriaz-msee20seecs-nust/ugttt-rebuttal/runs/1p8cxde0
tinker_cookbook.utils.ml_log:143 [INFO] Wrote metrics to logs/aws/wave1-rerun/ac1-base-seed3/metrics.jsonl
tinker_cookbook.utils.ml_log:240 [INFO] Logging to: https://wandb.ai/kriaz-msee20seecs-nust/ugttt-rebuttal/runs/1p8cxde0
tinker_cookbook.utils.ml_log:143 [INFO] Wrote metrics to logs/aws/wave1-rerun/ac1-base-seed3/metrics.jsonl
tinker_cookbook.utils.ml_log:240 [INFO] Logging to: https://wandb.ai/kriaz-msee20seecs-nust/ugttt-rebuttal/runs/1p8cxde0
__main__:1949 [INFO]   [1][4/8] KEPT | R_exec=0.3655 (max=0.6585) RMI=0.0000 R_total=0.3655 | 1948.5s | GPU: 18.1/60.8GB
tinker_cookbook.utils.ml_log:143 [INFO] Wrote metrics to logs/aws/wave1-rerun/ac1-base-seed3/metrics.jsonl
tinker_cookbook.utils.ml_log:240 [INFO] Logging to: https://wandb.ai/kriaz-msee20seecs-nust/ugttt-rebuttal/runs/1p8cxde0
tinker_cookbook.rl.ensemble:1082 [INFO]   generate_batch_multi_adapter_two_phase: N=8 phase1_max=26000 streaming_mi=False kv_q=False
tinker_cookbook.rl.ensemble:1270 [INFO]     [gen/p1] step=2048/23594 active=8/8 mi_stopped=0
tinker_cookbook.rl.ensemble:1270 [INFO]     [gen/p1] step=4096/23594 active=8/8 mi_stopped=0
tinker_cookbook.rl.ensemble:1270 [INFO]     [gen/p1] step=6144/23594 active=8/8 mi_stopped=0
tinker_cookbook.rl.ensemble:1270 [INFO]     [gen/p1] step=8192/23594 active=4/8 mi_stopped=0
__main__:1078 [INFO]   Group 4: multi-adapter generation 8 seqs in 781.4s
__main__:1108 [INFO]   Group 4: rewards computed in 996.8s
__main__:1150 [INFO]     [g4][r1/8] adapter=0 R_exec=0.5792 true_MI=0.00000 RMI=0.0000 R_total=0.5792 correct=1 tokens=8313
__main__:1150 [INFO]     [g4][r2/8] adapter=0 R_exec=0.0000 true_MI=0.00000 RMI=0.0000 R_total=0.0000 correct=0 tokens=9373
__main__:1150 [INFO]     [g4][r3/8] adapter=0 R_exec=0.0000 true_MI=0.00000 RMI=0.0000 R_total=0.0000 correct=0 tokens=7943
__main__:1150 [INFO]     [g4][r4/8] adapter=0 R_exec=0.0748 true_MI=0.00000 RMI=0.0000 R_total=0.0748 correct=1 tokens=9288
__main__:1150 [INFO]     [g4][r5/8] adapter=0 R_exec=0.0000 true_MI=0.00000 RMI=0.0000 R_total=0.0000 correct=0 tokens=7429
__main__:1150 [INFO]     [g4][r6/8] adapter=0 R_exec=0.5764 true_MI=0.00000 RMI=0.0000 R_total=0.5764 correct=1 tokens=8039
__main__:1150 [INFO]     [g4][r7/8] adapter=0 R_exec=0.0000 true_MI=0.00000 RMI=0.0000 R_total=0.0000 correct=0 tokens=7340
__main__:1150 [INFO]     [g4][r8/8] adapter=0 R_exec=0.6263 true_MI=0.00000 RMI=0.0000 R_total=0.6263 correct=1 tokens=9734
__main__:1167 [INFO]   [g4] group true_MI: mean=0.00000 std=0.00000 max=0.00000 normalized=[0.00 0.00 0.00 0.00 0.00 0.00 0.00 0.00]
tinker_cookbook.utils.ml_log:143 [INFO] Wrote metrics to logs/aws/wave1-rerun/ac1-base-seed3/metrics.jsonl
tinker_cookbook.utils.ml_log:240 [INFO] Logging to: https://wandb.ai/kriaz-msee20seecs-nust/ugttt-rebuttal/runs/1p8cxde0
tinker_cookbook.utils.ml_log:143 [INFO] Wrote metrics to logs/aws/wave1-rerun/ac1-base-seed3/metrics.jsonl
tinker_cookbook.utils.ml_log:240 [INFO] Logging to: https://wandb.ai/kriaz-msee20seecs-nust/ugttt-rebuttal/runs/1p8cxde0
tinker_cookbook.utils.ml_log:143 [INFO] Wrote metrics to logs/aws/wave1-rerun/ac1-base-seed3/metrics.jsonl
tinker_cookbook.utils.ml_log:240 [INFO] Logging to: https://wandb.ai/kriaz-msee20seecs-nust/ugttt-rebuttal/runs/1p8cxde0
tinker_cookbook.utils.ml_log:143 [INFO] Wrote metrics to logs/aws/wave1-rerun/ac1-base-seed3/metrics.jsonl
tinker_cookbook.utils.ml_log:240 [INFO] Logging to: https://wandb.ai/kriaz-msee20seecs-nust/ugttt-rebuttal/runs/1p8cxde0
tinker_cookbook.utils.ml_log:143 [INFO] Wrote metrics to logs/aws/wave1-rerun/ac1-base-seed3/metrics.jsonl
tinker_cookbook.utils.ml_log:240 [INFO] Logging to: https://wandb.ai/kriaz-msee20seecs-nust/ugttt-rebuttal/runs/1p8cxde0
tinker_cookbook.utils.ml_log:143 [INFO] Wrote metrics to logs/aws/wave1-rerun/ac1-base-seed3/metrics.jsonl
tinker_cookbook.utils.ml_log:240 [INFO] Logging to: https://wandb.ai/kriaz-msee20seecs-nust/ugttt-rebuttal/runs/1p8cxde0
tinker_cookbook.utils.ml_log:143 [INFO] Wrote metrics to logs/aws/wave1-rerun/ac1-base-seed3/metrics.jsonl
tinker_cookbook.utils.ml_log:240 [INFO] Logging to: https://wandb.ai/kriaz-msee20seecs-nust/ugttt-rebuttal/runs/1p8cxde0
tinker_cookbook.utils.ml_log:143 [INFO] Wrote metrics to logs/aws/wave1-rerun/ac1-base-seed3/metrics.jsonl
tinker_cookbook.utils.ml_log:240 [INFO] Logging to: https://wandb.ai/kriaz-msee20seecs-nust/ugttt-rebuttal/runs/1p8cxde0
__main__:1949 [INFO]   [1][5/8] KEPT | R_exec=0.2321 (max=0.6263) RMI=0.0000 R_total=0.2321 | 1778.2s | GPU: 18.1/61.0GB
tinker_cookbook.utils.ml_log:143 [INFO] Wrote metrics to logs/aws/wave1-rerun/ac1-base-seed3/metrics.jsonl
tinker_cookbook.utils.ml_log:240 [INFO] Logging to: https://wandb.ai/kriaz-msee20seecs-nust/ugttt-rebuttal/runs/1p8cxde0
tinker_cookbook.rl.ensemble:1082 [INFO]   generate_batch_multi_adapter_two_phase: N=8 phase1_max=26000 streaming_mi=False kv_q=False
tinker_cookbook.rl.ensemble:1270 [INFO]     [gen/p1] step=2048/24049 active=8/8 mi_stopped=0
tinker_cookbook.rl.ensemble:1270 [INFO]     [gen/p1] step=4096/24049 active=8/8 mi_stopped=0
tinker_cookbook.rl.ensemble:1270 [INFO]     [gen/p1] step=6144/24049 active=8/8 mi_stopped=0
tinker_cookbook.rl.ensemble:1270 [INFO]     [gen/p1] step=8192/24049 active=5/8 mi_stopped=0
tinker_cookbook.rl.ensemble:1270 [INFO]     [gen/p1] step=10240/24049 active=2/8 mi_stopped=0
tinker_cookbook.rl.ensemble:1270 [INFO]     [gen/p1] step=12288/24049 active=1/8 mi_stopped=0
__main__:1078 [INFO]   Group 5: multi-adapter generation 8 seqs in 1090.3s
__main__:1108 [INFO]   Group 5: rewards computed in 1006.9s
__main__:1150 [INFO]     [g5][r1/8] adapter=0 R_exec=0.0000 true_MI=0.00000 RMI=0.0000 R_total=0.0000 correct=0 tokens=11479
__main__:1150 [INFO]     [g5][r2/8] adapter=0 R_exec=0.5258 true_MI=0.00000 RMI=0.0000 R_total=0.5258 correct=1 tokens=7176
__main__:1150 [INFO]     [g5][r3/8] adapter=0 R_exec=0.5411 true_MI=0.00000 RMI=0.0000 R_total=0.5411 correct=1 tokens=9110
__main__:1150 [INFO]     [g5][r4/8] adapter=0 R_exec=0.5235 true_MI=0.00000 RMI=0.0000 R_total=0.5235 correct=1 tokens=9941
__main__:1150 [INFO]     [g5][r5/8] adapter=0 R_exec=0.5237 true_MI=0.00000 RMI=0.0000 R_total=0.5237 correct=1 tokens=8076
__main__:1150 [INFO]     [g5][r6/8] adapter=0 R_exec=0.5080 true_MI=0.00000 RMI=0.0000 R_total=0.5080 correct=1 tokens=10093
__main__:1150 [INFO]     [g5][r7/8] adapter=0 R_exec=0.5235 true_MI=0.00000 RMI=0.0000 R_total=0.5235 correct=1 tokens=12546
__main__:1150 [INFO]     [g5][r8/8] adapter=0 R_exec=0.5310 true_MI=0.00000 RMI=0.0000 R_total=0.5310 correct=1 tokens=7198
__main__:1167 [INFO]   [g5] group true_MI: mean=0.00000 std=0.00000 max=0.00000 normalized=[0.00 0.00 0.00 0.00 0.00 0.00 0.00 0.00]
tinker_cookbook.utils.ml_log:143 [INFO] Wrote metrics to logs/aws/wave1-rerun/ac1-base-seed3/metrics.jsonl
tinker_cookbook.utils.ml_log:240 [INFO] Logging to: https://wandb.ai/kriaz-msee20seecs-nust/ugttt-rebuttal/runs/1p8cxde0
tinker_cookbook.utils.ml_log:143 [INFO] Wrote metrics to logs/aws/wave1-rerun/ac1-base-seed3/metrics.jsonl
tinker_cookbook.utils.ml_log:240 [INFO] Logging to: https://wandb.ai/kriaz-msee20seecs-nust/ugttt-rebuttal/runs/1p8cxde0
tinker_cookbook.utils.ml_log:143 [INFO] Wrote metrics to logs/aws/wave1-rerun/ac1-base-seed3/metrics.jsonl
tinker_cookbook.utils.ml_log:240 [INFO] Logging to: https://wandb.ai/kriaz-msee20seecs-nust/ugttt-rebuttal/runs/1p8cxde0
tinker_cookbook.utils.ml_log:143 [INFO] Wrote metrics to logs/aws/wave1-rerun/ac1-base-seed3/metrics.jsonl
tinker_cookbook.utils.ml_log:240 [INFO] Logging to: https://wandb.ai/kriaz-msee20seecs-nust/ugttt-rebuttal/runs/1p8cxde0
tinker_cookbook.utils.ml_log:143 [INFO] Wrote metrics to logs/aws/wave1-rerun/ac1-base-seed3/metrics.jsonl
tinker_cookbook.utils.ml_log:240 [INFO] Logging to: https://wandb.ai/kriaz-msee20seecs-nust/ugttt-rebuttal/runs/1p8cxde0
tinker_cookbook.utils.ml_log:143 [INFO] Wrote metrics to logs/aws/wave1-rerun/ac1-base-seed3/metrics.jsonl
tinker_cookbook.utils.ml_log:240 [INFO] Logging to: https://wandb.ai/kriaz-msee20seecs-nust/ugttt-rebuttal/runs/1p8cxde0
tinker_cookbook.utils.ml_log:143 [INFO] Wrote metrics to logs/aws/wave1-rerun/ac1-base-seed3/metrics.jsonl
tinker_cookbook.utils.ml_log:240 [INFO] Logging to: https://wandb.ai/kriaz-msee20seecs-nust/ugttt-rebuttal/runs/1p8cxde0
tinker_cookbook.utils.ml_log:143 [INFO] Wrote metrics to logs/aws/wave1-rerun/ac1-base-seed3/metrics.jsonl
tinker_cookbook.utils.ml_log:240 [INFO] Logging to: https://wandb.ai/kriaz-msee20seecs-nust/ugttt-rebuttal/runs/1p8cxde0
__main__:1949 [INFO]   [1][6/8] KEPT | R_exec=0.4596 (max=0.5411) RMI=0.0000 R_total=0.4596 | 2097.3s | GPU: 18.1/60.9GB
tinker_cookbook.utils.ml_log:143 [INFO] Wrote metrics to logs/aws/wave1-rerun/ac1-base-seed3/metrics.jsonl
tinker_cookbook.utils.ml_log:240 [INFO] Logging to: https://wandb.ai/kriaz-msee20seecs-nust/ugttt-rebuttal/runs/1p8cxde0
tinker_cookbook.rl.ensemble:1082 [INFO]   generate_batch_multi_adapter_two_phase: N=8 phase1_max=26000 streaming_mi=False kv_q=False
tinker_cookbook.rl.ensemble:1270 [INFO]     [gen/p1] step=2048/23617 active=8/8 mi_stopped=0
tinker_cookbook.rl.ensemble:1270 [INFO]     [gen/p1] step=4096/23617 active=8/8 mi_stopped=0
tinker_cookbook.rl.ensemble:1270 [INFO]     [gen/p1] step=6144/23617 active=8/8 mi_stopped=0
tinker_cookbook.rl.ensemble:1270 [INFO]     [gen/p1] step=8192/23617 active=7/8 mi_stopped=0
tinker_cookbook.rl.ensemble:1270 [INFO]     [gen/p1] step=10240/23617 active=2/8 mi_stopped=0
__main__:1078 [INFO]   Group 6: multi-adapter generation 8 seqs in 1023.8s
__main__:1108 [INFO]   Group 6: rewards computed in 1005.3s
__main__:1150 [INFO]     [g6][r1/8] adapter=0 R_exec=0.0000 true_MI=0.00000 RMI=0.0000 R_total=0.0000 correct=0 tokens=11770
__main__:1150 [INFO]     [g6][r2/8] adapter=0 R_exec=0.5458 true_MI=0.00000 RMI=0.0000 R_total=0.5458 correct=1 tokens=7485
__main__:1150 [INFO]     [g6][r3/8] adapter=0 R_exec=0.0000 true_MI=0.00000 RMI=0.0000 R_total=0.0000 correct=0 tokens=8698
__main__:1150 [INFO]     [g6][r4/8] adapter=0 R_exec=0.5223 true_MI=0.00000 RMI=0.0000 R_total=0.5223 correct=1 tokens=10204
__main__:1150 [INFO]     [g6][r5/8] adapter=0 R_exec=0.0000 true_MI=0.00000 RMI=0.0000 R_total=0.0000 correct=0 tokens=11505
__main__:1150 [INFO]     [g6][r6/8] adapter=0 R_exec=0.0000 true_MI=0.00000 RMI=0.0000 R_total=0.0000 correct=0 tokens=8769
__main__:1150 [INFO]     [g6][r7/8] adapter=0 R_exec=0.0000 true_MI=0.00000 RMI=0.0000 R_total=0.0000 correct=0 tokens=9751
__main__:1150 [INFO]     [g6][r8/8] adapter=0 R_exec=0.5513 true_MI=0.00000 RMI=0.0000 R_total=0.5513 correct=1 tokens=8794
__main__:1167 [INFO]   [g6] group true_MI: mean=0.00000 std=0.00000 max=0.00000 normalized=[0.00 0.00 0.00 0.00 0.00 0.00 0.00 0.00]
tinker_cookbook.utils.ml_log:143 [INFO] Wrote metrics to logs/aws/wave1-rerun/ac1-base-seed3/metrics.jsonl
tinker_cookbook.utils.ml_log:240 [INFO] Logging to: https://wandb.ai/kriaz-msee20seecs-nust/ugttt-rebuttal/runs/1p8cxde0
tinker_cookbook.utils.ml_log:143 [INFO] Wrote metrics to logs/aws/wave1-rerun/ac1-base-seed3/metrics.jsonl
tinker_cookbook.utils.ml_log:240 [INFO] Logging to: https://wandb.ai/kriaz-msee20seecs-nust/ugttt-rebuttal/runs/1p8cxde0
tinker_cookbook.utils.ml_log:143 [INFO] Wrote metrics to logs/aws/wave1-rerun/ac1-base-seed3/metrics.jsonl
tinker_cookbook.utils.ml_log:240 [INFO] Logging to: https://wandb.ai/kriaz-msee20seecs-nust/ugttt-rebuttal/runs/1p8cxde0
tinker_cookbook.utils.ml_log:143 [INFO] Wrote metrics to logs/aws/wave1-rerun/ac1-base-seed3/metrics.jsonl
tinker_cookbook.utils.ml_log:240 [INFO] Logging to: https://wandb.ai/kriaz-msee20seecs-nust/ugttt-rebuttal/runs/1p8cxde0
tinker_cookbook.utils.ml_log:143 [INFO] Wrote metrics to logs/aws/wave1-rerun/ac1-base-seed3/metrics.jsonl
tinker_cookbook.utils.ml_log:240 [INFO] Logging to: https://wandb.ai/kriaz-msee20seecs-nust/ugttt-rebuttal/runs/1p8cxde0
tinker_cookbook.utils.ml_log:143 [INFO] Wrote metrics to logs/aws/wave1-rerun/ac1-base-seed3/metrics.jsonl
tinker_cookbook.utils.ml_log:240 [INFO] Logging to: https://wandb.ai/kriaz-msee20seecs-nust/ugttt-rebuttal/runs/1p8cxde0
tinker_cookbook.utils.ml_log:143 [INFO] Wrote metrics to logs/aws/wave1-rerun/ac1-base-seed3/metrics.jsonl
tinker_cookbook.utils.ml_log:240 [INFO] Logging to: https://wandb.ai/kriaz-msee20seecs-nust/ugttt-rebuttal/runs/1p8cxde0
tinker_cookbook.utils.ml_log:143 [INFO] Wrote metrics to logs/aws/wave1-rerun/ac1-base-seed3/metrics.jsonl
tinker_cookbook.utils.ml_log:240 [INFO] Logging to: https://wandb.ai/kriaz-msee20seecs-nust/ugttt-rebuttal/runs/1p8cxde0
__main__:1949 [INFO]   [1][7/8] KEPT | R_exec=0.2024 (max=0.5513) RMI=0.0000 R_total=0.2024 | 2029.1s | GPU: 18.1/61.2GB
tinker_cookbook.utils.ml_log:143 [INFO] Wrote metrics to logs/aws/wave1-rerun/ac1-base-seed3/metrics.jsonl
tinker_cookbook.utils.ml_log:240 [INFO] Logging to: https://wandb.ai/kriaz-msee20seecs-nust/ugttt-rebuttal/runs/1p8cxde0
tinker_cookbook.rl.ensemble:1082 [INFO]   generate_batch_multi_adapter_two_phase: N=8 phase1_max=26000 streaming_mi=False kv_q=False
tinker_cookbook.rl.ensemble:1270 [INFO]     [gen/p1] step=2048/23822 active=8/8 mi_stopped=0
tinker_cookbook.rl.ensemble:1270 [INFO]     [gen/p1] step=4096/23822 active=8/8 mi_stopped=0
tinker_cookbook.rl.ensemble:1270 [INFO]     [gen/p1] step=6144/23822 active=8/8 mi_stopped=0
tinker_cookbook.rl.ensemble:1270 [INFO]     [gen/p1] step=8192/23822 active=6/8 mi_stopped=0
__main__:1078 [INFO]   Group 7: multi-adapter generation 8 seqs in 775.7s
__main__:1108 [INFO]   Group 7: rewards computed in 1005.3s
__main__:1150 [INFO]     [g7][r1/8] adapter=0 R_exec=0.4849 true_MI=0.00000 RMI=0.0000 R_total=0.4849 correct=1 tokens=9424
__main__:1150 [INFO]     [g7][r2/8] adapter=0 R_exec=0.0000 true_MI=0.00000 RMI=0.0000 R_total=0.0000 correct=0 tokens=9423
__main__:1150 [INFO]     [g7][r3/8] adapter=0 R_exec=0.5000 true_MI=0.00000 RMI=0.0000 R_total=0.5000 correct=1 tokens=8274
__main__:1150 [INFO]     [g7][r4/8] adapter=0 R_exec=0.4865 true_MI=0.00000 RMI=0.0000 R_total=0.4865 correct=1 tokens=8373
__main__:1150 [INFO]     [g7][r5/8] adapter=0 R_exec=0.5281 true_MI=0.00000 RMI=0.0000 R_total=0.5281 correct=1 tokens=9795
__main__:1150 [INFO]     [g7][r6/8] adapter=0 R_exec=0.0000 true_MI=0.00000 RMI=0.0000 R_total=0.0000 correct=0 tokens=7425
__main__:1150 [INFO]     [g7][r7/8] adapter=0 R_exec=0.0000 true_MI=0.00000 RMI=0.0000 R_total=0.0000 correct=0 tokens=7717
__main__:1150 [INFO]     [g7][r8/8] adapter=0 R_exec=0.0000 true_MI=0.00000 RMI=0.0000 R_total=0.0000 correct=0 tokens=9457
__main__:1167 [INFO]   [g7] group true_MI: mean=0.00000 std=0.00000 max=0.00000 normalized=[0.00 0.00 0.00 0.00 0.00 0.00 0.00 0.00]
tinker_cookbook.utils.ml_log:143 [INFO] Wrote metrics to logs/aws/wave1-rerun/ac1-base-seed3/metrics.jsonl
tinker_cookbook.utils.ml_log:240 [INFO] Logging to: https://wandb.ai/kriaz-msee20seecs-nust/ugttt-rebuttal/runs/1p8cxde0
tinker_cookbook.utils.ml_log:143 [INFO] Wrote metrics to logs/aws/wave1-rerun/ac1-base-seed3/metrics.jsonl
tinker_cookbook.utils.ml_log:240 [INFO] Logging to: https://wandb.ai/kriaz-msee20seecs-nust/ugttt-rebuttal/runs/1p8cxde0
tinker_cookbook.utils.ml_log:143 [INFO] Wrote metrics to logs/aws/wave1-rerun/ac1-base-seed3/metrics.jsonl
tinker_cookbook.utils.ml_log:240 [INFO] Logging to: https://wandb.ai/kriaz-msee20seecs-nust/ugttt-rebuttal/runs/1p8cxde0
tinker_cookbook.utils.ml_log:143 [INFO] Wrote metrics to logs/aws/wave1-rerun/ac1-base-seed3/metrics.jsonl
tinker_cookbook.utils.ml_log:240 [INFO] Logging to: https://wandb.ai/kriaz-msee20seecs-nust/ugttt-rebuttal/runs/1p8cxde0
tinker_cookbook.utils.ml_log:143 [INFO] Wrote metrics to logs/aws/wave1-rerun/ac1-base-seed3/metrics.jsonl
tinker_cookbook.utils.ml_log:240 [INFO] Logging to: https://wandb.ai/kriaz-msee20seecs-nust/ugttt-rebuttal/runs/1p8cxde0
tinker_cookbook.utils.ml_log:143 [INFO] Wrote metrics to logs/aws/wave1-rerun/ac1-base-seed3/metrics.jsonl
tinker_cookbook.utils.ml_log:240 [INFO] Logging to: https://wandb.ai/kriaz-msee20seecs-nust/ugttt-rebuttal/runs/1p8cxde0
tinker_cookbook.utils.ml_log:143 [INFO] Wrote metrics to logs/aws/wave1-rerun/ac1-base-seed3/metrics.jsonl
tinker_cookbook.utils.ml_log:240 [INFO] Logging to: https://wandb.ai/kriaz-msee20seecs-nust/ugttt-rebuttal/runs/1p8cxde0
tinker_cookbook.utils.ml_log:143 [INFO] Wrote metrics to logs/aws/wave1-rerun/ac1-base-seed3/metrics.jsonl
tinker_cookbook.utils.ml_log:240 [INFO] Logging to: https://wandb.ai/kriaz-msee20seecs-nust/ugttt-rebuttal/runs/1p8cxde0
__main__:1949 [INFO]   [1][8/8] KEPT | R_exec=0.2499 (max=0.5281) RMI=0.0000 R_total=0.2499 | 1781.1s | GPU: 18.1/60.5GB
tinker_cookbook.utils.ml_log:143 [INFO] Wrote metrics to logs/aws/wave1-rerun/ac1-base-seed3/metrics.jsonl
tinker_cookbook.utils.ml_log:240 [INFO] Logging to: https://wandb.ai/kriaz-msee20seecs-nust/ugttt-rebuttal/runs/1p8cxde0
__main__:1988 [INFO] [Epoch 1] Rollout phase done in 15372.7s. Training on 8/8 groups...
tinker_cookbook.utils.ml_log:143 [INFO] Wrote metrics to logs/aws/wave1-rerun/ac1-base-seed3/metrics.jsonl
tinker_cookbook.utils.ml_log:195 [INFO] 
┏━━━━━━━━━━━━━━━━━━━━━━━━━━━━━━━━┳━━━━━━━━━━━━━━┓
┃ Metric                         ┃ Value        ┃
┡━━━━━━━━━━━━━━━━━━━━━━━━━━━━━━━━╇━━━━━━━━━━━━━━┩
│ gpu/memory_allocated_gb        │ 18.092511    │
│ gpu/memory_peak_gb             │ 60.566050    │
│ gpu/memory_reserved_gb         │ 18.121490    │
│ kl_policy_base                 │ 0.002983     │
│ optim/entropy                  │ 0.546845     │
│ optim/kl_sample_train_v1       │ 0.000159     │
│ optim/kl_sample_train_v2       │ 0.000134     │
│ progress/done_frac             │ 0.333333     │
│ progress/epoch                 │ 1            │
│ rollout/groups_attempted       │ 8.000000     │
│ rollout/groups_filtered        │ 0.000000     │
│ rollout/groups_kept            │ 8.000000     │
│ rollout/intra_group_reward_std │ 0.256660     │
│ time/rollout                   │ 15372.741356 │
│ time/total                     │ 15646.824131 │
│ time/train                     │ 273.812485   │
│ train/advantage/max            │ 7.948327     │
│ train/advantage/mean           │ 0.261539     │
│ train/advantage/min            │ -1.000000    │
│ train/advantage/std            │ 1.688902     │
│ train/beta/mean                │ 23.324692    │
│ train/beta/std                 │ 38.479108    │
│ train/correctness/mean         │ 0.531250     │
│ train/correctness/rate         │ 0.531250     │
│ train/ensemble/frac_high_disa… │ 0.000000     │
│ train/ensemble/max_token_disa… │ nan          │
│ train/ensemble/member_logprob… │ 0.000000     │
│ train/ensemble/member_logprob… │ nan          │
│ train/gamma_eff/mean           │ 0.000000     │
│ train/gen/num_tokens/max       │ 13446.000000 │
│ train/gen/num_tokens/mean      │ 9062.468750  │
│ train/gen/num_tokens/std       │ 1467.611133  │
│ train/loss                     │ -0.261556    │
│ train/nnm_loss                 │ 0.000000     │
│ train/nnm_nuclear_norm         │ 0.000000     │
│ train/num_groups               │ 8.000000     │
│ train/num_rollouts             │ 64.000000    │
│ train/num_rollouts_total       │ 64.000000    │
│ train/reward/exec/best         │ 0.658609     │
│ train/reward/exec/max          │ 0.658500     │
│ train/reward/exec/mean         │ 0.280988     │
│ train/reward/exec/min          │ 0.000000     │
│ train/reward/exec/std          │ 0.273141     │
│ train/reward/rmi/max           │ 0.000000     │
│ train/reward/rmi/mean          │ 0.000000     │
│ train/reward/rmi/min           │ 0.000000     │
│ train/reward/rmi/std           │ 0.000000     │
│ train/reward/total/best        │ 0.658609     │
│ train/reward/total/max         │ 0.658500     │
│ train/reward/total/mean        │ 0.280988     │
│ train/reward/total/min         │ 0.000000     │
│ train/reward/total/std         │ 0.273141     │
│ train/streaming_mi/stop_rate   │ 0.000000     │
│ train/streaming_mi/tokens_sav… │ 0.000000     │
│ train/streaming_mi/tokens_sav… │ 0.000000     │
│ train/two_phase/phase1_tokens… │ 9062.468750  │
│ train/two_phase/phase2_tokens… │ 0.000000     │
│ train/two_phase/prefill_rate   │ 0.000000     │
│ train/uncertainty/predictive_… │ 0.000000     │
│ train/uncertainty/predictive_… │ 0.000000     │
│ train/uncertainty/predictive_… │ 0.000000     │
│ train/uncertainty/predictive_… │ 0.000000     │
│ train/uncertainty/predictive_… │ 0.000000     │
│ train/uncertainty/predictive_… │ 0.000000     │
│ train/uncertainty/predictive_… │ 0.000000     │
│ train/uncertainty/predictive_… │ 0.000000     │
│ train/uncertainty/rmi/max      │ 0.000000     │
│ train/uncertainty/rmi/mean     │ 0.000000     │
│ train/uncertainty/rmi/min      │ 0.000000     │
│ train/uncertainty/rmi/std      │ 0.000000     │
│ train/uncertainty/rmi_top7/max │ 0.000000     │
│ train/uncertainty/rmi_top7/me… │ 0.000000     │
│ train/uncertainty/rmi_top7/min │ 0.000000     │
│ train/uncertainty/rmi_top7/std │ 0.000000     │
│ train/uncertainty/top7_mi_cod… │ 0.000000     │
│ train/uncertainty/top7_mi_cod… │ 0.000000     │
│ train/uncertainty/top7_mi_thi… │ 0.000000     │
│ train/uncertainty/top7_mi_thi… │ 0.000000     │
│ train/uncertainty/top7_pct_co… │ 0.000000     │
│ train/uncertainty/top7_pct_co… │ 0.000000     │
│ train/uncertainty/top7_pct_th… │ 1.000000     │
│ train/uncertainty/top7_pct_th… │ 0.000000     │
│ train/uncertainty/true_mi/max  │ 0.000000     │
│ train/uncertainty/true_mi/mean │ 0.000000     │
│ train/uncertainty/true_mi/min  │ 0.000000     │
│ train/uncertainty/true_mi/std  │ 0.000000     │
│ train/uncertainty/variance/max │ nan          │
│ train/uncertainty/variance/me… │ nan          │
│ train/uncertainty/variance/min │ nan          │
│ train/uncertainty/variance/std │ nan          │
│ train/uncertainty/variance_to… │ nan          │
│ train/uncertainty/variance_to… │ nan          │
│ train/uncertainty/variance_to… │ nan          │
│ train/uncertainty/variance_to… │ nan          │
└────────────────────────────────┴──────────────┘
tinker_cookbook.utils.ml_log:240 [INFO] Logging to: https://wandb.ai/kriaz-msee20seecs-nust/ugttt-rebuttal/runs/1p8cxde0
__main__:2062 [INFO] [Epoch 1] R_exec=0.2810 (max=0.6585 best=0.6586) RMI=0.0000 beta=23.32 corr=53.1% loss=-0.2616 groups=8/8 time=15646.8s
__main__:2073 [INFO] Checkpoint saved at epoch 1
__main__:1836 [INFO] [Epoch 2/6] Starting rollout phase: 8 groups × 8 rollouts
tinker_cookbook.rl.ensemble:1082 [INFO]   generate_batch_multi_adapter_two_phase: N=8 phase1_max=26000 streaming_mi=False kv_q=False
tinker_cookbook.rl.ensemble:1270 [INFO]     [gen/p1] step=2048/23793 active=8/8 mi_stopped=0
tinker_cookbook.rl.ensemble:1270 [INFO]     [gen/p1] step=4096/23793 active=8/8 mi_stopped=0
tinker_cookbook.rl.ensemble:1270 [INFO]     [gen/p1] step=6144/23793 active=7/8 mi_stopped=0
tinker_cookbook.rl.ensemble:1270 [INFO]     [gen/p1] step=8192/23793 active=5/8 mi_stopped=0
tinker_cookbook.rl.ensemble:1270 [INFO]     [gen/p1] step=10240/23793 active=2/8 mi_stopped=0
__main__:1078 [INFO]   Group 0: multi-adapter generation 8 seqs in 958.7s
__main__:1108 [INFO]   Group 0: rewards computed in 1005.2s
__main__:1150 [INFO]     [g0][r1/8] adapter=0 R_exec=0.6395 true_MI=0.00000 RMI=0.0000 R_total=0.6395 correct=1 tokens=8550
__main__:1150 [INFO]     [g0][r2/8] adapter=0 R_exec=0.4910 true_MI=0.00000 RMI=0.0000 R_total=0.4910 correct=1 tokens=10940
__main__:1150 [INFO]     [g0][r3/8] adapter=0 R_exec=0.6398 true_MI=0.00000 RMI=0.0000 R_total=0.6398 correct=1 tokens=9449
__main__:1150 [INFO]     [g0][r4/8] adapter=0 R_exec=0.5986 true_MI=0.00000 RMI=0.0000 R_total=0.5986 correct=1 tokens=8996
__main__:1150 [INFO]     [g0][r5/8] adapter=0 R_exec=0.0000 true_MI=0.00000 RMI=0.0000 R_total=0.0000 correct=0 tokens=7737
__main__:1150 [INFO]     [g0][r6/8] adapter=0 R_exec=0.0050 true_MI=0.00000 RMI=0.0000 R_total=0.0050 correct=1 tokens=4669
__main__:1150 [INFO]     [g0][r7/8] adapter=0 R_exec=0.6577 true_MI=0.00000 RMI=0.0000 R_total=0.6577 correct=1 tokens=7578
__main__:1150 [INFO]     [g0][r8/8] adapter=0 R_exec=0.6395 true_MI=0.00000 RMI=0.0000 R_total=0.6395 correct=1 tokens=11358
__main__:1167 [INFO]   [g0] group true_MI: mean=0.00000 std=0.00000 max=0.00000 normalized=[0.00 0.00 0.00 0.00 0.00 0.00 0.00 0.00]
tinker_cookbook.utils.ml_log:143 [INFO] Wrote metrics to logs/aws/wave1-rerun/ac1-base-seed3/metrics.jsonl
tinker_cookbook.utils.ml_log:240 [INFO] Logging to: https://wandb.ai/kriaz-msee20seecs-nust/ugttt-rebuttal/runs/1p8cxde0
tinker_cookbook.utils.ml_log:143 [INFO] Wrote metrics to logs/aws/wave1-rerun/ac1-base-seed3/metrics.jsonl
tinker_cookbook.utils.ml_log:240 [INFO] Logging to: https://wandb.ai/kriaz-msee20seecs-nust/ugttt-rebuttal/runs/1p8cxde0
tinker_cookbook.utils.ml_log:143 [INFO] Wrote metrics to logs/aws/wave1-rerun/ac1-base-seed3/metrics.jsonl
tinker_cookbook.utils.ml_log:240 [INFO] Logging to: https://wandb.ai/kriaz-msee20seecs-nust/ugttt-rebuttal/runs/1p8cxde0
tinker_cookbook.utils.ml_log:143 [INFO] Wrote metrics to logs/aws/wave1-rerun/ac1-base-seed3/metrics.jsonl
tinker_cookbook.utils.ml_log:240 [INFO] Logging to: https://wandb.ai/kriaz-msee20seecs-nust/ugttt-rebuttal/runs/1p8cxde0
tinker_cookbook.utils.ml_log:143 [INFO] Wrote metrics to logs/aws/wave1-rerun/ac1-base-seed3/metrics.jsonl
tinker_cookbook.utils.ml_log:240 [INFO] Logging to: https://wandb.ai/kriaz-msee20seecs-nust/ugttt-rebuttal/runs/1p8cxde0
tinker_cookbook.utils.ml_log:143 [INFO] Wrote metrics to logs/aws/wave1-rerun/ac1-base-seed3/metrics.jsonl
tinker_cookbook.utils.ml_log:240 [INFO] Logging to: https://wandb.ai/kriaz-msee20seecs-nust/ugttt-rebuttal/runs/1p8cxde0
tinker_cookbook.utils.ml_log:143 [INFO] Wrote metrics to logs/aws/wave1-rerun/ac1-base-seed3/metrics.jsonl
tinker_cookbook.utils.ml_log:240 [INFO] Logging to: https://wandb.ai/kriaz-msee20seecs-nust/ugttt-rebuttal/runs/1p8cxde0
tinker_cookbook.utils.ml_log:143 [INFO] Wrote metrics to logs/aws/wave1-rerun/ac1-base-seed3/metrics.jsonl
tinker_cookbook.utils.ml_log:240 [INFO] Logging to: https://wandb.ai/kriaz-msee20seecs-nust/ugttt-rebuttal/runs/1p8cxde0
__main__:1949 [INFO]   [2][1/8] KEPT | R_exec=0.4589 (max=0.6577) RMI=0.0000 R_total=0.4589 | 1964.0s | GPU: 18.1/60.8GB
tinker_cookbook.utils.ml_log:143 [INFO] Wrote metrics to logs/aws/wave1-rerun/ac1-base-seed3/metrics.jsonl
tinker_cookbook.utils.ml_log:240 [INFO] Logging to: https://wandb.ai/kriaz-msee20seecs-nust/ugttt-rebuttal/runs/1p8cxde0
tinker_cookbook.rl.ensemble:1082 [INFO]   generate_batch_multi_adapter_two_phase: N=8 phase1_max=26000 streaming_mi=False kv_q=False
tinker_cookbook.rl.ensemble:1270 [INFO]     [gen/p1] step=2048/23025 active=8/8 mi_stopped=0
tinker_cookbook.rl.ensemble:1270 [INFO]     [gen/p1] step=4096/23025 active=8/8 mi_stopped=0
tinker_cookbook.rl.ensemble:1270 [INFO]     [gen/p1] step=6144/23025 active=8/8 mi_stopped=0
tinker_cookbook.rl.ensemble:1270 [INFO]     [gen/p1] step=8192/23025 active=2/8 mi_stopped=0
__main__:1078 [INFO]   Group 1: multi-adapter generation 8 seqs in 684.6s
__main__:1108 [INFO]   Group 1: rewards computed in 998.0s
__main__:1150 [INFO]     [g1][r1/8] adapter=0 R_exec=0.6485 true_MI=0.00000 RMI=0.0000 R_total=0.6485 correct=1 tokens=8583
__main__:1150 [INFO]     [g1][r2/8] adapter=0 R_exec=0.5792 true_MI=0.00000 RMI=0.0000 R_total=0.5792 correct=1 tokens=7830
__main__:1150 [INFO]     [g1][r3/8] adapter=0 R_exec=0.0000 true_MI=0.00000 RMI=0.0000 R_total=0.0000 correct=0 tokens=8460
__main__:1150 [INFO]     [g1][r4/8] adapter=0 R_exec=0.0000 true_MI=0.00000 RMI=0.0000 R_total=0.0000 correct=0 tokens=6843
__main__:1150 [INFO]     [g1][r5/8] adapter=0 R_exec=0.0000 true_MI=0.00000 RMI=0.0000 R_total=0.0000 correct=0 tokens=6947
__main__:1150 [INFO]     [g1][r6/8] adapter=0 R_exec=0.6582 true_MI=0.00000 RMI=0.0000 R_total=0.6582 correct=1 tokens=7423
__main__:1150 [INFO]     [g1][r7/8] adapter=0 R_exec=0.6586 true_MI=0.00000 RMI=0.0000 R_total=0.6586 correct=1 tokens=6748
__main__:1150 [INFO]     [g1][r8/8] adapter=0 R_exec=0.6082 true_MI=0.00000 RMI=0.0000 R_total=0.6082 correct=1 tokens=7346
__main__:1167 [INFO]   [g1] group true_MI: mean=0.00000 std=0.00000 max=0.00000 normalized=[0.00 0.00 0.00 0.00 0.00 0.00 0.00 0.00]
tinker_cookbook.utils.ml_log:143 [INFO] Wrote metrics to logs/aws/wave1-rerun/ac1-base-seed3/metrics.jsonl
tinker_cookbook.utils.ml_log:240 [INFO] Logging to: https://wandb.ai/kriaz-msee20seecs-nust/ugttt-rebuttal/runs/1p8cxde0
tinker_cookbook.utils.ml_log:143 [INFO] Wrote metrics to logs/aws/wave1-rerun/ac1-base-seed3/metrics.jsonl
tinker_cookbook.utils.ml_log:240 [INFO] Logging to: https://wandb.ai/kriaz-msee20seecs-nust/ugttt-rebuttal/runs/1p8cxde0
tinker_cookbook.utils.ml_log:143 [INFO] Wrote metrics to logs/aws/wave1-rerun/ac1-base-seed3/metrics.jsonl
tinker_cookbook.utils.ml_log:240 [INFO] Logging to: https://wandb.ai/kriaz-msee20seecs-nust/ugttt-rebuttal/runs/1p8cxde0
tinker_cookbook.utils.ml_log:143 [INFO] Wrote metrics to logs/aws/wave1-rerun/ac1-base-seed3/metrics.jsonl
tinker_cookbook.utils.ml_log:240 [INFO] Logging to: https://wandb.ai/kriaz-msee20seecs-nust/ugttt-rebuttal/runs/1p8cxde0
tinker_cookbook.utils.ml_log:143 [INFO] Wrote metrics to logs/aws/wave1-rerun/ac1-base-seed3/metrics.jsonl
tinker_cookbook.utils.ml_log:240 [INFO] Logging to: https://wandb.ai/kriaz-msee20seecs-nust/ugttt-rebuttal/runs/1p8cxde0
tinker_cookbook.utils.ml_log:143 [INFO] Wrote metrics to logs/aws/wave1-rerun/ac1-base-seed3/metrics.jsonl
tinker_cookbook.utils.ml_log:240 [INFO] Logging to: https://wandb.ai/kriaz-msee20seecs-nust/ugttt-rebuttal/runs/1p8cxde0
tinker_cookbook.utils.ml_log:143 [INFO] Wrote metrics to logs/aws/wave1-rerun/ac1-base-seed3/metrics.jsonl
tinker_cookbook.utils.ml_log:240 [INFO] Logging to: https://wandb.ai/kriaz-msee20seecs-nust/ugttt-rebuttal/runs/1p8cxde0
tinker_cookbook.utils.ml_log:143 [INFO] Wrote metrics to logs/aws/wave1-rerun/ac1-base-seed3/metrics.jsonl
tinker_cookbook.utils.ml_log:240 [INFO] Logging to: https://wandb.ai/kriaz-msee20seecs-nust/ugttt-rebuttal/runs/1p8cxde0
__main__:1949 [INFO]   [2][2/8] KEPT | R_exec=0.3941 (max=0.6586) RMI=0.0000 R_total=0.3941 | 1682.6s | GPU: 18.1/61.5GB
tinker_cookbook.utils.ml_log:143 [INFO] Wrote metrics to logs/aws/wave1-rerun/ac1-base-seed3/metrics.jsonl
tinker_cookbook.utils.ml_log:240 [INFO] Logging to: https://wandb.ai/kriaz-msee20seecs-nust/ugttt-rebuttal/runs/1p8cxde0
tinker_cookbook.rl.ensemble:1082 [INFO]   generate_batch_multi_adapter_two_phase: N=8 phase1_max=26000 streaming_mi=False kv_q=False
tinker_cookbook.rl.ensemble:1270 [INFO]     [gen/p1] step=2048/24055 active=8/8 mi_stopped=0
tinker_cookbook.rl.ensemble:1270 [INFO]     [gen/p1] step=4096/24055 active=8/8 mi_stopped=0
tinker_cookbook.rl.ensemble:1270 [INFO]     [gen/p1] step=6144/24055 active=8/8 mi_stopped=0
tinker_cookbook.rl.ensemble:1270 [INFO]     [gen/p1] step=8192/24055 active=4/8 mi_stopped=0
tinker_cookbook.rl.ensemble:1270 [INFO]     [gen/p1] step=10240/24055 active=3/8 mi_stopped=0
__main__:1078 [INFO]   Group 2: multi-adapter generation 8 seqs in 1008.7s
__main__:1108 [INFO]   Group 2: rewards computed in 1006.7s
__main__:1150 [INFO]     [g2][r1/8] adapter=0 R_exec=0.0000 true_MI=0.00000 RMI=0.0000 R_total=0.0000 correct=0 tokens=6897
__main__:1150 [INFO]     [g2][r2/8] adapter=0 R_exec=0.0000 true_MI=0.00000 RMI=0.0000 R_total=0.0000 correct=0 tokens=7259
__main__:1150 [INFO]     [g2][r3/8] adapter=0 R_exec=0.0000 true_MI=0.00000 RMI=0.0000 R_total=0.0000 correct=0 tokens=7520
__main__:1150 [INFO]     [g2][r4/8] adapter=0 R_exec=0.5000 true_MI=0.00000 RMI=0.0000 R_total=0.5000 correct=1 tokens=11924
__main__:1150 [INFO]     [g2][r5/8] adapter=0 R_exec=0.6574 true_MI=0.00000 RMI=0.0000 R_total=0.6574 correct=1 tokens=6624
__main__:1150 [INFO]     [g2][r6/8] adapter=0 R_exec=0.0000 true_MI=0.00000 RMI=0.0000 R_total=0.0000 correct=0 tokens=11658
__main__:1150 [INFO]     [g2][r7/8] adapter=0 R_exec=0.0000 true_MI=0.00000 RMI=0.0000 R_total=0.0000 correct=0 tokens=10856
__main__:1150 [INFO]     [g2][r8/8] adapter=0 R_exec=0.5000 true_MI=0.00000 RMI=0.0000 R_total=0.5000 correct=1 tokens=8320
__main__:1167 [INFO]   [g2] group true_MI: mean=0.00000 std=0.00000 max=0.00000 normalized=[0.00 0.00 0.00 0.00 0.00 0.00 0.00 0.00]
tinker_cookbook.utils.ml_log:143 [INFO] Wrote metrics to logs/aws/wave1-rerun/ac1-base-seed3/metrics.jsonl
tinker_cookbook.utils.ml_log:240 [INFO] Logging to: https://wandb.ai/kriaz-msee20seecs-nust/ugttt-rebuttal/runs/1p8cxde0
tinker_cookbook.utils.ml_log:143 [INFO] Wrote metrics to logs/aws/wave1-rerun/ac1-base-seed3/metrics.jsonl
tinker_cookbook.utils.ml_log:240 [INFO] Logging to: https://wandb.ai/kriaz-msee20seecs-nust/ugttt-rebuttal/runs/1p8cxde0
tinker_cookbook.utils.ml_log:143 [INFO] Wrote metrics to logs/aws/wave1-rerun/ac1-base-seed3/metrics.jsonl
tinker_cookbook.utils.ml_log:240 [INFO] Logging to: https://wandb.ai/kriaz-msee20seecs-nust/ugttt-rebuttal/runs/1p8cxde0
tinker_cookbook.utils.ml_log:143 [INFO] Wrote metrics to logs/aws/wave1-rerun/ac1-base-seed3/metrics.jsonl
tinker_cookbook.utils.ml_log:240 [INFO] Logging to: https://wandb.ai/kriaz-msee20seecs-nust/ugttt-rebuttal/runs/1p8cxde0
tinker_cookbook.utils.ml_log:143 [INFO] Wrote metrics to logs/aws/wave1-rerun/ac1-base-seed3/metrics.jsonl
tinker_cookbook.utils.ml_log:240 [INFO] Logging to: https://wandb.ai/kriaz-msee20seecs-nust/ugttt-rebuttal/runs/1p8cxde0
tinker_cookbook.utils.ml_log:143 [INFO] Wrote metrics to logs/aws/wave1-rerun/ac1-base-seed3/metrics.jsonl
tinker_cookbook.utils.ml_log:240 [INFO] Logging to: https://wandb.ai/kriaz-msee20seecs-nust/ugttt-rebuttal/runs/1p8cxde0
tinker_cookbook.utils.ml_log:143 [INFO] Wrote metrics to logs/aws/wave1-rerun/ac1-base-seed3/metrics.jsonl
tinker_cookbook.utils.ml_log:240 [INFO] Logging to: https://wandb.ai/kriaz-msee20seecs-nust/ugttt-rebuttal/runs/1p8cxde0
tinker_cookbook.utils.ml_log:143 [INFO] Wrote metrics to logs/aws/wave1-rerun/ac1-base-seed3/metrics.jsonl
tinker_cookbook.utils.ml_log:240 [INFO] Logging to: https://wandb.ai/kriaz-msee20seecs-nust/ugttt-rebuttal/runs/1p8cxde0
__main__:1949 [INFO]   [2][3/8] KEPT | R_exec=0.2072 (max=0.6574) RMI=0.0000 R_total=0.2072 | 2015.6s | GPU: 18.1/60.9GB
tinker_cookbook.utils.ml_log:143 [INFO] Wrote metrics to logs/aws/wave1-rerun/ac1-base-seed3/metrics.jsonl
tinker_cookbook.utils.ml_log:240 [INFO] Logging to: https://wandb.ai/kriaz-msee20seecs-nust/ugttt-rebuttal/runs/1p8cxde0
tinker_cookbook.rl.ensemble:1082 [INFO]   generate_batch_multi_adapter_two_phase: N=8 phase1_max=26000 streaming_mi=False kv_q=False
tinker_cookbook.rl.ensemble:1270 [INFO]     [gen/p1] step=2048/24055 active=8/8 mi_stopped=0
tinker_cookbook.rl.ensemble:1270 [INFO]     [gen/p1] step=4096/24055 active=8/8 mi_stopped=0
tinker_cookbook.rl.ensemble:1270 [INFO]     [gen/p1] step=6144/24055 active=6/8 mi_stopped=0
tinker_cookbook.rl.ensemble:1270 [INFO]     [gen/p1] step=8192/24055 active=5/8 mi_stopped=0
tinker_cookbook.rl.ensemble:1270 [INFO]     [gen/p1] step=10240/24055 active=2/8 mi_stopped=0
__main__:1078 [INFO]   Group 3: multi-adapter generation 8 seqs in 925.9s
__main__:1108 [INFO]   Group 3: rewards computed in 1000.4s
__main__:1150 [INFO]     [g3][r1/8] adapter=0 R_exec=0.4947 true_MI=0.00000 RMI=0.0000 R_total=0.4947 correct=1 tokens=5858
__main__:1150 [INFO]     [g3][r2/8] adapter=0 R_exec=0.0000 true_MI=0.00000 RMI=0.0000 R_total=0.0000 correct=0 tokens=11053
__main__:1150 [INFO]     [g3][r3/8] adapter=0 R_exec=0.5053 true_MI=0.00000 RMI=0.0000 R_total=0.5053 correct=1 tokens=10090
__main__:1150 [INFO]     [g3][r4/8] adapter=0 R_exec=0.0000 true_MI=0.00000 RMI=0.0000 R_total=0.0000 correct=0 tokens=11210
__main__:1150 [INFO]     [g3][r5/8] adapter=0 R_exec=0.0000 true_MI=0.00000 RMI=0.0000 R_total=0.0000 correct=0 tokens=9278
__main__:1150 [INFO]     [g3][r6/8] adapter=0 R_exec=0.0000 true_MI=0.00000 RMI=0.0000 R_total=0.0000 correct=0 tokens=9608
__main__:1150 [INFO]     [g3][r7/8] adapter=0 R_exec=0.0000 true_MI=0.00000 RMI=0.0000 R_total=0.0000 correct=0 tokens=6016
__main__:1150 [INFO]     [g3][r8/8] adapter=0 R_exec=0.6584 true_MI=0.00000 RMI=0.0000 R_total=0.6584 correct=1 tokens=8007
__main__:1167 [INFO]   [g3] group true_MI: mean=0.00000 std=0.00000 max=0.00000 normalized=[0.00 0.00 0.00 0.00 0.00 0.00 0.00 0.00]
tinker_cookbook.utils.ml_log:143 [INFO] Wrote metrics to logs/aws/wave1-rerun/ac1-base-seed3/metrics.jsonl
tinker_cookbook.utils.ml_log:240 [INFO] Logging to: https://wandb.ai/kriaz-msee20seecs-nust/ugttt-rebuttal/runs/1p8cxde0
tinker_cookbook.utils.ml_log:143 [INFO] Wrote metrics to logs/aws/wave1-rerun/ac1-base-seed3/metrics.jsonl
tinker_cookbook.utils.ml_log:240 [INFO] Logging to: https://wandb.ai/kriaz-msee20seecs-nust/ugttt-rebuttal/runs/1p8cxde0
tinker_cookbook.utils.ml_log:143 [INFO] Wrote metrics to logs/aws/wave1-rerun/ac1-base-seed3/metrics.jsonl
tinker_cookbook.utils.ml_log:240 [INFO] Logging to: https://wandb.ai/kriaz-msee20seecs-nust/ugttt-rebuttal/runs/1p8cxde0
tinker_cookbook.utils.ml_log:143 [INFO] Wrote metrics to logs/aws/wave1-rerun/ac1-base-seed3/metrics.jsonl
tinker_cookbook.utils.ml_log:240 [INFO] Logging to: https://wandb.ai/kriaz-msee20seecs-nust/ugttt-rebuttal/runs/1p8cxde0
tinker_cookbook.utils.ml_log:143 [INFO] Wrote metrics to logs/aws/wave1-rerun/ac1-base-seed3/metrics.jsonl
tinker_cookbook.utils.ml_log:240 [INFO] Logging to: https://wandb.ai/kriaz-msee20seecs-nust/ugttt-rebuttal/runs/1p8cxde0
tinker_cookbook.utils.ml_log:143 [INFO] Wrote metrics to logs/aws/wave1-rerun/ac1-base-seed3/metrics.jsonl
tinker_cookbook.utils.ml_log:240 [INFO] Logging to: https://wandb.ai/kriaz-msee20seecs-nust/ugttt-rebuttal/runs/1p8cxde0
tinker_cookbook.utils.ml_log:143 [INFO] Wrote metrics to logs/aws/wave1-rerun/ac1-base-seed3/metrics.jsonl
tinker_cookbook.utils.ml_log:240 [INFO] Logging to: https://wandb.ai/kriaz-msee20seecs-nust/ugttt-rebuttal/runs/1p8cxde0
tinker_cookbook.utils.ml_log:143 [INFO] Wrote metrics to logs/aws/wave1-rerun/ac1-base-seed3/metrics.jsonl
tinker_cookbook.utils.ml_log:240 [INFO] Logging to: https://wandb.ai/kriaz-msee20seecs-nust/ugttt-rebuttal/runs/1p8cxde0
__main__:1949 [INFO]   [2][4/8] KEPT | R_exec=0.2073 (max=0.6584) RMI=0.0000 R_total=0.2073 | 1926.4s | GPU: 18.1/60.8GB
tinker_cookbook.utils.ml_log:143 [INFO] Wrote metrics to logs/aws/wave1-rerun/ac1-base-seed3/metrics.jsonl
tinker_cookbook.utils.ml_log:240 [INFO] Logging to: https://wandb.ai/kriaz-msee20seecs-nust/ugttt-rebuttal/runs/1p8cxde0
tinker_cookbook.rl.ensemble:1082 [INFO]   generate_batch_multi_adapter_two_phase: N=8 phase1_max=26000 streaming_mi=False kv_q=False
tinker_cookbook.rl.ensemble:1270 [INFO]     [gen/p1] step=2048/24055 active=8/8 mi_stopped=0
tinker_cookbook.rl.ensemble:1270 [INFO]     [gen/p1] step=4096/24055 active=8/8 mi_stopped=0
tinker_cookbook.rl.ensemble:1270 [INFO]     [gen/p1] step=6144/24055 active=7/8 mi_stopped=0
tinker_cookbook.rl.ensemble:1270 [INFO]     [gen/p1] step=8192/24055 active=2/8 mi_stopped=0
__main__:1078 [INFO]   Group 4: multi-adapter generation 8 seqs in 709.0s
__main__:1108 [INFO]   Group 4: rewards computed in 1005.2s
__main__:1150 [INFO]     [g4][r1/8] adapter=0 R_exec=0.5000 true_MI=0.00000 RMI=0.0000 R_total=0.5000 correct=1 tokens=7976
__main__:1150 [INFO]     [g4][r2/8] adapter=0 R_exec=0.0000 true_MI=0.00000 RMI=0.0000 R_total=0.0000 correct=0 tokens=7364
__main__:1150 [INFO]     [g4][r3/8] adapter=0 R_exec=0.5054 true_MI=0.00000 RMI=0.0000 R_total=0.5054 correct=1 tokens=6918
__main__:1150 [INFO]     [g4][r4/8] adapter=0 R_exec=0.5053 true_MI=0.00000 RMI=0.0000 R_total=0.5053 correct=1 tokens=8256
__main__:1150 [INFO]     [g4][r5/8] adapter=0 R_exec=0.5001 true_MI=0.00000 RMI=0.0000 R_total=0.5001 correct=1 tokens=7317
__main__:1150 [INFO]     [g4][r6/8] adapter=0 R_exec=0.0000 true_MI=0.00000 RMI=0.0000 R_total=0.0000 correct=0 tokens=9365
__main__:1150 [INFO]     [g4][r7/8] adapter=0 R_exec=0.0000 true_MI=0.00000 RMI=0.0000 R_total=0.0000 correct=0 tokens=5647
__main__:1150 [INFO]     [g4][r8/8] adapter=0 R_exec=0.0000 true_MI=0.00000 RMI=0.0000 R_total=0.0000 correct=0 tokens=6983
__main__:1167 [INFO]   [g4] group true_MI: mean=0.00000 std=0.00000 max=0.00000 normalized=[0.00 0.00 0.00 0.00 0.00 0.00 0.00 0.00]
tinker_cookbook.utils.ml_log:143 [INFO] Wrote metrics to logs/aws/wave1-rerun/ac1-base-seed3/metrics.jsonl
tinker_cookbook.utils.ml_log:240 [INFO] Logging to: https://wandb.ai/kriaz-msee20seecs-nust/ugttt-rebuttal/runs/1p8cxde0
tinker_cookbook.utils.ml_log:143 [INFO] Wrote metrics to logs/aws/wave1-rerun/ac1-base-seed3/metrics.jsonl
tinker_cookbook.utils.ml_log:240 [INFO] Logging to: https://wandb.ai/kriaz-msee20seecs-nust/ugttt-rebuttal/runs/1p8cxde0
tinker_cookbook.utils.ml_log:143 [INFO] Wrote metrics to logs/aws/wave1-rerun/ac1-base-seed3/metrics.jsonl
tinker_cookbook.utils.ml_log:240 [INFO] Logging to: https://wandb.ai/kriaz-msee20seecs-nust/ugttt-rebuttal/runs/1p8cxde0
tinker_cookbook.utils.ml_log:143 [INFO] Wrote metrics to logs/aws/wave1-rerun/ac1-base-seed3/metrics.jsonl
tinker_cookbook.utils.ml_log:240 [INFO] Logging to: https://wandb.ai/kriaz-msee20seecs-nust/ugttt-rebuttal/runs/1p8cxde0
tinker_cookbook.utils.ml_log:143 [INFO] Wrote metrics to logs/aws/wave1-rerun/ac1-base-seed3/metrics.jsonl
tinker_cookbook.utils.ml_log:240 [INFO] Logging to: https://wandb.ai/kriaz-msee20seecs-nust/ugttt-rebuttal/runs/1p8cxde0
tinker_cookbook.utils.ml_log:143 [INFO] Wrote metrics to logs/aws/wave1-rerun/ac1-base-seed3/metrics.jsonl
tinker_cookbook.utils.ml_log:240 [INFO] Logging to: https://wandb.ai/kriaz-msee20seecs-nust/ugttt-rebuttal/runs/1p8cxde0
tinker_cookbook.utils.ml_log:143 [INFO] Wrote metrics to logs/aws/wave1-rerun/ac1-base-seed3/metrics.jsonl
tinker_cookbook.utils.ml_log:240 [INFO] Logging to: https://wandb.ai/kriaz-msee20seecs-nust/ugttt-rebuttal/runs/1p8cxde0
tinker_cookbook.utils.ml_log:143 [INFO] Wrote metrics to logs/aws/wave1-rerun/ac1-base-seed3/metrics.jsonl
tinker_cookbook.utils.ml_log:240 [INFO] Logging to: https://wandb.ai/kriaz-msee20seecs-nust/ugttt-rebuttal/runs/1p8cxde0
__main__:1949 [INFO]   [2][5/8] KEPT | R_exec=0.2514 (max=0.5054) RMI=0.0000 R_total=0.2514 | 1714.3s | GPU: 18.1/60.5GB
tinker_cookbook.utils.ml_log:143 [INFO] Wrote metrics to logs/aws/wave1-rerun/ac1-base-seed3/metrics.jsonl
tinker_cookbook.utils.ml_log:240 [INFO] Logging to: https://wandb.ai/kriaz-msee20seecs-nust/ugttt-rebuttal/runs/1p8cxde0
tinker_cookbook.rl.ensemble:1082 [INFO]   generate_batch_multi_adapter_two_phase: N=8 phase1_max=26000 streaming_mi=False kv_q=False
tinker_cookbook.rl.ensemble:1270 [INFO]     [gen/p1] step=2048/23277 active=8/8 mi_stopped=0
tinker_cookbook.rl.ensemble:1270 [INFO]     [gen/p1] step=4096/23277 active=8/8 mi_stopped=0
tinker_cookbook.rl.ensemble:1270 [INFO]     [gen/p1] step=6144/23277 active=6/8 mi_stopped=0
tinker_cookbook.rl.ensemble:1270 [INFO]     [gen/p1] step=8192/23277 active=4/8 mi_stopped=0
tinker_cookbook.rl.ensemble:1270 [INFO]     [gen/p1] step=10240/23277 active=1/8 mi_stopped=0
tinker_cookbook.rl.ensemble:1270 [INFO]     [gen/p1] step=12288/23277 active=1/8 mi_stopped=0
__main__:1078 [INFO]   Group 5: multi-adapter generation 8 seqs in 1155.5s
__main__:1108 [INFO]   Group 5: rewards computed in 1005.2s
__main__:1150 [INFO]     [g5][r1/8] adapter=0 R_exec=0.0000 true_MI=0.00000 RMI=0.0000 R_total=0.0000 correct=0 tokens=8311
__main__:1150 [INFO]     [g5][r2/8] adapter=0 R_exec=0.5783 true_MI=0.00000 RMI=0.0000 R_total=0.5783 correct=1 tokens=9533
__main__:1150 [INFO]     [g5][r3/8] adapter=0 R_exec=0.5513 true_MI=0.00000 RMI=0.0000 R_total=0.5513 correct=1 tokens=8999
__main__:1150 [INFO]     [g5][r4/8] adapter=0 R_exec=0.5598 true_MI=0.00000 RMI=0.0000 R_total=0.5598 correct=1 tokens=7502
__main__:1150 [INFO]     [g5][r5/8] adapter=0 R_exec=0.0000 true_MI=0.00000 RMI=0.0000 R_total=0.0000 correct=0 tokens=5334
__main__:1150 [INFO]     [g5][r6/8] adapter=0 R_exec=0.0000 true_MI=0.00000 RMI=0.0000 R_total=0.0000 correct=0 tokens=6328
__main__:1150 [INFO]     [g5][r7/8] adapter=0 R_exec=0.5534 true_MI=0.00000 RMI=0.0000 R_total=0.5534 correct=1 tokens=12590
__main__:1150 [INFO]     [g5][r8/8] adapter=0 R_exec=0.5555 true_MI=0.00000 RMI=0.0000 R_total=0.5555 correct=1 tokens=6083
__main__:1167 [INFO]   [g5] group true_MI: mean=0.00000 std=0.00000 max=0.00000 normalized=[0.00 0.00 0.00 0.00 0.00 0.00 0.00 0.00]
tinker_cookbook.utils.ml_log:143 [INFO] Wrote metrics to logs/aws/wave1-rerun/ac1-base-seed3/metrics.jsonl
tinker_cookbook.utils.ml_log:240 [INFO] Logging to: https://wandb.ai/kriaz-msee20seecs-nust/ugttt-rebuttal/runs/1p8cxde0
tinker_cookbook.utils.ml_log:143 [INFO] Wrote metrics to logs/aws/wave1-rerun/ac1-base-seed3/metrics.jsonl
tinker_cookbook.utils.ml_log:240 [INFO] Logging to: https://wandb.ai/kriaz-msee20seecs-nust/ugttt-rebuttal/runs/1p8cxde0
tinker_cookbook.utils.ml_log:143 [INFO] Wrote metrics to logs/aws/wave1-rerun/ac1-base-seed3/metrics.jsonl
tinker_cookbook.utils.ml_log:240 [INFO] Logging to: https://wandb.ai/kriaz-msee20seecs-nust/ugttt-rebuttal/runs/1p8cxde0
tinker_cookbook.utils.ml_log:143 [INFO] Wrote metrics to logs/aws/wave1-rerun/ac1-base-seed3/metrics.jsonl
tinker_cookbook.utils.ml_log:240 [INFO] Logging to: https://wandb.ai/kriaz-msee20seecs-nust/ugttt-rebuttal/runs/1p8cxde0
tinker_cookbook.utils.ml_log:143 [INFO] Wrote metrics to logs/aws/wave1-rerun/ac1-base-seed3/metrics.jsonl
tinker_cookbook.utils.ml_log:240 [INFO] Logging to: https://wandb.ai/kriaz-msee20seecs-nust/ugttt-rebuttal/runs/1p8cxde0
tinker_cookbook.utils.ml_log:143 [INFO] Wrote metrics to logs/aws/wave1-rerun/ac1-base-seed3/metrics.jsonl
tinker_cookbook.utils.ml_log:240 [INFO] Logging to: https://wandb.ai/kriaz-msee20seecs-nust/ugttt-rebuttal/runs/1p8cxde0
tinker_cookbook.utils.ml_log:143 [INFO] Wrote metrics to logs/aws/wave1-rerun/ac1-base-seed3/metrics.jsonl
tinker_cookbook.utils.ml_log:240 [INFO] Logging to: https://wandb.ai/kriaz-msee20seecs-nust/ugttt-rebuttal/runs/1p8cxde0
tinker_cookbook.utils.ml_log:143 [INFO] Wrote metrics to logs/aws/wave1-rerun/ac1-base-seed3/metrics.jsonl
tinker_cookbook.utils.ml_log:240 [INFO] Logging to: https://wandb.ai/kriaz-msee20seecs-nust/ugttt-rebuttal/runs/1p8cxde0
__main__:1949 [INFO]   [2][6/8] KEPT | R_exec=0.3498 (max=0.5783) RMI=0.0000 R_total=0.3498 | 2160.8s | GPU: 18.1/61.6GB
tinker_cookbook.utils.ml_log:143 [INFO] Wrote metrics to logs/aws/wave1-rerun/ac1-base-seed3/metrics.jsonl
tinker_cookbook.utils.ml_log:240 [INFO] Logging to: https://wandb.ai/kriaz-msee20seecs-nust/ugttt-rebuttal/runs/1p8cxde0
tinker_cookbook.rl.ensemble:1082 [INFO]   generate_batch_multi_adapter_two_phase: N=8 phase1_max=26000 streaming_mi=False kv_q=False
tinker_cookbook.rl.ensemble:1270 [INFO]     [gen/p1] step=2048/23223 active=8/8 mi_stopped=0
tinker_cookbook.rl.ensemble:1270 [INFO]     [gen/p1] step=4096/23223 active=8/8 mi_stopped=0
tinker_cookbook.rl.ensemble:1270 [INFO]     [gen/p1] step=6144/23223 active=8/8 mi_stopped=0
tinker_cookbook.rl.ensemble:1270 [INFO]     [gen/p1] step=8192/23223 active=6/8 mi_stopped=0
tinker_cookbook.rl.ensemble:1270 [INFO]     [gen/p1] step=10240/23223 active=1/8 mi_stopped=0
tinker_cookbook.rl.ensemble:1270 [INFO]     [gen/p1] step=12288/23223 active=1/8 mi_stopped=0
__main__:1078 [INFO]   Group 6: multi-adapter generation 8 seqs in 1190.4s
__main__:1108 [INFO]   Group 6: rewards computed in 1005.2s
__main__:1150 [INFO]     [g6][r1/8] adapter=0 R_exec=0.0000 true_MI=0.00000 RMI=0.0000 R_total=0.0000 correct=0 tokens=7657
__main__:1150 [INFO]     [g6][r2/8] adapter=0 R_exec=0.0000 true_MI=0.00000 RMI=0.0000 R_total=0.0000 correct=0 tokens=8368
__main__:1150 [INFO]     [g6][r3/8] adapter=0 R_exec=0.6095 true_MI=0.00000 RMI=0.0000 R_total=0.6095 correct=1 tokens=9849
__main__:1150 [INFO]     [g6][r4/8] adapter=0 R_exec=0.0000 true_MI=0.00000 RMI=0.0000 R_total=0.0000 correct=0 tokens=7538
__main__:1150 [INFO]     [g6][r5/8] adapter=0 R_exec=0.5732 true_MI=0.00000 RMI=0.0000 R_total=0.5732 correct=1 tokens=8506
__main__:1150 [INFO]     [g6][r6/8] adapter=0 R_exec=0.5701 true_MI=0.00000 RMI=0.0000 R_total=0.5701 correct=1 tokens=8880
__main__:1150 [INFO]     [g6][r7/8] adapter=0 R_exec=0.0000 true_MI=0.00000 RMI=0.0000 R_total=0.0000 correct=0 tokens=12781
__main__:1150 [INFO]     [g6][r8/8] adapter=0 R_exec=0.5751 true_MI=0.00000 RMI=0.0000 R_total=0.5751 correct=1 tokens=8852
__main__:1167 [INFO]   [g6] group true_MI: mean=0.00000 std=0.00000 max=0.00000 normalized=[0.00 0.00 0.00 0.00 0.00 0.00 0.00 0.00]
tinker_cookbook.utils.ml_log:143 [INFO] Wrote metrics to logs/aws/wave1-rerun/ac1-base-seed3/metrics.jsonl
tinker_cookbook.utils.ml_log:240 [INFO] Logging to: https://wandb.ai/kriaz-msee20seecs-nust/ugttt-rebuttal/runs/1p8cxde0
tinker_cookbook.utils.ml_log:143 [INFO] Wrote metrics to logs/aws/wave1-rerun/ac1-base-seed3/metrics.jsonl
tinker_cookbook.utils.ml_log:240 [INFO] Logging to: https://wandb.ai/kriaz-msee20seecs-nust/ugttt-rebuttal/runs/1p8cxde0
tinker_cookbook.utils.ml_log:143 [INFO] Wrote metrics to logs/aws/wave1-rerun/ac1-base-seed3/metrics.jsonl
tinker_cookbook.utils.ml_log:240 [INFO] Logging to: https://wandb.ai/kriaz-msee20seecs-nust/ugttt-rebuttal/runs/1p8cxde0
tinker_cookbook.utils.ml_log:143 [INFO] Wrote metrics to logs/aws/wave1-rerun/ac1-base-seed3/metrics.jsonl
tinker_cookbook.utils.ml_log:240 [INFO] Logging to: https://wandb.ai/kriaz-msee20seecs-nust/ugttt-rebuttal/runs/1p8cxde0
tinker_cookbook.utils.ml_log:143 [INFO] Wrote metrics to logs/aws/wave1-rerun/ac1-base-seed3/metrics.jsonl
tinker_cookbook.utils.ml_log:240 [INFO] Logging to: https://wandb.ai/kriaz-msee20seecs-nust/ugttt-rebuttal/runs/1p8cxde0
tinker_cookbook.utils.ml_log:143 [INFO] Wrote metrics to logs/aws/wave1-rerun/ac1-base-seed3/metrics.jsonl
tinker_cookbook.utils.ml_log:240 [INFO] Logging to: https://wandb.ai/kriaz-msee20seecs-nust/ugttt-rebuttal/runs/1p8cxde0
tinker_cookbook.utils.ml_log:143 [INFO] Wrote metrics to logs/aws/wave1-rerun/ac1-base-seed3/metrics.jsonl
tinker_cookbook.utils.ml_log:240 [INFO] Logging to: https://wandb.ai/kriaz-msee20seecs-nust/ugttt-rebuttal/runs/1p8cxde0
tinker_cookbook.utils.ml_log:143 [INFO] Wrote metrics to logs/aws/wave1-rerun/ac1-base-seed3/metrics.jsonl
tinker_cookbook.utils.ml_log:240 [INFO] Logging to: https://wandb.ai/kriaz-msee20seecs-nust/ugttt-rebuttal/runs/1p8cxde0
__main__:1949 [INFO]   [2][7/8] KEPT | R_exec=0.2910 (max=0.6095) RMI=0.0000 R_total=0.2910 | 2195.7s | GPU: 18.1/61.7GB
tinker_cookbook.utils.ml_log:143 [INFO] Wrote metrics to logs/aws/wave1-rerun/ac1-base-seed3/metrics.jsonl
tinker_cookbook.utils.ml_log:240 [INFO] Logging to: https://wandb.ai/kriaz-msee20seecs-nust/ugttt-rebuttal/runs/1p8cxde0
tinker_cookbook.rl.ensemble:1082 [INFO]   generate_batch_multi_adapter_two_phase: N=8 phase1_max=26000 streaming_mi=False kv_q=False
tinker_cookbook.rl.ensemble:1270 [INFO]     [gen/p1] step=2048/23644 active=8/8 mi_stopped=0
tinker_cookbook.rl.ensemble:1270 [INFO]     [gen/p1] step=4096/23644 active=8/8 mi_stopped=0
tinker_cookbook.rl.ensemble:1270 [INFO]     [gen/p1] step=6144/23644 active=8/8 mi_stopped=0
tinker_cookbook.rl.ensemble:1270 [INFO]     [gen/p1] step=8192/23644 active=7/8 mi_stopped=0
tinker_cookbook.rl.ensemble:1270 [INFO]     [gen/p1] step=10240/23644 active=3/8 mi_stopped=0
tinker_cookbook.rl.ensemble:1270 [INFO]     [gen/p1] step=12288/23644 active=1/8 mi_stopped=0
__main__:1078 [INFO]   Group 7: multi-adapter generation 8 seqs in 1256.6s
__main__:1108 [INFO]   Group 7: rewards computed in 1006.8s
__main__:1150 [INFO]     [g7][r1/8] adapter=0 R_exec=0.5980 true_MI=0.00000 RMI=0.0000 R_total=0.5980 correct=1 tokens=13526
__main__:1150 [INFO]     [g7][r2/8] adapter=0 R_exec=0.5862 true_MI=0.00000 RMI=0.0000 R_total=0.5862 correct=1 tokens=11835
__main__:1150 [INFO]     [g7][r3/8] adapter=0 R_exec=0.6450 true_MI=0.00000 RMI=0.0000 R_total=0.6450 correct=1 tokens=10241
__main__:1150 [INFO]     [g7][r4/8] adapter=0 R_exec=0.5533 true_MI=0.00000 RMI=0.0000 R_total=0.5533 correct=1 tokens=9163
__main__:1150 [INFO]     [g7][r5/8] adapter=0 R_exec=0.5410 true_MI=0.00000 RMI=0.0000 R_total=0.5410 correct=1 tokens=7699
__main__:1150 [INFO]     [g7][r6/8] adapter=0 R_exec=0.0000 true_MI=0.00000 RMI=0.0000 R_total=0.0000 correct=0 tokens=9316
__main__:1150 [INFO]     [g7][r7/8] adapter=0 R_exec=0.5422 true_MI=0.00000 RMI=0.0000 R_total=0.5422 correct=1 tokens=9755
__main__:1150 [INFO]     [g7][r8/8] adapter=0 R_exec=0.5480 true_MI=0.00000 RMI=0.0000 R_total=0.5480 correct=1 tokens=9239
__main__:1167 [INFO]   [g7] group true_MI: mean=0.00000 std=0.00000 max=0.00000 normalized=[0.00 0.00 0.00 0.00 0.00 0.00 0.00 0.00]
tinker_cookbook.utils.ml_log:143 [INFO] Wrote metrics to logs/aws/wave1-rerun/ac1-base-seed3/metrics.jsonl
tinker_cookbook.utils.ml_log:240 [INFO] Logging to: https://wandb.ai/kriaz-msee20seecs-nust/ugttt-rebuttal/runs/1p8cxde0
tinker_cookbook.utils.ml_log:143 [INFO] Wrote metrics to logs/aws/wave1-rerun/ac1-base-seed3/metrics.jsonl
tinker_cookbook.utils.ml_log:240 [INFO] Logging to: https://wandb.ai/kriaz-msee20seecs-nust/ugttt-rebuttal/runs/1p8cxde0
tinker_cookbook.utils.ml_log:143 [INFO] Wrote metrics to logs/aws/wave1-rerun/ac1-base-seed3/metrics.jsonl
tinker_cookbook.utils.ml_log:240 [INFO] Logging to: https://wandb.ai/kriaz-msee20seecs-nust/ugttt-rebuttal/runs/1p8cxde0
tinker_cookbook.utils.ml_log:143 [INFO] Wrote metrics to logs/aws/wave1-rerun/ac1-base-seed3/metrics.jsonl
tinker_cookbook.utils.ml_log:240 [INFO] Logging to: https://wandb.ai/kriaz-msee20seecs-nust/ugttt-rebuttal/runs/1p8cxde0
tinker_cookbook.utils.ml_log:143 [INFO] Wrote metrics to logs/aws/wave1-rerun/ac1-base-seed3/metrics.jsonl
tinker_cookbook.utils.ml_log:240 [INFO] Logging to: https://wandb.ai/kriaz-msee20seecs-nust/ugttt-rebuttal/runs/1p8cxde0
tinker_cookbook.utils.ml_log:143 [INFO] Wrote metrics to logs/aws/wave1-rerun/ac1-base-seed3/metrics.jsonl
tinker_cookbook.utils.ml_log:240 [INFO] Logging to: https://wandb.ai/kriaz-msee20seecs-nust/ugttt-rebuttal/runs/1p8cxde0
tinker_cookbook.utils.ml_log:143 [INFO] Wrote metrics to logs/aws/wave1-rerun/ac1-base-seed3/metrics.jsonl
tinker_cookbook.utils.ml_log:240 [INFO] Logging to: https://wandb.ai/kriaz-msee20seecs-nust/ugttt-rebuttal/runs/1p8cxde0
tinker_cookbook.utils.ml_log:143 [INFO] Wrote metrics to logs/aws/wave1-rerun/ac1-base-seed3/metrics.jsonl
tinker_cookbook.utils.ml_log:240 [INFO] Logging to: https://wandb.ai/kriaz-msee20seecs-nust/ugttt-rebuttal/runs/1p8cxde0
__main__:1949 [INFO]   [2][8/8] KEPT | R_exec=0.5017 (max=0.6450) RMI=0.0000 R_total=0.5017 | 2263.5s | GPU: 18.1/61.4GB
tinker_cookbook.utils.ml_log:143 [INFO] Wrote metrics to logs/aws/wave1-rerun/ac1-base-seed3/metrics.jsonl
tinker_cookbook.utils.ml_log:240 [INFO] Logging to: https://wandb.ai/kriaz-msee20seecs-nust/ugttt-rebuttal/runs/1p8cxde0
__main__:1988 [INFO] [Epoch 2] Rollout phase done in 15924.5s. Training on 8/8 groups...
tinker_cookbook.utils.ml_log:143 [INFO] Wrote metrics to logs/aws/wave1-rerun/ac1-base-seed3/metrics.jsonl
tinker_cookbook.utils.ml_log:195 [INFO] 
┏━━━━━━━━━━━━━━━━━━━━━━━━━━━━━━━━┳━━━━━━━━━━━━━━┓
┃ Metric                         ┃ Value        ┃
┡━━━━━━━━━━━━━━━━━━━━━━━━━━━━━━━━╇━━━━━━━━━━━━━━┩
│ gpu/memory_allocated_gb        │ 18.092511    │
│ gpu/memory_peak_gb             │ 61.073576    │
│ gpu/memory_reserved_gb         │ 18.121490    │
│ kl_policy_base                 │ 0.002596     │
│ optim/entropy                  │ 0.562363     │
│ optim/kl_sample_train_v1       │ 0.000108     │
│ optim/kl_sample_train_v2       │ 0.000128     │
│ progress/done_frac             │ 0.500000     │
│ progress/epoch                 │ 2            │
│ rollout/groups_attempted       │ 8.000000     │
│ rollout/groups_filtered        │ 0.000000     │
│ rollout/groups_kept            │ 8.000000     │
│ rollout/intra_group_reward_std │ 0.265412     │
│ time/rollout                   │ 15924.475251 │
│ time/total                     │ 16191.917094 │
│ time/train                     │ 267.193560   │
│ train/advantage/max            │ 7.948136     │
│ train/advantage/mean           │ 0.306983     │
│ train/advantage/min            │ -1.000000    │
│ train/advantage/std            │ 1.935842     │
│ train/beta/mean                │ 25.062176    │
│ train/beta/std                 │ 18.593062    │
│ train/correctness/mean         │ 0.593750     │
│ train/correctness/rate         │ 0.593750     │
│ train/ensemble/frac_high_disa… │ 0.000000     │
│ train/ensemble/max_token_disa… │ nan          │
│ train/ensemble/member_logprob… │ 0.000000     │
│ train/ensemble/member_logprob… │ nan          │
│ train/gamma_eff/mean           │ 0.000000     │
│ train/gen/num_tokens/max       │ 13526.000000 │
│ train/gen/num_tokens/mean      │ 8583.531250  │
│ train/gen/num_tokens/std       │ 1901.153276  │
│ train/loss                     │ -0.306923    │
│ train/nnm_loss                 │ 0.000000     │
│ train/nnm_nuclear_norm         │ 0.000000     │
│ train/num_groups               │ 8.000000     │
│ train/num_rollouts             │ 64.000000    │
│ train/num_rollouts_total       │ 64.000000    │
│ train/reward/exec/best         │ 0.658609     │
│ train/reward/exec/max          │ 0.658592     │
│ train/reward/exec/mean         │ 0.332660     │
│ train/reward/exec/min          │ 0.000000     │
│ train/reward/exec/std          │ 0.287204     │
│ train/reward/rmi/max           │ 0.000000     │
│ train/reward/rmi/mean          │ 0.000000     │
│ train/reward/rmi/min           │ 0.000000     │
│ train/reward/rmi/std           │ 0.000000     │
│ train/reward/total/best        │ 0.658609     │
│ train/reward/total/max         │ 0.658592     │
│ train/reward/total/mean        │ 0.332660     │
│ train/reward/total/min         │ 0.000000     │
│ train/reward/total/std         │ 0.287204     │
│ train/streaming_mi/stop_rate   │ 0.000000     │
│ train/streaming_mi/tokens_sav… │ 0.000000     │
│ train/streaming_mi/tokens_sav… │ 0.000000     │
│ train/two_phase/phase1_tokens… │ 8583.531250  │
│ train/two_phase/phase2_tokens… │ 0.000000     │
│ train/two_phase/prefill_rate   │ 0.000000     │
│ train/uncertainty/predictive_… │ 0.000000     │
│ train/uncertainty/predictive_… │ 0.000000     │
│ train/uncertainty/predictive_… │ 0.000000     │
│ train/uncertainty/predictive_… │ 0.000000     │
│ train/uncertainty/predictive_… │ 0.000000     │
│ train/uncertainty/predictive_… │ 0.000000     │
│ train/uncertainty/predictive_… │ 0.000000     │
│ train/uncertainty/predictive_… │ 0.000000     │
│ train/uncertainty/rmi/max      │ 0.000000     │
│ train/uncertainty/rmi/mean     │ 0.000000     │
│ train/uncertainty/rmi/min      │ 0.000000     │
│ train/uncertainty/rmi/std      │ 0.000000     │
│ train/uncertainty/rmi_top7/max │ 0.000000     │
│ train/uncertainty/rmi_top7/me… │ 0.000000     │
│ train/uncertainty/rmi_top7/min │ 0.000000     │
│ train/uncertainty/rmi_top7/std │ 0.000000     │
│ train/uncertainty/top7_mi_cod… │ 0.000000     │
│ train/uncertainty/top7_mi_cod… │ 0.000000     │
│ train/uncertainty/top7_mi_thi… │ 0.000000     │
│ train/uncertainty/top7_mi_thi… │ 0.000000     │
│ train/uncertainty/top7_pct_co… │ 0.000000     │
│ train/uncertainty/top7_pct_co… │ 0.000000     │
│ train/uncertainty/top7_pct_th… │ 1.000000     │
│ train/uncertainty/top7_pct_th… │ 0.000000     │
│ train/uncertainty/true_mi/max  │ 0.000000     │
│ train/uncertainty/true_mi/mean │ 0.000000     │
│ train/uncertainty/true_mi/min  │ 0.000000     │
│ train/uncertainty/true_mi/std  │ 0.000000     │
│ train/uncertainty/variance/max │ nan          │
│ train/uncertainty/variance/me… │ nan          │
│ train/uncertainty/variance/min │ nan          │
│ train/uncertainty/variance/std │ nan          │
│ train/uncertainty/variance_to… │ nan          │
│ train/uncertainty/variance_to… │ nan          │
│ train/uncertainty/variance_to… │ nan          │
│ train/uncertainty/variance_to… │ nan          │
└────────────────────────────────┴──────────────┘
tinker_cookbook.utils.ml_log:240 [INFO] Logging to: https://wandb.ai/kriaz-msee20seecs-nust/ugttt-rebuttal/runs/1p8cxde0
__main__:2062 [INFO] [Epoch 2] R_exec=0.3327 (max=0.6586 best=0.6586) RMI=0.0000 beta=25.06 corr=59.4% loss=-0.3069 groups=8/8 time=16191.9s
__main__:1836 [INFO] [Epoch 3/6] Starting rollout phase: 8 groups × 8 rollouts
tinker_cookbook.rl.ensemble:1082 [INFO]   generate_batch_multi_adapter_two_phase: N=8 phase1_max=26000 streaming_mi=False kv_q=False
tinker_cookbook.rl.ensemble:1270 [INFO]     [gen/p1] step=2048/22984 active=8/8 mi_stopped=0
tinker_cookbook.rl.ensemble:1270 [INFO]     [gen/p1] step=4096/22984 active=7/8 mi_stopped=0
tinker_cookbook.rl.ensemble:1270 [INFO]     [gen/p1] step=6144/22984 active=6/8 mi_stopped=0
tinker_cookbook.rl.ensemble:1270 [INFO]     [gen/p1] step=8192/22984 active=1/8 mi_stopped=0
__main__:1078 [INFO]   Group 0: multi-adapter generation 8 seqs in 732.6s
__main__:1108 [INFO]   Group 0: rewards computed in 1005.3s
__main__:1150 [INFO]     [g0][r1/8] adapter=0 R_exec=0.0000 true_MI=0.00000 RMI=0.0000 R_total=0.0000 correct=0 tokens=6791
__main__:1150 [INFO]     [g0][r2/8] adapter=0 R_exec=0.0000 true_MI=0.00000 RMI=0.0000 R_total=0.0000 correct=0 tokens=7624
__main__:1150 [INFO]     [g0][r3/8] adapter=0 R_exec=0.0000 true_MI=0.00000 RMI=0.0000 R_total=0.0000 correct=0 tokens=3662
__main__:1150 [INFO]     [g0][r4/8] adapter=0 R_exec=0.6582 true_MI=0.00000 RMI=0.0000 R_total=0.6582 correct=1 tokens=7710
__main__:1150 [INFO]     [g0][r5/8] adapter=0 R_exec=0.0000 true_MI=0.00000 RMI=0.0000 R_total=0.0000 correct=0 tokens=6923
__main__:1150 [INFO]     [g0][r6/8] adapter=0 R_exec=0.0000 true_MI=0.00000 RMI=0.0000 R_total=0.0000 correct=0 tokens=6556
__main__:1150 [INFO]     [g0][r7/8] adapter=0 R_exec=0.6582 true_MI=0.00000 RMI=0.0000 R_total=0.6582 correct=1 tokens=6119
__main__:1150 [INFO]     [g0][r8/8] adapter=0 R_exec=0.0000 true_MI=0.00000 RMI=0.0000 R_total=0.0000 correct=0 tokens=9006
__main__:1167 [INFO]   [g0] group true_MI: mean=0.00000 std=0.00000 max=0.00000 normalized=[0.00 0.00 0.00 0.00 0.00 0.00 0.00 0.00]
tinker_cookbook.utils.ml_log:143 [INFO] Wrote metrics to logs/aws/wave1-rerun/ac1-base-seed3/metrics.jsonl
tinker_cookbook.utils.ml_log:240 [INFO] Logging to: https://wandb.ai/kriaz-msee20seecs-nust/ugttt-rebuttal/runs/1p8cxde0
tinker_cookbook.utils.ml_log:143 [INFO] Wrote metrics to logs/aws/wave1-rerun/ac1-base-seed3/metrics.jsonl
tinker_cookbook.utils.ml_log:240 [INFO] Logging to: https://wandb.ai/kriaz-msee20seecs-nust/ugttt-rebuttal/runs/1p8cxde0
tinker_cookbook.utils.ml_log:143 [INFO] Wrote metrics to logs/aws/wave1-rerun/ac1-base-seed3/metrics.jsonl
tinker_cookbook.utils.ml_log:240 [INFO] Logging to: https://wandb.ai/kriaz-msee20seecs-nust/ugttt-rebuttal/runs/1p8cxde0
tinker_cookbook.utils.ml_log:143 [INFO] Wrote metrics to logs/aws/wave1-rerun/ac1-base-seed3/metrics.jsonl
tinker_cookbook.utils.ml_log:240 [INFO] Logging to: https://wandb.ai/kriaz-msee20seecs-nust/ugttt-rebuttal/runs/1p8cxde0
tinker_cookbook.utils.ml_log:143 [INFO] Wrote metrics to logs/aws/wave1-rerun/ac1-base-seed3/metrics.jsonl
tinker_cookbook.utils.ml_log:240 [INFO] Logging to: https://wandb.ai/kriaz-msee20seecs-nust/ugttt-rebuttal/runs/1p8cxde0
tinker_cookbook.utils.ml_log:143 [INFO] Wrote metrics to logs/aws/wave1-rerun/ac1-base-seed3/metrics.jsonl
tinker_cookbook.utils.ml_log:240 [INFO] Logging to: https://wandb.ai/kriaz-msee20seecs-nust/ugttt-rebuttal/runs/1p8cxde0
tinker_cookbook.utils.ml_log:143 [INFO] Wrote metrics to logs/aws/wave1-rerun/ac1-base-seed3/metrics.jsonl
tinker_cookbook.utils.ml_log:240 [INFO] Logging to: https://wandb.ai/kriaz-msee20seecs-nust/ugttt-rebuttal/runs/1p8cxde0
tinker_cookbook.utils.ml_log:143 [INFO] Wrote metrics to logs/aws/wave1-rerun/ac1-base-seed3/metrics.jsonl
tinker_cookbook.utils.ml_log:240 [INFO] Logging to: https://wandb.ai/kriaz-msee20seecs-nust/ugttt-rebuttal/runs/1p8cxde0
__main__:1949 [INFO]   [3][1/8] KEPT | R_exec=0.1646 (max=0.6582) RMI=0.0000 R_total=0.1646 | 1737.9s | GPU: 18.1/61.7GB
tinker_cookbook.utils.ml_log:143 [INFO] Wrote metrics to logs/aws/wave1-rerun/ac1-base-seed3/metrics.jsonl
tinker_cookbook.utils.ml_log:240 [INFO] Logging to: https://wandb.ai/kriaz-msee20seecs-nust/ugttt-rebuttal/runs/1p8cxde0
tinker_cookbook.rl.ensemble:1082 [INFO]   generate_batch_multi_adapter_two_phase: N=8 phase1_max=26000 streaming_mi=False kv_q=False
tinker_cookbook.rl.ensemble:1270 [INFO]     [gen/p1] step=2048/23707 active=8/8 mi_stopped=0
tinker_cookbook.rl.ensemble:1270 [INFO]     [gen/p1] step=4096/23707 active=8/8 mi_stopped=0
tinker_cookbook.rl.ensemble:1270 [INFO]     [gen/p1] step=6144/23707 active=7/8 mi_stopped=0
tinker_cookbook.rl.ensemble:1270 [INFO]     [gen/p1] step=8192/23707 active=3/8 mi_stopped=0
tinker_cookbook.rl.ensemble:1270 [INFO]     [gen/p1] step=10240/23707 active=1/8 mi_stopped=0
__main__:1078 [INFO]   Group 1: multi-adapter generation 8 seqs in 895.7s
__main__:1108 [INFO]   Group 1: rewards computed in 1001.5s
__main__:1150 [INFO]     [g1][r1/8] adapter=0 R_exec=0.4910 true_MI=0.00000 RMI=0.0000 R_total=0.4910 correct=1 tokens=9627
__main__:1150 [INFO]     [g1][r2/8] adapter=0 R_exec=0.4737 true_MI=0.00000 RMI=0.0000 R_total=0.4737 correct=1 tokens=4338
__main__:1150 [INFO]     [g1][r3/8] adapter=0 R_exec=0.6585 true_MI=0.00000 RMI=0.0000 R_total=0.6585 correct=1 tokens=7863
__main__:1150 [INFO]     [g1][r4/8] adapter=0 R_exec=0.4996 true_MI=0.00000 RMI=0.0000 R_total=0.4996 correct=1 tokens=10794
__main__:1150 [INFO]     [g1][r5/8] adapter=0 R_exec=0.2332 true_MI=0.00000 RMI=0.0000 R_total=0.2332 correct=1 tokens=8186
__main__:1150 [INFO]     [g1][r6/8] adapter=0 R_exec=0.6545 true_MI=0.00000 RMI=0.0000 R_total=0.6545 correct=1 tokens=6912
__main__:1150 [INFO]     [g1][r7/8] adapter=0 R_exec=0.5000 true_MI=0.00000 RMI=0.0000 R_total=0.5000 correct=1 tokens=9429
__main__:1150 [INFO]     [g1][r8/8] adapter=0 R_exec=0.5000 true_MI=0.00000 RMI=0.0000 R_total=0.5000 correct=1 tokens=6647
__main__:1167 [INFO]   [g1] group true_MI: mean=0.00000 std=0.00000 max=0.00000 normalized=[0.00 0.00 0.00 0.00 0.00 0.00 0.00 0.00]
tinker_cookbook.utils.ml_log:143 [INFO] Wrote metrics to logs/aws/wave1-rerun/ac1-base-seed3/metrics.jsonl
tinker_cookbook.utils.ml_log:240 [INFO] Logging to: https://wandb.ai/kriaz-msee20seecs-nust/ugttt-rebuttal/runs/1p8cxde0
tinker_cookbook.utils.ml_log:143 [INFO] Wrote metrics to logs/aws/wave1-rerun/ac1-base-seed3/metrics.jsonl
tinker_cookbook.utils.ml_log:240 [INFO] Logging to: https://wandb.ai/kriaz-msee20seecs-nust/ugttt-rebuttal/runs/1p8cxde0
tinker_cookbook.utils.ml_log:143 [INFO] Wrote metrics to logs/aws/wave1-rerun/ac1-base-seed3/metrics.jsonl
tinker_cookbook.utils.ml_log:240 [INFO] Logging to: https://wandb.ai/kriaz-msee20seecs-nust/ugttt-rebuttal/runs/1p8cxde0
tinker_cookbook.utils.ml_log:143 [INFO] Wrote metrics to logs/aws/wave1-rerun/ac1-base-seed3/metrics.jsonl
tinker_cookbook.utils.ml_log:240 [INFO] Logging to: https://wandb.ai/kriaz-msee20seecs-nust/ugttt-rebuttal/runs/1p8cxde0
tinker_cookbook.utils.ml_log:143 [INFO] Wrote metrics to logs/aws/wave1-rerun/ac1-base-seed3/metrics.jsonl
tinker_cookbook.utils.ml_log:240 [INFO] Logging to: https://wandb.ai/kriaz-msee20seecs-nust/ugttt-rebuttal/runs/1p8cxde0
tinker_cookbook.utils.ml_log:143 [INFO] Wrote metrics to logs/aws/wave1-rerun/ac1-base-seed3/metrics.jsonl
tinker_cookbook.utils.ml_log:240 [INFO] Logging to: https://wandb.ai/kriaz-msee20seecs-nust/ugttt-rebuttal/runs/1p8cxde0
tinker_cookbook.utils.ml_log:143 [INFO] Wrote metrics to logs/aws/wave1-rerun/ac1-base-seed3/metrics.jsonl
tinker_cookbook.utils.ml_log:240 [INFO] Logging to: https://wandb.ai/kriaz-msee20seecs-nust/ugttt-rebuttal/runs/1p8cxde0
tinker_cookbook.utils.ml_log:143 [INFO] Wrote metrics to logs/aws/wave1-rerun/ac1-base-seed3/metrics.jsonl
tinker_cookbook.utils.ml_log:240 [INFO] Logging to: https://wandb.ai/kriaz-msee20seecs-nust/ugttt-rebuttal/runs/1p8cxde0
__main__:1949 [INFO]   [3][2/8] KEPT | R_exec=0.5013 (max=0.6585) RMI=0.0000 R_total=0.5013 | 1897.2s | GPU: 18.1/60.9GB
tinker_cookbook.utils.ml_log:143 [INFO] Wrote metrics to logs/aws/wave1-rerun/ac1-base-seed3/metrics.jsonl
tinker_cookbook.utils.ml_log:240 [INFO] Logging to: https://wandb.ai/kriaz-msee20seecs-nust/ugttt-rebuttal/runs/1p8cxde0
tinker_cookbook.rl.ensemble:1082 [INFO]   generate_batch_multi_adapter_two_phase: N=8 phase1_max=26000 streaming_mi=False kv_q=False
tinker_cookbook.rl.ensemble:1270 [INFO]     [gen/p1] step=2048/23498 active=8/8 mi_stopped=0
tinker_cookbook.rl.ensemble:1270 [INFO]     [gen/p1] step=4096/23498 active=8/8 mi_stopped=0
tinker_cookbook.rl.ensemble:1270 [INFO]     [gen/p1] step=6144/23498 active=8/8 mi_stopped=0
tinker_cookbook.rl.ensemble:1270 [INFO]     [gen/p1] step=8192/23498 active=4/8 mi_stopped=0
__main__:1078 [INFO]   Group 2: multi-adapter generation 8 seqs in 762.8s
__main__:1108 [INFO]   Group 2: rewards computed in 991.1s
__main__:1150 [INFO]     [g2][r1/8] adapter=0 R_exec=0.6450 true_MI=0.00000 RMI=0.0000 R_total=0.6450 correct=1 tokens=8744
__main__:1150 [INFO]     [g2][r2/8] adapter=0 R_exec=0.6452 true_MI=0.00000 RMI=0.0000 R_total=0.6452 correct=1 tokens=9115
__main__:1150 [INFO]     [g2][r3/8] adapter=0 R_exec=0.6454 true_MI=0.00000 RMI=0.0000 R_total=0.6454 correct=1 tokens=7269
__main__:1150 [INFO]     [g2][r4/8] adapter=0 R_exec=0.6454 true_MI=0.00000 RMI=0.0000 R_total=0.6454 correct=1 tokens=7476
__main__:1150 [INFO]     [g2][r5/8] adapter=0 R_exec=0.6461 true_MI=0.00000 RMI=0.0000 R_total=0.6461 correct=1 tokens=9539
__main__:1150 [INFO]     [g2][r6/8] adapter=0 R_exec=0.6450 true_MI=0.00000 RMI=0.0000 R_total=0.6450 correct=1 tokens=6348
__main__:1150 [INFO]     [g2][r7/8] adapter=0 R_exec=0.6453 true_MI=0.00000 RMI=0.0000 R_total=0.6453 correct=1 tokens=7164
__main__:1150 [INFO]     [g2][r8/8] adapter=0 R_exec=0.6452 true_MI=0.00000 RMI=0.0000 R_total=0.6452 correct=1 tokens=8620
__main__:1167 [INFO]   [g2] group true_MI: mean=0.00000 std=0.00000 max=0.00000 normalized=[0.00 0.00 0.00 0.00 0.00 0.00 0.00 0.00]
tinker_cookbook.utils.ml_log:143 [INFO] Wrote metrics to logs/aws/wave1-rerun/ac1-base-seed3/metrics.jsonl
tinker_cookbook.utils.ml_log:240 [INFO] Logging to: https://wandb.ai/kriaz-msee20seecs-nust/ugttt-rebuttal/runs/1p8cxde0
tinker_cookbook.utils.ml_log:143 [INFO] Wrote metrics to logs/aws/wave1-rerun/ac1-base-seed3/metrics.jsonl
tinker_cookbook.utils.ml_log:240 [INFO] Logging to: https://wandb.ai/kriaz-msee20seecs-nust/ugttt-rebuttal/runs/1p8cxde0
tinker_cookbook.utils.ml_log:143 [INFO] Wrote metrics to logs/aws/wave1-rerun/ac1-base-seed3/metrics.jsonl
tinker_cookbook.utils.ml_log:240 [INFO] Logging to: https://wandb.ai/kriaz-msee20seecs-nust/ugttt-rebuttal/runs/1p8cxde0
tinker_cookbook.utils.ml_log:143 [INFO] Wrote metrics to logs/aws/wave1-rerun/ac1-base-seed3/metrics.jsonl
tinker_cookbook.utils.ml_log:240 [INFO] Logging to: https://wandb.ai/kriaz-msee20seecs-nust/ugttt-rebuttal/runs/1p8cxde0
tinker_cookbook.utils.ml_log:143 [INFO] Wrote metrics to logs/aws/wave1-rerun/ac1-base-seed3/metrics.jsonl
tinker_cookbook.utils.ml_log:240 [INFO] Logging to: https://wandb.ai/kriaz-msee20seecs-nust/ugttt-rebuttal/runs/1p8cxde0
tinker_cookbook.utils.ml_log:143 [INFO] Wrote metrics to logs/aws/wave1-rerun/ac1-base-seed3/metrics.jsonl
tinker_cookbook.utils.ml_log:240 [INFO] Logging to: https://wandb.ai/kriaz-msee20seecs-nust/ugttt-rebuttal/runs/1p8cxde0
tinker_cookbook.utils.ml_log:143 [INFO] Wrote metrics to logs/aws/wave1-rerun/ac1-base-seed3/metrics.jsonl
tinker_cookbook.utils.ml_log:240 [INFO] Logging to: https://wandb.ai/kriaz-msee20seecs-nust/ugttt-rebuttal/runs/1p8cxde0
tinker_cookbook.utils.ml_log:143 [INFO] Wrote metrics to logs/aws/wave1-rerun/ac1-base-seed3/metrics.jsonl
tinker_cookbook.utils.ml_log:240 [INFO] Logging to: https://wandb.ai/kriaz-msee20seecs-nust/ugttt-rebuttal/runs/1p8cxde0
__main__:1949 [INFO]   [3][3/8] KEPT | R_exec=0.6453 (max=0.6461) RMI=0.0000 R_total=0.6453 | 1754.0s | GPU: 18.1/61.2GB
tinker_cookbook.utils.ml_log:143 [INFO] Wrote metrics to logs/aws/wave1-rerun/ac1-base-seed3/metrics.jsonl
tinker_cookbook.utils.ml_log:240 [INFO] Logging to: https://wandb.ai/kriaz-msee20seecs-nust/ugttt-rebuttal/runs/1p8cxde0
tinker_cookbook.rl.ensemble:1082 [INFO]   generate_batch_multi_adapter_two_phase: N=8 phase1_max=26000 streaming_mi=False kv_q=False
tinker_cookbook.rl.ensemble:1270 [INFO]     [gen/p1] step=2048/23682 active=8/8 mi_stopped=0
tinker_cookbook.rl.ensemble:1270 [INFO]     [gen/p1] step=4096/23682 active=8/8 mi_stopped=0
tinker_cookbook.rl.ensemble:1270 [INFO]     [gen/p1] step=6144/23682 active=8/8 mi_stopped=0
tinker_cookbook.rl.ensemble:1270 [INFO]     [gen/p1] step=8192/23682 active=3/8 mi_stopped=0
__main__:1078 [INFO]   Group 3: multi-adapter generation 8 seqs in 826.5s
__main__:1108 [INFO]   Group 3: rewards computed in 1003.4s
__main__:1150 [INFO]     [g3][r1/8] adapter=0 R_exec=0.1002 true_MI=0.00000 RMI=0.0000 R_total=0.1002 correct=1 tokens=8060
__main__:1150 [INFO]     [g3][r2/8] adapter=0 R_exec=0.2026 true_MI=0.00000 RMI=0.0000 R_total=0.2026 correct=1 tokens=7795
__main__:1150 [INFO]     [g3][r3/8] adapter=0 R_exec=0.6398 true_MI=0.00000 RMI=0.0000 R_total=0.6398 correct=1 tokens=6749
__main__:1150 [INFO]     [g3][r4/8] adapter=0 R_exec=0.6600 true_MI=0.00000 RMI=0.0000 R_total=0.6600 correct=1 tokens=7073
__main__:1150 [INFO]     [g3][r5/8] adapter=0 R_exec=0.6532 true_MI=0.00000 RMI=0.0000 R_total=0.6532 correct=1 tokens=8331
__main__:1150 [INFO]     [g3][r6/8] adapter=0 R_exec=0.0000 true_MI=0.00000 RMI=0.0000 R_total=0.0000 correct=0 tokens=7421
__main__:1150 [INFO]     [g3][r7/8] adapter=0 R_exec=0.6398 true_MI=0.00000 RMI=0.0000 R_total=0.6398 correct=1 tokens=9110
__main__:1150 [INFO]     [g3][r8/8] adapter=0 R_exec=0.1203 true_MI=0.00000 RMI=0.0000 R_total=0.1203 correct=1 tokens=10199
__main__:1167 [INFO]   [g3] group true_MI: mean=0.00000 std=0.00000 max=0.00000 normalized=[0.00 0.00 0.00 0.00 0.00 0.00 0.00 0.00]
tinker_cookbook.utils.ml_log:143 [INFO] Wrote metrics to logs/aws/wave1-rerun/ac1-base-seed3/metrics.jsonl
tinker_cookbook.utils.ml_log:240 [INFO] Logging to: https://wandb.ai/kriaz-msee20seecs-nust/ugttt-rebuttal/runs/1p8cxde0
tinker_cookbook.utils.ml_log:143 [INFO] Wrote metrics to logs/aws/wave1-rerun/ac1-base-seed3/metrics.jsonl
tinker_cookbook.utils.ml_log:240 [INFO] Logging to: https://wandb.ai/kriaz-msee20seecs-nust/ugttt-rebuttal/runs/1p8cxde0
tinker_cookbook.utils.ml_log:143 [INFO] Wrote metrics to logs/aws/wave1-rerun/ac1-base-seed3/metrics.jsonl
tinker_cookbook.utils.ml_log:240 [INFO] Logging to: https://wandb.ai/kriaz-msee20seecs-nust/ugttt-rebuttal/runs/1p8cxde0
tinker_cookbook.utils.ml_log:143 [INFO] Wrote metrics to logs/aws/wave1-rerun/ac1-base-seed3/metrics.jsonl
tinker_cookbook.utils.ml_log:240 [INFO] Logging to: https://wandb.ai/kriaz-msee20seecs-nust/ugttt-rebuttal/runs/1p8cxde0
tinker_cookbook.utils.ml_log:143 [INFO] Wrote metrics to logs/aws/wave1-rerun/ac1-base-seed3/metrics.jsonl
tinker_cookbook.utils.ml_log:240 [INFO] Logging to: https://wandb.ai/kriaz-msee20seecs-nust/ugttt-rebuttal/runs/1p8cxde0
tinker_cookbook.utils.ml_log:143 [INFO] Wrote metrics to logs/aws/wave1-rerun/ac1-base-seed3/metrics.jsonl
tinker_cookbook.utils.ml_log:240 [INFO] Logging to: https://wandb.ai/kriaz-msee20seecs-nust/ugttt-rebuttal/runs/1p8cxde0
tinker_cookbook.utils.ml_log:143 [INFO] Wrote metrics to logs/aws/wave1-rerun/ac1-base-seed3/metrics.jsonl
tinker_cookbook.utils.ml_log:240 [INFO] Logging to: https://wandb.ai/kriaz-msee20seecs-nust/ugttt-rebuttal/runs/1p8cxde0
tinker_cookbook.utils.ml_log:143 [INFO] Wrote metrics to logs/aws/wave1-rerun/ac1-base-seed3/metrics.jsonl
tinker_cookbook.utils.ml_log:240 [INFO] Logging to: https://wandb.ai/kriaz-msee20seecs-nust/ugttt-rebuttal/runs/1p8cxde0
__main__:1949 [INFO]   [3][4/8] KEPT | R_exec=0.3770 (max=0.6600) RMI=0.0000 R_total=0.3770 | 1829.9s | GPU: 18.1/60.9GB
tinker_cookbook.utils.ml_log:143 [INFO] Wrote metrics to logs/aws/wave1-rerun/ac1-base-seed3/metrics.jsonl
tinker_cookbook.utils.ml_log:240 [INFO] Logging to: https://wandb.ai/kriaz-msee20seecs-nust/ugttt-rebuttal/runs/1p8cxde0
tinker_cookbook.rl.ensemble:1082 [INFO]   generate_batch_multi_adapter_two_phase: N=8 phase1_max=26000 streaming_mi=False kv_q=False
tinker_cookbook.rl.ensemble:1270 [INFO]     [gen/p1] step=2048/23348 active=8/8 mi_stopped=0
tinker_cookbook.rl.ensemble:1270 [INFO]     [gen/p1] step=4096/23348 active=8/8 mi_stopped=0
tinker_cookbook.rl.ensemble:1270 [INFO]     [gen/p1] step=6144/23348 active=8/8 mi_stopped=0
tinker_cookbook.rl.ensemble:1270 [INFO]     [gen/p1] step=8192/23348 active=2/8 mi_stopped=0
tinker_cookbook.rl.ensemble:1270 [INFO]     [gen/p1] step=10240/23348 active=1/8 mi_stopped=0
__main__:1078 [INFO]   Group 4: multi-adapter generation 8 seqs in 858.0s
__main__:1108 [INFO]   Group 4: rewards computed in 1005.2s
__main__:1150 [INFO]     [g4][r1/8] adapter=0 R_exec=0.0000 true_MI=0.00000 RMI=0.0000 R_total=0.0000 correct=0 tokens=10020
__main__:1150 [INFO]     [g4][r2/8] adapter=0 R_exec=0.6148 true_MI=0.00000 RMI=0.0000 R_total=0.6148 correct=1 tokens=8113
__main__:1150 [INFO]     [g4][r3/8] adapter=0 R_exec=0.0000 true_MI=0.00000 RMI=0.0000 R_total=0.0000 correct=0 tokens=7836
__main__:1150 [INFO]     [g4][r4/8] adapter=0 R_exec=0.0000 true_MI=0.00000 RMI=0.0000 R_total=0.0000 correct=0 tokens=7506
__main__:1150 [INFO]     [g4][r5/8] adapter=0 R_exec=0.6129 true_MI=0.00000 RMI=0.0000 R_total=0.6129 correct=1 tokens=6871
__main__:1150 [INFO]     [g4][r6/8] adapter=0 R_exec=0.6098 true_MI=0.00000 RMI=0.0000 R_total=0.6098 correct=1 tokens=7909
__main__:1150 [INFO]     [g4][r7/8] adapter=0 R_exec=0.0000 true_MI=0.00000 RMI=0.0000 R_total=0.0000 correct=0 tokens=7521
__main__:1150 [INFO]     [g4][r8/8] adapter=0 R_exec=0.0000 true_MI=0.00000 RMI=0.0000 R_total=0.0000 correct=0 tokens=10315
__main__:1167 [INFO]   [g4] group true_MI: mean=0.00000 std=0.00000 max=0.00000 normalized=[0.00 0.00 0.00 0.00 0.00 0.00 0.00 0.00]
tinker_cookbook.utils.ml_log:143 [INFO] Wrote metrics to logs/aws/wave1-rerun/ac1-base-seed3/metrics.jsonl
tinker_cookbook.utils.ml_log:240 [INFO] Logging to: https://wandb.ai/kriaz-msee20seecs-nust/ugttt-rebuttal/runs/1p8cxde0
tinker_cookbook.utils.ml_log:143 [INFO] Wrote metrics to logs/aws/wave1-rerun/ac1-base-seed3/metrics.jsonl
tinker_cookbook.utils.ml_log:240 [INFO] Logging to: https://wandb.ai/kriaz-msee20seecs-nust/ugttt-rebuttal/runs/1p8cxde0
tinker_cookbook.utils.ml_log:143 [INFO] Wrote metrics to logs/aws/wave1-rerun/ac1-base-seed3/metrics.jsonl
tinker_cookbook.utils.ml_log:240 [INFO] Logging to: https://wandb.ai/kriaz-msee20seecs-nust/ugttt-rebuttal/runs/1p8cxde0
tinker_cookbook.utils.ml_log:143 [INFO] Wrote metrics to logs/aws/wave1-rerun/ac1-base-seed3/metrics.jsonl
tinker_cookbook.utils.ml_log:240 [INFO] Logging to: https://wandb.ai/kriaz-msee20seecs-nust/ugttt-rebuttal/runs/1p8cxde0
tinker_cookbook.utils.ml_log:143 [INFO] Wrote metrics to logs/aws/wave1-rerun/ac1-base-seed3/metrics.jsonl
tinker_cookbook.utils.ml_log:240 [INFO] Logging to: https://wandb.ai/kriaz-msee20seecs-nust/ugttt-rebuttal/runs/1p8cxde0
tinker_cookbook.utils.ml_log:143 [INFO] Wrote metrics to logs/aws/wave1-rerun/ac1-base-seed3/metrics.jsonl
tinker_cookbook.utils.ml_log:240 [INFO] Logging to: https://wandb.ai/kriaz-msee20seecs-nust/ugttt-rebuttal/runs/1p8cxde0
tinker_cookbook.utils.ml_log:143 [INFO] Wrote metrics to logs/aws/wave1-rerun/ac1-base-seed3/metrics.jsonl
tinker_cookbook.utils.ml_log:240 [INFO] Logging to: https://wandb.ai/kriaz-msee20seecs-nust/ugttt-rebuttal/runs/1p8cxde0
tinker_cookbook.utils.ml_log:143 [INFO] Wrote metrics to logs/aws/wave1-rerun/ac1-base-seed3/metrics.jsonl
tinker_cookbook.utils.ml_log:240 [INFO] Logging to: https://wandb.ai/kriaz-msee20seecs-nust/ugttt-rebuttal/runs/1p8cxde0
__main__:1949 [INFO]   [3][5/8] KEPT | R_exec=0.2297 (max=0.6148) RMI=0.0000 R_total=0.2297 | 1863.3s | GPU: 18.1/61.6GB
tinker_cookbook.utils.ml_log:143 [INFO] Wrote metrics to logs/aws/wave1-rerun/ac1-base-seed3/metrics.jsonl
tinker_cookbook.utils.ml_log:240 [INFO] Logging to: https://wandb.ai/kriaz-msee20seecs-nust/ugttt-rebuttal/runs/1p8cxde0
tinker_cookbook.rl.ensemble:1082 [INFO]   generate_batch_multi_adapter_two_phase: N=8 phase1_max=26000 streaming_mi=False kv_q=False
tinker_cookbook.rl.ensemble:1270 [INFO]     [gen/p1] step=2048/23698 active=8/8 mi_stopped=0
tinker_cookbook.rl.ensemble:1270 [INFO]     [gen/p1] step=4096/23698 active=8/8 mi_stopped=0
tinker_cookbook.rl.ensemble:1270 [INFO]     [gen/p1] step=6144/23698 active=8/8 mi_stopped=0
tinker_cookbook.rl.ensemble:1270 [INFO]     [gen/p1] step=8192/23698 active=6/8 mi_stopped=0
tinker_cookbook.rl.ensemble:1270 [INFO]     [gen/p1] step=10240/23698 active=2/8 mi_stopped=0
__main__:1078 [INFO]   Group 5: multi-adapter generation 8 seqs in 858.1s
__main__:1108 [INFO]   Group 5: rewards computed in 37.6s
__main__:1150 [INFO]     [g5][r1/8] adapter=0 R_exec=0.5980 true_MI=0.00000 RMI=0.0000 R_total=0.5980 correct=1 tokens=7078
__main__:1150 [INFO]     [g5][r2/8] adapter=0 R_exec=0.5980 true_MI=0.00000 RMI=0.0000 R_total=0.5980 correct=1 tokens=10403
__main__:1150 [INFO]     [g5][r3/8] adapter=0 R_exec=0.5980 true_MI=0.00000 RMI=0.0000 R_total=0.5980 correct=1 tokens=8469
__main__:1150 [INFO]     [g5][r4/8] adapter=0 R_exec=0.5980 true_MI=0.00000 RMI=0.0000 R_total=0.5980 correct=1 tokens=10504
__main__:1150 [INFO]     [g5][r5/8] adapter=0 R_exec=0.5980 true_MI=0.00000 RMI=0.0000 R_total=0.5980 correct=1 tokens=8815
__main__:1150 [INFO]     [g5][r6/8] adapter=0 R_exec=0.5980 true_MI=0.00000 RMI=0.0000 R_total=0.5980 correct=1 tokens=9340
__main__:1150 [INFO]     [g5][r7/8] adapter=0 R_exec=0.0000 true_MI=0.00000 RMI=0.0000 R_total=0.0000 correct=0 tokens=7452
__main__:1150 [INFO]     [g5][r8/8] adapter=0 R_exec=0.5980 true_MI=0.00000 RMI=0.0000 R_total=0.5980 correct=1 tokens=9295
__main__:1167 [INFO]   [g5] group true_MI: mean=0.00000 std=0.00000 max=0.00000 normalized=[0.00 0.00 0.00 0.00 0.00 0.00 0.00 0.00]
tinker_cookbook.utils.ml_log:143 [INFO] Wrote metrics to logs/aws/wave1-rerun/ac1-base-seed3/metrics.jsonl
tinker_cookbook.utils.ml_log:240 [INFO] Logging to: https://wandb.ai/kriaz-msee20seecs-nust/ugttt-rebuttal/runs/1p8cxde0
tinker_cookbook.utils.ml_log:143 [INFO] Wrote metrics to logs/aws/wave1-rerun/ac1-base-seed3/metrics.jsonl
tinker_cookbook.utils.ml_log:240 [INFO] Logging to: https://wandb.ai/kriaz-msee20seecs-nust/ugttt-rebuttal/runs/1p8cxde0
tinker_cookbook.utils.ml_log:143 [INFO] Wrote metrics to logs/aws/wave1-rerun/ac1-base-seed3/metrics.jsonl
tinker_cookbook.utils.ml_log:240 [INFO] Logging to: https://wandb.ai/kriaz-msee20seecs-nust/ugttt-rebuttal/runs/1p8cxde0
tinker_cookbook.utils.ml_log:143 [INFO] Wrote metrics to logs/aws/wave1-rerun/ac1-base-seed3/metrics.jsonl
tinker_cookbook.utils.ml_log:240 [INFO] Logging to: https://wandb.ai/kriaz-msee20seecs-nust/ugttt-rebuttal/runs/1p8cxde0
tinker_cookbook.utils.ml_log:143 [INFO] Wrote metrics to logs/aws/wave1-rerun/ac1-base-seed3/metrics.jsonl
tinker_cookbook.utils.ml_log:240 [INFO] Logging to: https://wandb.ai/kriaz-msee20seecs-nust/ugttt-rebuttal/runs/1p8cxde0
tinker_cookbook.utils.ml_log:143 [INFO] Wrote metrics to logs/aws/wave1-rerun/ac1-base-seed3/metrics.jsonl
tinker_cookbook.utils.ml_log:240 [INFO] Logging to: https://wandb.ai/kriaz-msee20seecs-nust/ugttt-rebuttal/runs/1p8cxde0
tinker_cookbook.utils.ml_log:143 [INFO] Wrote metrics to logs/aws/wave1-rerun/ac1-base-seed3/metrics.jsonl
tinker_cookbook.utils.ml_log:240 [INFO] Logging to: https://wandb.ai/kriaz-msee20seecs-nust/ugttt-rebuttal/runs/1p8cxde0
tinker_cookbook.utils.ml_log:143 [INFO] Wrote metrics to logs/aws/wave1-rerun/ac1-base-seed3/metrics.jsonl
tinker_cookbook.utils.ml_log:240 [INFO] Logging to: https://wandb.ai/kriaz-msee20seecs-nust/ugttt-rebuttal/runs/1p8cxde0
__main__:1949 [INFO]   [3][6/8] KEPT | R_exec=0.5233 (max=0.5980) RMI=0.0000 R_total=0.5233 | 895.8s | GPU: 18.1/60.9GB
tinker_cookbook.utils.ml_log:143 [INFO] Wrote metrics to logs/aws/wave1-rerun/ac1-base-seed3/metrics.jsonl
tinker_cookbook.utils.ml_log:240 [INFO] Logging to: https://wandb.ai/kriaz-msee20seecs-nust/ugttt-rebuttal/runs/1p8cxde0
tinker_cookbook.rl.ensemble:1082 [INFO]   generate_batch_multi_adapter_two_phase: N=8 phase1_max=26000 streaming_mi=False kv_q=False
tinker_cookbook.rl.ensemble:1270 [INFO]     [gen/p1] step=2048/24055 active=8/8 mi_stopped=0
tinker_cookbook.rl.ensemble:1270 [INFO]     [gen/p1] step=4096/24055 active=8/8 mi_stopped=0
tinker_cookbook.rl.ensemble:1270 [INFO]     [gen/p1] step=6144/24055 active=8/8 mi_stopped=0
tinker_cookbook.rl.ensemble:1270 [INFO]     [gen/p1] step=8192/24055 active=5/8 mi_stopped=0
__main__:1078 [INFO]   Group 6: multi-adapter generation 8 seqs in 788.6s
__main__:1108 [INFO]   Group 6: rewards computed in 1005.5s
__main__:1150 [INFO]     [g6][r1/8] adapter=0 R_exec=0.0000 true_MI=0.00000 RMI=0.0000 R_total=0.0000 correct=0 tokens=10096
__main__:1150 [INFO]     [g6][r2/8] adapter=0 R_exec=0.4980 true_MI=0.00000 RMI=0.0000 R_total=0.4980 correct=1 tokens=6290
__main__:1150 [INFO]     [g6][r3/8] adapter=0 R_exec=0.0000 true_MI=0.00000 RMI=0.0000 R_total=0.0000 correct=0 tokens=8062
__main__:1150 [INFO]     [g6][r4/8] adapter=0 R_exec=0.6597 true_MI=0.00000 RMI=0.0000 R_total=0.6597 correct=1 tokens=8708
__main__:1150 [INFO]     [g6][r5/8] adapter=0 R_exec=0.0000 true_MI=0.00000 RMI=0.0000 R_total=0.0000 correct=0 tokens=8446
__main__:1150 [INFO]     [g6][r6/8] adapter=0 R_exec=0.6562 true_MI=0.00000 RMI=0.0000 R_total=0.6562 correct=1 tokens=9240
__main__:1150 [INFO]     [g6][r7/8] adapter=0 R_exec=0.0000 true_MI=0.00000 RMI=0.0000 R_total=0.0000 correct=0 tokens=7572
__main__:1150 [INFO]     [g6][r8/8] adapter=0 R_exec=0.0000 true_MI=0.00000 RMI=0.0000 R_total=0.0000 correct=0 tokens=9230
__main__:1167 [INFO]   [g6] group true_MI: mean=0.00000 std=0.00000 max=0.00000 normalized=[0.00 0.00 0.00 0.00 0.00 0.00 0.00 0.00]
tinker_cookbook.utils.ml_log:143 [INFO] Wrote metrics to logs/aws/wave1-rerun/ac1-base-seed3/metrics.jsonl
tinker_cookbook.utils.ml_log:240 [INFO] Logging to: https://wandb.ai/kriaz-msee20seecs-nust/ugttt-rebuttal/runs/1p8cxde0
tinker_cookbook.utils.ml_log:143 [INFO] Wrote metrics to logs/aws/wave1-rerun/ac1-base-seed3/metrics.jsonl
tinker_cookbook.utils.ml_log:240 [INFO] Logging to: https://wandb.ai/kriaz-msee20seecs-nust/ugttt-rebuttal/runs/1p8cxde0
tinker_cookbook.utils.ml_log:143 [INFO] Wrote metrics to logs/aws/wave1-rerun/ac1-base-seed3/metrics.jsonl
tinker_cookbook.utils.ml_log:240 [INFO] Logging to: https://wandb.ai/kriaz-msee20seecs-nust/ugttt-rebuttal/runs/1p8cxde0
tinker_cookbook.utils.ml_log:143 [INFO] Wrote metrics to logs/aws/wave1-rerun/ac1-base-seed3/metrics.jsonl
tinker_cookbook.utils.ml_log:240 [INFO] Logging to: https://wandb.ai/kriaz-msee20seecs-nust/ugttt-rebuttal/runs/1p8cxde0
tinker_cookbook.utils.ml_log:143 [INFO] Wrote metrics to logs/aws/wave1-rerun/ac1-base-seed3/metrics.jsonl
tinker_cookbook.utils.ml_log:240 [INFO] Logging to: https://wandb.ai/kriaz-msee20seecs-nust/ugttt-rebuttal/runs/1p8cxde0
tinker_cookbook.utils.ml_log:143 [INFO] Wrote metrics to logs/aws/wave1-rerun/ac1-base-seed3/metrics.jsonl
tinker_cookbook.utils.ml_log:240 [INFO] Logging to: https://wandb.ai/kriaz-msee20seecs-nust/ugttt-rebuttal/runs/1p8cxde0
tinker_cookbook.utils.ml_log:143 [INFO] Wrote metrics to logs/aws/wave1-rerun/ac1-base-seed3/metrics.jsonl
tinker_cookbook.utils.ml_log:240 [INFO] Logging to: https://wandb.ai/kriaz-msee20seecs-nust/ugttt-rebuttal/runs/1p8cxde0
tinker_cookbook.utils.ml_log:143 [INFO] Wrote metrics to logs/aws/wave1-rerun/ac1-base-seed3/metrics.jsonl
tinker_cookbook.utils.ml_log:240 [INFO] Logging to: https://wandb.ai/kriaz-msee20seecs-nust/ugttt-rebuttal/runs/1p8cxde0
__main__:1949 [INFO]   [3][7/8] KEPT | R_exec=0.2267 (max=0.6597) RMI=0.0000 R_total=0.2267 | 1794.2s | GPU: 18.1/60.6GB
tinker_cookbook.utils.ml_log:143 [INFO] Wrote metrics to logs/aws/wave1-rerun/ac1-base-seed3/metrics.jsonl
tinker_cookbook.utils.ml_log:240 [INFO] Logging to: https://wandb.ai/kriaz-msee20seecs-nust/ugttt-rebuttal/runs/1p8cxde0
tinker_cookbook.rl.ensemble:1082 [INFO]   generate_batch_multi_adapter_two_phase: N=8 phase1_max=26000 streaming_mi=False kv_q=False
tinker_cookbook.rl.ensemble:1270 [INFO]     [gen/p1] step=2048/24055 active=8/8 mi_stopped=0
tinker_cookbook.rl.ensemble:1270 [INFO]     [gen/p1] step=4096/24055 active=8/8 mi_stopped=0
tinker_cookbook.rl.ensemble:1270 [INFO]     [gen/p1] step=6144/24055 active=8/8 mi_stopped=0
tinker_cookbook.rl.ensemble:1270 [INFO]     [gen/p1] step=8192/24055 active=4/8 mi_stopped=0
__main__:1078 [INFO]   Group 7: multi-adapter generation 8 seqs in 756.9s
__main__:1108 [INFO]   Group 7: rewards computed in 1005.2s
__main__:1150 [INFO]     [g7][r1/8] adapter=0 R_exec=0.0000 true_MI=0.00000 RMI=0.0000 R_total=0.0000 correct=0 tokens=9834
__main__:1150 [INFO]     [g7][r2/8] adapter=0 R_exec=0.6461 true_MI=0.00000 RMI=0.0000 R_total=0.6461 correct=1 tokens=7915
__main__:1150 [INFO]     [g7][r3/8] adapter=0 R_exec=0.5000 true_MI=0.00000 RMI=0.0000 R_total=0.5000 correct=1 tokens=8532
__main__:1150 [INFO]     [g7][r4/8] adapter=0 R_exec=0.0000 true_MI=0.00000 RMI=0.0000 R_total=0.0000 correct=0 tokens=7664
__main__:1150 [INFO]     [g7][r5/8] adapter=0 R_exec=0.5000 true_MI=0.00000 RMI=0.0000 R_total=0.5000 correct=1 tokens=7677
__main__:1150 [INFO]     [g7][r6/8] adapter=0 R_exec=0.5455 true_MI=0.00000 RMI=0.0000 R_total=0.5455 correct=1 tokens=8303
__main__:1150 [INFO]     [g7][r7/8] adapter=0 R_exec=0.0000 true_MI=0.00000 RMI=0.0000 R_total=0.0000 correct=0 tokens=9381
__main__:1150 [INFO]     [g7][r8/8] adapter=0 R_exec=0.5317 true_MI=0.00000 RMI=0.0000 R_total=0.5317 correct=1 tokens=6185
__main__:1167 [INFO]   [g7] group true_MI: mean=0.00000 std=0.00000 max=0.00000 normalized=[0.00 0.00 0.00 0.00 0.00 0.00 0.00 0.00]
tinker_cookbook.utils.ml_log:143 [INFO] Wrote metrics to logs/aws/wave1-rerun/ac1-base-seed3/metrics.jsonl
tinker_cookbook.utils.ml_log:240 [INFO] Logging to: https://wandb.ai/kriaz-msee20seecs-nust/ugttt-rebuttal/runs/1p8cxde0
tinker_cookbook.utils.ml_log:143 [INFO] Wrote metrics to logs/aws/wave1-rerun/ac1-base-seed3/metrics.jsonl
tinker_cookbook.utils.ml_log:240 [INFO] Logging to: https://wandb.ai/kriaz-msee20seecs-nust/ugttt-rebuttal/runs/1p8cxde0
tinker_cookbook.utils.ml_log:143 [INFO] Wrote metrics to logs/aws/wave1-rerun/ac1-base-seed3/metrics.jsonl
tinker_cookbook.utils.ml_log:240 [INFO] Logging to: https://wandb.ai/kriaz-msee20seecs-nust/ugttt-rebuttal/runs/1p8cxde0
tinker_cookbook.utils.ml_log:143 [INFO] Wrote metrics to logs/aws/wave1-rerun/ac1-base-seed3/metrics.jsonl
tinker_cookbook.utils.ml_log:240 [INFO] Logging to: https://wandb.ai/kriaz-msee20seecs-nust/ugttt-rebuttal/runs/1p8cxde0
tinker_cookbook.utils.ml_log:143 [INFO] Wrote metrics to logs/aws/wave1-rerun/ac1-base-seed3/metrics.jsonl
tinker_cookbook.utils.ml_log:240 [INFO] Logging to: https://wandb.ai/kriaz-msee20seecs-nust/ugttt-rebuttal/runs/1p8cxde0
tinker_cookbook.utils.ml_log:143 [INFO] Wrote metrics to logs/aws/wave1-rerun/ac1-base-seed3/metrics.jsonl
tinker_cookbook.utils.ml_log:240 [INFO] Logging to: https://wandb.ai/kriaz-msee20seecs-nust/ugttt-rebuttal/runs/1p8cxde0
tinker_cookbook.utils.ml_log:143 [INFO] Wrote metrics to logs/aws/wave1-rerun/ac1-base-seed3/metrics.jsonl
tinker_cookbook.utils.ml_log:240 [INFO] Logging to: https://wandb.ai/kriaz-msee20seecs-nust/ugttt-rebuttal/runs/1p8cxde0
tinker_cookbook.utils.ml_log:143 [INFO] Wrote metrics to logs/aws/wave1-rerun/ac1-base-seed3/metrics.jsonl
tinker_cookbook.utils.ml_log:240 [INFO] Logging to: https://wandb.ai/kriaz-msee20seecs-nust/ugttt-rebuttal/runs/1p8cxde0
__main__:1949 [INFO]   [3][8/8] KEPT | R_exec=0.3404 (max=0.6461) RMI=0.0000 R_total=0.3404 | 1762.2s | GPU: 18.1/60.6GB
tinker_cookbook.utils.ml_log:143 [INFO] Wrote metrics to logs/aws/wave1-rerun/ac1-base-seed3/metrics.jsonl
tinker_cookbook.utils.ml_log:240 [INFO] Logging to: https://wandb.ai/kriaz-msee20seecs-nust/ugttt-rebuttal/runs/1p8cxde0
__main__:1988 [INFO] [Epoch 3] Rollout phase done in 13536.0s. Training on 8/8 groups...
tinker_cookbook.utils.ml_log:143 [INFO] Wrote metrics to logs/aws/wave1-rerun/ac1-base-seed3/metrics.jsonl
tinker_cookbook.utils.ml_log:195 [INFO] 
┏━━━━━━━━━━━━━━━━━━━━━━━━━━━━━━━━┳━━━━━━━━━━━━━━┓
┃ Metric                         ┃ Value        ┃
┡━━━━━━━━━━━━━━━━━━━━━━━━━━━━━━━━╇━━━━━━━━━━━━━━┩
│ gpu/memory_allocated_gb        │ 18.092511    │
│ gpu/memory_peak_gb             │ 61.073576    │
│ gpu/memory_reserved_gb         │ 18.121490    │
│ kl_policy_base                 │ 0.003506     │
│ optim/entropy                  │ 0.551661     │
│ optim/kl_sample_train_v1       │ 0.000129     │
│ optim/kl_sample_train_v2       │ 0.000135     │
│ progress/done_frac             │ 0.666667     │
│ progress/epoch                 │ 3            │
│ rollout/groups_attempted       │ 8.000000     │
│ rollout/groups_filtered        │ 0.000000     │
│ rollout/groups_kept            │ 8.000000     │
│ rollout/intra_group_reward_std │ 0.217752     │
│ time/rollout                   │ 13535.958463 │
│ time/total                     │ 13788.245773 │
│ time/train                     │ 252.007920   │
│ train/advantage/max            │ 10.133037    │
│ train/advantage/mean           │ 0.404220     │
│ train/advantage/min            │ -1.000000    │
│ train/advantage/std            │ 2.312620     │
│ train/beta/mean                │ 8781.760269  │
│ train/beta/std                 │ 22154.222033 │
│ train/correctness/mean         │ 0.671875     │
│ train/correctness/rate         │ 0.671875     │
│ train/ensemble/frac_high_disa… │ 0.000000     │
│ train/ensemble/max_token_disa… │ nan          │
│ train/ensemble/member_logprob… │ 0.000000     │
│ train/ensemble/member_logprob… │ nan          │
│ train/gamma_eff/mean           │ 0.000000     │
│ train/gen/num_tokens/max       │ 10794.000000 │
│ train/gen/num_tokens/mean      │ 8090.343750  │
│ train/gen/num_tokens/std       │ 1390.410812  │
│ train/loss                     │ -0.404198    │
│ train/nnm_loss                 │ 0.000000     │
│ train/nnm_nuclear_norm         │ 0.000000     │
│ train/num_groups               │ 8.000000     │
│ train/num_rollouts             │ 64.000000    │
│ train/num_rollouts_total       │ 64.000000    │
│ train/reward/exec/best         │ 0.660017     │
│ train/reward/exec/max          │ 0.660017     │
│ train/reward/exec/mean         │ 0.376034     │
│ train/reward/exec/min          │ 0.000000     │
│ train/reward/exec/std          │ 0.286862     │
│ train/reward/rmi/max           │ 0.000000     │
│ train/reward/rmi/mean          │ 0.000000     │
│ train/reward/rmi/min           │ 0.000000     │
│ train/reward/rmi/std           │ 0.000000     │
│ train/reward/total/best        │ 0.660017     │
│ train/reward/total/max         │ 0.660017     │
│ train/reward/total/mean        │ 0.376034     │
│ train/reward/total/min         │ 0.000000     │
│ train/reward/total/std         │ 0.286862     │
│ train/streaming_mi/stop_rate   │ 0.000000     │
│ train/streaming_mi/tokens_sav… │ 0.000000     │
│ train/streaming_mi/tokens_sav… │ 0.000000     │
│ train/two_phase/phase1_tokens… │ 8090.343750  │
│ train/two_phase/phase2_tokens… │ 0.000000     │
│ train/two_phase/prefill_rate   │ 0.000000     │
│ train/uncertainty/predictive_… │ 0.000000     │
│ train/uncertainty/predictive_… │ 0.000000     │
│ train/uncertainty/predictive_… │ 0.000000     │
│ train/uncertainty/predictive_… │ 0.000000     │
│ train/uncertainty/predictive_… │ 0.000000     │
│ train/uncertainty/predictive_… │ 0.000000     │
│ train/uncertainty/predictive_… │ 0.000000     │
│ train/uncertainty/predictive_… │ 0.000000     │
│ train/uncertainty/rmi/max      │ 0.000000     │
│ train/uncertainty/rmi/mean     │ 0.000000     │
│ train/uncertainty/rmi/min      │ 0.000000     │
│ train/uncertainty/rmi/std      │ 0.000000     │
│ train/uncertainty/rmi_top7/max │ 0.000000     │
│ train/uncertainty/rmi_top7/me… │ 0.000000     │
│ train/uncertainty/rmi_top7/min │ 0.000000     │
│ train/uncertainty/rmi_top7/std │ 0.000000     │
│ train/uncertainty/top7_mi_cod… │ 0.000000     │
│ train/uncertainty/top7_mi_cod… │ 0.000000     │
│ train/uncertainty/top7_mi_thi… │ 0.000000     │
│ train/uncertainty/top7_mi_thi… │ 0.000000     │
│ train/uncertainty/top7_pct_co… │ 0.000000     │
│ train/uncertainty/top7_pct_co… │ 0.000000     │
│ train/uncertainty/top7_pct_th… │ 1.000000     │
│ train/uncertainty/top7_pct_th… │ 0.000000     │
│ train/uncertainty/true_mi/max  │ 0.000000     │
│ train/uncertainty/true_mi/mean │ 0.000000     │
│ train/uncertainty/true_mi/min  │ 0.000000     │
│ train/uncertainty/true_mi/std  │ 0.000000     │
│ train/uncertainty/variance/max │ nan          │
│ train/uncertainty/variance/me… │ nan          │
│ train/uncertainty/variance/min │ nan          │
│ train/uncertainty/variance/std │ nan          │
│ train/uncertainty/variance_to… │ nan          │
│ train/uncertainty/variance_to… │ nan          │
│ train/uncertainty/variance_to… │ nan          │
│ train/uncertainty/variance_to… │ nan          │
└────────────────────────────────┴──────────────┘
tinker_cookbook.utils.ml_log:240 [INFO] Logging to: https://wandb.ai/kriaz-msee20seecs-nust/ugttt-rebuttal/runs/1p8cxde0
__main__:2062 [INFO] [Epoch 3] R_exec=0.3760 (max=0.6600 best=0.6600) RMI=0.0000 beta=8781.76 corr=67.2% loss=-0.4042 groups=8/8 time=13788.2s
__main__:2073 [INFO] Checkpoint saved at epoch 3
__main__:1836 [INFO] [Epoch 4/6] Starting rollout phase: 8 groups × 8 rollouts
tinker_cookbook.rl.ensemble:1082 [INFO]   generate_batch_multi_adapter_two_phase: N=8 phase1_max=26000 streaming_mi=False kv_q=False
tinker_cookbook.rl.ensemble:1270 [INFO]     [gen/p1] step=2048/23368 active=8/8 mi_stopped=0
tinker_cookbook.rl.ensemble:1270 [INFO]     [gen/p1] step=4096/23368 active=8/8 mi_stopped=0
tinker_cookbook.rl.ensemble:1270 [INFO]     [gen/p1] step=6144/23368 active=8/8 mi_stopped=0
tinker_cookbook.rl.ensemble:1270 [INFO]     [gen/p1] step=8192/23368 active=3/8 mi_stopped=0
__main__:1078 [INFO]   Group 0: multi-adapter generation 8 seqs in 801.6s
__main__:1108 [INFO]   Group 0: rewards computed in 999.6s
__main__:1150 [INFO]     [g0][r1/8] adapter=0 R_exec=0.0000 true_MI=0.00000 RMI=0.0000 R_total=0.0000 correct=0 tokens=6573
__main__:1150 [INFO]     [g0][r2/8] adapter=0 R_exec=0.0000 true_MI=0.00000 RMI=0.0000 R_total=0.0000 correct=0 tokens=6929
__main__:1150 [INFO]     [g0][r3/8] adapter=0 R_exec=0.4950 true_MI=0.00000 RMI=0.0000 R_total=0.4950 correct=1 tokens=6969
__main__:1150 [INFO]     [g0][r4/8] adapter=0 R_exec=0.0000 true_MI=0.00000 RMI=0.0000 R_total=0.0000 correct=0 tokens=9301
__main__:1150 [INFO]     [g0][r5/8] adapter=0 R_exec=0.0000 true_MI=0.00000 RMI=0.0000 R_total=0.0000 correct=0 tokens=9297
__main__:1150 [INFO]     [g0][r6/8] adapter=0 R_exec=0.0000 true_MI=0.00000 RMI=0.0000 R_total=0.0000 correct=0 tokens=9813
__main__:1150 [INFO]     [g0][r7/8] adapter=0 R_exec=0.5000 true_MI=0.00000 RMI=0.0000 R_total=0.5000 correct=1 tokens=7186
__main__:1150 [INFO]     [g0][r8/8] adapter=0 R_exec=0.6601 true_MI=0.00000 RMI=0.0000 R_total=0.6601 correct=1 tokens=7271
__main__:1167 [INFO]   [g0] group true_MI: mean=0.00000 std=0.00000 max=0.00000 normalized=[0.00 0.00 0.00 0.00 0.00 0.00 0.00 0.00]
tinker_cookbook.utils.ml_log:143 [INFO] Wrote metrics to logs/aws/wave1-rerun/ac1-base-seed3/metrics.jsonl
tinker_cookbook.utils.ml_log:240 [INFO] Logging to: https://wandb.ai/kriaz-msee20seecs-nust/ugttt-rebuttal/runs/1p8cxde0
tinker_cookbook.utils.ml_log:143 [INFO] Wrote metrics to logs/aws/wave1-rerun/ac1-base-seed3/metrics.jsonl
tinker_cookbook.utils.ml_log:240 [INFO] Logging to: https://wandb.ai/kriaz-msee20seecs-nust/ugttt-rebuttal/runs/1p8cxde0
tinker_cookbook.utils.ml_log:143 [INFO] Wrote metrics to logs/aws/wave1-rerun/ac1-base-seed3/metrics.jsonl
tinker_cookbook.utils.ml_log:240 [INFO] Logging to: https://wandb.ai/kriaz-msee20seecs-nust/ugttt-rebuttal/runs/1p8cxde0
tinker_cookbook.utils.ml_log:143 [INFO] Wrote metrics to logs/aws/wave1-rerun/ac1-base-seed3/metrics.jsonl
tinker_cookbook.utils.ml_log:240 [INFO] Logging to: https://wandb.ai/kriaz-msee20seecs-nust/ugttt-rebuttal/runs/1p8cxde0
tinker_cookbook.utils.ml_log:143 [INFO] Wrote metrics to logs/aws/wave1-rerun/ac1-base-seed3/metrics.jsonl
tinker_cookbook.utils.ml_log:240 [INFO] Logging to: https://wandb.ai/kriaz-msee20seecs-nust/ugttt-rebuttal/runs/1p8cxde0
tinker_cookbook.utils.ml_log:143 [INFO] Wrote metrics to logs/aws/wave1-rerun/ac1-base-seed3/metrics.jsonl
tinker_cookbook.utils.ml_log:240 [INFO] Logging to: https://wandb.ai/kriaz-msee20seecs-nust/ugttt-rebuttal/runs/1p8cxde0
tinker_cookbook.utils.ml_log:143 [INFO] Wrote metrics to logs/aws/wave1-rerun/ac1-base-seed3/metrics.jsonl
tinker_cookbook.utils.ml_log:240 [INFO] Logging to: https://wandb.ai/kriaz-msee20seecs-nust/ugttt-rebuttal/runs/1p8cxde0
tinker_cookbook.utils.ml_log:143 [INFO] Wrote metrics to logs/aws/wave1-rerun/ac1-base-seed3/metrics.jsonl
tinker_cookbook.utils.ml_log:240 [INFO] Logging to: https://wandb.ai/kriaz-msee20seecs-nust/ugttt-rebuttal/runs/1p8cxde0
__main__:1949 [INFO]   [4][1/8] KEPT | R_exec=0.2069 (max=0.6601) RMI=0.0000 R_total=0.2069 | 1801.3s | GPU: 18.1/61.0GB
tinker_cookbook.utils.ml_log:143 [INFO] Wrote metrics to logs/aws/wave1-rerun/ac1-base-seed3/metrics.jsonl
tinker_cookbook.utils.ml_log:240 [INFO] Logging to: https://wandb.ai/kriaz-msee20seecs-nust/ugttt-rebuttal/runs/1p8cxde0
tinker_cookbook.rl.ensemble:1082 [INFO]   generate_batch_multi_adapter_two_phase: N=8 phase1_max=26000 streaming_mi=False kv_q=False
tinker_cookbook.rl.ensemble:1270 [INFO]     [gen/p1] step=2048/23629 active=8/8 mi_stopped=0
tinker_cookbook.rl.ensemble:1270 [INFO]     [gen/p1] step=4096/23629 active=8/8 mi_stopped=0
tinker_cookbook.rl.ensemble:1270 [INFO]     [gen/p1] step=6144/23629 active=8/8 mi_stopped=0
tinker_cookbook.rl.ensemble:1270 [INFO]     [gen/p1] step=8192/23629 active=6/8 mi_stopped=0
tinker_cookbook.rl.ensemble:1270 [INFO]     [gen/p1] step=10240/23629 active=2/8 mi_stopped=0
tinker_cookbook.rl.ensemble:1270 [INFO]     [gen/p1] step=12288/23629 active=1/8 mi_stopped=0
__main__:1078 [INFO]   Group 1: multi-adapter generation 8 seqs in 1126.3s
__main__:1108 [INFO]   Group 1: rewards computed in 1005.2s
__main__:1150 [INFO]     [g1][r1/8] adapter=0 R_exec=0.5000 true_MI=0.00000 RMI=0.0000 R_total=0.5000 correct=1 tokens=6636
__main__:1150 [INFO]     [g1][r2/8] adapter=0 R_exec=0.6586 true_MI=0.00000 RMI=0.0000 R_total=0.6586 correct=1 tokens=8223
__main__:1150 [INFO]     [g1][r3/8] adapter=0 R_exec=0.5000 true_MI=0.00000 RMI=0.0000 R_total=0.5000 correct=1 tokens=8466
__main__:1150 [INFO]     [g1][r4/8] adapter=0 R_exec=0.5000 true_MI=0.00000 RMI=0.0000 R_total=0.5000 correct=1 tokens=7591
__main__:1150 [INFO]     [g1][r5/8] adapter=0 R_exec=0.5000 true_MI=0.00000 RMI=0.0000 R_total=0.5000 correct=1 tokens=8554
__main__:1150 [INFO]     [g1][r6/8] adapter=0 R_exec=0.5000 true_MI=0.00000 RMI=0.0000 R_total=0.5000 correct=1 tokens=12579
__main__:1150 [INFO]     [g1][r7/8] adapter=0 R_exec=0.5000 true_MI=0.00000 RMI=0.0000 R_total=0.5000 correct=1 tokens=8523
__main__:1150 [INFO]     [g1][r8/8] adapter=0 R_exec=0.0000 true_MI=0.00000 RMI=0.0000 R_total=0.0000 correct=0 tokens=10689
__main__:1167 [INFO]   [g1] group true_MI: mean=0.00000 std=0.00000 max=0.00000 normalized=[0.00 0.00 0.00 0.00 0.00 0.00 0.00 0.00]
tinker_cookbook.utils.ml_log:143 [INFO] Wrote metrics to logs/aws/wave1-rerun/ac1-base-seed3/metrics.jsonl
tinker_cookbook.utils.ml_log:240 [INFO] Logging to: https://wandb.ai/kriaz-msee20seecs-nust/ugttt-rebuttal/runs/1p8cxde0
tinker_cookbook.utils.ml_log:143 [INFO] Wrote metrics to logs/aws/wave1-rerun/ac1-base-seed3/metrics.jsonl
tinker_cookbook.utils.ml_log:240 [INFO] Logging to: https://wandb.ai/kriaz-msee20seecs-nust/ugttt-rebuttal/runs/1p8cxde0
tinker_cookbook.utils.ml_log:143 [INFO] Wrote metrics to logs/aws/wave1-rerun/ac1-base-seed3/metrics.jsonl
tinker_cookbook.utils.ml_log:240 [INFO] Logging to: https://wandb.ai/kriaz-msee20seecs-nust/ugttt-rebuttal/runs/1p8cxde0
tinker_cookbook.utils.ml_log:143 [INFO] Wrote metrics to logs/aws/wave1-rerun/ac1-base-seed3/metrics.jsonl
tinker_cookbook.utils.ml_log:240 [INFO] Logging to: https://wandb.ai/kriaz-msee20seecs-nust/ugttt-rebuttal/runs/1p8cxde0
tinker_cookbook.utils.ml_log:143 [INFO] Wrote metrics to logs/aws/wave1-rerun/ac1-base-seed3/metrics.jsonl
tinker_cookbook.utils.ml_log:240 [INFO] Logging to: https://wandb.ai/kriaz-msee20seecs-nust/ugttt-rebuttal/runs/1p8cxde0
tinker_cookbook.utils.ml_log:143 [INFO] Wrote metrics to logs/aws/wave1-rerun/ac1-base-seed3/metrics.jsonl
tinker_cookbook.utils.ml_log:240 [INFO] Logging to: https://wandb.ai/kriaz-msee20seecs-nust/ugttt-rebuttal/runs/1p8cxde0
tinker_cookbook.utils.ml_log:143 [INFO] Wrote metrics to logs/aws/wave1-rerun/ac1-base-seed3/metrics.jsonl
tinker_cookbook.utils.ml_log:240 [INFO] Logging to: https://wandb.ai/kriaz-msee20seecs-nust/ugttt-rebuttal/runs/1p8cxde0
tinker_cookbook.utils.ml_log:143 [INFO] Wrote metrics to logs/aws/wave1-rerun/ac1-base-seed3/metrics.jsonl
tinker_cookbook.utils.ml_log:240 [INFO] Logging to: https://wandb.ai/kriaz-msee20seecs-nust/ugttt-rebuttal/runs/1p8cxde0
__main__:1949 [INFO]   [4][2/8] KEPT | R_exec=0.4573 (max=0.6586) RMI=0.0000 R_total=0.4573 | 2131.6s | GPU: 18.1/61.3GB
tinker_cookbook.utils.ml_log:143 [INFO] Wrote metrics to logs/aws/wave1-rerun/ac1-base-seed3/metrics.jsonl
tinker_cookbook.utils.ml_log:240 [INFO] Logging to: https://wandb.ai/kriaz-msee20seecs-nust/ugttt-rebuttal/runs/1p8cxde0
tinker_cookbook.rl.ensemble:1082 [INFO]   generate_batch_multi_adapter_two_phase: N=8 phase1_max=26000 streaming_mi=False kv_q=False
tinker_cookbook.rl.ensemble:1270 [INFO]     [gen/p1] step=2048/23564 active=8/8 mi_stopped=0
tinker_cookbook.rl.ensemble:1270 [INFO]     [gen/p1] step=4096/23564 active=8/8 mi_stopped=0
tinker_cookbook.rl.ensemble:1270 [INFO]     [gen/p1] step=6144/23564 active=7/8 mi_stopped=0
tinker_cookbook.rl.ensemble:1270 [INFO]     [gen/p1] step=8192/23564 active=1/8 mi_stopped=0
__main__:1078 [INFO]   Group 2: multi-adapter generation 8 seqs in 684.5s
__main__:1108 [INFO]   Group 2: rewards computed in 973.5s
__main__:1150 [INFO]     [g2][r1/8] adapter=0 R_exec=0.0000 true_MI=0.00000 RMI=0.0000 R_total=0.0000 correct=0 tokens=6270
__main__:1150 [INFO]     [g2][r2/8] adapter=0 R_exec=0.5000 true_MI=0.00000 RMI=0.0000 R_total=0.5000 correct=1 tokens=8886
__main__:1150 [INFO]     [g2][r3/8] adapter=0 R_exec=0.2277 true_MI=0.00000 RMI=0.0000 R_total=0.2277 correct=1 tokens=6393
__main__:1150 [INFO]     [g2][r4/8] adapter=0 R_exec=0.2269 true_MI=0.00000 RMI=0.0000 R_total=0.2269 correct=1 tokens=7852
__main__:1150 [INFO]     [g2][r5/8] adapter=0 R_exec=0.0000 true_MI=0.00000 RMI=0.0000 R_total=0.0000 correct=0 tokens=5490
__main__:1150 [INFO]     [g2][r6/8] adapter=0 R_exec=0.2269 true_MI=0.00000 RMI=0.0000 R_total=0.2269 correct=1 tokens=7828
__main__:1150 [INFO]     [g2][r7/8] adapter=0 R_exec=0.0000 true_MI=0.00000 RMI=0.0000 R_total=0.0000 correct=0 tokens=7725
__main__:1150 [INFO]     [g2][r8/8] adapter=0 R_exec=0.0000 true_MI=0.00000 RMI=0.0000 R_total=0.0000 correct=0 tokens=7474
__main__:1167 [INFO]   [g2] group true_MI: mean=0.00000 std=0.00000 max=0.00000 normalized=[0.00 0.00 0.00 0.00 0.00 0.00 0.00 0.00]
tinker_cookbook.utils.ml_log:143 [INFO] Wrote metrics to logs/aws/wave1-rerun/ac1-base-seed3/metrics.jsonl
tinker_cookbook.utils.ml_log:240 [INFO] Logging to: https://wandb.ai/kriaz-msee20seecs-nust/ugttt-rebuttal/runs/1p8cxde0
tinker_cookbook.utils.ml_log:143 [INFO] Wrote metrics to logs/aws/wave1-rerun/ac1-base-seed3/metrics.jsonl
tinker_cookbook.utils.ml_log:240 [INFO] Logging to: https://wandb.ai/kriaz-msee20seecs-nust/ugttt-rebuttal/runs/1p8cxde0
tinker_cookbook.utils.ml_log:143 [INFO] Wrote metrics to logs/aws/wave1-rerun/ac1-base-seed3/metrics.jsonl
tinker_cookbook.utils.ml_log:240 [INFO] Logging to: https://wandb.ai/kriaz-msee20seecs-nust/ugttt-rebuttal/runs/1p8cxde0
tinker_cookbook.utils.ml_log:143 [INFO] Wrote metrics to logs/aws/wave1-rerun/ac1-base-seed3/metrics.jsonl
tinker_cookbook.utils.ml_log:240 [INFO] Logging to: https://wandb.ai/kriaz-msee20seecs-nust/ugttt-rebuttal/runs/1p8cxde0
tinker_cookbook.utils.ml_log:143 [INFO] Wrote metrics to logs/aws/wave1-rerun/ac1-base-seed3/metrics.jsonl
tinker_cookbook.utils.ml_log:240 [INFO] Logging to: https://wandb.ai/kriaz-msee20seecs-nust/ugttt-rebuttal/runs/1p8cxde0
tinker_cookbook.utils.ml_log:143 [INFO] Wrote metrics to logs/aws/wave1-rerun/ac1-base-seed3/metrics.jsonl
tinker_cookbook.utils.ml_log:240 [INFO] Logging to: https://wandb.ai/kriaz-msee20seecs-nust/ugttt-rebuttal/runs/1p8cxde0
tinker_cookbook.utils.ml_log:143 [INFO] Wrote metrics to logs/aws/wave1-rerun/ac1-base-seed3/metrics.jsonl
tinker_cookbook.utils.ml_log:240 [INFO] Logging to: https://wandb.ai/kriaz-msee20seecs-nust/ugttt-rebuttal/runs/1p8cxde0
tinker_cookbook.utils.ml_log:143 [INFO] Wrote metrics to logs/aws/wave1-rerun/ac1-base-seed3/metrics.jsonl
tinker_cookbook.utils.ml_log:240 [INFO] Logging to: https://wandb.ai/kriaz-msee20seecs-nust/ugttt-rebuttal/runs/1p8cxde0
__main__:1949 [INFO]   [4][3/8] KEPT | R_exec=0.1477 (max=0.5000) RMI=0.0000 R_total=0.1477 | 1658.0s | GPU: 18.1/61.0GB
tinker_cookbook.utils.ml_log:143 [INFO] Wrote metrics to logs/aws/wave1-rerun/ac1-base-seed3/metrics.jsonl
tinker_cookbook.utils.ml_log:240 [INFO] Logging to: https://wandb.ai/kriaz-msee20seecs-nust/ugttt-rebuttal/runs/1p8cxde0
tinker_cookbook.rl.ensemble:1082 [INFO]   generate_batch_multi_adapter_two_phase: N=8 phase1_max=26000 streaming_mi=False kv_q=False
tinker_cookbook.rl.ensemble:1270 [INFO]     [gen/p1] step=2048/23442 active=8/8 mi_stopped=0
tinker_cookbook.rl.ensemble:1270 [INFO]     [gen/p1] step=4096/23442 active=8/8 mi_stopped=0
tinker_cookbook.rl.ensemble:1270 [INFO]     [gen/p1] step=6144/23442 active=5/8 mi_stopped=0
__main__:1078 [INFO]   Group 3: multi-adapter generation 8 seqs in 605.2s
__main__:1108 [INFO]   Group 3: rewards computed in 1005.2s
__main__:1150 [INFO]     [g3][r1/8] adapter=0 R_exec=0.0000 true_MI=0.00000 RMI=0.0000 R_total=0.0000 correct=0 tokens=7641
__main__:1150 [INFO]     [g3][r2/8] adapter=0 R_exec=0.6367 true_MI=0.00000 RMI=0.0000 R_total=0.6367 correct=1 tokens=7730
__main__:1150 [INFO]     [g3][r3/8] adapter=0 R_exec=0.0000 true_MI=0.00000 RMI=0.0000 R_total=0.0000 correct=0 tokens=5839
__main__:1150 [INFO]     [g3][r4/8] adapter=0 R_exec=0.1002 true_MI=0.00000 RMI=0.0000 R_total=0.1002 correct=1 tokens=8104
__main__:1150 [INFO]     [g3][r5/8] adapter=0 R_exec=0.0000 true_MI=0.00000 RMI=0.0000 R_total=0.0000 correct=0 tokens=5621
__main__:1150 [INFO]     [g3][r6/8] adapter=0 R_exec=0.0000 true_MI=0.00000 RMI=0.0000 R_total=0.0000 correct=0 tokens=7465
__main__:1150 [INFO]     [g3][r7/8] adapter=0 R_exec=0.6557 true_MI=0.00000 RMI=0.0000 R_total=0.6557 correct=1 tokens=6659
__main__:1150 [INFO]     [g3][r8/8] adapter=0 R_exec=0.6515 true_MI=0.00000 RMI=0.0000 R_total=0.6515 correct=1 tokens=5560
__main__:1167 [INFO]   [g3] group true_MI: mean=0.00000 std=0.00000 max=0.00000 normalized=[0.00 0.00 0.00 0.00 0.00 0.00 0.00 0.00]
tinker_cookbook.utils.ml_log:143 [INFO] Wrote metrics to logs/aws/wave1-rerun/ac1-base-seed3/metrics.jsonl
tinker_cookbook.utils.ml_log:240 [INFO] Logging to: https://wandb.ai/kriaz-msee20seecs-nust/ugttt-rebuttal/runs/1p8cxde0
tinker_cookbook.utils.ml_log:143 [INFO] Wrote metrics to logs/aws/wave1-rerun/ac1-base-seed3/metrics.jsonl
tinker_cookbook.utils.ml_log:240 [INFO] Logging to: https://wandb.ai/kriaz-msee20seecs-nust/ugttt-rebuttal/runs/1p8cxde0
tinker_cookbook.utils.ml_log:143 [INFO] Wrote metrics to logs/aws/wave1-rerun/ac1-base-seed3/metrics.jsonl
tinker_cookbook.utils.ml_log:240 [INFO] Logging to: https://wandb.ai/kriaz-msee20seecs-nust/ugttt-rebuttal/runs/1p8cxde0
tinker_cookbook.utils.ml_log:143 [INFO] Wrote metrics to logs/aws/wave1-rerun/ac1-base-seed3/metrics.jsonl
tinker_cookbook.utils.ml_log:240 [INFO] Logging to: https://wandb.ai/kriaz-msee20seecs-nust/ugttt-rebuttal/runs/1p8cxde0
tinker_cookbook.utils.ml_log:143 [INFO] Wrote metrics to logs/aws/wave1-rerun/ac1-base-seed3/metrics.jsonl
tinker_cookbook.utils.ml_log:240 [INFO] Logging to: https://wandb.ai/kriaz-msee20seecs-nust/ugttt-rebuttal/runs/1p8cxde0
tinker_cookbook.utils.ml_log:143 [INFO] Wrote metrics to logs/aws/wave1-rerun/ac1-base-seed3/metrics.jsonl
tinker_cookbook.utils.ml_log:240 [INFO] Logging to: https://wandb.ai/kriaz-msee20seecs-nust/ugttt-rebuttal/runs/1p8cxde0
tinker_cookbook.utils.ml_log:143 [INFO] Wrote metrics to logs/aws/wave1-rerun/ac1-base-seed3/metrics.jsonl
tinker_cookbook.utils.ml_log:240 [INFO] Logging to: https://wandb.ai/kriaz-msee20seecs-nust/ugttt-rebuttal/runs/1p8cxde0
tinker_cookbook.utils.ml_log:143 [INFO] Wrote metrics to logs/aws/wave1-rerun/ac1-base-seed3/metrics.jsonl
tinker_cookbook.utils.ml_log:240 [INFO] Logging to: https://wandb.ai/kriaz-msee20seecs-nust/ugttt-rebuttal/runs/1p8cxde0
__main__:1949 [INFO]   [4][4/8] KEPT | R_exec=0.2555 (max=0.6557) RMI=0.0000 R_total=0.2555 | 1610.4s | GPU: 18.1/60.6GB
tinker_cookbook.utils.ml_log:143 [INFO] Wrote metrics to logs/aws/wave1-rerun/ac1-base-seed3/metrics.jsonl
tinker_cookbook.utils.ml_log:240 [INFO] Logging to: https://wandb.ai/kriaz-msee20seecs-nust/ugttt-rebuttal/runs/1p8cxde0
tinker_cookbook.rl.ensemble:1082 [INFO]   generate_batch_multi_adapter_two_phase: N=8 phase1_max=26000 streaming_mi=False kv_q=False
tinker_cookbook.rl.ensemble:1270 [INFO]     [gen/p1] step=2048/23475 active=8/8 mi_stopped=0
tinker_cookbook.rl.ensemble:1270 [INFO]     [gen/p1] step=4096/23475 active=8/8 mi_stopped=0
tinker_cookbook.rl.ensemble:1270 [INFO]     [gen/p1] step=6144/23475 active=8/8 mi_stopped=0
tinker_cookbook.rl.ensemble:1270 [INFO]     [gen/p1] step=8192/23475 active=4/8 mi_stopped=0
__main__:1078 [INFO]   Group 4: multi-adapter generation 8 seqs in 755.3s
__main__:1108 [INFO]   Group 4: rewards computed in 80.0s
__main__:1150 [INFO]     [g4][r1/8] adapter=0 R_exec=0.6491 true_MI=0.00000 RMI=0.0000 R_total=0.6491 correct=1 tokens=9117
__main__:1150 [INFO]     [g4][r2/8] adapter=0 R_exec=0.6205 true_MI=0.00000 RMI=0.0000 R_total=0.6205 correct=1 tokens=7397
__main__:1150 [INFO]     [g4][r3/8] adapter=0 R_exec=0.6511 true_MI=0.00000 RMI=0.0000 R_total=0.6511 correct=1 tokens=9494
__main__:1150 [INFO]     [g4][r4/8] adapter=0 R_exec=0.5296 true_MI=0.00000 RMI=0.0000 R_total=0.5296 correct=1 tokens=7880
__main__:1150 [INFO]     [g4][r5/8] adapter=0 R_exec=0.5284 true_MI=0.00000 RMI=0.0000 R_total=0.5284 correct=1 tokens=7411
__main__:1150 [INFO]     [g4][r6/8] adapter=0 R_exec=0.5204 true_MI=0.00000 RMI=0.0000 R_total=0.5204 correct=1 tokens=7989
__main__:1150 [INFO]     [g4][r7/8] adapter=0 R_exec=0.5583 true_MI=0.00000 RMI=0.0000 R_total=0.5583 correct=1 tokens=8489
__main__:1150 [INFO]     [g4][r8/8] adapter=0 R_exec=0.6490 true_MI=0.00000 RMI=0.0000 R_total=0.6490 correct=1 tokens=8610
__main__:1167 [INFO]   [g4] group true_MI: mean=0.00000 std=0.00000 max=0.00000 normalized=[0.00 0.00 0.00 0.00 0.00 0.00 0.00 0.00]
tinker_cookbook.utils.ml_log:143 [INFO] Wrote metrics to logs/aws/wave1-rerun/ac1-base-seed3/metrics.jsonl
tinker_cookbook.utils.ml_log:240 [INFO] Logging to: https://wandb.ai/kriaz-msee20seecs-nust/ugttt-rebuttal/runs/1p8cxde0
tinker_cookbook.utils.ml_log:143 [INFO] Wrote metrics to logs/aws/wave1-rerun/ac1-base-seed3/metrics.jsonl
tinker_cookbook.utils.ml_log:240 [INFO] Logging to: https://wandb.ai/kriaz-msee20seecs-nust/ugttt-rebuttal/runs/1p8cxde0
tinker_cookbook.utils.ml_log:143 [INFO] Wrote metrics to logs/aws/wave1-rerun/ac1-base-seed3/metrics.jsonl
tinker_cookbook.utils.ml_log:240 [INFO] Logging to: https://wandb.ai/kriaz-msee20seecs-nust/ugttt-rebuttal/runs/1p8cxde0
tinker_cookbook.utils.ml_log:143 [INFO] Wrote metrics to logs/aws/wave1-rerun/ac1-base-seed3/metrics.jsonl
tinker_cookbook.utils.ml_log:240 [INFO] Logging to: https://wandb.ai/kriaz-msee20seecs-nust/ugttt-rebuttal/runs/1p8cxde0
tinker_cookbook.utils.ml_log:143 [INFO] Wrote metrics to logs/aws/wave1-rerun/ac1-base-seed3/metrics.jsonl
tinker_cookbook.utils.ml_log:240 [INFO] Logging to: https://wandb.ai/kriaz-msee20seecs-nust/ugttt-rebuttal/runs/1p8cxde0
tinker_cookbook.utils.ml_log:143 [INFO] Wrote metrics to logs/aws/wave1-rerun/ac1-base-seed3/metrics.jsonl
tinker_cookbook.utils.ml_log:240 [INFO] Logging to: https://wandb.ai/kriaz-msee20seecs-nust/ugttt-rebuttal/runs/1p8cxde0
tinker_cookbook.utils.ml_log:143 [INFO] Wrote metrics to logs/aws/wave1-rerun/ac1-base-seed3/metrics.jsonl
tinker_cookbook.utils.ml_log:240 [INFO] Logging to: https://wandb.ai/kriaz-msee20seecs-nust/ugttt-rebuttal/runs/1p8cxde0
tinker_cookbook.utils.ml_log:143 [INFO] Wrote metrics to logs/aws/wave1-rerun/ac1-base-seed3/metrics.jsonl
tinker_cookbook.utils.ml_log:240 [INFO] Logging to: https://wandb.ai/kriaz-msee20seecs-nust/ugttt-rebuttal/runs/1p8cxde0
__main__:1949 [INFO]   [4][5/8] KEPT | R_exec=0.5883 (max=0.6511) RMI=0.0000 R_total=0.5883 | 835.4s | GPU: 18.1/60.7GB
tinker_cookbook.utils.ml_log:143 [INFO] Wrote metrics to logs/aws/wave1-rerun/ac1-base-seed3/metrics.jsonl
tinker_cookbook.utils.ml_log:240 [INFO] Logging to: https://wandb.ai/kriaz-msee20seecs-nust/ugttt-rebuttal/runs/1p8cxde0
tinker_cookbook.rl.ensemble:1082 [INFO]   generate_batch_multi_adapter_two_phase: N=8 phase1_max=26000 streaming_mi=False kv_q=False
tinker_cookbook.rl.ensemble:1270 [INFO]     [gen/p1] step=2048/23455 active=8/8 mi_stopped=0
tinker_cookbook.rl.ensemble:1270 [INFO]     [gen/p1] step=4096/23455 active=8/8 mi_stopped=0
tinker_cookbook.rl.ensemble:1270 [INFO]     [gen/p1] step=6144/23455 active=8/8 mi_stopped=0
tinker_cookbook.rl.ensemble:1270 [INFO]     [gen/p1] step=8192/23455 active=6/8 mi_stopped=0
tinker_cookbook.rl.ensemble:1270 [INFO]     [gen/p1] step=10240/23455 active=1/8 mi_stopped=0
__main__:1078 [INFO]   Group 5: multi-adapter generation 8 seqs in 940.3s
__main__:1108 [INFO]   Group 5: rewards computed in 1283.0s
__main__:1150 [INFO]     [g5][r1/8] adapter=0 R_exec=0.6455 true_MI=0.00000 RMI=0.0000 R_total=0.6455 correct=1 tokens=11046
__main__:1150 [INFO]     [g5][r2/8] adapter=0 R_exec=0.6454 true_MI=0.00000 RMI=0.0000 R_total=0.6454 correct=1 tokens=7958
__main__:1150 [INFO]     [g5][r3/8] adapter=0 R_exec=0.6458 true_MI=0.00000 RMI=0.0000 R_total=0.6458 correct=1 tokens=7557
__main__:1150 [INFO]     [g5][r4/8] adapter=0 R_exec=0.6454 true_MI=0.00000 RMI=0.0000 R_total=0.6454 correct=1 tokens=9307
__main__:1150 [INFO]     [g5][r5/8] adapter=0 R_exec=0.6455 true_MI=0.00000 RMI=0.0000 R_total=0.6455 correct=1 tokens=8862
__main__:1150 [INFO]     [g5][r6/8] adapter=0 R_exec=0.6029 true_MI=0.00000 RMI=0.0000 R_total=0.6029 correct=1 tokens=9120
__main__:1150 [INFO]     [g5][r7/8] adapter=0 R_exec=0.6490 true_MI=0.00000 RMI=0.0000 R_total=0.6490 correct=1 tokens=8609
__main__:1150 [INFO]     [g5][r8/8] adapter=0 R_exec=0.6472 true_MI=0.00000 RMI=0.0000 R_total=0.6472 correct=1 tokens=9686
__main__:1167 [INFO]   [g5] group true_MI: mean=0.00000 std=0.00000 max=0.00000 normalized=[0.00 0.00 0.00 0.00 0.00 0.00 0.00 0.00]
tinker_cookbook.utils.ml_log:143 [INFO] Wrote metrics to logs/aws/wave1-rerun/ac1-base-seed3/metrics.jsonl
tinker_cookbook.utils.ml_log:240 [INFO] Logging to: https://wandb.ai/kriaz-msee20seecs-nust/ugttt-rebuttal/runs/1p8cxde0
tinker_cookbook.utils.ml_log:143 [INFO] Wrote metrics to logs/aws/wave1-rerun/ac1-base-seed3/metrics.jsonl
tinker_cookbook.utils.ml_log:240 [INFO] Logging to: https://wandb.ai/kriaz-msee20seecs-nust/ugttt-rebuttal/runs/1p8cxde0
tinker_cookbook.utils.ml_log:143 [INFO] Wrote metrics to logs/aws/wave1-rerun/ac1-base-seed3/metrics.jsonl
tinker_cookbook.utils.ml_log:240 [INFO] Logging to: https://wandb.ai/kriaz-msee20seecs-nust/ugttt-rebuttal/runs/1p8cxde0
tinker_cookbook.utils.ml_log:143 [INFO] Wrote metrics to logs/aws/wave1-rerun/ac1-base-seed3/metrics.jsonl
tinker_cookbook.utils.ml_log:240 [INFO] Logging to: https://wandb.ai/kriaz-msee20seecs-nust/ugttt-rebuttal/runs/1p8cxde0
tinker_cookbook.utils.ml_log:143 [INFO] Wrote metrics to logs/aws/wave1-rerun/ac1-base-seed3/metrics.jsonl
tinker_cookbook.utils.ml_log:240 [INFO] Logging to: https://wandb.ai/kriaz-msee20seecs-nust/ugttt-rebuttal/runs/1p8cxde0
tinker_cookbook.utils.ml_log:143 [INFO] Wrote metrics to logs/aws/wave1-rerun/ac1-base-seed3/metrics.jsonl
tinker_cookbook.utils.ml_log:240 [INFO] Logging to: https://wandb.ai/kriaz-msee20seecs-nust/ugttt-rebuttal/runs/1p8cxde0
tinker_cookbook.utils.ml_log:143 [INFO] Wrote metrics to logs/aws/wave1-rerun/ac1-base-seed3/metrics.jsonl
tinker_cookbook.utils.ml_log:240 [INFO] Logging to: https://wandb.ai/kriaz-msee20seecs-nust/ugttt-rebuttal/runs/1p8cxde0
tinker_cookbook.utils.ml_log:143 [INFO] Wrote metrics to logs/aws/wave1-rerun/ac1-base-seed3/metrics.jsonl
tinker_cookbook.utils.ml_log:240 [INFO] Logging to: https://wandb.ai/kriaz-msee20seecs-nust/ugttt-rebuttal/runs/1p8cxde0
__main__:1949 [INFO]   [4][6/8] KEPT | R_exec=0.6409 (max=0.6490) RMI=0.0000 R_total=0.6409 | 2223.4s | GPU: 18.1/61.0GB
tinker_cookbook.utils.ml_log:143 [INFO] Wrote metrics to logs/aws/wave1-rerun/ac1-base-seed3/metrics.jsonl
tinker_cookbook.utils.ml_log:240 [INFO] Logging to: https://wandb.ai/kriaz-msee20seecs-nust/ugttt-rebuttal/runs/1p8cxde0
tinker_cookbook.rl.ensemble:1082 [INFO]   generate_batch_multi_adapter_two_phase: N=8 phase1_max=26000 streaming_mi=False kv_q=False
tinker_cookbook.rl.ensemble:1270 [INFO]     [gen/p1] step=2048/23331 active=8/8 mi_stopped=0
tinker_cookbook.rl.ensemble:1270 [INFO]     [gen/p1] step=4096/23331 active=8/8 mi_stopped=0
tinker_cookbook.rl.ensemble:1270 [INFO]     [gen/p1] step=6144/23331 active=8/8 mi_stopped=0
tinker_cookbook.rl.ensemble:1270 [INFO]     [gen/p1] step=8192/23331 active=6/8 mi_stopped=0
tinker_cookbook.rl.ensemble:1270 [INFO]     [gen/p1] step=10240/23331 active=2/8 mi_stopped=0
__main__:1078 [INFO]   Group 6: multi-adapter generation 8 seqs in 923.2s
__main__:1108 [INFO]   Group 6: rewards computed in 1005.6s
__main__:1150 [INFO]     [g6][r1/8] adapter=0 R_exec=0.0000 true_MI=0.00000 RMI=0.0000 R_total=0.0000 correct=0 tokens=7394
__main__:1150 [INFO]     [g6][r2/8] adapter=0 R_exec=0.6148 true_MI=0.00000 RMI=0.0000 R_total=0.6148 correct=1 tokens=10837
__main__:1150 [INFO]     [g6][r3/8] adapter=0 R_exec=0.0000 true_MI=0.00000 RMI=0.0000 R_total=0.0000 correct=0 tokens=9680
__main__:1150 [INFO]     [g6][r4/8] adapter=0 R_exec=0.6153 true_MI=0.00000 RMI=0.0000 R_total=0.6153 correct=1 tokens=9745
__main__:1150 [INFO]     [g6][r5/8] adapter=0 R_exec=0.0000 true_MI=0.00000 RMI=0.0000 R_total=0.0000 correct=0 tokens=10677
__main__:1150 [INFO]     [g6][r6/8] adapter=0 R_exec=0.0000 true_MI=0.00000 RMI=0.0000 R_total=0.0000 correct=0 tokens=8344
__main__:1150 [INFO]     [g6][r7/8] adapter=0 R_exec=0.6151 true_MI=0.00000 RMI=0.0000 R_total=0.6151 correct=1 tokens=7862
__main__:1150 [INFO]     [g6][r8/8] adapter=0 R_exec=0.6150 true_MI=0.00000 RMI=0.0000 R_total=0.6150 correct=1 tokens=8631
__main__:1167 [INFO]   [g6] group true_MI: mean=0.00000 std=0.00000 max=0.00000 normalized=[0.00 0.00 0.00 0.00 0.00 0.00 0.00 0.00]
tinker_cookbook.utils.ml_log:143 [INFO] Wrote metrics to logs/aws/wave1-rerun/ac1-base-seed3/metrics.jsonl
tinker_cookbook.utils.ml_log:240 [INFO] Logging to: https://wandb.ai/kriaz-msee20seecs-nust/ugttt-rebuttal/runs/1p8cxde0
tinker_cookbook.utils.ml_log:143 [INFO] Wrote metrics to logs/aws/wave1-rerun/ac1-base-seed3/metrics.jsonl
tinker_cookbook.utils.ml_log:240 [INFO] Logging to: https://wandb.ai/kriaz-msee20seecs-nust/ugttt-rebuttal/runs/1p8cxde0
tinker_cookbook.utils.ml_log:143 [INFO] Wrote metrics to logs/aws/wave1-rerun/ac1-base-seed3/metrics.jsonl
tinker_cookbook.utils.ml_log:240 [INFO] Logging to: https://wandb.ai/kriaz-msee20seecs-nust/ugttt-rebuttal/runs/1p8cxde0
tinker_cookbook.utils.ml_log:143 [INFO] Wrote metrics to logs/aws/wave1-rerun/ac1-base-seed3/metrics.jsonl
tinker_cookbook.utils.ml_log:240 [INFO] Logging to: https://wandb.ai/kriaz-msee20seecs-nust/ugttt-rebuttal/runs/1p8cxde0
tinker_cookbook.utils.ml_log:143 [INFO] Wrote metrics to logs/aws/wave1-rerun/ac1-base-seed3/metrics.jsonl
tinker_cookbook.utils.ml_log:240 [INFO] Logging to: https://wandb.ai/kriaz-msee20seecs-nust/ugttt-rebuttal/runs/1p8cxde0
tinker_cookbook.utils.ml_log:143 [INFO] Wrote metrics to logs/aws/wave1-rerun/ac1-base-seed3/metrics.jsonl
tinker_cookbook.utils.ml_log:240 [INFO] Logging to: https://wandb.ai/kriaz-msee20seecs-nust/ugttt-rebuttal/runs/1p8cxde0
tinker_cookbook.utils.ml_log:143 [INFO] Wrote metrics to logs/aws/wave1-rerun/ac1-base-seed3/metrics.jsonl
tinker_cookbook.utils.ml_log:240 [INFO] Logging to: https://wandb.ai/kriaz-msee20seecs-nust/ugttt-rebuttal/runs/1p8cxde0
tinker_cookbook.utils.ml_log:143 [INFO] Wrote metrics to logs/aws/wave1-rerun/ac1-base-seed3/metrics.jsonl
tinker_cookbook.utils.ml_log:240 [INFO] Logging to: https://wandb.ai/kriaz-msee20seecs-nust/ugttt-rebuttal/runs/1p8cxde0
__main__:1949 [INFO]   [4][7/8] KEPT | R_exec=0.3075 (max=0.6153) RMI=0.0000 R_total=0.3075 | 1928.9s | GPU: 18.1/61.7GB
tinker_cookbook.utils.ml_log:143 [INFO] Wrote metrics to logs/aws/wave1-rerun/ac1-base-seed3/metrics.jsonl
tinker_cookbook.utils.ml_log:240 [INFO] Logging to: https://wandb.ai/kriaz-msee20seecs-nust/ugttt-rebuttal/runs/1p8cxde0
tinker_cookbook.rl.ensemble:1082 [INFO]   generate_batch_multi_adapter_two_phase: N=8 phase1_max=26000 streaming_mi=False kv_q=False
tinker_cookbook.rl.ensemble:1270 [INFO]     [gen/p1] step=2048/23438 active=8/8 mi_stopped=0
tinker_cookbook.rl.ensemble:1270 [INFO]     [gen/p1] step=4096/23438 active=8/8 mi_stopped=0
tinker_cookbook.rl.ensemble:1270 [INFO]     [gen/p1] step=6144/23438 active=7/8 mi_stopped=0
tinker_cookbook.rl.ensemble:1270 [INFO]     [gen/p1] step=8192/23438 active=4/8 mi_stopped=0
tinker_cookbook.rl.ensemble:1270 [INFO]     [gen/p1] step=10240/23438 active=2/8 mi_stopped=0
tinker_cookbook.rl.ensemble:1270 [INFO]     [gen/p1] step=12288/23438 active=1/8 mi_stopped=0
__main__:1078 [INFO]   Group 7: multi-adapter generation 8 seqs in 1215.2s
__main__:1108 [INFO]   Group 7: rewards computed in 1005.6s
__main__:1150 [INFO]     [g7][r1/8] adapter=0 R_exec=0.0000 true_MI=0.00000 RMI=0.0000 R_total=0.0000 correct=0 tokens=6027
__main__:1150 [INFO]     [g7][r2/8] adapter=0 R_exec=0.6137 true_MI=0.00000 RMI=0.0000 R_total=0.6137 correct=1 tokens=9714
__main__:1150 [INFO]     [g7][r3/8] adapter=0 R_exec=0.6129 true_MI=0.00000 RMI=0.0000 R_total=0.6129 correct=1 tokens=11631
__main__:1150 [INFO]     [g7][r4/8] adapter=0 R_exec=0.0000 true_MI=0.00000 RMI=0.0000 R_total=0.0000 correct=0 tokens=7048
__main__:1150 [INFO]     [g7][r5/8] adapter=0 R_exec=0.6129 true_MI=0.00000 RMI=0.0000 R_total=0.6129 correct=1 tokens=13144
__main__:1150 [INFO]     [g7][r6/8] adapter=0 R_exec=0.6312 true_MI=0.00000 RMI=0.0000 R_total=0.6312 correct=1 tokens=8734
__main__:1150 [INFO]     [g7][r7/8] adapter=0 R_exec=0.6129 true_MI=0.00000 RMI=0.0000 R_total=0.6129 correct=1 tokens=8081
__main__:1150 [INFO]     [g7][r8/8] adapter=0 R_exec=0.6138 true_MI=0.00000 RMI=0.0000 R_total=0.6138 correct=1 tokens=8066
__main__:1167 [INFO]   [g7] group true_MI: mean=0.00000 std=0.00000 max=0.00000 normalized=[0.00 0.00 0.00 0.00 0.00 0.00 0.00 0.00]
tinker_cookbook.utils.ml_log:143 [INFO] Wrote metrics to logs/aws/wave1-rerun/ac1-base-seed3/metrics.jsonl
tinker_cookbook.utils.ml_log:240 [INFO] Logging to: https://wandb.ai/kriaz-msee20seecs-nust/ugttt-rebuttal/runs/1p8cxde0
tinker_cookbook.utils.ml_log:143 [INFO] Wrote metrics to logs/aws/wave1-rerun/ac1-base-seed3/metrics.jsonl
tinker_cookbook.utils.ml_log:240 [INFO] Logging to: https://wandb.ai/kriaz-msee20seecs-nust/ugttt-rebuttal/runs/1p8cxde0
tinker_cookbook.utils.ml_log:143 [INFO] Wrote metrics to logs/aws/wave1-rerun/ac1-base-seed3/metrics.jsonl
tinker_cookbook.utils.ml_log:240 [INFO] Logging to: https://wandb.ai/kriaz-msee20seecs-nust/ugttt-rebuttal/runs/1p8cxde0
tinker_cookbook.utils.ml_log:143 [INFO] Wrote metrics to logs/aws/wave1-rerun/ac1-base-seed3/metrics.jsonl
tinker_cookbook.utils.ml_log:240 [INFO] Logging to: https://wandb.ai/kriaz-msee20seecs-nust/ugttt-rebuttal/runs/1p8cxde0
tinker_cookbook.utils.ml_log:143 [INFO] Wrote metrics to logs/aws/wave1-rerun/ac1-base-seed3/metrics.jsonl
tinker_cookbook.utils.ml_log:240 [INFO] Logging to: https://wandb.ai/kriaz-msee20seecs-nust/ugttt-rebuttal/runs/1p8cxde0
tinker_cookbook.utils.ml_log:143 [INFO] Wrote metrics to logs/aws/wave1-rerun/ac1-base-seed3/metrics.jsonl
tinker_cookbook.utils.ml_log:240 [INFO] Logging to: https://wandb.ai/kriaz-msee20seecs-nust/ugttt-rebuttal/runs/1p8cxde0
tinker_cookbook.utils.ml_log:143 [INFO] Wrote metrics to logs/aws/wave1-rerun/ac1-base-seed3/metrics.jsonl
tinker_cookbook.utils.ml_log:240 [INFO] Logging to: https://wandb.ai/kriaz-msee20seecs-nust/ugttt-rebuttal/runs/1p8cxde0
tinker_cookbook.utils.ml_log:143 [INFO] Wrote metrics to logs/aws/wave1-rerun/ac1-base-seed3/metrics.jsonl
tinker_cookbook.utils.ml_log:240 [INFO] Logging to: https://wandb.ai/kriaz-msee20seecs-nust/ugttt-rebuttal/runs/1p8cxde0
__main__:1949 [INFO]   [4][8/8] KEPT | R_exec=0.4622 (max=0.6312) RMI=0.0000 R_total=0.4622 | 2220.9s | GPU: 18.1/61.3GB
tinker_cookbook.utils.ml_log:143 [INFO] Wrote metrics to logs/aws/wave1-rerun/ac1-base-seed3/metrics.jsonl
tinker_cookbook.utils.ml_log:240 [INFO] Logging to: https://wandb.ai/kriaz-msee20seecs-nust/ugttt-rebuttal/runs/1p8cxde0
__main__:1988 [INFO] [Epoch 4] Rollout phase done in 14411.5s. Training on 8/8 groups...
tinker_cookbook.utils.ml_log:143 [INFO] Wrote metrics to logs/aws/wave1-rerun/ac1-base-seed3/metrics.jsonl
tinker_cookbook.utils.ml_log:195 [INFO] 
┏━━━━━━━━━━━━━━━━━━━━━━━━━━━━━━━━┳━━━━━━━━━━━━━━┓
┃ Metric                         ┃ Value        ┃
┡━━━━━━━━━━━━━━━━━━━━━━━━━━━━━━━━╇━━━━━━━━━━━━━━┩
│ gpu/memory_allocated_gb        │ 18.092511    │
│ gpu/memory_peak_gb             │ 61.073576    │
│ gpu/memory_reserved_gb         │ 18.121490    │
│ kl_policy_base                 │ 0.004029     │
│ optim/entropy                  │ 0.564100     │
│ optim/kl_sample_train_v1       │ 0.000160     │
│ optim/kl_sample_train_v2       │ 0.000135     │
│ progress/done_frac             │ 0.833333     │
│ progress/epoch                 │ 4            │
│ rollout/groups_attempted       │ 8.000000     │
│ rollout/groups_filtered        │ 0.000000     │
│ rollout/groups_kept            │ 8.000000     │
│ rollout/intra_group_reward_std │ 0.196453     │
│ time/rollout                   │ 14411.534755 │
│ time/total                     │ 14675.415467 │
│ time/train                     │ 263.559444   │
│ train/advantage/max            │ 9.578401     │
│ train/advantage/mean           │ 0.433310     │
│ train/advantage/min            │ -1.000000    │
│ train/advantage/std            │ 2.463716     │
│ train/beta/mean                │ 110.433024   │
│ train/beta/std                 │ 219.911116   │
│ train/correctness/mean         │ 0.687500     │
│ train/correctness/rate         │ 0.687500     │
│ train/ensemble/frac_high_disa… │ 0.000000     │
│ train/ensemble/max_token_disa… │ nan          │
│ train/ensemble/member_logprob… │ 0.000000     │
│ train/ensemble/member_logprob… │ nan          │
│ train/gamma_eff/mean           │ 0.000000     │
│ train/gen/num_tokens/max       │ 13144.000000 │
│ train/gen/num_tokens/mean      │ 8301.312500  │
│ train/gen/num_tokens/std       │ 1581.815609  │
│ train/loss                     │ -0.433344    │
│ train/nnm_loss                 │ 0.000000     │
│ train/nnm_nuclear_norm         │ 0.000000     │
│ train/num_groups               │ 8.000000     │
│ train/num_rollouts             │ 64.000000    │
│ train/num_rollouts_total       │ 64.000000    │
│ train/reward/exec/best         │ 0.660147     │
│ train/reward/exec/max          │ 0.660147     │
│ train/reward/exec/mean         │ 0.383286     │
│ train/reward/exec/min          │ 0.000000     │
│ train/reward/exec/std          │ 0.279785     │
│ train/reward/rmi/max           │ 0.000000     │
│ train/reward/rmi/mean          │ 0.000000     │
│ train/reward/rmi/min           │ 0.000000     │
│ train/reward/rmi/std           │ 0.000000     │
│ train/reward/total/best        │ 0.660147     │
│ train/reward/total/max         │ 0.660147     │
│ train/reward/total/mean        │ 0.383286     │
│ train/reward/total/min         │ 0.000000     │
│ train/reward/total/std         │ 0.279785     │
│ train/streaming_mi/stop_rate   │ 0.000000     │
│ train/streaming_mi/tokens_sav… │ 0.000000     │
│ train/streaming_mi/tokens_sav… │ 0.000000     │
│ train/two_phase/phase1_tokens… │ 8301.312500  │
│ train/two_phase/phase2_tokens… │ 0.000000     │
│ train/two_phase/prefill_rate   │ 0.000000     │
│ train/uncertainty/predictive_… │ 0.000000     │
│ train/uncertainty/predictive_… │ 0.000000     │
│ train/uncertainty/predictive_… │ 0.000000     │
│ train/uncertainty/predictive_… │ 0.000000     │
│ train/uncertainty/predictive_… │ 0.000000     │
│ train/uncertainty/predictive_… │ 0.000000     │
│ train/uncertainty/predictive_… │ 0.000000     │
│ train/uncertainty/predictive_… │ 0.000000     │
│ train/uncertainty/rmi/max      │ 0.000000     │
│ train/uncertainty/rmi/mean     │ 0.000000     │
│ train/uncertainty/rmi/min      │ 0.000000     │
│ train/uncertainty/rmi/std      │ 0.000000     │
│ train/uncertainty/rmi_top7/max │ 0.000000     │
│ train/uncertainty/rmi_top7/me… │ 0.000000     │
│ train/uncertainty/rmi_top7/min │ 0.000000     │
│ train/uncertainty/rmi_top7/std │ 0.000000     │
│ train/uncertainty/top7_mi_cod… │ 0.000000     │
│ train/uncertainty/top7_mi_cod… │ 0.000000     │
│ train/uncertainty/top7_mi_thi… │ 0.000000     │
│ train/uncertainty/top7_mi_thi… │ 0.000000     │
│ train/uncertainty/top7_pct_co… │ 0.000000     │
│ train/uncertainty/top7_pct_co… │ 0.000000     │
│ train/uncertainty/top7_pct_th… │ 1.000000     │
│ train/uncertainty/top7_pct_th… │ 0.000000     │
│ train/uncertainty/true_mi/max  │ 0.000000     │
│ train/uncertainty/true_mi/mean │ 0.000000     │
│ train/uncertainty/true_mi/min  │ 0.000000     │
│ train/uncertainty/true_mi/std  │ 0.000000     │
│ train/uncertainty/variance/max │ nan          │
│ train/uncertainty/variance/me… │ nan          │
│ train/uncertainty/variance/min │ nan          │
│ train/uncertainty/variance/std │ nan          │
│ train/uncertainty/variance_to… │ nan          │
│ train/uncertainty/variance_to… │ nan          │
│ train/uncertainty/variance_to… │ nan          │
│ train/uncertainty/variance_to… │ nan          │
└────────────────────────────────┴──────────────┘
tinker_cookbook.utils.ml_log:240 [INFO] Logging to: https://wandb.ai/kriaz-msee20seecs-nust/ugttt-rebuttal/runs/1p8cxde0
__main__:2062 [INFO] [Epoch 4] R_exec=0.3833 (max=0.6601 best=0.6601) RMI=0.0000 beta=110.43 corr=68.8% loss=-0.4333 groups=8/8 time=14675.4s
__main__:1836 [INFO] [Epoch 5/6] Starting rollout phase: 8 groups × 8 rollouts
tinker_cookbook.rl.ensemble:1082 [INFO]   generate_batch_multi_adapter_two_phase: N=8 phase1_max=26000 streaming_mi=False kv_q=False
tinker_cookbook.rl.ensemble:1270 [INFO]     [gen/p1] step=2048/23250 active=8/8 mi_stopped=0
tinker_cookbook.rl.ensemble:1270 [INFO]     [gen/p1] step=4096/23250 active=8/8 mi_stopped=0
tinker_cookbook.rl.ensemble:1270 [INFO]     [gen/p1] step=6144/23250 active=6/8 mi_stopped=0
tinker_cookbook.rl.ensemble:1270 [INFO]     [gen/p1] step=8192/23250 active=4/8 mi_stopped=0
__main__:1078 [INFO]   Group 0: multi-adapter generation 8 seqs in 816.0s
__main__:1108 [INFO]   Group 0: rewards computed in 1004.8s
__main__:1150 [INFO]     [g0][r1/8] adapter=0 R_exec=0.6156 true_MI=0.00000 RMI=0.0000 R_total=0.6156 correct=1 tokens=6745
__main__:1150 [INFO]     [g0][r2/8] adapter=0 R_exec=0.4897 true_MI=0.00000 RMI=0.0000 R_total=0.4897 correct=1 tokens=7626
__main__:1150 [INFO]     [g0][r3/8] adapter=0 R_exec=0.6590 true_MI=0.00000 RMI=0.0000 R_total=0.6590 correct=1 tokens=8346
__main__:1150 [INFO]     [g0][r4/8] adapter=0 R_exec=0.0000 true_MI=0.00000 RMI=0.0000 R_total=0.0000 correct=0 tokens=6129
__main__:1150 [INFO]     [g0][r5/8] adapter=0 R_exec=0.0000 true_MI=0.00000 RMI=0.0000 R_total=0.0000 correct=0 tokens=5972
__main__:1150 [INFO]     [g0][r6/8] adapter=0 R_exec=0.0000 true_MI=0.00000 RMI=0.0000 R_total=0.0000 correct=0 tokens=9898
__main__:1150 [INFO]     [g0][r7/8] adapter=0 R_exec=0.0000 true_MI=0.00000 RMI=0.0000 R_total=0.0000 correct=0 tokens=9468
__main__:1150 [INFO]     [g0][r8/8] adapter=0 R_exec=0.0000 true_MI=0.00000 RMI=0.0000 R_total=0.0000 correct=0 tokens=9416
__main__:1167 [INFO]   [g0] group true_MI: mean=0.00000 std=0.00000 max=0.00000 normalized=[0.00 0.00 0.00 0.00 0.00 0.00 0.00 0.00]
tinker_cookbook.utils.ml_log:143 [INFO] Wrote metrics to logs/aws/wave1-rerun/ac1-base-seed3/metrics.jsonl
tinker_cookbook.utils.ml_log:240 [INFO] Logging to: https://wandb.ai/kriaz-msee20seecs-nust/ugttt-rebuttal/runs/1p8cxde0
tinker_cookbook.utils.ml_log:143 [INFO] Wrote metrics to logs/aws/wave1-rerun/ac1-base-seed3/metrics.jsonl
tinker_cookbook.utils.ml_log:240 [INFO] Logging to: https://wandb.ai/kriaz-msee20seecs-nust/ugttt-rebuttal/runs/1p8cxde0
tinker_cookbook.utils.ml_log:143 [INFO] Wrote metrics to logs/aws/wave1-rerun/ac1-base-seed3/metrics.jsonl
tinker_cookbook.utils.ml_log:240 [INFO] Logging to: https://wandb.ai/kriaz-msee20seecs-nust/ugttt-rebuttal/runs/1p8cxde0
tinker_cookbook.utils.ml_log:143 [INFO] Wrote metrics to logs/aws/wave1-rerun/ac1-base-seed3/metrics.jsonl
tinker_cookbook.utils.ml_log:240 [INFO] Logging to: https://wandb.ai/kriaz-msee20seecs-nust/ugttt-rebuttal/runs/1p8cxde0
tinker_cookbook.utils.ml_log:143 [INFO] Wrote metrics to logs/aws/wave1-rerun/ac1-base-seed3/metrics.jsonl
tinker_cookbook.utils.ml_log:240 [INFO] Logging to: https://wandb.ai/kriaz-msee20seecs-nust/ugttt-rebuttal/runs/1p8cxde0
tinker_cookbook.utils.ml_log:143 [INFO] Wrote metrics to logs/aws/wave1-rerun/ac1-base-seed3/metrics.jsonl
tinker_cookbook.utils.ml_log:240 [INFO] Logging to: https://wandb.ai/kriaz-msee20seecs-nust/ugttt-rebuttal/runs/1p8cxde0
tinker_cookbook.utils.ml_log:143 [INFO] Wrote metrics to logs/aws/wave1-rerun/ac1-base-seed3/metrics.jsonl
tinker_cookbook.utils.ml_log:240 [INFO] Logging to: https://wandb.ai/kriaz-msee20seecs-nust/ugttt-rebuttal/runs/1p8cxde0
tinker_cookbook.utils.ml_log:143 [INFO] Wrote metrics to logs/aws/wave1-rerun/ac1-base-seed3/metrics.jsonl
tinker_cookbook.utils.ml_log:240 [INFO] Logging to: https://wandb.ai/kriaz-msee20seecs-nust/ugttt-rebuttal/runs/1p8cxde0
__main__:1949 [INFO]   [5][1/8] KEPT | R_exec=0.2205 (max=0.6590) RMI=0.0000 R_total=0.2205 | 1820.8s | GPU: 18.1/61.3GB
tinker_cookbook.utils.ml_log:143 [INFO] Wrote metrics to logs/aws/wave1-rerun/ac1-base-seed3/metrics.jsonl
tinker_cookbook.utils.ml_log:240 [INFO] Logging to: https://wandb.ai/kriaz-msee20seecs-nust/ugttt-rebuttal/runs/1p8cxde0
tinker_cookbook.rl.ensemble:1082 [INFO]   generate_batch_multi_adapter_two_phase: N=8 phase1_max=26000 streaming_mi=False kv_q=False
tinker_cookbook.rl.ensemble:1270 [INFO]     [gen/p1] step=2048/23595 active=8/8 mi_stopped=0
tinker_cookbook.rl.ensemble:1270 [INFO]     [gen/p1] step=4096/23595 active=8/8 mi_stopped=0
tinker_cookbook.rl.ensemble:1270 [INFO]     [gen/p1] step=6144/23595 active=8/8 mi_stopped=0
tinker_cookbook.rl.ensemble:1270 [INFO]     [gen/p1] step=8192/23595 active=2/8 mi_stopped=0
tinker_cookbook.rl.ensemble:1270 [INFO]     [gen/p1] step=10240/23595 active=1/8 mi_stopped=0
tinker_cookbook.rl.ensemble:1270 [INFO]     [gen/p1] step=12288/23595 active=1/8 mi_stopped=0
__main__:1078 [INFO]   Group 1: multi-adapter generation 8 seqs in 1105.3s
__main__:1108 [INFO]   Group 1: rewards computed in 996.8s
__main__:1150 [INFO]     [g1][r1/8] adapter=0 R_exec=0.4849 true_MI=0.00000 RMI=0.0000 R_total=0.4849 correct=1 tokens=7695
__main__:1150 [INFO]     [g1][r2/8] adapter=0 R_exec=0.6409 true_MI=0.00000 RMI=0.0000 R_total=0.6409 correct=1 tokens=7206
__main__:1150 [INFO]     [g1][r3/8] adapter=0 R_exec=0.3175 true_MI=0.00000 RMI=0.0000 R_total=0.3175 correct=1 tokens=8009
__main__:1150 [INFO]     [g1][r4/8] adapter=0 R_exec=0.0000 true_MI=0.00000 RMI=0.0000 R_total=0.0000 correct=0 tokens=8077
__main__:1150 [INFO]     [g1][r5/8] adapter=0 R_exec=0.5000 true_MI=0.00000 RMI=0.0000 R_total=0.5000 correct=1 tokens=7528
__main__:1150 [INFO]     [g1][r6/8] adapter=0 R_exec=0.0000 true_MI=0.00000 RMI=0.0000 R_total=0.0000 correct=0 tokens=12409
__main__:1150 [INFO]     [g1][r7/8] adapter=0 R_exec=0.0000 true_MI=0.00000 RMI=0.0000 R_total=0.0000 correct=0 tokens=9472
__main__:1150 [INFO]     [g1][r8/8] adapter=0 R_exec=0.6358 true_MI=0.00000 RMI=0.0000 R_total=0.6358 correct=1 tokens=6911
__main__:1167 [INFO]   [g1] group true_MI: mean=0.00000 std=0.00000 max=0.00000 normalized=[0.00 0.00 0.00 0.00 0.00 0.00 0.00 0.00]
tinker_cookbook.utils.ml_log:143 [INFO] Wrote metrics to logs/aws/wave1-rerun/ac1-base-seed3/metrics.jsonl
tinker_cookbook.utils.ml_log:240 [INFO] Logging to: https://wandb.ai/kriaz-msee20seecs-nust/ugttt-rebuttal/runs/1p8cxde0
tinker_cookbook.utils.ml_log:143 [INFO] Wrote metrics to logs/aws/wave1-rerun/ac1-base-seed3/metrics.jsonl
tinker_cookbook.utils.ml_log:240 [INFO] Logging to: https://wandb.ai/kriaz-msee20seecs-nust/ugttt-rebuttal/runs/1p8cxde0
tinker_cookbook.utils.ml_log:143 [INFO] Wrote metrics to logs/aws/wave1-rerun/ac1-base-seed3/metrics.jsonl
tinker_cookbook.utils.ml_log:240 [INFO] Logging to: https://wandb.ai/kriaz-msee20seecs-nust/ugttt-rebuttal/runs/1p8cxde0
tinker_cookbook.utils.ml_log:143 [INFO] Wrote metrics to logs/aws/wave1-rerun/ac1-base-seed3/metrics.jsonl
tinker_cookbook.utils.ml_log:240 [INFO] Logging to: https://wandb.ai/kriaz-msee20seecs-nust/ugttt-rebuttal/runs/1p8cxde0
tinker_cookbook.utils.ml_log:143 [INFO] Wrote metrics to logs/aws/wave1-rerun/ac1-base-seed3/metrics.jsonl
tinker_cookbook.utils.ml_log:240 [INFO] Logging to: https://wandb.ai/kriaz-msee20seecs-nust/ugttt-rebuttal/runs/1p8cxde0
tinker_cookbook.utils.ml_log:143 [INFO] Wrote metrics to logs/aws/wave1-rerun/ac1-base-seed3/metrics.jsonl
tinker_cookbook.utils.ml_log:240 [INFO] Logging to: https://wandb.ai/kriaz-msee20seecs-nust/ugttt-rebuttal/runs/1p8cxde0
tinker_cookbook.utils.ml_log:143 [INFO] Wrote metrics to logs/aws/wave1-rerun/ac1-base-seed3/metrics.jsonl
tinker_cookbook.utils.ml_log:240 [INFO] Logging to: https://wandb.ai/kriaz-msee20seecs-nust/ugttt-rebuttal/runs/1p8cxde0
tinker_cookbook.utils.ml_log:143 [INFO] Wrote metrics to logs/aws/wave1-rerun/ac1-base-seed3/metrics.jsonl
tinker_cookbook.utils.ml_log:240 [INFO] Logging to: https://wandb.ai/kriaz-msee20seecs-nust/ugttt-rebuttal/runs/1p8cxde0
__main__:1949 [INFO]   [5][2/8] KEPT | R_exec=0.3224 (max=0.6409) RMI=0.0000 R_total=0.3224 | 2102.2s | GPU: 18.1/61.4GB
tinker_cookbook.utils.ml_log:143 [INFO] Wrote metrics to logs/aws/wave1-rerun/ac1-base-seed3/metrics.jsonl
tinker_cookbook.utils.ml_log:240 [INFO] Logging to: https://wandb.ai/kriaz-msee20seecs-nust/ugttt-rebuttal/runs/1p8cxde0
tinker_cookbook.rl.ensemble:1082 [INFO]   generate_batch_multi_adapter_two_phase: N=8 phase1_max=26000 streaming_mi=False kv_q=False
tinker_cookbook.rl.ensemble:1270 [INFO]     [gen/p1] step=2048/23091 active=8/8 mi_stopped=0
tinker_cookbook.rl.ensemble:1270 [INFO]     [gen/p1] step=4096/23091 active=8/8 mi_stopped=0
tinker_cookbook.rl.ensemble:1270 [INFO]     [gen/p1] step=6144/23091 active=6/8 mi_stopped=0
tinker_cookbook.rl.ensemble:1270 [INFO]     [gen/p1] step=8192/23091 active=1/8 mi_stopped=0
__main__:1078 [INFO]   Group 2: multi-adapter generation 8 seqs in 810.4s
__main__:1108 [INFO]   Group 2: rewards computed in 1005.6s
__main__:1150 [INFO]     [g2][r1/8] adapter=0 R_exec=0.0000 true_MI=0.00000 RMI=0.0000 R_total=0.0000 correct=0 tokens=7477
__main__:1150 [INFO]     [g2][r2/8] adapter=0 R_exec=0.6563 true_MI=0.00000 RMI=0.0000 R_total=0.6563 correct=1 tokens=6134
__main__:1150 [INFO]     [g2][r3/8] adapter=0 R_exec=0.6593 true_MI=0.00000 RMI=0.0000 R_total=0.6593 correct=1 tokens=8054
__main__:1150 [INFO]     [g2][r4/8] adapter=0 R_exec=0.4608 true_MI=0.00000 RMI=0.0000 R_total=0.4608 correct=1 tokens=6698
__main__:1150 [INFO]     [g2][r5/8] adapter=0 R_exec=0.0000 true_MI=0.00000 RMI=0.0000 R_total=0.0000 correct=0 tokens=6321
__main__:1150 [INFO]     [g2][r6/8] adapter=0 R_exec=0.0000 true_MI=0.00000 RMI=0.0000 R_total=0.0000 correct=0 tokens=6053
__main__:1150 [INFO]     [g2][r7/8] adapter=0 R_exec=0.5619 true_MI=0.00000 RMI=0.0000 R_total=0.5619 correct=1 tokens=9772
__main__:1150 [INFO]     [g2][r8/8] adapter=0 R_exec=0.4910 true_MI=0.00000 RMI=0.0000 R_total=0.4910 correct=1 tokens=7640
__main__:1167 [INFO]   [g2] group true_MI: mean=0.00000 std=0.00000 max=0.00000 normalized=[0.00 0.00 0.00 0.00 0.00 0.00 0.00 0.00]
tinker_cookbook.utils.ml_log:143 [INFO] Wrote metrics to logs/aws/wave1-rerun/ac1-base-seed3/metrics.jsonl
tinker_cookbook.utils.ml_log:240 [INFO] Logging to: https://wandb.ai/kriaz-msee20seecs-nust/ugttt-rebuttal/runs/1p8cxde0
tinker_cookbook.utils.ml_log:143 [INFO] Wrote metrics to logs/aws/wave1-rerun/ac1-base-seed3/metrics.jsonl
tinker_cookbook.utils.ml_log:240 [INFO] Logging to: https://wandb.ai/kriaz-msee20seecs-nust/ugttt-rebuttal/runs/1p8cxde0
tinker_cookbook.utils.ml_log:143 [INFO] Wrote metrics to logs/aws/wave1-rerun/ac1-base-seed3/metrics.jsonl
tinker_cookbook.utils.ml_log:240 [INFO] Logging to: https://wandb.ai/kriaz-msee20seecs-nust/ugttt-rebuttal/runs/1p8cxde0
tinker_cookbook.utils.ml_log:143 [INFO] Wrote metrics to logs/aws/wave1-rerun/ac1-base-seed3/metrics.jsonl
tinker_cookbook.utils.ml_log:240 [INFO] Logging to: https://wandb.ai/kriaz-msee20seecs-nust/ugttt-rebuttal/runs/1p8cxde0
tinker_cookbook.utils.ml_log:143 [INFO] Wrote metrics to logs/aws/wave1-rerun/ac1-base-seed3/metrics.jsonl
tinker_cookbook.utils.ml_log:240 [INFO] Logging to: https://wandb.ai/kriaz-msee20seecs-nust/ugttt-rebuttal/runs/1p8cxde0
tinker_cookbook.utils.ml_log:143 [INFO] Wrote metrics to logs/aws/wave1-rerun/ac1-base-seed3/metrics.jsonl
tinker_cookbook.utils.ml_log:240 [INFO] Logging to: https://wandb.ai/kriaz-msee20seecs-nust/ugttt-rebuttal/runs/1p8cxde0
tinker_cookbook.utils.ml_log:143 [INFO] Wrote metrics to logs/aws/wave1-rerun/ac1-base-seed3/metrics.jsonl
tinker_cookbook.utils.ml_log:240 [INFO] Logging to: https://wandb.ai/kriaz-msee20seecs-nust/ugttt-rebuttal/runs/1p8cxde0
tinker_cookbook.utils.ml_log:143 [INFO] Wrote metrics to logs/aws/wave1-rerun/ac1-base-seed3/metrics.jsonl
tinker_cookbook.utils.ml_log:240 [INFO] Logging to: https://wandb.ai/kriaz-msee20seecs-nust/ugttt-rebuttal/runs/1p8cxde0
__main__:1949 [INFO]   [5][3/8] KEPT | R_exec=0.3537 (max=0.6593) RMI=0.0000 R_total=0.3537 | 1816.1s | GPU: 18.1/61.6GB
tinker_cookbook.utils.ml_log:143 [INFO] Wrote metrics to logs/aws/wave1-rerun/ac1-base-seed3/metrics.jsonl
tinker_cookbook.utils.ml_log:240 [INFO] Logging to: https://wandb.ai/kriaz-msee20seecs-nust/ugttt-rebuttal/runs/1p8cxde0
tinker_cookbook.rl.ensemble:1082 [INFO]   generate_batch_multi_adapter_two_phase: N=8 phase1_max=26000 streaming_mi=False kv_q=False
tinker_cookbook.rl.ensemble:1270 [INFO]     [gen/p1] step=2048/22852 active=8/8 mi_stopped=0
tinker_cookbook.rl.ensemble:1270 [INFO]     [gen/p1] step=4096/22852 active=8/8 mi_stopped=0
tinker_cookbook.rl.ensemble:1270 [INFO]     [gen/p1] step=6144/22852 active=8/8 mi_stopped=0
tinker_cookbook.rl.ensemble:1270 [INFO]     [gen/p1] step=8192/22852 active=4/8 mi_stopped=0
__main__:1078 [INFO]   Group 3: multi-adapter generation 8 seqs in 725.4s
__main__:1108 [INFO]   Group 3: rewards computed in 1005.6s
__main__:1150 [INFO]     [g3][r1/8] adapter=0 R_exec=0.0000 true_MI=0.00000 RMI=0.0000 R_total=0.0000 correct=0 tokens=6783
__main__:1150 [INFO]     [g3][r2/8] adapter=0 R_exec=0.5000 true_MI=0.00000 RMI=0.0000 R_total=0.5000 correct=1 tokens=7432
__main__:1150 [INFO]     [g3][r3/8] adapter=0 R_exec=0.6318 true_MI=0.00000 RMI=0.0000 R_total=0.6318 correct=1 tokens=8414
__main__:1150 [INFO]     [g3][r4/8] adapter=0 R_exec=0.0000 true_MI=0.00000 RMI=0.0000 R_total=0.0000 correct=0 tokens=8202
__main__:1150 [INFO]     [g3][r5/8] adapter=0 R_exec=0.0000 true_MI=0.00000 RMI=0.0000 R_total=0.0000 correct=0 tokens=8562
__main__:1150 [INFO]     [g3][r6/8] adapter=0 R_exec=0.0000 true_MI=0.00000 RMI=0.0000 R_total=0.0000 correct=0 tokens=7968
__main__:1150 [INFO]     [g3][r7/8] adapter=0 R_exec=0.6515 true_MI=0.00000 RMI=0.0000 R_total=0.6515 correct=1 tokens=8888
__main__:1150 [INFO]     [g3][r8/8] adapter=0 R_exec=0.0000 true_MI=0.00000 RMI=0.0000 R_total=0.0000 correct=0 tokens=6249
__main__:1167 [INFO]   [g3] group true_MI: mean=0.00000 std=0.00000 max=0.00000 normalized=[0.00 0.00 0.00 0.00 0.00 0.00 0.00 0.00]
tinker_cookbook.utils.ml_log:143 [INFO] Wrote metrics to logs/aws/wave1-rerun/ac1-base-seed3/metrics.jsonl
tinker_cookbook.utils.ml_log:240 [INFO] Logging to: https://wandb.ai/kriaz-msee20seecs-nust/ugttt-rebuttal/runs/1p8cxde0
tinker_cookbook.utils.ml_log:143 [INFO] Wrote metrics to logs/aws/wave1-rerun/ac1-base-seed3/metrics.jsonl
tinker_cookbook.utils.ml_log:240 [INFO] Logging to: https://wandb.ai/kriaz-msee20seecs-nust/ugttt-rebuttal/runs/1p8cxde0
tinker_cookbook.utils.ml_log:143 [INFO] Wrote metrics to logs/aws/wave1-rerun/ac1-base-seed3/metrics.jsonl
tinker_cookbook.utils.ml_log:240 [INFO] Logging to: https://wandb.ai/kriaz-msee20seecs-nust/ugttt-rebuttal/runs/1p8cxde0
tinker_cookbook.utils.ml_log:143 [INFO] Wrote metrics to logs/aws/wave1-rerun/ac1-base-seed3/metrics.jsonl
tinker_cookbook.utils.ml_log:240 [INFO] Logging to: https://wandb.ai/kriaz-msee20seecs-nust/ugttt-rebuttal/runs/1p8cxde0
tinker_cookbook.utils.ml_log:143 [INFO] Wrote metrics to logs/aws/wave1-rerun/ac1-base-seed3/metrics.jsonl
tinker_cookbook.utils.ml_log:240 [INFO] Logging to: https://wandb.ai/kriaz-msee20seecs-nust/ugttt-rebuttal/runs/1p8cxde0
tinker_cookbook.utils.ml_log:143 [INFO] Wrote metrics to logs/aws/wave1-rerun/ac1-base-seed3/metrics.jsonl
tinker_cookbook.utils.ml_log:240 [INFO] Logging to: https://wandb.ai/kriaz-msee20seecs-nust/ugttt-rebuttal/runs/1p8cxde0
tinker_cookbook.utils.ml_log:143 [INFO] Wrote metrics to logs/aws/wave1-rerun/ac1-base-seed3/metrics.jsonl
tinker_cookbook.utils.ml_log:240 [INFO] Logging to: https://wandb.ai/kriaz-msee20seecs-nust/ugttt-rebuttal/runs/1p8cxde0
tinker_cookbook.utils.ml_log:143 [INFO] Wrote metrics to logs/aws/wave1-rerun/ac1-base-seed3/metrics.jsonl
tinker_cookbook.utils.ml_log:240 [INFO] Logging to: https://wandb.ai/kriaz-msee20seecs-nust/ugttt-rebuttal/runs/1p8cxde0
__main__:1949 [INFO]   [5][4/8] KEPT | R_exec=0.2229 (max=0.6515) RMI=0.0000 R_total=0.2229 | 1731.1s | GPU: 18.1/62.0GB
tinker_cookbook.utils.ml_log:143 [INFO] Wrote metrics to logs/aws/wave1-rerun/ac1-base-seed3/metrics.jsonl
tinker_cookbook.utils.ml_log:240 [INFO] Logging to: https://wandb.ai/kriaz-msee20seecs-nust/ugttt-rebuttal/runs/1p8cxde0
tinker_cookbook.rl.ensemble:1082 [INFO]   generate_batch_multi_adapter_two_phase: N=8 phase1_max=26000 streaming_mi=False kv_q=False
tinker_cookbook.rl.ensemble:1270 [INFO]     [gen/p1] step=2048/23370 active=8/8 mi_stopped=0
tinker_cookbook.rl.ensemble:1270 [INFO]     [gen/p1] step=4096/23370 active=8/8 mi_stopped=0
tinker_cookbook.rl.ensemble:1270 [INFO]     [gen/p1] step=6144/23370 active=8/8 mi_stopped=0
tinker_cookbook.rl.ensemble:1270 [INFO]     [gen/p1] step=8192/23370 active=4/8 mi_stopped=0
tinker_cookbook.rl.ensemble:1270 [INFO]     [gen/p1] step=10240/23370 active=1/8 mi_stopped=0
__main__:1078 [INFO]   Group 4: multi-adapter generation 8 seqs in 874.3s
__main__:1108 [INFO]   Group 4: rewards computed in 550.2s
__main__:1150 [INFO]     [g4][r1/8] adapter=0 R_exec=0.6511 true_MI=0.00000 RMI=0.0000 R_total=0.6511 correct=1 tokens=6423
__main__:1150 [INFO]     [g4][r2/8] adapter=0 R_exec=0.6517 true_MI=0.00000 RMI=0.0000 R_total=0.6517 correct=1 tokens=7789
__main__:1150 [INFO]     [g4][r3/8] adapter=0 R_exec=0.6512 true_MI=0.00000 RMI=0.0000 R_total=0.6512 correct=1 tokens=8021
__main__:1150 [INFO]     [g4][r4/8] adapter=0 R_exec=0.6511 true_MI=0.00000 RMI=0.0000 R_total=0.6511 correct=1 tokens=9800
__main__:1150 [INFO]     [g4][r5/8] adapter=0 R_exec=0.6511 true_MI=0.00000 RMI=0.0000 R_total=0.6511 correct=1 tokens=10459
__main__:1150 [INFO]     [g4][r6/8] adapter=0 R_exec=0.6512 true_MI=0.00000 RMI=0.0000 R_total=0.6512 correct=1 tokens=6637
__main__:1150 [INFO]     [g4][r7/8] adapter=0 R_exec=0.6511 true_MI=0.00000 RMI=0.0000 R_total=0.6511 correct=1 tokens=8828
__main__:1150 [INFO]     [g4][r8/8] adapter=0 R_exec=0.5539 true_MI=0.00000 RMI=0.0000 R_total=0.5539 correct=1 tokens=8728
__main__:1167 [INFO]   [g4] group true_MI: mean=0.00000 std=0.00000 max=0.00000 normalized=[0.00 0.00 0.00 0.00 0.00 0.00 0.00 0.00]
tinker_cookbook.utils.ml_log:143 [INFO] Wrote metrics to logs/aws/wave1-rerun/ac1-base-seed3/metrics.jsonl
tinker_cookbook.utils.ml_log:240 [INFO] Logging to: https://wandb.ai/kriaz-msee20seecs-nust/ugttt-rebuttal/runs/1p8cxde0
tinker_cookbook.utils.ml_log:143 [INFO] Wrote metrics to logs/aws/wave1-rerun/ac1-base-seed3/metrics.jsonl
tinker_cookbook.utils.ml_log:240 [INFO] Logging to: https://wandb.ai/kriaz-msee20seecs-nust/ugttt-rebuttal/runs/1p8cxde0
tinker_cookbook.utils.ml_log:143 [INFO] Wrote metrics to logs/aws/wave1-rerun/ac1-base-seed3/metrics.jsonl
tinker_cookbook.utils.ml_log:240 [INFO] Logging to: https://wandb.ai/kriaz-msee20seecs-nust/ugttt-rebuttal/runs/1p8cxde0
tinker_cookbook.utils.ml_log:143 [INFO] Wrote metrics to logs/aws/wave1-rerun/ac1-base-seed3/metrics.jsonl
tinker_cookbook.utils.ml_log:240 [INFO] Logging to: https://wandb.ai/kriaz-msee20seecs-nust/ugttt-rebuttal/runs/1p8cxde0
tinker_cookbook.utils.ml_log:143 [INFO] Wrote metrics to logs/aws/wave1-rerun/ac1-base-seed3/metrics.jsonl
tinker_cookbook.utils.ml_log:240 [INFO] Logging to: https://wandb.ai/kriaz-msee20seecs-nust/ugttt-rebuttal/runs/1p8cxde0
tinker_cookbook.utils.ml_log:143 [INFO] Wrote metrics to logs/aws/wave1-rerun/ac1-base-seed3/metrics.jsonl
tinker_cookbook.utils.ml_log:240 [INFO] Logging to: https://wandb.ai/kriaz-msee20seecs-nust/ugttt-rebuttal/runs/1p8cxde0
tinker_cookbook.utils.ml_log:143 [INFO] Wrote metrics to logs/aws/wave1-rerun/ac1-base-seed3/metrics.jsonl
tinker_cookbook.utils.ml_log:240 [INFO] Logging to: https://wandb.ai/kriaz-msee20seecs-nust/ugttt-rebuttal/runs/1p8cxde0
tinker_cookbook.utils.ml_log:143 [INFO] Wrote metrics to logs/aws/wave1-rerun/ac1-base-seed3/metrics.jsonl
tinker_cookbook.utils.ml_log:240 [INFO] Logging to: https://wandb.ai/kriaz-msee20seecs-nust/ugttt-rebuttal/runs/1p8cxde0
__main__:1949 [INFO]   [5][5/8] KEPT | R_exec=0.6391 (max=0.6517) RMI=0.0000 R_total=0.6391 | 1424.7s | GPU: 18.1/61.1GB
tinker_cookbook.utils.ml_log:143 [INFO] Wrote metrics to logs/aws/wave1-rerun/ac1-base-seed3/metrics.jsonl
tinker_cookbook.utils.ml_log:240 [INFO] Logging to: https://wandb.ai/kriaz-msee20seecs-nust/ugttt-rebuttal/runs/1p8cxde0
tinker_cookbook.rl.ensemble:1082 [INFO]   generate_batch_multi_adapter_two_phase: N=8 phase1_max=26000 streaming_mi=False kv_q=False
tinker_cookbook.rl.ensemble:1270 [INFO]     [gen/p1] step=2048/23381 active=8/8 mi_stopped=0
tinker_cookbook.rl.ensemble:1270 [INFO]     [gen/p1] step=4096/23381 active=8/8 mi_stopped=0
tinker_cookbook.rl.ensemble:1270 [INFO]     [gen/p1] step=6144/23381 active=8/8 mi_stopped=0
tinker_cookbook.rl.ensemble:1270 [INFO]     [gen/p1] step=8192/23381 active=6/8 mi_stopped=0
tinker_cookbook.rl.ensemble:1270 [INFO]     [gen/p1] step=10240/23381 active=3/8 mi_stopped=0
__main__:1078 [INFO]   Group 5: multi-adapter generation 8 seqs in 969.1s
__main__:1108 [INFO]   Group 5: rewards computed in 992.3s
__main__:1150 [INFO]     [g5][r1/8] adapter=0 R_exec=0.5000 true_MI=0.00000 RMI=0.0000 R_total=0.5000 correct=1 tokens=6940
__main__:1150 [INFO]     [g5][r2/8] adapter=0 R_exec=0.5000 true_MI=0.00000 RMI=0.0000 R_total=0.5000 correct=1 tokens=8705
__main__:1150 [INFO]     [g5][r3/8] adapter=0 R_exec=0.4981 true_MI=0.00000 RMI=0.0000 R_total=0.4981 correct=1 tokens=8706
__main__:1150 [INFO]     [g5][r4/8] adapter=0 R_exec=0.6068 true_MI=0.00000 RMI=0.0000 R_total=0.6068 correct=1 tokens=8827
__main__:1150 [INFO]     [g5][r5/8] adapter=0 R_exec=0.5955 true_MI=0.00000 RMI=0.0000 R_total=0.5955 correct=1 tokens=10275
__main__:1150 [INFO]     [g5][r6/8] adapter=0 R_exec=0.4959 true_MI=0.00000 RMI=0.0000 R_total=0.4959 correct=1 tokens=11239
__main__:1150 [INFO]     [g5][r7/8] adapter=0 R_exec=0.0000 true_MI=0.00000 RMI=0.0000 R_total=0.0000 correct=0 tokens=7955
__main__:1150 [INFO]     [g5][r8/8] adapter=0 R_exec=0.0000 true_MI=0.00000 RMI=0.0000 R_total=0.0000 correct=0 tokens=10576
__main__:1167 [INFO]   [g5] group true_MI: mean=0.00000 std=0.00000 max=0.00000 normalized=[0.00 0.00 0.00 0.00 0.00 0.00 0.00 0.00]
tinker_cookbook.utils.ml_log:143 [INFO] Wrote metrics to logs/aws/wave1-rerun/ac1-base-seed3/metrics.jsonl
tinker_cookbook.utils.ml_log:240 [INFO] Logging to: https://wandb.ai/kriaz-msee20seecs-nust/ugttt-rebuttal/runs/1p8cxde0
tinker_cookbook.utils.ml_log:143 [INFO] Wrote metrics to logs/aws/wave1-rerun/ac1-base-seed3/metrics.jsonl
tinker_cookbook.utils.ml_log:240 [INFO] Logging to: https://wandb.ai/kriaz-msee20seecs-nust/ugttt-rebuttal/runs/1p8cxde0
tinker_cookbook.utils.ml_log:143 [INFO] Wrote metrics to logs/aws/wave1-rerun/ac1-base-seed3/metrics.jsonl
tinker_cookbook.utils.ml_log:240 [INFO] Logging to: https://wandb.ai/kriaz-msee20seecs-nust/ugttt-rebuttal/runs/1p8cxde0
tinker_cookbook.utils.ml_log:143 [INFO] Wrote metrics to logs/aws/wave1-rerun/ac1-base-seed3/metrics.jsonl
tinker_cookbook.utils.ml_log:240 [INFO] Logging to: https://wandb.ai/kriaz-msee20seecs-nust/ugttt-rebuttal/runs/1p8cxde0
tinker_cookbook.utils.ml_log:143 [INFO] Wrote metrics to logs/aws/wave1-rerun/ac1-base-seed3/metrics.jsonl
tinker_cookbook.utils.ml_log:240 [INFO] Logging to: https://wandb.ai/kriaz-msee20seecs-nust/ugttt-rebuttal/runs/1p8cxde0
tinker_cookbook.utils.ml_log:143 [INFO] Wrote metrics to logs/aws/wave1-rerun/ac1-base-seed3/metrics.jsonl
tinker_cookbook.utils.ml_log:240 [INFO] Logging to: https://wandb.ai/kriaz-msee20seecs-nust/ugttt-rebuttal/runs/1p8cxde0
tinker_cookbook.utils.ml_log:143 [INFO] Wrote metrics to logs/aws/wave1-rerun/ac1-base-seed3/metrics.jsonl
tinker_cookbook.utils.ml_log:240 [INFO] Logging to: https://wandb.ai/kriaz-msee20seecs-nust/ugttt-rebuttal/runs/1p8cxde0
tinker_cookbook.utils.ml_log:143 [INFO] Wrote metrics to logs/aws/wave1-rerun/ac1-base-seed3/metrics.jsonl
tinker_cookbook.utils.ml_log:240 [INFO] Logging to: https://wandb.ai/kriaz-msee20seecs-nust/ugttt-rebuttal/runs/1p8cxde0
__main__:1949 [INFO]   [5][6/8] KEPT | R_exec=0.3995 (max=0.6068) RMI=0.0000 R_total=0.3995 | 1961.4s | GPU: 18.1/61.2GB
tinker_cookbook.utils.ml_log:143 [INFO] Wrote metrics to logs/aws/wave1-rerun/ac1-base-seed3/metrics.jsonl
tinker_cookbook.utils.ml_log:240 [INFO] Logging to: https://wandb.ai/kriaz-msee20seecs-nust/ugttt-rebuttal/runs/1p8cxde0
tinker_cookbook.rl.ensemble:1082 [INFO]   generate_batch_multi_adapter_two_phase: N=8 phase1_max=26000 streaming_mi=False kv_q=False
tinker_cookbook.rl.ensemble:1270 [INFO]     [gen/p1] step=2048/23406 active=8/8 mi_stopped=0
tinker_cookbook.rl.ensemble:1270 [INFO]     [gen/p1] step=4096/23406 active=8/8 mi_stopped=0
tinker_cookbook.rl.ensemble:1270 [INFO]     [gen/p1] step=6144/23406 active=7/8 mi_stopped=0
tinker_cookbook.rl.ensemble:1270 [INFO]     [gen/p1] step=8192/23406 active=3/8 mi_stopped=0
tinker_cookbook.rl.ensemble:1270 [INFO]     [gen/p1] step=10240/23406 active=2/8 mi_stopped=0
__main__:1078 [INFO]   Group 6: multi-adapter generation 8 seqs in 1056.4s
__main__:1108 [INFO]   Group 6: rewards computed in 528.9s
__main__:1150 [INFO]     [g6][r1/8] adapter=0 R_exec=0.5024 true_MI=0.00000 RMI=0.0000 R_total=0.5024 correct=1 tokens=5748
__main__:1150 [INFO]     [g6][r2/8] adapter=0 R_exec=0.6541 true_MI=0.00000 RMI=0.0000 R_total=0.6541 correct=1 tokens=8170
__main__:1150 [INFO]     [g6][r3/8] adapter=0 R_exec=0.5496 true_MI=0.00000 RMI=0.0000 R_total=0.5496 correct=1 tokens=10611
__main__:1150 [INFO]     [g6][r4/8] adapter=0 R_exec=0.5000 true_MI=0.00000 RMI=0.0000 R_total=0.5000 correct=1 tokens=6780
__main__:1150 [INFO]     [g6][r5/8] adapter=0 R_exec=0.5000 true_MI=0.00000 RMI=0.0000 R_total=0.5000 correct=1 tokens=8160
__main__:1150 [INFO]     [g6][r6/8] adapter=0 R_exec=0.6317 true_MI=0.00000 RMI=0.0000 R_total=0.6317 correct=1 tokens=7517
__main__:1150 [INFO]     [g6][r7/8] adapter=0 R_exec=0.6490 true_MI=0.00000 RMI=0.0000 R_total=0.6490 correct=1 tokens=8565
__main__:1150 [INFO]     [g6][r8/8] adapter=0 R_exec=0.4933 true_MI=0.00000 RMI=0.0000 R_total=0.4933 correct=1 tokens=11931
__main__:1167 [INFO]   [g6] group true_MI: mean=0.00000 std=0.00000 max=0.00000 normalized=[0.00 0.00 0.00 0.00 0.00 0.00 0.00 0.00]
tinker_cookbook.utils.ml_log:143 [INFO] Wrote metrics to logs/aws/wave1-rerun/ac1-base-seed3/metrics.jsonl
tinker_cookbook.utils.ml_log:240 [INFO] Logging to: https://wandb.ai/kriaz-msee20seecs-nust/ugttt-rebuttal/runs/1p8cxde0
tinker_cookbook.utils.ml_log:143 [INFO] Wrote metrics to logs/aws/wave1-rerun/ac1-base-seed3/metrics.jsonl
tinker_cookbook.utils.ml_log:240 [INFO] Logging to: https://wandb.ai/kriaz-msee20seecs-nust/ugttt-rebuttal/runs/1p8cxde0
tinker_cookbook.utils.ml_log:143 [INFO] Wrote metrics to logs/aws/wave1-rerun/ac1-base-seed3/metrics.jsonl
tinker_cookbook.utils.ml_log:240 [INFO] Logging to: https://wandb.ai/kriaz-msee20seecs-nust/ugttt-rebuttal/runs/1p8cxde0
tinker_cookbook.utils.ml_log:143 [INFO] Wrote metrics to logs/aws/wave1-rerun/ac1-base-seed3/metrics.jsonl
tinker_cookbook.utils.ml_log:240 [INFO] Logging to: https://wandb.ai/kriaz-msee20seecs-nust/ugttt-rebuttal/runs/1p8cxde0
tinker_cookbook.utils.ml_log:143 [INFO] Wrote metrics to logs/aws/wave1-rerun/ac1-base-seed3/metrics.jsonl
tinker_cookbook.utils.ml_log:240 [INFO] Logging to: https://wandb.ai/kriaz-msee20seecs-nust/ugttt-rebuttal/runs/1p8cxde0
tinker_cookbook.utils.ml_log:143 [INFO] Wrote metrics to logs/aws/wave1-rerun/ac1-base-seed3/metrics.jsonl
tinker_cookbook.utils.ml_log:240 [INFO] Logging to: https://wandb.ai/kriaz-msee20seecs-nust/ugttt-rebuttal/runs/1p8cxde0
tinker_cookbook.utils.ml_log:143 [INFO] Wrote metrics to logs/aws/wave1-rerun/ac1-base-seed3/metrics.jsonl
tinker_cookbook.utils.ml_log:240 [INFO] Logging to: https://wandb.ai/kriaz-msee20seecs-nust/ugttt-rebuttal/runs/1p8cxde0
tinker_cookbook.utils.ml_log:143 [INFO] Wrote metrics to logs/aws/wave1-rerun/ac1-base-seed3/metrics.jsonl
tinker_cookbook.utils.ml_log:240 [INFO] Logging to: https://wandb.ai/kriaz-msee20seecs-nust/ugttt-rebuttal/runs/1p8cxde0
__main__:1949 [INFO]   [5][7/8] KEPT | R_exec=0.5600 (max=0.6541) RMI=0.0000 R_total=0.5600 | 1585.4s | GPU: 18.1/61.2GB
tinker_cookbook.utils.ml_log:143 [INFO] Wrote metrics to logs/aws/wave1-rerun/ac1-base-seed3/metrics.jsonl
tinker_cookbook.utils.ml_log:240 [INFO] Logging to: https://wandb.ai/kriaz-msee20seecs-nust/ugttt-rebuttal/runs/1p8cxde0
tinker_cookbook.rl.ensemble:1082 [INFO]   generate_batch_multi_adapter_two_phase: N=8 phase1_max=26000 streaming_mi=False kv_q=False
tinker_cookbook.rl.ensemble:1270 [INFO]     [gen/p1] step=2048/23794 active=8/8 mi_stopped=0
tinker_cookbook.rl.ensemble:1270 [INFO]     [gen/p1] step=4096/23794 active=8/8 mi_stopped=0
tinker_cookbook.rl.ensemble:1270 [INFO]     [gen/p1] step=6144/23794 active=8/8 mi_stopped=0
tinker_cookbook.rl.ensemble:1270 [INFO]     [gen/p1] step=8192/23794 active=6/8 mi_stopped=0
tinker_cookbook.rl.ensemble:1270 [INFO]     [gen/p1] step=10240/23794 active=3/8 mi_stopped=0
__main__:1078 [INFO]   Group 7: multi-adapter generation 8 seqs in 958.2s
__main__:1108 [INFO]   Group 7: rewards computed in 66.9s
__main__:1150 [INFO]     [g7][r1/8] adapter=0 R_exec=0.6472 true_MI=0.00000 RMI=0.0000 R_total=0.6472 correct=1 tokens=10459
__main__:1150 [INFO]     [g7][r2/8] adapter=0 R_exec=0.6472 true_MI=0.00000 RMI=0.0000 R_total=0.6472 correct=1 tokens=6757
__main__:1150 [INFO]     [g7][r3/8] adapter=0 R_exec=0.6536 true_MI=0.00000 RMI=0.0000 R_total=0.6536 correct=1 tokens=8137
__main__:1150 [INFO]     [g7][r4/8] adapter=0 R_exec=0.6536 true_MI=0.00000 RMI=0.0000 R_total=0.6536 correct=1 tokens=11215
__main__:1150 [INFO]     [g7][r5/8] adapter=0 R_exec=0.6472 true_MI=0.00000 RMI=0.0000 R_total=0.6472 correct=1 tokens=8486
__main__:1150 [INFO]     [g7][r6/8] adapter=0 R_exec=0.6438 true_MI=0.00000 RMI=0.0000 R_total=0.6438 correct=1 tokens=8503
__main__:1150 [INFO]     [g7][r7/8] adapter=0 R_exec=0.6472 true_MI=0.00000 RMI=0.0000 R_total=0.6472 correct=1 tokens=11367
__main__:1150 [INFO]     [g7][r8/8] adapter=0 R_exec=0.6534 true_MI=0.00000 RMI=0.0000 R_total=0.6534 correct=1 tokens=8216
__main__:1167 [INFO]   [g7] group true_MI: mean=0.00000 std=0.00000 max=0.00000 normalized=[0.00 0.00 0.00 0.00 0.00 0.00 0.00 0.00]
tinker_cookbook.utils.ml_log:143 [INFO] Wrote metrics to logs/aws/wave1-rerun/ac1-base-seed3/metrics.jsonl
tinker_cookbook.utils.ml_log:240 [INFO] Logging to: https://wandb.ai/kriaz-msee20seecs-nust/ugttt-rebuttal/runs/1p8cxde0
tinker_cookbook.utils.ml_log:143 [INFO] Wrote metrics to logs/aws/wave1-rerun/ac1-base-seed3/metrics.jsonl
tinker_cookbook.utils.ml_log:240 [INFO] Logging to: https://wandb.ai/kriaz-msee20seecs-nust/ugttt-rebuttal/runs/1p8cxde0
tinker_cookbook.utils.ml_log:143 [INFO] Wrote metrics to logs/aws/wave1-rerun/ac1-base-seed3/metrics.jsonl
tinker_cookbook.utils.ml_log:240 [INFO] Logging to: https://wandb.ai/kriaz-msee20seecs-nust/ugttt-rebuttal/runs/1p8cxde0
tinker_cookbook.utils.ml_log:143 [INFO] Wrote metrics to logs/aws/wave1-rerun/ac1-base-seed3/metrics.jsonl
tinker_cookbook.utils.ml_log:240 [INFO] Logging to: https://wandb.ai/kriaz-msee20seecs-nust/ugttt-rebuttal/runs/1p8cxde0
tinker_cookbook.utils.ml_log:143 [INFO] Wrote metrics to logs/aws/wave1-rerun/ac1-base-seed3/metrics.jsonl
tinker_cookbook.utils.ml_log:240 [INFO] Logging to: https://wandb.ai/kriaz-msee20seecs-nust/ugttt-rebuttal/runs/1p8cxde0
tinker_cookbook.utils.ml_log:143 [INFO] Wrote metrics to logs/aws/wave1-rerun/ac1-base-seed3/metrics.jsonl
tinker_cookbook.utils.ml_log:240 [INFO] Logging to: https://wandb.ai/kriaz-msee20seecs-nust/ugttt-rebuttal/runs/1p8cxde0
tinker_cookbook.utils.ml_log:143 [INFO] Wrote metrics to logs/aws/wave1-rerun/ac1-base-seed3/metrics.jsonl
tinker_cookbook.utils.ml_log:240 [INFO] Logging to: https://wandb.ai/kriaz-msee20seecs-nust/ugttt-rebuttal/runs/1p8cxde0
tinker_cookbook.utils.ml_log:143 [INFO] Wrote metrics to logs/aws/wave1-rerun/ac1-base-seed3/metrics.jsonl
tinker_cookbook.utils.ml_log:240 [INFO] Logging to: https://wandb.ai/kriaz-msee20seecs-nust/ugttt-rebuttal/runs/1p8cxde0
__main__:1949 [INFO]   [5][8/8] KEPT | R_exec=0.6492 (max=0.6536) RMI=0.0000 R_total=0.6492 | 1025.1s | GPU: 18.1/60.8GB
tinker_cookbook.utils.ml_log:143 [INFO] Wrote metrics to logs/aws/wave1-rerun/ac1-base-seed3/metrics.jsonl
tinker_cookbook.utils.ml_log:240 [INFO] Logging to: https://wandb.ai/kriaz-msee20seecs-nust/ugttt-rebuttal/runs/1p8cxde0
__main__:1988 [INFO] [Epoch 5] Rollout phase done in 13468.3s. Training on 8/8 groups...
tinker_cookbook.utils.ml_log:143 [INFO] Wrote metrics to logs/aws/wave1-rerun/ac1-base-seed3/metrics.jsonl
tinker_cookbook.utils.ml_log:195 [INFO] 
┏━━━━━━━━━━━━━━━━━━━━━━━━━━━━━━━━┳━━━━━━━━━━━━━━┓
┃ Metric                         ┃ Value        ┃
┡━━━━━━━━━━━━━━━━━━━━━━━━━━━━━━━━╇━━━━━━━━━━━━━━┩
│ gpu/memory_allocated_gb        │ 18.092511    │
│ gpu/memory_peak_gb             │ 61.073576    │
│ gpu/memory_reserved_gb         │ 18.121490    │
│ kl_policy_base                 │ 0.003078     │
│ optim/entropy                  │ 0.569898     │
│ optim/kl_sample_train_v1       │ 0.000114     │
│ optim/kl_sample_train_v2       │ 0.000127     │
│ progress/done_frac             │ 1.000000     │
│ progress/epoch                 │ 5            │
│ rollout/groups_attempted       │ 8.000000     │
│ rollout/groups_filtered        │ 0.000000     │
│ rollout/groups_kept            │ 8.000000     │
│ rollout/intra_group_reward_std │ 0.183164     │
│ time/rollout                   │ 13468.252825 │
│ time/total                     │ 13737.138547 │
│ time/train                     │ 268.507075   │
│ train/advantage/max            │ 9.202447     │
│ train/advantage/mean           │ 0.324633     │
│ train/advantage/min            │ -1.000000    │
│ train/advantage/std            │ 1.971779     │
│ train/beta/mean                │ 572.506977   │
│ train/beta/std                 │ 1325.011199  │
│ train/correctness/mean         │ 0.718750     │
│ train/correctness/rate         │ 0.718750     │
│ train/ensemble/frac_high_disa… │ 0.000000     │
│ train/ensemble/max_token_disa… │ nan          │
│ train/ensemble/member_logprob… │ 0.000000     │
│ train/ensemble/member_logprob… │ nan          │
│ train/gamma_eff/mean           │ 0.000000     │
│ train/gen/num_tokens/max       │ 12409.000000 │
│ train/gen/num_tokens/mean      │ 8313.812500  │
│ train/gen/num_tokens/std       │ 1558.385792  │
│ train/loss                     │ -0.324689    │
│ train/nnm_loss                 │ 0.000000     │
│ train/nnm_nuclear_norm         │ 0.000000     │
│ train/num_groups               │ 8.000000     │
│ train/num_rollouts             │ 64.000000    │
│ train/num_rollouts_total       │ 64.000000    │
│ train/reward/exec/best         │ 0.660147     │
│ train/reward/exec/max          │ 0.659278     │
│ train/reward/exec/mean         │ 0.420905     │
│ train/reward/exec/min          │ 0.000000     │
│ train/reward/exec/std          │ 0.271948     │
│ train/reward/rmi/max           │ 0.000000     │
│ train/reward/rmi/mean          │ 0.000000     │
│ train/reward/rmi/min           │ 0.000000     │
│ train/reward/rmi/std           │ 0.000000     │
│ train/reward/total/best        │ 0.660147     │
│ train/reward/total/max         │ 0.659278     │
│ train/reward/total/mean        │ 0.420905     │
│ train/reward/total/min         │ 0.000000     │
│ train/reward/total/std         │ 0.271948     │
│ train/streaming_mi/stop_rate   │ 0.000000     │
│ train/streaming_mi/tokens_sav… │ 0.000000     │
│ train/streaming_mi/tokens_sav… │ 0.000000     │
│ train/two_phase/phase1_tokens… │ 8313.812500  │
│ train/two_phase/phase2_tokens… │ 0.000000     │
│ train/two_phase/prefill_rate   │ 0.000000     │
│ train/uncertainty/predictive_… │ 0.000000     │
│ train/uncertainty/predictive_… │ 0.000000     │
│ train/uncertainty/predictive_… │ 0.000000     │
│ train/uncertainty/predictive_… │ 0.000000     │
│ train/uncertainty/predictive_… │ 0.000000     │
│ train/uncertainty/predictive_… │ 0.000000     │
│ train/uncertainty/predictive_… │ 0.000000     │
│ train/uncertainty/predictive_… │ 0.000000     │
│ train/uncertainty/rmi/max      │ 0.000000     │
│ train/uncertainty/rmi/mean     │ 0.000000     │
│ train/uncertainty/rmi/min      │ 0.000000     │
│ train/uncertainty/rmi/std      │ 0.000000     │
│ train/uncertainty/rmi_top7/max │ 0.000000     │
│ train/uncertainty/rmi_top7/me… │ 0.000000     │
│ train/uncertainty/rmi_top7/min │ 0.000000     │
│ train/uncertainty/rmi_top7/std │ 0.000000     │
│ train/uncertainty/top7_mi_cod… │ 0.000000     │
│ train/uncertainty/top7_mi_cod… │ 0.000000     │
│ train/uncertainty/top7_mi_thi… │ 0.000000     │
│ train/uncertainty/top7_mi_thi… │ 0.000000     │
│ train/uncertainty/top7_pct_co… │ 0.000000     │
│ train/uncertainty/top7_pct_co… │ 0.000000     │
│ train/uncertainty/top7_pct_th… │ 1.000000     │
│ train/uncertainty/top7_pct_th… │ 0.000000     │
│ train/uncertainty/true_mi/max  │ 0.000000     │
│ train/uncertainty/true_mi/mean │ 0.000000     │
│ train/uncertainty/true_mi/min  │ 0.000000     │
│ train/uncertainty/true_mi/std  │ 0.000000     │
│ train/uncertainty/variance/max │ nan          │
│ train/uncertainty/variance/me… │ nan          │
│ train/uncertainty/variance/min │ nan          │
│ train/uncertainty/variance/std │ nan          │
│ train/uncertainty/variance_to… │ nan          │
│ train/uncertainty/variance_to… │ nan          │
│ train/uncertainty/variance_to… │ nan          │
│ train/uncertainty/variance_to… │ nan          │
└────────────────────────────────┴──────────────┘
tinker_cookbook.utils.ml_log:240 [INFO] Logging to: https://wandb.ai/kriaz-msee20seecs-nust/ugttt-rebuttal/runs/1p8cxde0
__main__:2062 [INFO] [Epoch 5] R_exec=0.4209 (max=0.6593 best=0.6601) RMI=0.0000 beta=572.51 corr=71.9% loss=-0.3247 groups=8/8 time=13737.1s
__main__:2073 [INFO] Checkpoint saved at epoch 5
__main__:2082 [INFO] Training complete
