tinker_cookbook.utils.ml_log:525 [INFO] Logging to: logs/aws/wave1-rerun/cp26-base-seed3
__main__:1657 [INFO] Active loggers: ['JsonLogger', 'PrettyPrintLogger', 'WandbLogger']
__main__:1690 [INFO] Loading base model: Qwen/Qwen3-8B (fp16)
root:227 [INFO] Loading model with precision - fp16
tinker_cookbook.utils.ml_log:525 [INFO] Logging to: logs/aws/wave1-rerun/cp26-base-seed3
__main__:1657 [INFO] Active loggers: ['JsonLogger', 'PrettyPrintLogger', 'WandbLogger']
__main__:1690 [INFO] Loading base model: Qwen/Qwen3-8B (fp16)
root:227 [INFO] Loading model with precision - fp16
tinker_cookbook.utils.ml_log:525 [INFO] Logging to: logs/aws/wave1-rerun/cp26-base-seed3
__main__:1657 [INFO] Active loggers: ['JsonLogger', 'PrettyPrintLogger', 'WandbLogger']
__main__:1690 [INFO] Loading base model: Qwen/Qwen3-8B (fp16)
root:227 [INFO] Loading model with precision - fp16
root:255 [INFO] loading llama compatible model - qwen3
root:49 [INFO] Adapter ensemble_0 without lr_scheduler.
tinker_cookbook.rl.ensemble:123 [INFO] Initialized 1 LoRA ensemble members (rank=16)
__main__:1779 [INFO] Training: 6 epochs, 8 groups/batch × 8 rollouts/group, K=1 adapters, γ=0.0
__main__:1784 [INFO] Parallelism: batched generation (8 seqs/batch), threaded rewards (8 workers), batched ensemble scoring
__main__:1807 [INFO] Two-phase sampling enabled: phase1_max=26000, context_window=32768, prefill_len=22, stop_ids=[151645]
__main__:1836 [INFO] [Epoch 0/6] Starting rollout phase: 8 groups × 8 rollouts
tinker_cookbook.rl.ensemble:1082 [INFO]   generate_batch_multi_adapter_two_phase: N=8 phase1_max=26000 streaming_mi=False kv_q=False
tinker_cookbook.rl.ensemble:1270 [INFO]     [gen/p1] step=2048/25146 active=8/8 mi_stopped=0
tinker_cookbook.rl.ensemble:1270 [INFO]     [gen/p1] step=4096/25146 active=8/8 mi_stopped=0
tinker_cookbook.rl.ensemble:1270 [INFO]     [gen/p1] step=6144/25146 active=8/8 mi_stopped=0
tinker_cookbook.rl.ensemble:1270 [INFO]     [gen/p1] step=8192/25146 active=8/8 mi_stopped=0
tinker_cookbook.rl.ensemble:1270 [INFO]     [gen/p1] step=10240/25146 active=6/8 mi_stopped=0
tinker_cookbook.rl.ensemble:1270 [INFO]     [gen/p1] step=12288/25146 active=2/8 mi_stopped=0
__main__:1078 [INFO]   Group 0: multi-adapter generation 8 seqs in 1107.5s
__main__:1108 [INFO]   Group 0: rewards computed in 17.1s
__main__:1150 [INFO]     [g0][r1/8] adapter=0 R_exec=0.0000 true_MI=0.00000 RMI=0.0000 R_total=0.0000 correct=1 tokens=12833
__main__:1150 [INFO]     [g0][r2/8] adapter=0 R_exec=2.6203 true_MI=0.00000 RMI=0.0000 R_total=2.6203 correct=1 tokens=11428
__main__:1150 [INFO]     [g0][r3/8] adapter=0 R_exec=0.0000 true_MI=0.00000 RMI=0.0000 R_total=0.0000 correct=0 tokens=10491
__main__:1150 [INFO]     [g0][r4/8] adapter=0 R_exec=2.6213 true_MI=0.00000 RMI=0.0000 R_total=2.6213 correct=1 tokens=11950
__main__:1150 [INFO]     [g0][r5/8] adapter=0 R_exec=0.0000 true_MI=0.00000 RMI=0.0000 R_total=0.0000 correct=0 tokens=8275
__main__:1150 [INFO]     [g0][r6/8] adapter=0 R_exec=0.0000 true_MI=0.00000 RMI=0.0000 R_total=0.0000 correct=1 tokens=13385
__main__:1150 [INFO]     [g0][r7/8] adapter=0 R_exec=2.6102 true_MI=0.00000 RMI=0.0000 R_total=2.6102 correct=1 tokens=11534
__main__:1150 [INFO]     [g0][r8/8] adapter=0 R_exec=0.0000 true_MI=0.00000 RMI=0.0000 R_total=0.0000 correct=0 tokens=9248
__main__:1167 [INFO]   [g0] group true_MI: mean=0.00000 std=0.00000 max=0.00000 normalized=[0.00 0.00 0.00 0.00 0.00 0.00 0.00 0.00]
tinker_cookbook.utils.ml_log:143 [INFO] Wrote metrics to logs/aws/wave1-rerun/cp26-base-seed3/metrics.jsonl
tinker_cookbook.utils.ml_log:240 [INFO] Logging to: https://wandb.ai/kriaz-msee20seecs-nust/ugttt-rebuttal/runs/j5vhm83n
tinker_cookbook.utils.ml_log:143 [INFO] Wrote metrics to logs/aws/wave1-rerun/cp26-base-seed3/metrics.jsonl
tinker_cookbook.utils.ml_log:240 [INFO] Logging to: https://wandb.ai/kriaz-msee20seecs-nust/ugttt-rebuttal/runs/j5vhm83n
tinker_cookbook.utils.ml_log:143 [INFO] Wrote metrics to logs/aws/wave1-rerun/cp26-base-seed3/metrics.jsonl
tinker_cookbook.utils.ml_log:240 [INFO] Logging to: https://wandb.ai/kriaz-msee20seecs-nust/ugttt-rebuttal/runs/j5vhm83n
tinker_cookbook.utils.ml_log:143 [INFO] Wrote metrics to logs/aws/wave1-rerun/cp26-base-seed3/metrics.jsonl
tinker_cookbook.utils.ml_log:240 [INFO] Logging to: https://wandb.ai/kriaz-msee20seecs-nust/ugttt-rebuttal/runs/j5vhm83n
tinker_cookbook.utils.ml_log:143 [INFO] Wrote metrics to logs/aws/wave1-rerun/cp26-base-seed3/metrics.jsonl
tinker_cookbook.utils.ml_log:240 [INFO] Logging to: https://wandb.ai/kriaz-msee20seecs-nust/ugttt-rebuttal/runs/j5vhm83n
tinker_cookbook.utils.ml_log:143 [INFO] Wrote metrics to logs/aws/wave1-rerun/cp26-base-seed3/metrics.jsonl
tinker_cookbook.utils.ml_log:240 [INFO] Logging to: https://wandb.ai/kriaz-msee20seecs-nust/ugttt-rebuttal/runs/j5vhm83n
tinker_cookbook.utils.ml_log:143 [INFO] Wrote metrics to logs/aws/wave1-rerun/cp26-base-seed3/metrics.jsonl
tinker_cookbook.utils.ml_log:240 [INFO] Logging to: https://wandb.ai/kriaz-msee20seecs-nust/ugttt-rebuttal/runs/j5vhm83n
tinker_cookbook.utils.ml_log:143 [INFO] Wrote metrics to logs/aws/wave1-rerun/cp26-base-seed3/metrics.jsonl
tinker_cookbook.utils.ml_log:240 [INFO] Logging to: https://wandb.ai/kriaz-msee20seecs-nust/ugttt-rebuttal/runs/j5vhm83n
__main__:1949 [INFO]   [0][1/8] KEPT | R_exec=0.9815 (max=2.6213) RMI=0.0000 R_total=0.9815 | 1124.7s | GPU: 18.0/60.2GB
tinker_cookbook.utils.ml_log:143 [INFO] Wrote metrics to logs/aws/wave1-rerun/cp26-base-seed3/metrics.jsonl
tinker_cookbook.utils.ml_log:240 [INFO] Logging to: https://wandb.ai/kriaz-msee20seecs-nust/ugttt-rebuttal/runs/j5vhm83n
tinker_cookbook.rl.ensemble:1082 [INFO]   generate_batch_multi_adapter_two_phase: N=8 phase1_max=26000 streaming_mi=False kv_q=False
tinker_cookbook.rl.ensemble:1270 [INFO]     [gen/p1] step=2048/25146 active=8/8 mi_stopped=0
tinker_cookbook.rl.ensemble:1270 [INFO]     [gen/p1] step=4096/25146 active=8/8 mi_stopped=0
tinker_cookbook.rl.ensemble:1270 [INFO]     [gen/p1] step=6144/25146 active=8/8 mi_stopped=0
tinker_cookbook.rl.ensemble:1270 [INFO]     [gen/p1] step=8192/25146 active=8/8 mi_stopped=0
tinker_cookbook.rl.ensemble:1270 [INFO]     [gen/p1] step=10240/25146 active=6/8 mi_stopped=0
tinker_cookbook.rl.ensemble:1270 [INFO]     [gen/p1] step=12288/25146 active=4/8 mi_stopped=0
tinker_cookbook.rl.ensemble:1270 [INFO]     [gen/p1] step=14336/25146 active=1/8 mi_stopped=0
__main__:1078 [INFO]   Group 1: multi-adapter generation 8 seqs in 1454.4s
__main__:1108 [INFO]   Group 1: rewards computed in 2.2s
__main__:1150 [INFO]     [g1][r1/8] adapter=0 R_exec=0.0000 true_MI=0.00000 RMI=0.0000 R_total=0.0000 correct=0 tokens=14015
__main__:1150 [INFO]     [g1][r2/8] adapter=0 R_exec=0.0000 true_MI=0.00000 RMI=0.0000 R_total=0.0000 correct=0 tokens=9558
__main__:1150 [INFO]     [g1][r3/8] adapter=0 R_exec=0.0000 true_MI=0.00000 RMI=0.0000 R_total=0.0000 correct=1 tokens=10500
__main__:1150 [INFO]     [g1][r4/8] adapter=0 R_exec=0.0000 true_MI=0.00000 RMI=0.0000 R_total=0.0000 correct=0 tokens=11649
__main__:1150 [INFO]     [g1][r5/8] adapter=0 R_exec=0.0000 true_MI=0.00000 RMI=0.0000 R_total=0.0000 correct=0 tokens=12973
__main__:1150 [INFO]     [g1][r6/8] adapter=0 R_exec=0.0000 true_MI=0.00000 RMI=0.0000 R_total=0.0000 correct=0 tokens=13265
__main__:1150 [INFO]     [g1][r7/8] adapter=0 R_exec=0.0000 true_MI=0.00000 RMI=0.0000 R_total=0.0000 correct=0 tokens=9102
__main__:1150 [INFO]     [g1][r8/8] adapter=0 R_exec=0.0000 true_MI=0.00000 RMI=0.0000 R_total=0.0000 correct=1 tokens=15858
__main__:1167 [INFO]   [g1] group true_MI: mean=0.00000 std=0.00000 max=0.00000 normalized=[0.00 0.00 0.00 0.00 0.00 0.00 0.00 0.00]
tinker_cookbook.utils.ml_log:143 [INFO] Wrote metrics to logs/aws/wave1-rerun/cp26-base-seed3/metrics.jsonl
tinker_cookbook.utils.ml_log:240 [INFO] Logging to: https://wandb.ai/kriaz-msee20seecs-nust/ugttt-rebuttal/runs/j5vhm83n
tinker_cookbook.utils.ml_log:143 [INFO] Wrote metrics to logs/aws/wave1-rerun/cp26-base-seed3/metrics.jsonl
tinker_cookbook.utils.ml_log:240 [INFO] Logging to: https://wandb.ai/kriaz-msee20seecs-nust/ugttt-rebuttal/runs/j5vhm83n
tinker_cookbook.utils.ml_log:143 [INFO] Wrote metrics to logs/aws/wave1-rerun/cp26-base-seed3/metrics.jsonl
tinker_cookbook.utils.ml_log:240 [INFO] Logging to: https://wandb.ai/kriaz-msee20seecs-nust/ugttt-rebuttal/runs/j5vhm83n
tinker_cookbook.utils.ml_log:143 [INFO] Wrote metrics to logs/aws/wave1-rerun/cp26-base-seed3/metrics.jsonl
tinker_cookbook.utils.ml_log:240 [INFO] Logging to: https://wandb.ai/kriaz-msee20seecs-nust/ugttt-rebuttal/runs/j5vhm83n
tinker_cookbook.utils.ml_log:143 [INFO] Wrote metrics to logs/aws/wave1-rerun/cp26-base-seed3/metrics.jsonl
tinker_cookbook.utils.ml_log:240 [INFO] Logging to: https://wandb.ai/kriaz-msee20seecs-nust/ugttt-rebuttal/runs/j5vhm83n
tinker_cookbook.utils.ml_log:143 [INFO] Wrote metrics to logs/aws/wave1-rerun/cp26-base-seed3/metrics.jsonl
tinker_cookbook.utils.ml_log:240 [INFO] Logging to: https://wandb.ai/kriaz-msee20seecs-nust/ugttt-rebuttal/runs/j5vhm83n
tinker_cookbook.utils.ml_log:143 [INFO] Wrote metrics to logs/aws/wave1-rerun/cp26-base-seed3/metrics.jsonl
tinker_cookbook.utils.ml_log:240 [INFO] Logging to: https://wandb.ai/kriaz-msee20seecs-nust/ugttt-rebuttal/runs/j5vhm83n
tinker_cookbook.utils.ml_log:143 [INFO] Wrote metrics to logs/aws/wave1-rerun/cp26-base-seed3/metrics.jsonl
tinker_cookbook.utils.ml_log:240 [INFO] Logging to: https://wandb.ai/kriaz-msee20seecs-nust/ugttt-rebuttal/runs/j5vhm83n
__main__:1949 [INFO]   [0][2/8] FILTERED | R_exec=0.0000 (max=0.0000) RMI=0.0000 R_total=0.0000 | 1456.7s | GPU: 18.0/60.5GB
tinker_cookbook.utils.ml_log:143 [INFO] Wrote metrics to logs/aws/wave1-rerun/cp26-base-seed3/metrics.jsonl
tinker_cookbook.utils.ml_log:240 [INFO] Logging to: https://wandb.ai/kriaz-msee20seecs-nust/ugttt-rebuttal/runs/j5vhm83n
tinker_cookbook.rl.ensemble:1082 [INFO]   generate_batch_multi_adapter_two_phase: N=8 phase1_max=26000 streaming_mi=False kv_q=False
tinker_cookbook.rl.ensemble:1270 [INFO]     [gen/p1] step=2048/25146 active=8/8 mi_stopped=0
tinker_cookbook.rl.ensemble:1270 [INFO]     [gen/p1] step=4096/25146 active=8/8 mi_stopped=0
tinker_cookbook.rl.ensemble:1270 [INFO]     [gen/p1] step=6144/25146 active=8/8 mi_stopped=0
tinker_cookbook.rl.ensemble:1270 [INFO]     [gen/p1] step=8192/25146 active=8/8 mi_stopped=0
tinker_cookbook.rl.ensemble:1270 [INFO]     [gen/p1] step=10240/25146 active=6/8 mi_stopped=0
tinker_cookbook.rl.ensemble:1270 [INFO]     [gen/p1] step=12288/25146 active=2/8 mi_stopped=0
tinker_cookbook.rl.ensemble:1270 [INFO]     [gen/p1] step=14336/25146 active=1/8 mi_stopped=0
__main__:1078 [INFO]   Group 2: multi-adapter generation 8 seqs in 1247.8s
__main__:1108 [INFO]   Group 2: rewards computed in 8.1s
__main__:1150 [INFO]     [g2][r1/8] adapter=0 R_exec=0.0000 true_MI=0.00000 RMI=0.0000 R_total=0.0000 correct=0 tokens=11597
__main__:1150 [INFO]     [g2][r2/8] adapter=0 R_exec=2.6165 true_MI=0.00000 RMI=0.0000 R_total=2.6165 correct=1 tokens=12584
__main__:1150 [INFO]     [g2][r3/8] adapter=0 R_exec=2.6205 true_MI=0.00000 RMI=0.0000 R_total=2.6205 correct=1 tokens=9412
__main__:1150 [INFO]     [g2][r4/8] adapter=0 R_exec=0.0000 true_MI=0.00000 RMI=0.0000 R_total=0.0000 correct=0 tokens=10536
__main__:1150 [INFO]     [g2][r5/8] adapter=0 R_exec=0.0000 true_MI=0.00000 RMI=0.0000 R_total=0.0000 correct=0 tokens=9144
__main__:1150 [INFO]     [g2][r6/8] adapter=0 R_exec=0.0000 true_MI=0.00000 RMI=0.0000 R_total=0.0000 correct=0 tokens=14400
__main__:1150 [INFO]     [g2][r7/8] adapter=0 R_exec=0.0000 true_MI=0.00000 RMI=0.0000 R_total=0.0000 correct=0 tokens=10880
__main__:1150 [INFO]     [g2][r8/8] adapter=0 R_exec=0.0000 true_MI=0.00000 RMI=0.0000 R_total=0.0000 correct=0 tokens=12045
__main__:1167 [INFO]   [g2] group true_MI: mean=0.00000 std=0.00000 max=0.00000 normalized=[0.00 0.00 0.00 0.00 0.00 0.00 0.00 0.00]
tinker_cookbook.utils.ml_log:143 [INFO] Wrote metrics to logs/aws/wave1-rerun/cp26-base-seed3/metrics.jsonl
tinker_cookbook.utils.ml_log:240 [INFO] Logging to: https://wandb.ai/kriaz-msee20seecs-nust/ugttt-rebuttal/runs/j5vhm83n
tinker_cookbook.utils.ml_log:143 [INFO] Wrote metrics to logs/aws/wave1-rerun/cp26-base-seed3/metrics.jsonl
tinker_cookbook.utils.ml_log:240 [INFO] Logging to: https://wandb.ai/kriaz-msee20seecs-nust/ugttt-rebuttal/runs/j5vhm83n
tinker_cookbook.utils.ml_log:143 [INFO] Wrote metrics to logs/aws/wave1-rerun/cp26-base-seed3/metrics.jsonl
tinker_cookbook.utils.ml_log:240 [INFO] Logging to: https://wandb.ai/kriaz-msee20seecs-nust/ugttt-rebuttal/runs/j5vhm83n
tinker_cookbook.utils.ml_log:143 [INFO] Wrote metrics to logs/aws/wave1-rerun/cp26-base-seed3/metrics.jsonl
tinker_cookbook.utils.ml_log:240 [INFO] Logging to: https://wandb.ai/kriaz-msee20seecs-nust/ugttt-rebuttal/runs/j5vhm83n
tinker_cookbook.utils.ml_log:143 [INFO] Wrote metrics to logs/aws/wave1-rerun/cp26-base-seed3/metrics.jsonl
tinker_cookbook.utils.ml_log:240 [INFO] Logging to: https://wandb.ai/kriaz-msee20seecs-nust/ugttt-rebuttal/runs/j5vhm83n
tinker_cookbook.utils.ml_log:143 [INFO] Wrote metrics to logs/aws/wave1-rerun/cp26-base-seed3/metrics.jsonl
tinker_cookbook.utils.ml_log:240 [INFO] Logging to: https://wandb.ai/kriaz-msee20seecs-nust/ugttt-rebuttal/runs/j5vhm83n
tinker_cookbook.utils.ml_log:143 [INFO] Wrote metrics to logs/aws/wave1-rerun/cp26-base-seed3/metrics.jsonl
tinker_cookbook.utils.ml_log:240 [INFO] Logging to: https://wandb.ai/kriaz-msee20seecs-nust/ugttt-rebuttal/runs/j5vhm83n
tinker_cookbook.utils.ml_log:143 [INFO] Wrote metrics to logs/aws/wave1-rerun/cp26-base-seed3/metrics.jsonl
tinker_cookbook.utils.ml_log:240 [INFO] Logging to: https://wandb.ai/kriaz-msee20seecs-nust/ugttt-rebuttal/runs/j5vhm83n
__main__:1949 [INFO]   [0][3/8] KEPT | R_exec=0.6546 (max=2.6205) RMI=0.0000 R_total=0.6546 | 1255.9s | GPU: 18.0/60.3GB
tinker_cookbook.utils.ml_log:143 [INFO] Wrote metrics to logs/aws/wave1-rerun/cp26-base-seed3/metrics.jsonl
tinker_cookbook.utils.ml_log:240 [INFO] Logging to: https://wandb.ai/kriaz-msee20seecs-nust/ugttt-rebuttal/runs/j5vhm83n
tinker_cookbook.rl.ensemble:1082 [INFO]   generate_batch_multi_adapter_two_phase: N=8 phase1_max=26000 streaming_mi=False kv_q=False
tinker_cookbook.rl.ensemble:1270 [INFO]     [gen/p1] step=2048/25146 active=8/8 mi_stopped=0
tinker_cookbook.rl.ensemble:1270 [INFO]     [gen/p1] step=4096/25146 active=8/8 mi_stopped=0
tinker_cookbook.rl.ensemble:1270 [INFO]     [gen/p1] step=6144/25146 active=8/8 mi_stopped=0
tinker_cookbook.rl.ensemble:1270 [INFO]     [gen/p1] step=8192/25146 active=8/8 mi_stopped=0
tinker_cookbook.rl.ensemble:1270 [INFO]     [gen/p1] step=10240/25146 active=5/8 mi_stopped=0
tinker_cookbook.rl.ensemble:1270 [INFO]     [gen/p1] step=12288/25146 active=2/8 mi_stopped=0
__main__:1078 [INFO]   Group 3: multi-adapter generation 8 seqs in 1117.7s
__main__:1108 [INFO]   Group 3: rewards computed in 60.4s
__main__:1150 [INFO]     [g3][r1/8] adapter=0 R_exec=0.0000 true_MI=0.00000 RMI=0.0000 R_total=0.0000 correct=0 tokens=8396
__main__:1150 [INFO]     [g3][r2/8] adapter=0 R_exec=0.0000 true_MI=0.00000 RMI=0.0000 R_total=0.0000 correct=1 tokens=12852
__main__:1150 [INFO]     [g3][r3/8] adapter=0 R_exec=0.0000 true_MI=0.00000 RMI=0.0000 R_total=0.0000 correct=0 tokens=9428
__main__:1150 [INFO]     [g3][r4/8] adapter=0 R_exec=0.0000 true_MI=0.00000 RMI=0.0000 R_total=0.0000 correct=0 tokens=10632
__main__:1150 [INFO]     [g3][r5/8] adapter=0 R_exec=0.0000 true_MI=0.00000 RMI=0.0000 R_total=0.0000 correct=0 tokens=8400
__main__:1150 [INFO]     [g3][r6/8] adapter=0 R_exec=2.5000 true_MI=0.00000 RMI=0.0000 R_total=2.5000 correct=1 tokens=11582
__main__:1150 [INFO]     [g3][r7/8] adapter=0 R_exec=0.0000 true_MI=0.00000 RMI=0.0000 R_total=0.0000 correct=0 tokens=13389
__main__:1150 [INFO]     [g3][r8/8] adapter=0 R_exec=0.0000 true_MI=0.00000 RMI=0.0000 R_total=0.0000 correct=0 tokens=11106
__main__:1167 [INFO]   [g3] group true_MI: mean=0.00000 std=0.00000 max=0.00000 normalized=[0.00 0.00 0.00 0.00 0.00 0.00 0.00 0.00]
tinker_cookbook.utils.ml_log:143 [INFO] Wrote metrics to logs/aws/wave1-rerun/cp26-base-seed3/metrics.jsonl
tinker_cookbook.utils.ml_log:240 [INFO] Logging to: https://wandb.ai/kriaz-msee20seecs-nust/ugttt-rebuttal/runs/j5vhm83n
tinker_cookbook.utils.ml_log:143 [INFO] Wrote metrics to logs/aws/wave1-rerun/cp26-base-seed3/metrics.jsonl
tinker_cookbook.utils.ml_log:240 [INFO] Logging to: https://wandb.ai/kriaz-msee20seecs-nust/ugttt-rebuttal/runs/j5vhm83n
tinker_cookbook.utils.ml_log:143 [INFO] Wrote metrics to logs/aws/wave1-rerun/cp26-base-seed3/metrics.jsonl
tinker_cookbook.utils.ml_log:240 [INFO] Logging to: https://wandb.ai/kriaz-msee20seecs-nust/ugttt-rebuttal/runs/j5vhm83n
tinker_cookbook.utils.ml_log:143 [INFO] Wrote metrics to logs/aws/wave1-rerun/cp26-base-seed3/metrics.jsonl
tinker_cookbook.utils.ml_log:240 [INFO] Logging to: https://wandb.ai/kriaz-msee20seecs-nust/ugttt-rebuttal/runs/j5vhm83n
tinker_cookbook.utils.ml_log:143 [INFO] Wrote metrics to logs/aws/wave1-rerun/cp26-base-seed3/metrics.jsonl
tinker_cookbook.utils.ml_log:240 [INFO] Logging to: https://wandb.ai/kriaz-msee20seecs-nust/ugttt-rebuttal/runs/j5vhm83n
tinker_cookbook.utils.ml_log:143 [INFO] Wrote metrics to logs/aws/wave1-rerun/cp26-base-seed3/metrics.jsonl
tinker_cookbook.utils.ml_log:240 [INFO] Logging to: https://wandb.ai/kriaz-msee20seecs-nust/ugttt-rebuttal/runs/j5vhm83n
tinker_cookbook.utils.ml_log:143 [INFO] Wrote metrics to logs/aws/wave1-rerun/cp26-base-seed3/metrics.jsonl
tinker_cookbook.utils.ml_log:240 [INFO] Logging to: https://wandb.ai/kriaz-msee20seecs-nust/ugttt-rebuttal/runs/j5vhm83n
tinker_cookbook.utils.ml_log:143 [INFO] Wrote metrics to logs/aws/wave1-rerun/cp26-base-seed3/metrics.jsonl
tinker_cookbook.utils.ml_log:240 [INFO] Logging to: https://wandb.ai/kriaz-msee20seecs-nust/ugttt-rebuttal/runs/j5vhm83n
__main__:1949 [INFO]   [0][4/8] KEPT | R_exec=0.3125 (max=2.5000) RMI=0.0000 R_total=0.3125 | 1178.2s | GPU: 18.0/60.2GB
tinker_cookbook.utils.ml_log:143 [INFO] Wrote metrics to logs/aws/wave1-rerun/cp26-base-seed3/metrics.jsonl
tinker_cookbook.utils.ml_log:240 [INFO] Logging to: https://wandb.ai/kriaz-msee20seecs-nust/ugttt-rebuttal/runs/j5vhm83n
tinker_cookbook.rl.ensemble:1082 [INFO]   generate_batch_multi_adapter_two_phase: N=8 phase1_max=26000 streaming_mi=False kv_q=False
tinker_cookbook.rl.ensemble:1270 [INFO]     [gen/p1] step=2048/25146 active=8/8 mi_stopped=0
tinker_cookbook.rl.ensemble:1270 [INFO]     [gen/p1] step=4096/25146 active=8/8 mi_stopped=0
tinker_cookbook.rl.ensemble:1270 [INFO]     [gen/p1] step=6144/25146 active=8/8 mi_stopped=0
tinker_cookbook.rl.ensemble:1270 [INFO]     [gen/p1] step=8192/25146 active=8/8 mi_stopped=0
tinker_cookbook.rl.ensemble:1270 [INFO]     [gen/p1] step=10240/25146 active=4/8 mi_stopped=0
tinker_cookbook.rl.ensemble:1270 [INFO]     [gen/p1] step=12288/25146 active=1/8 mi_stopped=0
__main__:1078 [INFO]   Group 4: multi-adapter generation 8 seqs in 1130.8s
__main__:1108 [INFO]   Group 4: rewards computed in 20.1s
__main__:1150 [INFO]     [g4][r1/8] adapter=0 R_exec=0.0000 true_MI=0.00000 RMI=0.0000 R_total=0.0000 correct=0 tokens=10521
__main__:1150 [INFO]     [g4][r2/8] adapter=0 R_exec=0.0000 true_MI=0.00000 RMI=0.0000 R_total=0.0000 correct=0 tokens=11458
__main__:1150 [INFO]     [g4][r3/8] adapter=0 R_exec=2.6032 true_MI=0.00000 RMI=0.0000 R_total=2.6032 correct=1 tokens=9924
__main__:1150 [INFO]     [g4][r4/8] adapter=0 R_exec=0.0000 true_MI=0.00000 RMI=0.0000 R_total=0.0000 correct=0 tokens=9509
__main__:1150 [INFO]     [g4][r5/8] adapter=0 R_exec=2.5498 true_MI=0.00000 RMI=0.0000 R_total=2.5498 correct=1 tokens=9157
__main__:1150 [INFO]     [g4][r6/8] adapter=0 R_exec=0.0000 true_MI=0.00000 RMI=0.0000 R_total=0.0000 correct=0 tokens=10640
__main__:1150 [INFO]     [g4][r7/8] adapter=0 R_exec=0.0000 true_MI=0.00000 RMI=0.0000 R_total=0.0000 correct=0 tokens=13461
__main__:1150 [INFO]     [g4][r8/8] adapter=0 R_exec=0.0000 true_MI=0.00000 RMI=0.0000 R_total=0.0000 correct=0 tokens=9712
__main__:1167 [INFO]   [g4] group true_MI: mean=0.00000 std=0.00000 max=0.00000 normalized=[0.00 0.00 0.00 0.00 0.00 0.00 0.00 0.00]
tinker_cookbook.utils.ml_log:143 [INFO] Wrote metrics to logs/aws/wave1-rerun/cp26-base-seed3/metrics.jsonl
tinker_cookbook.utils.ml_log:240 [INFO] Logging to: https://wandb.ai/kriaz-msee20seecs-nust/ugttt-rebuttal/runs/j5vhm83n
tinker_cookbook.utils.ml_log:143 [INFO] Wrote metrics to logs/aws/wave1-rerun/cp26-base-seed3/metrics.jsonl
tinker_cookbook.utils.ml_log:240 [INFO] Logging to: https://wandb.ai/kriaz-msee20seecs-nust/ugttt-rebuttal/runs/j5vhm83n
tinker_cookbook.utils.ml_log:143 [INFO] Wrote metrics to logs/aws/wave1-rerun/cp26-base-seed3/metrics.jsonl
tinker_cookbook.utils.ml_log:240 [INFO] Logging to: https://wandb.ai/kriaz-msee20seecs-nust/ugttt-rebuttal/runs/j5vhm83n
tinker_cookbook.utils.ml_log:143 [INFO] Wrote metrics to logs/aws/wave1-rerun/cp26-base-seed3/metrics.jsonl
tinker_cookbook.utils.ml_log:240 [INFO] Logging to: https://wandb.ai/kriaz-msee20seecs-nust/ugttt-rebuttal/runs/j5vhm83n
tinker_cookbook.utils.ml_log:143 [INFO] Wrote metrics to logs/aws/wave1-rerun/cp26-base-seed3/metrics.jsonl
tinker_cookbook.utils.ml_log:240 [INFO] Logging to: https://wandb.ai/kriaz-msee20seecs-nust/ugttt-rebuttal/runs/j5vhm83n
tinker_cookbook.utils.ml_log:143 [INFO] Wrote metrics to logs/aws/wave1-rerun/cp26-base-seed3/metrics.jsonl
tinker_cookbook.utils.ml_log:240 [INFO] Logging to: https://wandb.ai/kriaz-msee20seecs-nust/ugttt-rebuttal/runs/j5vhm83n
tinker_cookbook.utils.ml_log:143 [INFO] Wrote metrics to logs/aws/wave1-rerun/cp26-base-seed3/metrics.jsonl
tinker_cookbook.utils.ml_log:240 [INFO] Logging to: https://wandb.ai/kriaz-msee20seecs-nust/ugttt-rebuttal/runs/j5vhm83n
tinker_cookbook.utils.ml_log:143 [INFO] Wrote metrics to logs/aws/wave1-rerun/cp26-base-seed3/metrics.jsonl
tinker_cookbook.utils.ml_log:240 [INFO] Logging to: https://wandb.ai/kriaz-msee20seecs-nust/ugttt-rebuttal/runs/j5vhm83n
__main__:1949 [INFO]   [0][5/8] KEPT | R_exec=0.6441 (max=2.6032) RMI=0.0000 R_total=0.6441 | 1151.0s | GPU: 18.0/60.2GB
tinker_cookbook.utils.ml_log:143 [INFO] Wrote metrics to logs/aws/wave1-rerun/cp26-base-seed3/metrics.jsonl
tinker_cookbook.utils.ml_log:240 [INFO] Logging to: https://wandb.ai/kriaz-msee20seecs-nust/ugttt-rebuttal/runs/j5vhm83n
tinker_cookbook.rl.ensemble:1082 [INFO]   generate_batch_multi_adapter_two_phase: N=8 phase1_max=26000 streaming_mi=False kv_q=False
tinker_cookbook.rl.ensemble:1270 [INFO]     [gen/p1] step=2048/25146 active=8/8 mi_stopped=0
tinker_cookbook.rl.ensemble:1270 [INFO]     [gen/p1] step=4096/25146 active=8/8 mi_stopped=0
tinker_cookbook.rl.ensemble:1270 [INFO]     [gen/p1] step=6144/25146 active=8/8 mi_stopped=0
tinker_cookbook.rl.ensemble:1270 [INFO]     [gen/p1] step=8192/25146 active=8/8 mi_stopped=0
tinker_cookbook.rl.ensemble:1270 [INFO]     [gen/p1] step=10240/25146 active=6/8 mi_stopped=0
tinker_cookbook.rl.ensemble:1270 [INFO]     [gen/p1] step=12288/25146 active=5/8 mi_stopped=0
tinker_cookbook.rl.ensemble:1270 [INFO]     [gen/p1] step=14336/25146 active=2/8 mi_stopped=0
__main__:1078 [INFO]   Group 5: multi-adapter generation 8 seqs in 1528.7s
__main__:1108 [INFO]   Group 5: rewards computed in 2.9s
__main__:1150 [INFO]     [g5][r1/8] adapter=0 R_exec=0.0000 true_MI=0.00000 RMI=0.0000 R_total=0.0000 correct=0 tokens=16351
__main__:1150 [INFO]     [g5][r2/8] adapter=0 R_exec=0.0000 true_MI=0.00000 RMI=0.0000 R_total=0.0000 correct=0 tokens=13061
__main__:1150 [INFO]     [g5][r3/8] adapter=0 R_exec=0.0000 true_MI=0.00000 RMI=0.0000 R_total=0.0000 correct=0 tokens=12368
__main__:1150 [INFO]     [g5][r4/8] adapter=0 R_exec=0.0000 true_MI=0.00000 RMI=0.0000 R_total=0.0000 correct=0 tokens=9748
__main__:1150 [INFO]     [g5][r5/8] adapter=0 R_exec=0.0000 true_MI=0.00000 RMI=0.0000 R_total=0.0000 correct=0 tokens=15008
__main__:1150 [INFO]     [g5][r6/8] adapter=0 R_exec=0.0000 true_MI=0.00000 RMI=0.0000 R_total=0.0000 correct=0 tokens=10128
__main__:1150 [INFO]     [g5][r7/8] adapter=0 R_exec=0.0000 true_MI=0.00000 RMI=0.0000 R_total=0.0000 correct=0 tokens=11358
__main__:1150 [INFO]     [g5][r8/8] adapter=0 R_exec=0.0000 true_MI=0.00000 RMI=0.0000 R_total=0.0000 correct=0 tokens=12783
__main__:1167 [INFO]   [g5] group true_MI: mean=0.00000 std=0.00000 max=0.00000 normalized=[0.00 0.00 0.00 0.00 0.00 0.00 0.00 0.00]
tinker_cookbook.utils.ml_log:143 [INFO] Wrote metrics to logs/aws/wave1-rerun/cp26-base-seed3/metrics.jsonl
tinker_cookbook.utils.ml_log:240 [INFO] Logging to: https://wandb.ai/kriaz-msee20seecs-nust/ugttt-rebuttal/runs/j5vhm83n
tinker_cookbook.utils.ml_log:143 [INFO] Wrote metrics to logs/aws/wave1-rerun/cp26-base-seed3/metrics.jsonl
tinker_cookbook.utils.ml_log:240 [INFO] Logging to: https://wandb.ai/kriaz-msee20seecs-nust/ugttt-rebuttal/runs/j5vhm83n
tinker_cookbook.utils.ml_log:143 [INFO] Wrote metrics to logs/aws/wave1-rerun/cp26-base-seed3/metrics.jsonl
tinker_cookbook.utils.ml_log:240 [INFO] Logging to: https://wandb.ai/kriaz-msee20seecs-nust/ugttt-rebuttal/runs/j5vhm83n
tinker_cookbook.utils.ml_log:143 [INFO] Wrote metrics to logs/aws/wave1-rerun/cp26-base-seed3/metrics.jsonl
tinker_cookbook.utils.ml_log:240 [INFO] Logging to: https://wandb.ai/kriaz-msee20seecs-nust/ugttt-rebuttal/runs/j5vhm83n
tinker_cookbook.utils.ml_log:143 [INFO] Wrote metrics to logs/aws/wave1-rerun/cp26-base-seed3/metrics.jsonl
tinker_cookbook.utils.ml_log:240 [INFO] Logging to: https://wandb.ai/kriaz-msee20seecs-nust/ugttt-rebuttal/runs/j5vhm83n
tinker_cookbook.utils.ml_log:143 [INFO] Wrote metrics to logs/aws/wave1-rerun/cp26-base-seed3/metrics.jsonl
tinker_cookbook.utils.ml_log:240 [INFO] Logging to: https://wandb.ai/kriaz-msee20seecs-nust/ugttt-rebuttal/runs/j5vhm83n
tinker_cookbook.utils.ml_log:143 [INFO] Wrote metrics to logs/aws/wave1-rerun/cp26-base-seed3/metrics.jsonl
tinker_cookbook.utils.ml_log:240 [INFO] Logging to: https://wandb.ai/kriaz-msee20seecs-nust/ugttt-rebuttal/runs/j5vhm83n
tinker_cookbook.utils.ml_log:143 [INFO] Wrote metrics to logs/aws/wave1-rerun/cp26-base-seed3/metrics.jsonl
tinker_cookbook.utils.ml_log:240 [INFO] Logging to: https://wandb.ai/kriaz-msee20seecs-nust/ugttt-rebuttal/runs/j5vhm83n
__main__:1949 [INFO]   [0][6/8] FILTERED | R_exec=0.0000 (max=0.0000) RMI=0.0000 R_total=0.0000 | 1531.7s | GPU: 18.0/60.6GB
tinker_cookbook.utils.ml_log:143 [INFO] Wrote metrics to logs/aws/wave1-rerun/cp26-base-seed3/metrics.jsonl
tinker_cookbook.utils.ml_log:240 [INFO] Logging to: https://wandb.ai/kriaz-msee20seecs-nust/ugttt-rebuttal/runs/j5vhm83n
tinker_cookbook.rl.ensemble:1082 [INFO]   generate_batch_multi_adapter_two_phase: N=8 phase1_max=26000 streaming_mi=False kv_q=False
tinker_cookbook.rl.ensemble:1270 [INFO]     [gen/p1] step=2048/25146 active=8/8 mi_stopped=0
tinker_cookbook.rl.ensemble:1270 [INFO]     [gen/p1] step=4096/25146 active=8/8 mi_stopped=0
tinker_cookbook.rl.ensemble:1270 [INFO]     [gen/p1] step=6144/25146 active=8/8 mi_stopped=0
tinker_cookbook.rl.ensemble:1270 [INFO]     [gen/p1] step=8192/25146 active=8/8 mi_stopped=0
tinker_cookbook.rl.ensemble:1270 [INFO]     [gen/p1] step=10240/25146 active=4/8 mi_stopped=0
__main__:1078 [INFO]   Group 6: multi-adapter generation 8 seqs in 950.4s
__main__:1108 [INFO]   Group 6: rewards computed in 19.5s
__main__:1150 [INFO]     [g6][r1/8] adapter=0 R_exec=0.0000 true_MI=0.00000 RMI=0.0000 R_total=0.0000 correct=0 tokens=12030
__main__:1150 [INFO]     [g6][r2/8] adapter=0 R_exec=0.2600 true_MI=0.00000 RMI=0.0000 R_total=0.2600 correct=1 tokens=9229
__main__:1150 [INFO]     [g6][r3/8] adapter=0 R_exec=0.0000 true_MI=0.00000 RMI=0.0000 R_total=0.0000 correct=0 tokens=10728
__main__:1150 [INFO]     [g6][r4/8] adapter=0 R_exec=1.3000 true_MI=0.00000 RMI=0.0000 R_total=1.3000 correct=1 tokens=11501
__main__:1150 [INFO]     [g6][r5/8] adapter=0 R_exec=0.0000 true_MI=0.00000 RMI=0.0000 R_total=0.0000 correct=0 tokens=8530
__main__:1150 [INFO]     [g6][r6/8] adapter=0 R_exec=0.0000 true_MI=0.00000 RMI=0.0000 R_total=0.0000 correct=0 tokens=10590
__main__:1150 [INFO]     [g6][r7/8] adapter=0 R_exec=0.0000 true_MI=0.00000 RMI=0.0000 R_total=0.0000 correct=1 tokens=9270
__main__:1150 [INFO]     [g6][r8/8] adapter=0 R_exec=0.0000 true_MI=0.00000 RMI=0.0000 R_total=0.0000 correct=1 tokens=9498
__main__:1167 [INFO]   [g6] group true_MI: mean=0.00000 std=0.00000 max=0.00000 normalized=[0.00 0.00 0.00 0.00 0.00 0.00 0.00 0.00]
tinker_cookbook.utils.ml_log:143 [INFO] Wrote metrics to logs/aws/wave1-rerun/cp26-base-seed3/metrics.jsonl
tinker_cookbook.utils.ml_log:240 [INFO] Logging to: https://wandb.ai/kriaz-msee20seecs-nust/ugttt-rebuttal/runs/j5vhm83n
tinker_cookbook.utils.ml_log:143 [INFO] Wrote metrics to logs/aws/wave1-rerun/cp26-base-seed3/metrics.jsonl
tinker_cookbook.utils.ml_log:240 [INFO] Logging to: https://wandb.ai/kriaz-msee20seecs-nust/ugttt-rebuttal/runs/j5vhm83n
tinker_cookbook.utils.ml_log:143 [INFO] Wrote metrics to logs/aws/wave1-rerun/cp26-base-seed3/metrics.jsonl
tinker_cookbook.utils.ml_log:240 [INFO] Logging to: https://wandb.ai/kriaz-msee20seecs-nust/ugttt-rebuttal/runs/j5vhm83n
tinker_cookbook.utils.ml_log:143 [INFO] Wrote metrics to logs/aws/wave1-rerun/cp26-base-seed3/metrics.jsonl
tinker_cookbook.utils.ml_log:240 [INFO] Logging to: https://wandb.ai/kriaz-msee20seecs-nust/ugttt-rebuttal/runs/j5vhm83n
tinker_cookbook.utils.ml_log:143 [INFO] Wrote metrics to logs/aws/wave1-rerun/cp26-base-seed3/metrics.jsonl
tinker_cookbook.utils.ml_log:240 [INFO] Logging to: https://wandb.ai/kriaz-msee20seecs-nust/ugttt-rebuttal/runs/j5vhm83n
tinker_cookbook.utils.ml_log:143 [INFO] Wrote metrics to logs/aws/wave1-rerun/cp26-base-seed3/metrics.jsonl
tinker_cookbook.utils.ml_log:240 [INFO] Logging to: https://wandb.ai/kriaz-msee20seecs-nust/ugttt-rebuttal/runs/j5vhm83n
tinker_cookbook.utils.ml_log:143 [INFO] Wrote metrics to logs/aws/wave1-rerun/cp26-base-seed3/metrics.jsonl
tinker_cookbook.utils.ml_log:240 [INFO] Logging to: https://wandb.ai/kriaz-msee20seecs-nust/ugttt-rebuttal/runs/j5vhm83n
tinker_cookbook.utils.ml_log:143 [INFO] Wrote metrics to logs/aws/wave1-rerun/cp26-base-seed3/metrics.jsonl
tinker_cookbook.utils.ml_log:240 [INFO] Logging to: https://wandb.ai/kriaz-msee20seecs-nust/ugttt-rebuttal/runs/j5vhm83n
__main__:1949 [INFO]   [0][7/8] KEPT | R_exec=0.1950 (max=1.3000) RMI=0.0000 R_total=0.1950 | 970.0s | GPU: 18.0/60.0GB
tinker_cookbook.utils.ml_log:143 [INFO] Wrote metrics to logs/aws/wave1-rerun/cp26-base-seed3/metrics.jsonl
tinker_cookbook.utils.ml_log:240 [INFO] Logging to: https://wandb.ai/kriaz-msee20seecs-nust/ugttt-rebuttal/runs/j5vhm83n
tinker_cookbook.rl.ensemble:1082 [INFO]   generate_batch_multi_adapter_two_phase: N=8 phase1_max=26000 streaming_mi=False kv_q=False
tinker_cookbook.rl.ensemble:1270 [INFO]     [gen/p1] step=2048/25146 active=8/8 mi_stopped=0
tinker_cookbook.rl.ensemble:1270 [INFO]     [gen/p1] step=4096/25146 active=8/8 mi_stopped=0
tinker_cookbook.rl.ensemble:1270 [INFO]     [gen/p1] step=6144/25146 active=8/8 mi_stopped=0
tinker_cookbook.rl.ensemble:1270 [INFO]     [gen/p1] step=8192/25146 active=8/8 mi_stopped=0
tinker_cookbook.rl.ensemble:1270 [INFO]     [gen/p1] step=10240/25146 active=6/8 mi_stopped=0
tinker_cookbook.rl.ensemble:1270 [INFO]     [gen/p1] step=12288/25146 active=3/8 mi_stopped=0
__main__:1078 [INFO]   Group 7: multi-adapter generation 8 seqs in 1101.2s
__main__:1108 [INFO]   Group 7: rewards computed in 59.8s
__main__:1150 [INFO]     [g7][r1/8] adapter=0 R_exec=0.0000 true_MI=0.00000 RMI=0.0000 R_total=0.0000 correct=0 tokens=12552
__main__:1150 [INFO]     [g7][r2/8] adapter=0 R_exec=0.0000 true_MI=0.00000 RMI=0.0000 R_total=0.0000 correct=1 tokens=9002
__main__:1150 [INFO]     [g7][r3/8] adapter=0 R_exec=0.0000 true_MI=0.00000 RMI=0.0000 R_total=0.0000 correct=0 tokens=12644
__main__:1150 [INFO]     [g7][r4/8] adapter=0 R_exec=0.0000 true_MI=0.00000 RMI=0.0000 R_total=0.0000 correct=0 tokens=12236
__main__:1150 [INFO]     [g7][r5/8] adapter=0 R_exec=0.0000 true_MI=0.00000 RMI=0.0000 R_total=0.0000 correct=0 tokens=13335
__main__:1150 [INFO]     [g7][r6/8] adapter=0 R_exec=0.0000 true_MI=0.00000 RMI=0.0000 R_total=0.0000 correct=1 tokens=10610
__main__:1150 [INFO]     [g7][r7/8] adapter=0 R_exec=2.5339 true_MI=0.00000 RMI=0.0000 R_total=2.5339 correct=1 tokens=11979
__main__:1150 [INFO]     [g7][r8/8] adapter=0 R_exec=0.0000 true_MI=0.00000 RMI=0.0000 R_total=0.0000 correct=0 tokens=10200
__main__:1167 [INFO]   [g7] group true_MI: mean=0.00000 std=0.00000 max=0.00000 normalized=[0.00 0.00 0.00 0.00 0.00 0.00 0.00 0.00]
tinker_cookbook.utils.ml_log:143 [INFO] Wrote metrics to logs/aws/wave1-rerun/cp26-base-seed3/metrics.jsonl
tinker_cookbook.utils.ml_log:240 [INFO] Logging to: https://wandb.ai/kriaz-msee20seecs-nust/ugttt-rebuttal/runs/j5vhm83n
tinker_cookbook.utils.ml_log:143 [INFO] Wrote metrics to logs/aws/wave1-rerun/cp26-base-seed3/metrics.jsonl
tinker_cookbook.utils.ml_log:240 [INFO] Logging to: https://wandb.ai/kriaz-msee20seecs-nust/ugttt-rebuttal/runs/j5vhm83n
tinker_cookbook.utils.ml_log:143 [INFO] Wrote metrics to logs/aws/wave1-rerun/cp26-base-seed3/metrics.jsonl
tinker_cookbook.utils.ml_log:240 [INFO] Logging to: https://wandb.ai/kriaz-msee20seecs-nust/ugttt-rebuttal/runs/j5vhm83n
tinker_cookbook.utils.ml_log:143 [INFO] Wrote metrics to logs/aws/wave1-rerun/cp26-base-seed3/metrics.jsonl
tinker_cookbook.utils.ml_log:240 [INFO] Logging to: https://wandb.ai/kriaz-msee20seecs-nust/ugttt-rebuttal/runs/j5vhm83n
tinker_cookbook.utils.ml_log:143 [INFO] Wrote metrics to logs/aws/wave1-rerun/cp26-base-seed3/metrics.jsonl
tinker_cookbook.utils.ml_log:240 [INFO] Logging to: https://wandb.ai/kriaz-msee20seecs-nust/ugttt-rebuttal/runs/j5vhm83n
tinker_cookbook.utils.ml_log:143 [INFO] Wrote metrics to logs/aws/wave1-rerun/cp26-base-seed3/metrics.jsonl
tinker_cookbook.utils.ml_log:240 [INFO] Logging to: https://wandb.ai/kriaz-msee20seecs-nust/ugttt-rebuttal/runs/j5vhm83n
tinker_cookbook.utils.ml_log:143 [INFO] Wrote metrics to logs/aws/wave1-rerun/cp26-base-seed3/metrics.jsonl
tinker_cookbook.utils.ml_log:240 [INFO] Logging to: https://wandb.ai/kriaz-msee20seecs-nust/ugttt-rebuttal/runs/j5vhm83n
tinker_cookbook.utils.ml_log:143 [INFO] Wrote metrics to logs/aws/wave1-rerun/cp26-base-seed3/metrics.jsonl
tinker_cookbook.utils.ml_log:240 [INFO] Logging to: https://wandb.ai/kriaz-msee20seecs-nust/ugttt-rebuttal/runs/j5vhm83n
__main__:1949 [INFO]   [0][8/8] KEPT | R_exec=0.3167 (max=2.5339) RMI=0.0000 R_total=0.3167 | 1161.1s | GPU: 18.0/60.2GB
tinker_cookbook.utils.ml_log:143 [INFO] Wrote metrics to logs/aws/wave1-rerun/cp26-base-seed3/metrics.jsonl
tinker_cookbook.utils.ml_log:240 [INFO] Logging to: https://wandb.ai/kriaz-msee20seecs-nust/ugttt-rebuttal/runs/j5vhm83n
__main__:1988 [INFO] [Epoch 0] Rollout phase done in 9830.8s. Training on 6/8 groups...
tinker_cookbook.utils.ml_log:143 [INFO] Wrote metrics to logs/aws/wave1-rerun/cp26-base-seed3/metrics.jsonl
tinker_cookbook.utils.ml_log:195 [INFO] 
┏━━━━━━━━━━━━━━━━━━━━━━━━━━━━━━━━┳━━━━━━━━━━━━━━┓
┃ Metric                         ┃ Value        ┃
┡━━━━━━━━━━━━━━━━━━━━━━━━━━━━━━━━╇━━━━━━━━━━━━━━┩
│ gpu/memory_allocated_gb        │ 18.092511    │
│ gpu/memory_peak_gb             │ 59.579973    │
│ gpu/memory_reserved_gb         │ 18.121490    │
│ kl_policy_base                 │ 0.003301     │
│ optim/entropy                  │ 0.328711     │
│ optim/kl_sample_train_v1       │ 0.000158     │
│ optim/kl_sample_train_v2       │ 0.000154     │
│ progress/done_frac             │ 0.166667     │
│ progress/epoch                 │ 0            │
│ rollout/groups_attempted       │ 8.000000     │
│ rollout/groups_filtered        │ 2.000000     │
│ rollout/groups_kept            │ 6.000000     │
│ rollout/intra_group_reward_std │ 0.934616     │
│ time/rollout                   │ 9830.784826  │
│ time/total                     │ 10050.348229 │
│ time/train                     │ 219.491942   │
│ train/advantage/max            │ 10.768045    │
│ train/advantage/mean           │ 0.567142     │
│ train/advantage/min            │ -0.901397    │
│ train/advantage/std            │ 2.966486     │
│ train/beta/mean                │ 1.177923     │
│ train/beta/std                 │ 0.356049     │
│ train/correctness/mean         │ 0.375000     │
│ train/correctness/rate         │ 0.375000     │
│ train/ensemble/frac_high_disa… │ 0.000000     │
│ train/ensemble/max_token_disa… │ nan          │
│ train/ensemble/member_logprob… │ 0.000000     │
│ train/ensemble/member_logprob… │ nan          │
│ train/gamma_eff/mean           │ 0.000000     │
│ train/gen/num_tokens/max       │ 14400.000000 │
│ train/gen/num_tokens/mean      │ 10913.395833 │
│ train/gen/num_tokens/std       │ 1561.898801  │
│ train/loss                     │ -0.567269    │
│ train/nnm_loss                 │ 0.000000     │
│ train/nnm_nuclear_norm         │ 0.000000     │
│ train/num_groups               │ 6.000000     │
│ train/num_rollouts             │ 48.000000    │
│ train/num_rollouts_total       │ 48.000000    │
│ train/reward/exec/best         │ 2.621305     │
│ train/reward/exec/max          │ 2.621305     │
│ train/reward/exec/mean         │ 0.517410     │
│ train/reward/exec/min          │ 0.000000     │
│ train/reward/exec/std          │ 1.011595     │
│ train/reward/rmi/max           │ 0.000000     │
│ train/reward/rmi/mean          │ 0.000000     │
│ train/reward/rmi/min           │ 0.000000     │
│ train/reward/rmi/std           │ 0.000000     │
│ train/reward/total/best        │ 2.621305     │
│ train/reward/total/max         │ 2.621305     │
│ train/reward/total/mean        │ 0.517410     │
│ train/reward/total/min         │ 0.000000     │
│ train/reward/total/std         │ 1.011595     │
│ train/streaming_mi/stop_rate   │ 0.000000     │
│ train/streaming_mi/tokens_sav… │ 0.000000     │
│ train/streaming_mi/tokens_sav… │ 0.000000     │
│ train/two_phase/phase1_tokens… │ 10913.395833 │
│ train/two_phase/phase2_tokens… │ 0.000000     │
│ train/two_phase/prefill_rate   │ 0.000000     │
│ train/uncertainty/predictive_… │ 0.000000     │
│ train/uncertainty/predictive_… │ 0.000000     │
│ train/uncertainty/predictive_… │ 0.000000     │
│ train/uncertainty/predictive_… │ 0.000000     │
│ train/uncertainty/predictive_… │ 0.000000     │
│ train/uncertainty/predictive_… │ 0.000000     │
│ train/uncertainty/predictive_… │ 0.000000     │
│ train/uncertainty/predictive_… │ 0.000000     │
│ train/uncertainty/rmi/max      │ 0.000000     │
│ train/uncertainty/rmi/mean     │ 0.000000     │
│ train/uncertainty/rmi/min      │ 0.000000     │
│ train/uncertainty/rmi/std      │ 0.000000     │
│ train/uncertainty/rmi_top7/max │ 0.000000     │
│ train/uncertainty/rmi_top7/me… │ 0.000000     │
│ train/uncertainty/rmi_top7/min │ 0.000000     │
│ train/uncertainty/rmi_top7/std │ 0.000000     │
│ train/uncertainty/top7_mi_cod… │ 0.000000     │
│ train/uncertainty/top7_mi_cod… │ 0.000000     │
│ train/uncertainty/top7_mi_thi… │ 0.000000     │
│ train/uncertainty/top7_mi_thi… │ 0.000000     │
│ train/uncertainty/top7_pct_co… │ 0.000000     │
│ train/uncertainty/top7_pct_co… │ 0.000000     │
│ train/uncertainty/top7_pct_th… │ 1.000000     │
│ train/uncertainty/top7_pct_th… │ 0.000000     │
│ train/uncertainty/true_mi/max  │ 0.000000     │
│ train/uncertainty/true_mi/mean │ 0.000000     │
│ train/uncertainty/true_mi/min  │ 0.000000     │
│ train/uncertainty/true_mi/std  │ 0.000000     │
│ train/uncertainty/variance/max │ nan          │
│ train/uncertainty/variance/me… │ nan          │
│ train/uncertainty/variance/min │ nan          │
│ train/uncertainty/variance/std │ nan          │
│ train/uncertainty/variance_to… │ nan          │
│ train/uncertainty/variance_to… │ nan          │
│ train/uncertainty/variance_to… │ nan          │
│ train/uncertainty/variance_to… │ nan          │
└────────────────────────────────┴──────────────┘
tinker_cookbook.utils.ml_log:240 [INFO] Logging to: https://wandb.ai/kriaz-msee20seecs-nust/ugttt-rebuttal/runs/j5vhm83n
__main__:2062 [INFO] [Epoch 0] R_exec=0.5174 (max=2.6213 best=2.6213) RMI=0.0000 beta=1.18 corr=37.5% loss=-0.5673 groups=6/8 time=10050.3s
__main__:1836 [INFO] [Epoch 1/6] Starting rollout phase: 8 groups × 8 rollouts
tinker_cookbook.rl.ensemble:1082 [INFO]   generate_batch_multi_adapter_two_phase: N=8 phase1_max=26000 streaming_mi=False kv_q=False
tinker_cookbook.rl.ensemble:1270 [INFO]     [gen/p1] step=2048/24131 active=8/8 mi_stopped=0
tinker_cookbook.rl.ensemble:1270 [INFO]     [gen/p1] step=4096/24131 active=8/8 mi_stopped=0
tinker_cookbook.rl.ensemble:1270 [INFO]     [gen/p1] step=6144/24131 active=8/8 mi_stopped=0
tinker_cookbook.rl.ensemble:1270 [INFO]     [gen/p1] step=8192/24131 active=8/8 mi_stopped=0
tinker_cookbook.rl.ensemble:1270 [INFO]     [gen/p1] step=10240/24131 active=4/8 mi_stopped=0
__main__:1078 [INFO]   Group 0: multi-adapter generation 8 seqs in 1027.2s
__main__:1108 [INFO]   Group 0: rewards computed in 143.9s
__main__:1150 [INFO]     [g0][r1/8] adapter=0 R_exec=2.1667 true_MI=0.00000 RMI=0.0000 R_total=2.1667 correct=1 tokens=12104
__main__:1150 [INFO]     [g0][r2/8] adapter=0 R_exec=2.6198 true_MI=0.00000 RMI=0.0000 R_total=2.6198 correct=1 tokens=9822
__main__:1150 [INFO]     [g0][r3/8] adapter=0 R_exec=2.5917 true_MI=0.00000 RMI=0.0000 R_total=2.5917 correct=1 tokens=11311
__main__:1150 [INFO]     [g0][r4/8] adapter=0 R_exec=0.0000 true_MI=0.00000 RMI=0.0000 R_total=0.0000 correct=0 tokens=8419
__main__:1150 [INFO]     [g0][r5/8] adapter=0 R_exec=0.0000 true_MI=0.00000 RMI=0.0000 R_total=0.0000 correct=0 tokens=10284
__main__:1150 [INFO]     [g0][r6/8] adapter=0 R_exec=0.0000 true_MI=0.00000 RMI=0.0000 R_total=0.0000 correct=0 tokens=10029
__main__:1150 [INFO]     [g0][r7/8] adapter=0 R_exec=0.0000 true_MI=0.00000 RMI=0.0000 R_total=0.0000 correct=0 tokens=11348
__main__:1150 [INFO]     [g0][r8/8] adapter=0 R_exec=0.0000 true_MI=0.00000 RMI=0.0000 R_total=0.0000 correct=0 tokens=8519
__main__:1167 [INFO]   [g0] group true_MI: mean=0.00000 std=0.00000 max=0.00000 normalized=[0.00 0.00 0.00 0.00 0.00 0.00 0.00 0.00]
tinker_cookbook.utils.ml_log:143 [INFO] Wrote metrics to logs/aws/wave1-rerun/cp26-base-seed3/metrics.jsonl
tinker_cookbook.utils.ml_log:240 [INFO] Logging to: https://wandb.ai/kriaz-msee20seecs-nust/ugttt-rebuttal/runs/j5vhm83n
tinker_cookbook.utils.ml_log:143 [INFO] Wrote metrics to logs/aws/wave1-rerun/cp26-base-seed3/metrics.jsonl
tinker_cookbook.utils.ml_log:240 [INFO] Logging to: https://wandb.ai/kriaz-msee20seecs-nust/ugttt-rebuttal/runs/j5vhm83n
tinker_cookbook.utils.ml_log:143 [INFO] Wrote metrics to logs/aws/wave1-rerun/cp26-base-seed3/metrics.jsonl
tinker_cookbook.utils.ml_log:240 [INFO] Logging to: https://wandb.ai/kriaz-msee20seecs-nust/ugttt-rebuttal/runs/j5vhm83n
tinker_cookbook.utils.ml_log:143 [INFO] Wrote metrics to logs/aws/wave1-rerun/cp26-base-seed3/metrics.jsonl
tinker_cookbook.utils.ml_log:240 [INFO] Logging to: https://wandb.ai/kriaz-msee20seecs-nust/ugttt-rebuttal/runs/j5vhm83n
tinker_cookbook.utils.ml_log:143 [INFO] Wrote metrics to logs/aws/wave1-rerun/cp26-base-seed3/metrics.jsonl
tinker_cookbook.utils.ml_log:240 [INFO] Logging to: https://wandb.ai/kriaz-msee20seecs-nust/ugttt-rebuttal/runs/j5vhm83n
tinker_cookbook.utils.ml_log:143 [INFO] Wrote metrics to logs/aws/wave1-rerun/cp26-base-seed3/metrics.jsonl
tinker_cookbook.utils.ml_log:240 [INFO] Logging to: https://wandb.ai/kriaz-msee20seecs-nust/ugttt-rebuttal/runs/j5vhm83n
tinker_cookbook.utils.ml_log:143 [INFO] Wrote metrics to logs/aws/wave1-rerun/cp26-base-seed3/metrics.jsonl
tinker_cookbook.utils.ml_log:240 [INFO] Logging to: https://wandb.ai/kriaz-msee20seecs-nust/ugttt-rebuttal/runs/j5vhm83n
tinker_cookbook.utils.ml_log:143 [INFO] Wrote metrics to logs/aws/wave1-rerun/cp26-base-seed3/metrics.jsonl
tinker_cookbook.utils.ml_log:240 [INFO] Logging to: https://wandb.ai/kriaz-msee20seecs-nust/ugttt-rebuttal/runs/j5vhm83n
__main__:1949 [INFO]   [1][1/8] KEPT | R_exec=0.9223 (max=2.6198) RMI=0.0000 R_total=0.9223 | 1171.2s | GPU: 18.1/60.7GB
tinker_cookbook.utils.ml_log:143 [INFO] Wrote metrics to logs/aws/wave1-rerun/cp26-base-seed3/metrics.jsonl
tinker_cookbook.utils.ml_log:240 [INFO] Logging to: https://wandb.ai/kriaz-msee20seecs-nust/ugttt-rebuttal/runs/j5vhm83n
tinker_cookbook.rl.ensemble:1082 [INFO]   generate_batch_multi_adapter_two_phase: N=8 phase1_max=26000 streaming_mi=False kv_q=False
tinker_cookbook.rl.ensemble:1270 [INFO]     [gen/p1] step=2048/24273 active=8/8 mi_stopped=0
tinker_cookbook.rl.ensemble:1270 [INFO]     [gen/p1] step=4096/24273 active=8/8 mi_stopped=0
tinker_cookbook.rl.ensemble:1270 [INFO]     [gen/p1] step=6144/24273 active=8/8 mi_stopped=0
tinker_cookbook.rl.ensemble:1270 [INFO]     [gen/p1] step=8192/24273 active=8/8 mi_stopped=0
tinker_cookbook.rl.ensemble:1270 [INFO]     [gen/p1] step=10240/24273 active=3/8 mi_stopped=0
__main__:1078 [INFO]   Group 1: multi-adapter generation 8 seqs in 960.6s
__main__:1108 [INFO]   Group 1: rewards computed in 29.1s
__main__:1150 [INFO]     [g1][r1/8] adapter=0 R_exec=2.5890 true_MI=0.00000 RMI=0.0000 R_total=2.5890 correct=1 tokens=8651
__main__:1150 [INFO]     [g1][r2/8] adapter=0 R_exec=2.5804 true_MI=0.00000 RMI=0.0000 R_total=2.5804 correct=1 tokens=8283
__main__:1150 [INFO]     [g1][r3/8] adapter=0 R_exec=0.0000 true_MI=0.00000 RMI=0.0000 R_total=0.0000 correct=0 tokens=10346
__main__:1150 [INFO]     [g1][r4/8] adapter=0 R_exec=0.0000 true_MI=0.00000 RMI=0.0000 R_total=0.0000 correct=0 tokens=8921
__main__:1150 [INFO]     [g1][r5/8] adapter=0 R_exec=2.5886 true_MI=0.00000 RMI=0.0000 R_total=2.5886 correct=1 tokens=9603
__main__:1150 [INFO]     [g1][r6/8] adapter=0 R_exec=2.6042 true_MI=0.00000 RMI=0.0000 R_total=2.6042 correct=1 tokens=11191
__main__:1150 [INFO]     [g1][r7/8] adapter=0 R_exec=2.6095 true_MI=0.00000 RMI=0.0000 R_total=2.6095 correct=1 tokens=11660
__main__:1150 [INFO]     [g1][r8/8] adapter=0 R_exec=2.6095 true_MI=0.00000 RMI=0.0000 R_total=2.6095 correct=1 tokens=10093
__main__:1167 [INFO]   [g1] group true_MI: mean=0.00000 std=0.00000 max=0.00000 normalized=[0.00 0.00 0.00 0.00 0.00 0.00 0.00 0.00]
tinker_cookbook.utils.ml_log:143 [INFO] Wrote metrics to logs/aws/wave1-rerun/cp26-base-seed3/metrics.jsonl
tinker_cookbook.utils.ml_log:240 [INFO] Logging to: https://wandb.ai/kriaz-msee20seecs-nust/ugttt-rebuttal/runs/j5vhm83n
tinker_cookbook.utils.ml_log:143 [INFO] Wrote metrics to logs/aws/wave1-rerun/cp26-base-seed3/metrics.jsonl
tinker_cookbook.utils.ml_log:240 [INFO] Logging to: https://wandb.ai/kriaz-msee20seecs-nust/ugttt-rebuttal/runs/j5vhm83n
tinker_cookbook.utils.ml_log:143 [INFO] Wrote metrics to logs/aws/wave1-rerun/cp26-base-seed3/metrics.jsonl
tinker_cookbook.utils.ml_log:240 [INFO] Logging to: https://wandb.ai/kriaz-msee20seecs-nust/ugttt-rebuttal/runs/j5vhm83n
tinker_cookbook.utils.ml_log:143 [INFO] Wrote metrics to logs/aws/wave1-rerun/cp26-base-seed3/metrics.jsonl
tinker_cookbook.utils.ml_log:240 [INFO] Logging to: https://wandb.ai/kriaz-msee20seecs-nust/ugttt-rebuttal/runs/j5vhm83n
tinker_cookbook.utils.ml_log:143 [INFO] Wrote metrics to logs/aws/wave1-rerun/cp26-base-seed3/metrics.jsonl
tinker_cookbook.utils.ml_log:240 [INFO] Logging to: https://wandb.ai/kriaz-msee20seecs-nust/ugttt-rebuttal/runs/j5vhm83n
tinker_cookbook.utils.ml_log:143 [INFO] Wrote metrics to logs/aws/wave1-rerun/cp26-base-seed3/metrics.jsonl
tinker_cookbook.utils.ml_log:240 [INFO] Logging to: https://wandb.ai/kriaz-msee20seecs-nust/ugttt-rebuttal/runs/j5vhm83n
tinker_cookbook.utils.ml_log:143 [INFO] Wrote metrics to logs/aws/wave1-rerun/cp26-base-seed3/metrics.jsonl
tinker_cookbook.utils.ml_log:240 [INFO] Logging to: https://wandb.ai/kriaz-msee20seecs-nust/ugttt-rebuttal/runs/j5vhm83n
tinker_cookbook.utils.ml_log:143 [INFO] Wrote metrics to logs/aws/wave1-rerun/cp26-base-seed3/metrics.jsonl
tinker_cookbook.utils.ml_log:240 [INFO] Logging to: https://wandb.ai/kriaz-msee20seecs-nust/ugttt-rebuttal/runs/j5vhm83n
__main__:1949 [INFO]   [1][2/8] KEPT | R_exec=1.9477 (max=2.6095) RMI=0.0000 R_total=1.9477 | 989.8s | GPU: 18.1/60.4GB
tinker_cookbook.utils.ml_log:143 [INFO] Wrote metrics to logs/aws/wave1-rerun/cp26-base-seed3/metrics.jsonl
tinker_cookbook.utils.ml_log:240 [INFO] Logging to: https://wandb.ai/kriaz-msee20seecs-nust/ugttt-rebuttal/runs/j5vhm83n
tinker_cookbook.rl.ensemble:1082 [INFO]   generate_batch_multi_adapter_two_phase: N=8 phase1_max=26000 streaming_mi=False kv_q=False
tinker_cookbook.rl.ensemble:1270 [INFO]     [gen/p1] step=2048/24238 active=8/8 mi_stopped=0
tinker_cookbook.rl.ensemble:1270 [INFO]     [gen/p1] step=4096/24238 active=8/8 mi_stopped=0
tinker_cookbook.rl.ensemble:1270 [INFO]     [gen/p1] step=6144/24238 active=8/8 mi_stopped=0
tinker_cookbook.rl.ensemble:1270 [INFO]     [gen/p1] step=8192/24238 active=7/8 mi_stopped=0
tinker_cookbook.rl.ensemble:1270 [INFO]     [gen/p1] step=10240/24238 active=2/8 mi_stopped=0
tinker_cookbook.rl.ensemble:1270 [INFO]     [gen/p1] step=12288/24238 active=1/8 mi_stopped=0
__main__:1078 [INFO]   Group 2: multi-adapter generation 8 seqs in 1126.6s
__main__:1108 [INFO]   Group 2: rewards computed in 1005.2s
__main__:1150 [INFO]     [g2][r1/8] adapter=0 R_exec=2.5828 true_MI=0.00000 RMI=0.0000 R_total=2.5828 correct=1 tokens=6200
__main__:1150 [INFO]     [g2][r2/8] adapter=0 R_exec=0.0000 true_MI=0.00000 RMI=0.0000 R_total=0.0000 correct=0 tokens=10715
__main__:1150 [INFO]     [g2][r3/8] adapter=0 R_exec=2.5992 true_MI=0.00000 RMI=0.0000 R_total=2.5992 correct=1 tokens=8607
__main__:1150 [INFO]     [g2][r4/8] adapter=0 R_exec=0.0000 true_MI=0.00000 RMI=0.0000 R_total=0.0000 correct=0 tokens=8844
__main__:1150 [INFO]     [g2][r5/8] adapter=0 R_exec=2.5828 true_MI=0.00000 RMI=0.0000 R_total=2.5828 correct=1 tokens=9088
__main__:1150 [INFO]     [g2][r6/8] adapter=0 R_exec=2.5980 true_MI=0.00000 RMI=0.0000 R_total=2.5980 correct=1 tokens=9349
__main__:1150 [INFO]     [g2][r7/8] adapter=0 R_exec=2.5893 true_MI=0.00000 RMI=0.0000 R_total=2.5893 correct=1 tokens=12913
__main__:1150 [INFO]     [g2][r8/8] adapter=0 R_exec=0.0000 true_MI=0.00000 RMI=0.0000 R_total=0.0000 correct=0 tokens=8998
__main__:1167 [INFO]   [g2] group true_MI: mean=0.00000 std=0.00000 max=0.00000 normalized=[0.00 0.00 0.00 0.00 0.00 0.00 0.00 0.00]
tinker_cookbook.utils.ml_log:143 [INFO] Wrote metrics to logs/aws/wave1-rerun/cp26-base-seed3/metrics.jsonl
tinker_cookbook.utils.ml_log:240 [INFO] Logging to: https://wandb.ai/kriaz-msee20seecs-nust/ugttt-rebuttal/runs/j5vhm83n
tinker_cookbook.utils.ml_log:143 [INFO] Wrote metrics to logs/aws/wave1-rerun/cp26-base-seed3/metrics.jsonl
tinker_cookbook.utils.ml_log:240 [INFO] Logging to: https://wandb.ai/kriaz-msee20seecs-nust/ugttt-rebuttal/runs/j5vhm83n
tinker_cookbook.utils.ml_log:143 [INFO] Wrote metrics to logs/aws/wave1-rerun/cp26-base-seed3/metrics.jsonl
tinker_cookbook.utils.ml_log:240 [INFO] Logging to: https://wandb.ai/kriaz-msee20seecs-nust/ugttt-rebuttal/runs/j5vhm83n
tinker_cookbook.utils.ml_log:143 [INFO] Wrote metrics to logs/aws/wave1-rerun/cp26-base-seed3/metrics.jsonl
tinker_cookbook.utils.ml_log:240 [INFO] Logging to: https://wandb.ai/kriaz-msee20seecs-nust/ugttt-rebuttal/runs/j5vhm83n
tinker_cookbook.utils.ml_log:143 [INFO] Wrote metrics to logs/aws/wave1-rerun/cp26-base-seed3/metrics.jsonl
tinker_cookbook.utils.ml_log:240 [INFO] Logging to: https://wandb.ai/kriaz-msee20seecs-nust/ugttt-rebuttal/runs/j5vhm83n
tinker_cookbook.utils.ml_log:143 [INFO] Wrote metrics to logs/aws/wave1-rerun/cp26-base-seed3/metrics.jsonl
tinker_cookbook.utils.ml_log:240 [INFO] Logging to: https://wandb.ai/kriaz-msee20seecs-nust/ugttt-rebuttal/runs/j5vhm83n
tinker_cookbook.utils.ml_log:143 [INFO] Wrote metrics to logs/aws/wave1-rerun/cp26-base-seed3/metrics.jsonl
tinker_cookbook.utils.ml_log:240 [INFO] Logging to: https://wandb.ai/kriaz-msee20seecs-nust/ugttt-rebuttal/runs/j5vhm83n
tinker_cookbook.utils.ml_log:143 [INFO] Wrote metrics to logs/aws/wave1-rerun/cp26-base-seed3/metrics.jsonl
tinker_cookbook.utils.ml_log:240 [INFO] Logging to: https://wandb.ai/kriaz-msee20seecs-nust/ugttt-rebuttal/runs/j5vhm83n
__main__:1949 [INFO]   [1][3/8] KEPT | R_exec=1.6190 (max=2.5992) RMI=0.0000 R_total=1.6190 | 2131.9s | GPU: 18.1/60.6GB
tinker_cookbook.utils.ml_log:143 [INFO] Wrote metrics to logs/aws/wave1-rerun/cp26-base-seed3/metrics.jsonl
tinker_cookbook.utils.ml_log:240 [INFO] Logging to: https://wandb.ai/kriaz-msee20seecs-nust/ugttt-rebuttal/runs/j5vhm83n
tinker_cookbook.rl.ensemble:1082 [INFO]   generate_batch_multi_adapter_two_phase: N=8 phase1_max=26000 streaming_mi=False kv_q=False
tinker_cookbook.rl.ensemble:1270 [INFO]     [gen/p1] step=2048/24000 active=8/8 mi_stopped=0
tinker_cookbook.rl.ensemble:1270 [INFO]     [gen/p1] step=4096/24000 active=8/8 mi_stopped=0
tinker_cookbook.rl.ensemble:1270 [INFO]     [gen/p1] step=6144/24000 active=8/8 mi_stopped=0
tinker_cookbook.rl.ensemble:1270 [INFO]     [gen/p1] step=8192/24000 active=8/8 mi_stopped=0
tinker_cookbook.rl.ensemble:1270 [INFO]     [gen/p1] step=10240/24000 active=4/8 mi_stopped=0
tinker_cookbook.rl.ensemble:1270 [INFO]     [gen/p1] step=12288/24000 active=2/8 mi_stopped=0
__main__:1078 [INFO]   Group 3: multi-adapter generation 8 seqs in 1248.3s
__main__:1108 [INFO]   Group 3: rewards computed in 3.0s
__main__:1150 [INFO]     [g3][r1/8] adapter=0 R_exec=2.5645 true_MI=0.00000 RMI=0.0000 R_total=2.5645 correct=1 tokens=11733
__main__:1150 [INFO]     [g3][r2/8] adapter=0 R_exec=0.0000 true_MI=0.00000 RMI=0.0000 R_total=0.0000 correct=0 tokens=8194
__main__:1150 [INFO]     [g3][r3/8] adapter=0 R_exec=0.0000 true_MI=0.00000 RMI=0.0000 R_total=0.0000 correct=0 tokens=9562
__main__:1150 [INFO]     [g3][r4/8] adapter=0 R_exec=2.5893 true_MI=0.00000 RMI=0.0000 R_total=2.5893 correct=1 tokens=13124
__main__:1150 [INFO]     [g3][r5/8] adapter=0 R_exec=0.0000 true_MI=0.00000 RMI=0.0000 R_total=0.0000 correct=0 tokens=10966
__main__:1150 [INFO]     [g3][r6/8] adapter=0 R_exec=0.0000 true_MI=0.00000 RMI=0.0000 R_total=0.0000 correct=0 tokens=9674
__main__:1150 [INFO]     [g3][r7/8] adapter=0 R_exec=0.0000 true_MI=0.00000 RMI=0.0000 R_total=0.0000 correct=0 tokens=10231
__main__:1150 [INFO]     [g3][r8/8] adapter=0 R_exec=0.0000 true_MI=0.00000 RMI=0.0000 R_total=0.0000 correct=0 tokens=13709
__main__:1167 [INFO]   [g3] group true_MI: mean=0.00000 std=0.00000 max=0.00000 normalized=[0.00 0.00 0.00 0.00 0.00 0.00 0.00 0.00]
tinker_cookbook.utils.ml_log:143 [INFO] Wrote metrics to logs/aws/wave1-rerun/cp26-base-seed3/metrics.jsonl
tinker_cookbook.utils.ml_log:240 [INFO] Logging to: https://wandb.ai/kriaz-msee20seecs-nust/ugttt-rebuttal/runs/j5vhm83n
tinker_cookbook.utils.ml_log:143 [INFO] Wrote metrics to logs/aws/wave1-rerun/cp26-base-seed3/metrics.jsonl
tinker_cookbook.utils.ml_log:240 [INFO] Logging to: https://wandb.ai/kriaz-msee20seecs-nust/ugttt-rebuttal/runs/j5vhm83n
tinker_cookbook.utils.ml_log:143 [INFO] Wrote metrics to logs/aws/wave1-rerun/cp26-base-seed3/metrics.jsonl
tinker_cookbook.utils.ml_log:240 [INFO] Logging to: https://wandb.ai/kriaz-msee20seecs-nust/ugttt-rebuttal/runs/j5vhm83n
tinker_cookbook.utils.ml_log:143 [INFO] Wrote metrics to logs/aws/wave1-rerun/cp26-base-seed3/metrics.jsonl
tinker_cookbook.utils.ml_log:240 [INFO] Logging to: https://wandb.ai/kriaz-msee20seecs-nust/ugttt-rebuttal/runs/j5vhm83n
tinker_cookbook.utils.ml_log:143 [INFO] Wrote metrics to logs/aws/wave1-rerun/cp26-base-seed3/metrics.jsonl
tinker_cookbook.utils.ml_log:240 [INFO] Logging to: https://wandb.ai/kriaz-msee20seecs-nust/ugttt-rebuttal/runs/j5vhm83n
tinker_cookbook.utils.ml_log:143 [INFO] Wrote metrics to logs/aws/wave1-rerun/cp26-base-seed3/metrics.jsonl
tinker_cookbook.utils.ml_log:240 [INFO] Logging to: https://wandb.ai/kriaz-msee20seecs-nust/ugttt-rebuttal/runs/j5vhm83n
tinker_cookbook.utils.ml_log:143 [INFO] Wrote metrics to logs/aws/wave1-rerun/cp26-base-seed3/metrics.jsonl
tinker_cookbook.utils.ml_log:240 [INFO] Logging to: https://wandb.ai/kriaz-msee20seecs-nust/ugttt-rebuttal/runs/j5vhm83n
tinker_cookbook.utils.ml_log:143 [INFO] Wrote metrics to logs/aws/wave1-rerun/cp26-base-seed3/metrics.jsonl
tinker_cookbook.utils.ml_log:240 [INFO] Logging to: https://wandb.ai/kriaz-msee20seecs-nust/ugttt-rebuttal/runs/j5vhm83n
__main__:1949 [INFO]   [1][4/8] KEPT | R_exec=0.6442 (max=2.5893) RMI=0.0000 R_total=0.6442 | 1251.4s | GPU: 18.1/61.2GB
tinker_cookbook.utils.ml_log:143 [INFO] Wrote metrics to logs/aws/wave1-rerun/cp26-base-seed3/metrics.jsonl
tinker_cookbook.utils.ml_log:240 [INFO] Logging to: https://wandb.ai/kriaz-msee20seecs-nust/ugttt-rebuttal/runs/j5vhm83n
tinker_cookbook.rl.ensemble:1082 [INFO]   generate_batch_multi_adapter_two_phase: N=8 phase1_max=26000 streaming_mi=False kv_q=False
tinker_cookbook.rl.ensemble:1270 [INFO]     [gen/p1] step=2048/24259 active=8/8 mi_stopped=0
tinker_cookbook.rl.ensemble:1270 [INFO]     [gen/p1] step=4096/24259 active=8/8 mi_stopped=0
tinker_cookbook.rl.ensemble:1270 [INFO]     [gen/p1] step=6144/24259 active=8/8 mi_stopped=0
tinker_cookbook.rl.ensemble:1270 [INFO]     [gen/p1] step=8192/24259 active=7/8 mi_stopped=0
tinker_cookbook.rl.ensemble:1270 [INFO]     [gen/p1] step=10240/24259 active=1/8 mi_stopped=0
__main__:1078 [INFO]   Group 4: multi-adapter generation 8 seqs in 803.0s
__main__:1108 [INFO]   Group 4: rewards computed in 4.5s
__main__:1150 [INFO]     [g4][r1/8] adapter=0 R_exec=2.6032 true_MI=0.00000 RMI=0.0000 R_total=2.6032 correct=1 tokens=8677
__main__:1150 [INFO]     [g4][r2/8] adapter=0 R_exec=0.0000 true_MI=0.00000 RMI=0.0000 R_total=0.0000 correct=0 tokens=10059
__main__:1150 [INFO]     [g4][r3/8] adapter=0 R_exec=0.0000 true_MI=0.00000 RMI=0.0000 R_total=0.0000 correct=0 tokens=10026
__main__:1150 [INFO]     [g4][r4/8] adapter=0 R_exec=2.6181 true_MI=0.00000 RMI=0.0000 R_total=2.6181 correct=1 tokens=8681
__main__:1150 [INFO]     [g4][r5/8] adapter=0 R_exec=0.0000 true_MI=0.00000 RMI=0.0000 R_total=0.0000 correct=0 tokens=10277
__main__:1150 [INFO]     [g4][r6/8] adapter=0 R_exec=0.0000 true_MI=0.00000 RMI=0.0000 R_total=0.0000 correct=0 tokens=8877
__main__:1150 [INFO]     [g4][r7/8] adapter=0 R_exec=0.0000 true_MI=0.00000 RMI=0.0000 R_total=0.0000 correct=0 tokens=8081
__main__:1150 [INFO]     [g4][r8/8] adapter=0 R_exec=0.0000 true_MI=0.00000 RMI=0.0000 R_total=0.0000 correct=0 tokens=9626
__main__:1167 [INFO]   [g4] group true_MI: mean=0.00000 std=0.00000 max=0.00000 normalized=[0.00 0.00 0.00 0.00 0.00 0.00 0.00 0.00]
tinker_cookbook.utils.ml_log:143 [INFO] Wrote metrics to logs/aws/wave1-rerun/cp26-base-seed3/metrics.jsonl
tinker_cookbook.utils.ml_log:240 [INFO] Logging to: https://wandb.ai/kriaz-msee20seecs-nust/ugttt-rebuttal/runs/j5vhm83n
tinker_cookbook.utils.ml_log:143 [INFO] Wrote metrics to logs/aws/wave1-rerun/cp26-base-seed3/metrics.jsonl
tinker_cookbook.utils.ml_log:240 [INFO] Logging to: https://wandb.ai/kriaz-msee20seecs-nust/ugttt-rebuttal/runs/j5vhm83n
tinker_cookbook.utils.ml_log:143 [INFO] Wrote metrics to logs/aws/wave1-rerun/cp26-base-seed3/metrics.jsonl
tinker_cookbook.utils.ml_log:240 [INFO] Logging to: https://wandb.ai/kriaz-msee20seecs-nust/ugttt-rebuttal/runs/j5vhm83n
tinker_cookbook.utils.ml_log:143 [INFO] Wrote metrics to logs/aws/wave1-rerun/cp26-base-seed3/metrics.jsonl
tinker_cookbook.utils.ml_log:240 [INFO] Logging to: https://wandb.ai/kriaz-msee20seecs-nust/ugttt-rebuttal/runs/j5vhm83n
tinker_cookbook.utils.ml_log:143 [INFO] Wrote metrics to logs/aws/wave1-rerun/cp26-base-seed3/metrics.jsonl
tinker_cookbook.utils.ml_log:240 [INFO] Logging to: https://wandb.ai/kriaz-msee20seecs-nust/ugttt-rebuttal/runs/j5vhm83n
tinker_cookbook.utils.ml_log:143 [INFO] Wrote metrics to logs/aws/wave1-rerun/cp26-base-seed3/metrics.jsonl
tinker_cookbook.utils.ml_log:240 [INFO] Logging to: https://wandb.ai/kriaz-msee20seecs-nust/ugttt-rebuttal/runs/j5vhm83n
tinker_cookbook.utils.ml_log:143 [INFO] Wrote metrics to logs/aws/wave1-rerun/cp26-base-seed3/metrics.jsonl
tinker_cookbook.utils.ml_log:240 [INFO] Logging to: https://wandb.ai/kriaz-msee20seecs-nust/ugttt-rebuttal/runs/j5vhm83n
tinker_cookbook.utils.ml_log:143 [INFO] Wrote metrics to logs/aws/wave1-rerun/cp26-base-seed3/metrics.jsonl
tinker_cookbook.utils.ml_log:240 [INFO] Logging to: https://wandb.ai/kriaz-msee20seecs-nust/ugttt-rebuttal/runs/j5vhm83n
__main__:1949 [INFO]   [1][5/8] KEPT | R_exec=0.6527 (max=2.6181) RMI=0.0000 R_total=0.6527 | 807.6s | GPU: 18.1/60.2GB
tinker_cookbook.utils.ml_log:143 [INFO] Wrote metrics to logs/aws/wave1-rerun/cp26-base-seed3/metrics.jsonl
tinker_cookbook.utils.ml_log:240 [INFO] Logging to: https://wandb.ai/kriaz-msee20seecs-nust/ugttt-rebuttal/runs/j5vhm83n
tinker_cookbook.rl.ensemble:1082 [INFO]   generate_batch_multi_adapter_two_phase: N=8 phase1_max=26000 streaming_mi=False kv_q=False
tinker_cookbook.rl.ensemble:1270 [INFO]     [gen/p1] step=2048/24095 active=8/8 mi_stopped=0
tinker_cookbook.rl.ensemble:1270 [INFO]     [gen/p1] step=4096/24095 active=8/8 mi_stopped=0
tinker_cookbook.rl.ensemble:1270 [INFO]     [gen/p1] step=6144/24095 active=8/8 mi_stopped=0
tinker_cookbook.rl.ensemble:1270 [INFO]     [gen/p1] step=8192/24095 active=8/8 mi_stopped=0
tinker_cookbook.rl.ensemble:1270 [INFO]     [gen/p1] step=10240/24095 active=4/8 mi_stopped=0
tinker_cookbook.rl.ensemble:1270 [INFO]     [gen/p1] step=12288/24095 active=2/8 mi_stopped=0
__main__:1078 [INFO]   Group 5: multi-adapter generation 8 seqs in 1136.7s
__main__:1108 [INFO]   Group 5: rewards computed in 3.8s
__main__:1150 [INFO]     [g5][r1/8] adapter=0 R_exec=0.0000 true_MI=0.00000 RMI=0.0000 R_total=0.0000 correct=0 tokens=9318
__main__:1150 [INFO]     [g5][r2/8] adapter=0 R_exec=0.0000 true_MI=0.00000 RMI=0.0000 R_total=0.0000 correct=0 tokens=10039
__main__:1150 [INFO]     [g5][r3/8] adapter=0 R_exec=0.0000 true_MI=0.00000 RMI=0.0000 R_total=0.0000 correct=0 tokens=12507
__main__:1150 [INFO]     [g5][r4/8] adapter=0 R_exec=0.0000 true_MI=0.00000 RMI=0.0000 R_total=0.0000 correct=0 tokens=10777
__main__:1150 [INFO]     [g5][r5/8] adapter=0 R_exec=0.0000 true_MI=0.00000 RMI=0.0000 R_total=0.0000 correct=0 tokens=9916
__main__:1150 [INFO]     [g5][r6/8] adapter=0 R_exec=0.0000 true_MI=0.00000 RMI=0.0000 R_total=0.0000 correct=0 tokens=10954
__main__:1150 [INFO]     [g5][r7/8] adapter=0 R_exec=0.0000 true_MI=0.00000 RMI=0.0000 R_total=0.0000 correct=0 tokens=9901
__main__:1150 [INFO]     [g5][r8/8] adapter=0 R_exec=2.5337 true_MI=0.00000 RMI=0.0000 R_total=2.5337 correct=1 tokens=12910
__main__:1167 [INFO]   [g5] group true_MI: mean=0.00000 std=0.00000 max=0.00000 normalized=[0.00 0.00 0.00 0.00 0.00 0.00 0.00 0.00]
tinker_cookbook.utils.ml_log:143 [INFO] Wrote metrics to logs/aws/wave1-rerun/cp26-base-seed3/metrics.jsonl
tinker_cookbook.utils.ml_log:240 [INFO] Logging to: https://wandb.ai/kriaz-msee20seecs-nust/ugttt-rebuttal/runs/j5vhm83n
tinker_cookbook.utils.ml_log:143 [INFO] Wrote metrics to logs/aws/wave1-rerun/cp26-base-seed3/metrics.jsonl
tinker_cookbook.utils.ml_log:240 [INFO] Logging to: https://wandb.ai/kriaz-msee20seecs-nust/ugttt-rebuttal/runs/j5vhm83n
tinker_cookbook.utils.ml_log:143 [INFO] Wrote metrics to logs/aws/wave1-rerun/cp26-base-seed3/metrics.jsonl
tinker_cookbook.utils.ml_log:240 [INFO] Logging to: https://wandb.ai/kriaz-msee20seecs-nust/ugttt-rebuttal/runs/j5vhm83n
tinker_cookbook.utils.ml_log:143 [INFO] Wrote metrics to logs/aws/wave1-rerun/cp26-base-seed3/metrics.jsonl
tinker_cookbook.utils.ml_log:240 [INFO] Logging to: https://wandb.ai/kriaz-msee20seecs-nust/ugttt-rebuttal/runs/j5vhm83n
tinker_cookbook.utils.ml_log:143 [INFO] Wrote metrics to logs/aws/wave1-rerun/cp26-base-seed3/metrics.jsonl
tinker_cookbook.utils.ml_log:240 [INFO] Logging to: https://wandb.ai/kriaz-msee20seecs-nust/ugttt-rebuttal/runs/j5vhm83n
tinker_cookbook.utils.ml_log:143 [INFO] Wrote metrics to logs/aws/wave1-rerun/cp26-base-seed3/metrics.jsonl
tinker_cookbook.utils.ml_log:240 [INFO] Logging to: https://wandb.ai/kriaz-msee20seecs-nust/ugttt-rebuttal/runs/j5vhm83n
tinker_cookbook.utils.ml_log:143 [INFO] Wrote metrics to logs/aws/wave1-rerun/cp26-base-seed3/metrics.jsonl
tinker_cookbook.utils.ml_log:240 [INFO] Logging to: https://wandb.ai/kriaz-msee20seecs-nust/ugttt-rebuttal/runs/j5vhm83n
tinker_cookbook.utils.ml_log:143 [INFO] Wrote metrics to logs/aws/wave1-rerun/cp26-base-seed3/metrics.jsonl
tinker_cookbook.utils.ml_log:240 [INFO] Logging to: https://wandb.ai/kriaz-msee20seecs-nust/ugttt-rebuttal/runs/j5vhm83n
__main__:1949 [INFO]   [1][6/8] KEPT | R_exec=0.3167 (max=2.5337) RMI=0.0000 R_total=0.3167 | 1140.6s | GPU: 18.1/60.9GB
tinker_cookbook.utils.ml_log:143 [INFO] Wrote metrics to logs/aws/wave1-rerun/cp26-base-seed3/metrics.jsonl
tinker_cookbook.utils.ml_log:240 [INFO] Logging to: https://wandb.ai/kriaz-msee20seecs-nust/ugttt-rebuttal/runs/j5vhm83n
tinker_cookbook.rl.ensemble:1082 [INFO]   generate_batch_multi_adapter_two_phase: N=8 phase1_max=26000 streaming_mi=False kv_q=False
tinker_cookbook.rl.ensemble:1270 [INFO]     [gen/p1] step=2048/24422 active=8/8 mi_stopped=0
tinker_cookbook.rl.ensemble:1270 [INFO]     [gen/p1] step=4096/24422 active=8/8 mi_stopped=0
tinker_cookbook.rl.ensemble:1270 [INFO]     [gen/p1] step=6144/24422 active=8/8 mi_stopped=0
tinker_cookbook.rl.ensemble:1270 [INFO]     [gen/p1] step=8192/24422 active=7/8 mi_stopped=0
tinker_cookbook.rl.ensemble:1270 [INFO]     [gen/p1] step=10240/24422 active=1/8 mi_stopped=0
__main__:1078 [INFO]   Group 6: multi-adapter generation 8 seqs in 926.7s
__main__:1108 [INFO]   Group 6: rewards computed in 122.2s
__main__:1150 [INFO]     [g6][r1/8] adapter=0 R_exec=0.0000 true_MI=0.00000 RMI=0.0000 R_total=0.0000 correct=0 tokens=9502
__main__:1150 [INFO]     [g6][r2/8] adapter=0 R_exec=0.0000 true_MI=0.00000 RMI=0.0000 R_total=0.0000 correct=0 tokens=8633
__main__:1150 [INFO]     [g6][r3/8] adapter=0 R_exec=0.0000 true_MI=0.00000 RMI=0.0000 R_total=0.0000 correct=0 tokens=7982
__main__:1150 [INFO]     [g6][r4/8] adapter=0 R_exec=0.0000 true_MI=0.00000 RMI=0.0000 R_total=0.0000 correct=0 tokens=11483
__main__:1150 [INFO]     [g6][r5/8] adapter=0 R_exec=2.5831 true_MI=0.00000 RMI=0.0000 R_total=2.5831 correct=1 tokens=9789
__main__:1150 [INFO]     [g6][r6/8] adapter=0 R_exec=0.0000 true_MI=0.00000 RMI=0.0000 R_total=0.0000 correct=0 tokens=8779
__main__:1150 [INFO]     [g6][r7/8] adapter=0 R_exec=2.6210 true_MI=0.00000 RMI=0.0000 R_total=2.6210 correct=1 tokens=10047
__main__:1150 [INFO]     [g6][r8/8] adapter=0 R_exec=0.0000 true_MI=0.00000 RMI=0.0000 R_total=0.0000 correct=0 tokens=8963
__main__:1167 [INFO]   [g6] group true_MI: mean=0.00000 std=0.00000 max=0.00000 normalized=[0.00 0.00 0.00 0.00 0.00 0.00 0.00 0.00]
tinker_cookbook.utils.ml_log:143 [INFO] Wrote metrics to logs/aws/wave1-rerun/cp26-base-seed3/metrics.jsonl
tinker_cookbook.utils.ml_log:240 [INFO] Logging to: https://wandb.ai/kriaz-msee20seecs-nust/ugttt-rebuttal/runs/j5vhm83n
tinker_cookbook.utils.ml_log:143 [INFO] Wrote metrics to logs/aws/wave1-rerun/cp26-base-seed3/metrics.jsonl
tinker_cookbook.utils.ml_log:240 [INFO] Logging to: https://wandb.ai/kriaz-msee20seecs-nust/ugttt-rebuttal/runs/j5vhm83n
tinker_cookbook.utils.ml_log:143 [INFO] Wrote metrics to logs/aws/wave1-rerun/cp26-base-seed3/metrics.jsonl
tinker_cookbook.utils.ml_log:240 [INFO] Logging to: https://wandb.ai/kriaz-msee20seecs-nust/ugttt-rebuttal/runs/j5vhm83n
tinker_cookbook.utils.ml_log:143 [INFO] Wrote metrics to logs/aws/wave1-rerun/cp26-base-seed3/metrics.jsonl
tinker_cookbook.utils.ml_log:240 [INFO] Logging to: https://wandb.ai/kriaz-msee20seecs-nust/ugttt-rebuttal/runs/j5vhm83n
tinker_cookbook.utils.ml_log:143 [INFO] Wrote metrics to logs/aws/wave1-rerun/cp26-base-seed3/metrics.jsonl
tinker_cookbook.utils.ml_log:240 [INFO] Logging to: https://wandb.ai/kriaz-msee20seecs-nust/ugttt-rebuttal/runs/j5vhm83n
tinker_cookbook.utils.ml_log:143 [INFO] Wrote metrics to logs/aws/wave1-rerun/cp26-base-seed3/metrics.jsonl
tinker_cookbook.utils.ml_log:240 [INFO] Logging to: https://wandb.ai/kriaz-msee20seecs-nust/ugttt-rebuttal/runs/j5vhm83n
tinker_cookbook.utils.ml_log:143 [INFO] Wrote metrics to logs/aws/wave1-rerun/cp26-base-seed3/metrics.jsonl
tinker_cookbook.utils.ml_log:240 [INFO] Logging to: https://wandb.ai/kriaz-msee20seecs-nust/ugttt-rebuttal/runs/j5vhm83n
tinker_cookbook.utils.ml_log:143 [INFO] Wrote metrics to logs/aws/wave1-rerun/cp26-base-seed3/metrics.jsonl
tinker_cookbook.utils.ml_log:240 [INFO] Logging to: https://wandb.ai/kriaz-msee20seecs-nust/ugttt-rebuttal/runs/j5vhm83n
__main__:1949 [INFO]   [1][7/8] KEPT | R_exec=0.6505 (max=2.6210) RMI=0.0000 R_total=0.6505 | 1049.0s | GPU: 18.1/60.5GB
tinker_cookbook.utils.ml_log:143 [INFO] Wrote metrics to logs/aws/wave1-rerun/cp26-base-seed3/metrics.jsonl
tinker_cookbook.utils.ml_log:240 [INFO] Logging to: https://wandb.ai/kriaz-msee20seecs-nust/ugttt-rebuttal/runs/j5vhm83n
tinker_cookbook.rl.ensemble:1082 [INFO]   generate_batch_multi_adapter_two_phase: N=8 phase1_max=26000 streaming_mi=False kv_q=False
tinker_cookbook.rl.ensemble:1270 [INFO]     [gen/p1] step=2048/23914 active=8/8 mi_stopped=0
tinker_cookbook.rl.ensemble:1270 [INFO]     [gen/p1] step=4096/23914 active=8/8 mi_stopped=0
tinker_cookbook.rl.ensemble:1270 [INFO]     [gen/p1] step=6144/23914 active=8/8 mi_stopped=0
tinker_cookbook.rl.ensemble:1270 [INFO]     [gen/p1] step=8192/23914 active=8/8 mi_stopped=0
tinker_cookbook.rl.ensemble:1270 [INFO]     [gen/p1] step=10240/23914 active=6/8 mi_stopped=0
tinker_cookbook.rl.ensemble:1270 [INFO]     [gen/p1] step=12288/23914 active=1/8 mi_stopped=0
__main__:1078 [INFO]   Group 7: multi-adapter generation 8 seqs in 1118.5s
__main__:1108 [INFO]   Group 7: rewards computed in 4.6s
__main__:1150 [INFO]     [g7][r1/8] adapter=0 R_exec=2.5741 true_MI=0.00000 RMI=0.0000 R_total=2.5741 correct=1 tokens=12686
__main__:1150 [INFO]     [g7][r2/8] adapter=0 R_exec=2.5561 true_MI=0.00000 RMI=0.0000 R_total=2.5561 correct=1 tokens=12221
__main__:1150 [INFO]     [g7][r3/8] adapter=0 R_exec=0.0000 true_MI=0.00000 RMI=0.0000 R_total=0.0000 correct=0 tokens=11193
__main__:1150 [INFO]     [g7][r4/8] adapter=0 R_exec=0.0000 true_MI=0.00000 RMI=0.0000 R_total=0.0000 correct=0 tokens=11571
__main__:1150 [INFO]     [g7][r5/8] adapter=0 R_exec=0.0000 true_MI=0.00000 RMI=0.0000 R_total=0.0000 correct=0 tokens=11284
__main__:1150 [INFO]     [g7][r6/8] adapter=0 R_exec=1.8200 true_MI=0.00000 RMI=0.0000 R_total=1.8200 correct=1 tokens=9818
__main__:1150 [INFO]     [g7][r7/8] adapter=0 R_exec=0.0000 true_MI=0.00000 RMI=0.0000 R_total=0.0000 correct=0 tokens=9024
__main__:1150 [INFO]     [g7][r8/8] adapter=0 R_exec=1.9500 true_MI=0.00000 RMI=0.0000 R_total=1.9500 correct=1 tokens=10865
__main__:1167 [INFO]   [g7] group true_MI: mean=0.00000 std=0.00000 max=0.00000 normalized=[0.00 0.00 0.00 0.00 0.00 0.00 0.00 0.00]
tinker_cookbook.utils.ml_log:143 [INFO] Wrote metrics to logs/aws/wave1-rerun/cp26-base-seed3/metrics.jsonl
tinker_cookbook.utils.ml_log:240 [INFO] Logging to: https://wandb.ai/kriaz-msee20seecs-nust/ugttt-rebuttal/runs/j5vhm83n
tinker_cookbook.utils.ml_log:143 [INFO] Wrote metrics to logs/aws/wave1-rerun/cp26-base-seed3/metrics.jsonl
tinker_cookbook.utils.ml_log:240 [INFO] Logging to: https://wandb.ai/kriaz-msee20seecs-nust/ugttt-rebuttal/runs/j5vhm83n
tinker_cookbook.utils.ml_log:143 [INFO] Wrote metrics to logs/aws/wave1-rerun/cp26-base-seed3/metrics.jsonl
tinker_cookbook.utils.ml_log:240 [INFO] Logging to: https://wandb.ai/kriaz-msee20seecs-nust/ugttt-rebuttal/runs/j5vhm83n
tinker_cookbook.utils.ml_log:143 [INFO] Wrote metrics to logs/aws/wave1-rerun/cp26-base-seed3/metrics.jsonl
tinker_cookbook.utils.ml_log:240 [INFO] Logging to: https://wandb.ai/kriaz-msee20seecs-nust/ugttt-rebuttal/runs/j5vhm83n
tinker_cookbook.utils.ml_log:143 [INFO] Wrote metrics to logs/aws/wave1-rerun/cp26-base-seed3/metrics.jsonl
tinker_cookbook.utils.ml_log:240 [INFO] Logging to: https://wandb.ai/kriaz-msee20seecs-nust/ugttt-rebuttal/runs/j5vhm83n
tinker_cookbook.utils.ml_log:143 [INFO] Wrote metrics to logs/aws/wave1-rerun/cp26-base-seed3/metrics.jsonl
tinker_cookbook.utils.ml_log:240 [INFO] Logging to: https://wandb.ai/kriaz-msee20seecs-nust/ugttt-rebuttal/runs/j5vhm83n
tinker_cookbook.utils.ml_log:143 [INFO] Wrote metrics to logs/aws/wave1-rerun/cp26-base-seed3/metrics.jsonl
tinker_cookbook.utils.ml_log:240 [INFO] Logging to: https://wandb.ai/kriaz-msee20seecs-nust/ugttt-rebuttal/runs/j5vhm83n
tinker_cookbook.utils.ml_log:143 [INFO] Wrote metrics to logs/aws/wave1-rerun/cp26-base-seed3/metrics.jsonl
tinker_cookbook.utils.ml_log:240 [INFO] Logging to: https://wandb.ai/kriaz-msee20seecs-nust/ugttt-rebuttal/runs/j5vhm83n
__main__:1949 [INFO]   [1][8/8] KEPT | R_exec=1.1125 (max=2.5741) RMI=0.0000 R_total=1.1125 | 1123.2s | GPU: 18.1/61.3GB
tinker_cookbook.utils.ml_log:143 [INFO] Wrote metrics to logs/aws/wave1-rerun/cp26-base-seed3/metrics.jsonl
tinker_cookbook.utils.ml_log:240 [INFO] Logging to: https://wandb.ai/kriaz-msee20seecs-nust/ugttt-rebuttal/runs/j5vhm83n
__main__:1988 [INFO] [Epoch 1] Rollout phase done in 9666.2s. Training on 8/8 groups...
tinker_cookbook.utils.ml_log:143 [INFO] Wrote metrics to logs/aws/wave1-rerun/cp26-base-seed3/metrics.jsonl
tinker_cookbook.utils.ml_log:195 [INFO] 
┏━━━━━━━━━━━━━━━━━━━━━━━━━━━━━━━━┳━━━━━━━━━━━━━━┓
┃ Metric                         ┃ Value        ┃
┡━━━━━━━━━━━━━━━━━━━━━━━━━━━━━━━━╇━━━━━━━━━━━━━━┩
│ gpu/memory_allocated_gb        │ 18.092511    │
│ gpu/memory_peak_gb             │ 60.455656    │
│ gpu/memory_reserved_gb         │ 18.121490    │
│ kl_policy_base                 │ 0.005778     │
│ optim/entropy                  │ 0.398369     │
│ optim/kl_sample_train_v1       │ 0.000134     │
│ optim/kl_sample_train_v2       │ 0.000163     │
│ progress/done_frac             │ 0.333333     │
│ progress/epoch                 │ 1            │
│ rollout/groups_attempted       │ 8.000000     │
│ rollout/groups_filtered        │ 0.000000     │
│ rollout/groups_kept            │ 8.000000     │
│ rollout/intra_group_reward_std │ 1.115712     │
│ time/rollout                   │ 9666.169529  │
│ time/total                     │ 9963.746047  │
│ time/train                     │ 297.496156   │
│ train/advantage/max            │ 10.768044    │
│ train/advantage/mean           │ 0.369479     │
│ train/advantage/min            │ -1.000000    │
│ train/advantage/std            │ 2.141751     │
│ train/beta/mean                │ 26.628724    │
│ train/beta/std                 │ 44.194525    │
│ train/correctness/mean         │ 0.390625     │
│ train/correctness/rate         │ 0.390625     │
│ train/ensemble/frac_high_disa… │ 0.000000     │
│ train/ensemble/max_token_disa… │ nan          │
│ train/ensemble/member_logprob… │ 0.000000     │
│ train/ensemble/member_logprob… │ nan          │
│ train/gamma_eff/mean           │ 0.000000     │
│ train/gen/num_tokens/max       │ 13709.000000 │
│ train/gen/num_tokens/mean      │ 10108.703125 │
│ train/gen/num_tokens/std       │ 1469.858738  │
│ train/loss                     │ -0.369436    │
│ train/nnm_loss                 │ 0.000000     │
│ train/nnm_nuclear_norm         │ 0.000000     │
│ train/num_groups               │ 8.000000     │
│ train/num_rollouts             │ 64.000000    │
│ train/num_rollouts_total       │ 64.000000    │
│ train/reward/exec/best         │ 2.621305     │
│ train/reward/exec/max          │ 2.620991     │
│ train/reward/exec/mean         │ 0.983197     │
│ train/reward/exec/min          │ 0.000000     │
│ train/reward/exec/std          │ 1.234724     │
│ train/reward/rmi/max           │ 0.000000     │
│ train/reward/rmi/mean          │ 0.000000     │
│ train/reward/rmi/min           │ 0.000000     │
│ train/reward/rmi/std           │ 0.000000     │
│ train/reward/total/best        │ 2.621305     │
│ train/reward/total/max         │ 2.620991     │
│ train/reward/total/mean        │ 0.983197     │
│ train/reward/total/min         │ 0.000000     │
│ train/reward/total/std         │ 1.234724     │
│ train/streaming_mi/stop_rate   │ 0.000000     │
│ train/streaming_mi/tokens_sav… │ 0.000000     │
│ train/streaming_mi/tokens_sav… │ 0.000000     │
│ train/two_phase/phase1_tokens… │ 10108.703125 │
│ train/two_phase/phase2_tokens… │ 0.000000     │
│ train/two_phase/prefill_rate   │ 0.000000     │
│ train/uncertainty/predictive_… │ 0.000000     │
│ train/uncertainty/predictive_… │ 0.000000     │
│ train/uncertainty/predictive_… │ 0.000000     │
│ train/uncertainty/predictive_… │ 0.000000     │
│ train/uncertainty/predictive_… │ 0.000000     │
│ train/uncertainty/predictive_… │ 0.000000     │
│ train/uncertainty/predictive_… │ 0.000000     │
│ train/uncertainty/predictive_… │ 0.000000     │
│ train/uncertainty/rmi/max      │ 0.000000     │
│ train/uncertainty/rmi/mean     │ 0.000000     │
│ train/uncertainty/rmi/min      │ 0.000000     │
│ train/uncertainty/rmi/std      │ 0.000000     │
│ train/uncertainty/rmi_top7/max │ 0.000000     │
│ train/uncertainty/rmi_top7/me… │ 0.000000     │
│ train/uncertainty/rmi_top7/min │ 0.000000     │
│ train/uncertainty/rmi_top7/std │ 0.000000     │
│ train/uncertainty/top7_mi_cod… │ 0.000000     │
│ train/uncertainty/top7_mi_cod… │ 0.000000     │
│ train/uncertainty/top7_mi_thi… │ 0.000000     │
│ train/uncertainty/top7_mi_thi… │ 0.000000     │
│ train/uncertainty/top7_pct_co… │ 0.000000     │
│ train/uncertainty/top7_pct_co… │ 0.000000     │
│ train/uncertainty/top7_pct_th… │ 1.000000     │
│ train/uncertainty/top7_pct_th… │ 0.000000     │
│ train/uncertainty/true_mi/max  │ 0.000000     │
│ train/uncertainty/true_mi/mean │ 0.000000     │
│ train/uncertainty/true_mi/min  │ 0.000000     │
│ train/uncertainty/true_mi/std  │ 0.000000     │
│ train/uncertainty/variance/max │ nan          │
│ train/uncertainty/variance/me… │ nan          │
│ train/uncertainty/variance/min │ nan          │
│ train/uncertainty/variance/std │ nan          │
│ train/uncertainty/variance_to… │ nan          │
│ train/uncertainty/variance_to… │ nan          │
│ train/uncertainty/variance_to… │ nan          │
│ train/uncertainty/variance_to… │ nan          │
└────────────────────────────────┴──────────────┘
tinker_cookbook.utils.ml_log:240 [INFO] Logging to: https://wandb.ai/kriaz-msee20seecs-nust/ugttt-rebuttal/runs/j5vhm83n
__main__:2062 [INFO] [Epoch 1] R_exec=0.9832 (max=2.6210 best=2.6213) RMI=0.0000 beta=26.63 corr=39.1% loss=-0.3694 groups=8/8 time=9963.7s
__main__:2073 [INFO] Checkpoint saved at epoch 1
__main__:1836 [INFO] [Epoch 2/6] Starting rollout phase: 8 groups × 8 rollouts
tinker_cookbook.rl.ensemble:1082 [INFO]   generate_batch_multi_adapter_two_phase: N=8 phase1_max=26000 streaming_mi=False kv_q=False
tinker_cookbook.rl.ensemble:1270 [INFO]     [gen/p1] step=2048/24393 active=8/8 mi_stopped=0
tinker_cookbook.rl.ensemble:1270 [INFO]     [gen/p1] step=4096/24393 active=8/8 mi_stopped=0
tinker_cookbook.rl.ensemble:1270 [INFO]     [gen/p1] step=6144/24393 active=8/8 mi_stopped=0
tinker_cookbook.rl.ensemble:1270 [INFO]     [gen/p1] step=8192/24393 active=7/8 mi_stopped=0
tinker_cookbook.rl.ensemble:1270 [INFO]     [gen/p1] step=10240/24393 active=4/8 mi_stopped=0
tinker_cookbook.rl.ensemble:1270 [INFO]     [gen/p1] step=12288/24393 active=1/8 mi_stopped=0
__main__:1078 [INFO]   Group 0: multi-adapter generation 8 seqs in 1181.0s
__main__:1108 [INFO]   Group 0: rewards computed in 180.0s
__main__:1150 [INFO]     [g0][r1/8] adapter=0 R_exec=2.6185 true_MI=0.00000 RMI=0.0000 R_total=2.6185 correct=1 tokens=13434
__main__:1150 [INFO]     [g0][r2/8] adapter=0 R_exec=0.0000 true_MI=0.00000 RMI=0.0000 R_total=0.0000 correct=0 tokens=10363
__main__:1150 [INFO]     [g0][r3/8] adapter=0 R_exec=0.0000 true_MI=0.00000 RMI=0.0000 R_total=0.0000 correct=0 tokens=9478
__main__:1150 [INFO]     [g0][r4/8] adapter=0 R_exec=2.5831 true_MI=0.00000 RMI=0.0000 R_total=2.5831 correct=1 tokens=11883
__main__:1150 [INFO]     [g0][r5/8] adapter=0 R_exec=2.5831 true_MI=0.00000 RMI=0.0000 R_total=2.5831 correct=1 tokens=9556
__main__:1150 [INFO]     [g0][r6/8] adapter=0 R_exec=0.0000 true_MI=0.00000 RMI=0.0000 R_total=0.0000 correct=0 tokens=10863
__main__:1150 [INFO]     [g0][r7/8] adapter=0 R_exec=2.5831 true_MI=0.00000 RMI=0.0000 R_total=2.5831 correct=1 tokens=10125
__main__:1150 [INFO]     [g0][r8/8] adapter=0 R_exec=0.0000 true_MI=0.00000 RMI=0.0000 R_total=0.0000 correct=0 tokens=7902
__main__:1167 [INFO]   [g0] group true_MI: mean=0.00000 std=0.00000 max=0.00000 normalized=[0.00 0.00 0.00 0.00 0.00 0.00 0.00 0.00]
tinker_cookbook.utils.ml_log:143 [INFO] Wrote metrics to logs/aws/wave1-rerun/cp26-base-seed3/metrics.jsonl
tinker_cookbook.utils.ml_log:240 [INFO] Logging to: https://wandb.ai/kriaz-msee20seecs-nust/ugttt-rebuttal/runs/j5vhm83n
tinker_cookbook.utils.ml_log:143 [INFO] Wrote metrics to logs/aws/wave1-rerun/cp26-base-seed3/metrics.jsonl
tinker_cookbook.utils.ml_log:240 [INFO] Logging to: https://wandb.ai/kriaz-msee20seecs-nust/ugttt-rebuttal/runs/j5vhm83n
tinker_cookbook.utils.ml_log:143 [INFO] Wrote metrics to logs/aws/wave1-rerun/cp26-base-seed3/metrics.jsonl
tinker_cookbook.utils.ml_log:240 [INFO] Logging to: https://wandb.ai/kriaz-msee20seecs-nust/ugttt-rebuttal/runs/j5vhm83n
tinker_cookbook.utils.ml_log:143 [INFO] Wrote metrics to logs/aws/wave1-rerun/cp26-base-seed3/metrics.jsonl
tinker_cookbook.utils.ml_log:240 [INFO] Logging to: https://wandb.ai/kriaz-msee20seecs-nust/ugttt-rebuttal/runs/j5vhm83n
tinker_cookbook.utils.ml_log:143 [INFO] Wrote metrics to logs/aws/wave1-rerun/cp26-base-seed3/metrics.jsonl
tinker_cookbook.utils.ml_log:240 [INFO] Logging to: https://wandb.ai/kriaz-msee20seecs-nust/ugttt-rebuttal/runs/j5vhm83n
tinker_cookbook.utils.ml_log:143 [INFO] Wrote metrics to logs/aws/wave1-rerun/cp26-base-seed3/metrics.jsonl
tinker_cookbook.utils.ml_log:240 [INFO] Logging to: https://wandb.ai/kriaz-msee20seecs-nust/ugttt-rebuttal/runs/j5vhm83n
tinker_cookbook.utils.ml_log:143 [INFO] Wrote metrics to logs/aws/wave1-rerun/cp26-base-seed3/metrics.jsonl
tinker_cookbook.utils.ml_log:240 [INFO] Logging to: https://wandb.ai/kriaz-msee20seecs-nust/ugttt-rebuttal/runs/j5vhm83n
tinker_cookbook.utils.ml_log:143 [INFO] Wrote metrics to logs/aws/wave1-rerun/cp26-base-seed3/metrics.jsonl
tinker_cookbook.utils.ml_log:240 [INFO] Logging to: https://wandb.ai/kriaz-msee20seecs-nust/ugttt-rebuttal/runs/j5vhm83n
__main__:1949 [INFO]   [2][1/8] KEPT | R_exec=1.2960 (max=2.6185) RMI=0.0000 R_total=1.2960 | 1361.1s | GPU: 18.1/60.9GB
tinker_cookbook.utils.ml_log:143 [INFO] Wrote metrics to logs/aws/wave1-rerun/cp26-base-seed3/metrics.jsonl
tinker_cookbook.utils.ml_log:240 [INFO] Logging to: https://wandb.ai/kriaz-msee20seecs-nust/ugttt-rebuttal/runs/j5vhm83n
tinker_cookbook.rl.ensemble:1082 [INFO]   generate_batch_multi_adapter_two_phase: N=8 phase1_max=26000 streaming_mi=False kv_q=False
tinker_cookbook.rl.ensemble:1270 [INFO]     [gen/p1] step=2048/24128 active=8/8 mi_stopped=0
tinker_cookbook.rl.ensemble:1270 [INFO]     [gen/p1] step=4096/24128 active=8/8 mi_stopped=0
tinker_cookbook.rl.ensemble:1270 [INFO]     [gen/p1] step=6144/24128 active=8/8 mi_stopped=0
tinker_cookbook.rl.ensemble:1270 [INFO]     [gen/p1] step=8192/24128 active=8/8 mi_stopped=0
tinker_cookbook.rl.ensemble:1270 [INFO]     [gen/p1] step=10240/24128 active=4/8 mi_stopped=0
tinker_cookbook.rl.ensemble:1270 [INFO]     [gen/p1] step=12288/24128 active=1/8 mi_stopped=0
__main__:1078 [INFO]   Group 1: multi-adapter generation 8 seqs in 1116.7s
__main__:1108 [INFO]   Group 1: rewards computed in 6.9s
__main__:1150 [INFO]     [g1][r1/8] adapter=0 R_exec=0.0000 true_MI=0.00000 RMI=0.0000 R_total=0.0000 correct=0 tokens=11890
__main__:1150 [INFO]     [g1][r2/8] adapter=0 R_exec=2.6251 true_MI=0.00000 RMI=0.0000 R_total=2.6251 correct=1 tokens=10273
__main__:1150 [INFO]     [g1][r3/8] adapter=0 R_exec=0.0000 true_MI=0.00000 RMI=0.0000 R_total=0.0000 correct=0 tokens=10520
__main__:1150 [INFO]     [g1][r4/8] adapter=0 R_exec=2.5976 true_MI=0.00000 RMI=0.0000 R_total=2.5976 correct=1 tokens=12774
__main__:1150 [INFO]     [g1][r5/8] adapter=0 R_exec=2.5917 true_MI=0.00000 RMI=0.0000 R_total=2.5917 correct=1 tokens=9402
__main__:1150 [INFO]     [g1][r6/8] adapter=0 R_exec=0.0000 true_MI=0.00000 RMI=0.0000 R_total=0.0000 correct=0 tokens=9947
__main__:1150 [INFO]     [g1][r7/8] adapter=0 R_exec=2.6251 true_MI=0.00000 RMI=0.0000 R_total=2.6251 correct=1 tokens=9058
__main__:1150 [INFO]     [g1][r8/8] adapter=0 R_exec=2.5975 true_MI=0.00000 RMI=0.0000 R_total=2.5975 correct=1 tokens=9409
__main__:1167 [INFO]   [g1] group true_MI: mean=0.00000 std=0.00000 max=0.00000 normalized=[0.00 0.00 0.00 0.00 0.00 0.00 0.00 0.00]
tinker_cookbook.utils.ml_log:143 [INFO] Wrote metrics to logs/aws/wave1-rerun/cp26-base-seed3/metrics.jsonl
tinker_cookbook.utils.ml_log:240 [INFO] Logging to: https://wandb.ai/kriaz-msee20seecs-nust/ugttt-rebuttal/runs/j5vhm83n
tinker_cookbook.utils.ml_log:143 [INFO] Wrote metrics to logs/aws/wave1-rerun/cp26-base-seed3/metrics.jsonl
tinker_cookbook.utils.ml_log:240 [INFO] Logging to: https://wandb.ai/kriaz-msee20seecs-nust/ugttt-rebuttal/runs/j5vhm83n
tinker_cookbook.utils.ml_log:143 [INFO] Wrote metrics to logs/aws/wave1-rerun/cp26-base-seed3/metrics.jsonl
tinker_cookbook.utils.ml_log:240 [INFO] Logging to: https://wandb.ai/kriaz-msee20seecs-nust/ugttt-rebuttal/runs/j5vhm83n
tinker_cookbook.utils.ml_log:143 [INFO] Wrote metrics to logs/aws/wave1-rerun/cp26-base-seed3/metrics.jsonl
tinker_cookbook.utils.ml_log:240 [INFO] Logging to: https://wandb.ai/kriaz-msee20seecs-nust/ugttt-rebuttal/runs/j5vhm83n
tinker_cookbook.utils.ml_log:143 [INFO] Wrote metrics to logs/aws/wave1-rerun/cp26-base-seed3/metrics.jsonl
tinker_cookbook.utils.ml_log:240 [INFO] Logging to: https://wandb.ai/kriaz-msee20seecs-nust/ugttt-rebuttal/runs/j5vhm83n
tinker_cookbook.utils.ml_log:143 [INFO] Wrote metrics to logs/aws/wave1-rerun/cp26-base-seed3/metrics.jsonl
tinker_cookbook.utils.ml_log:240 [INFO] Logging to: https://wandb.ai/kriaz-msee20seecs-nust/ugttt-rebuttal/runs/j5vhm83n
tinker_cookbook.utils.ml_log:143 [INFO] Wrote metrics to logs/aws/wave1-rerun/cp26-base-seed3/metrics.jsonl
tinker_cookbook.utils.ml_log:240 [INFO] Logging to: https://wandb.ai/kriaz-msee20seecs-nust/ugttt-rebuttal/runs/j5vhm83n
tinker_cookbook.utils.ml_log:143 [INFO] Wrote metrics to logs/aws/wave1-rerun/cp26-base-seed3/metrics.jsonl
tinker_cookbook.utils.ml_log:240 [INFO] Logging to: https://wandb.ai/kriaz-msee20seecs-nust/ugttt-rebuttal/runs/j5vhm83n
__main__:1949 [INFO]   [2][2/8] KEPT | R_exec=1.6296 (max=2.6251) RMI=0.0000 R_total=1.6296 | 1123.6s | GPU: 18.1/60.8GB
tinker_cookbook.utils.ml_log:143 [INFO] Wrote metrics to logs/aws/wave1-rerun/cp26-base-seed3/metrics.jsonl
tinker_cookbook.utils.ml_log:240 [INFO] Logging to: https://wandb.ai/kriaz-msee20seecs-nust/ugttt-rebuttal/runs/j5vhm83n
tinker_cookbook.rl.ensemble:1082 [INFO]   generate_batch_multi_adapter_two_phase: N=8 phase1_max=26000 streaming_mi=False kv_q=False
tinker_cookbook.rl.ensemble:1270 [INFO]     [gen/p1] step=2048/24201 active=8/8 mi_stopped=0
tinker_cookbook.rl.ensemble:1270 [INFO]     [gen/p1] step=4096/24201 active=8/8 mi_stopped=0
tinker_cookbook.rl.ensemble:1270 [INFO]     [gen/p1] step=6144/24201 active=8/8 mi_stopped=0
tinker_cookbook.rl.ensemble:1270 [INFO]     [gen/p1] step=8192/24201 active=7/8 mi_stopped=0
tinker_cookbook.rl.ensemble:1270 [INFO]     [gen/p1] step=10240/24201 active=3/8 mi_stopped=0
tinker_cookbook.rl.ensemble:1270 [INFO]     [gen/p1] step=12288/24201 active=1/8 mi_stopped=0
__main__:1078 [INFO]   Group 2: multi-adapter generation 8 seqs in 1075.5s
__main__:1108 [INFO]   Group 2: rewards computed in 4.3s
__main__:1150 [INFO]     [g2][r1/8] adapter=0 R_exec=0.0000 true_MI=0.00000 RMI=0.0000 R_total=0.0000 correct=0 tokens=9654
__main__:1150 [INFO]     [g2][r2/8] adapter=0 R_exec=2.6181 true_MI=0.00000 RMI=0.0000 R_total=2.6181 correct=1 tokens=10237
__main__:1150 [INFO]     [g2][r3/8] adapter=0 R_exec=0.0000 true_MI=0.00000 RMI=0.0000 R_total=0.0000 correct=0 tokens=12085
__main__:1150 [INFO]     [g2][r4/8] adapter=0 R_exec=0.0000 true_MI=0.00000 RMI=0.0000 R_total=0.0000 correct=0 tokens=12568
__main__:1150 [INFO]     [g2][r5/8] adapter=0 R_exec=0.0000 true_MI=0.00000 RMI=0.0000 R_total=0.0000 correct=0 tokens=10400
__main__:1150 [INFO]     [g2][r6/8] adapter=0 R_exec=2.6023 true_MI=0.00000 RMI=0.0000 R_total=2.6023 correct=1 tokens=7305
__main__:1150 [INFO]     [g2][r7/8] adapter=0 R_exec=2.6023 true_MI=0.00000 RMI=0.0000 R_total=2.6023 correct=1 tokens=8798
__main__:1150 [INFO]     [g2][r8/8] adapter=0 R_exec=2.6181 true_MI=0.00000 RMI=0.0000 R_total=2.6181 correct=1 tokens=9059
__main__:1167 [INFO]   [g2] group true_MI: mean=0.00000 std=0.00000 max=0.00000 normalized=[0.00 0.00 0.00 0.00 0.00 0.00 0.00 0.00]
tinker_cookbook.utils.ml_log:143 [INFO] Wrote metrics to logs/aws/wave1-rerun/cp26-base-seed3/metrics.jsonl
tinker_cookbook.utils.ml_log:240 [INFO] Logging to: https://wandb.ai/kriaz-msee20seecs-nust/ugttt-rebuttal/runs/j5vhm83n
tinker_cookbook.utils.ml_log:143 [INFO] Wrote metrics to logs/aws/wave1-rerun/cp26-base-seed3/metrics.jsonl
tinker_cookbook.utils.ml_log:240 [INFO] Logging to: https://wandb.ai/kriaz-msee20seecs-nust/ugttt-rebuttal/runs/j5vhm83n
tinker_cookbook.utils.ml_log:143 [INFO] Wrote metrics to logs/aws/wave1-rerun/cp26-base-seed3/metrics.jsonl
tinker_cookbook.utils.ml_log:240 [INFO] Logging to: https://wandb.ai/kriaz-msee20seecs-nust/ugttt-rebuttal/runs/j5vhm83n
tinker_cookbook.utils.ml_log:143 [INFO] Wrote metrics to logs/aws/wave1-rerun/cp26-base-seed3/metrics.jsonl
tinker_cookbook.utils.ml_log:240 [INFO] Logging to: https://wandb.ai/kriaz-msee20seecs-nust/ugttt-rebuttal/runs/j5vhm83n
tinker_cookbook.utils.ml_log:143 [INFO] Wrote metrics to logs/aws/wave1-rerun/cp26-base-seed3/metrics.jsonl
tinker_cookbook.utils.ml_log:240 [INFO] Logging to: https://wandb.ai/kriaz-msee20seecs-nust/ugttt-rebuttal/runs/j5vhm83n
tinker_cookbook.utils.ml_log:143 [INFO] Wrote metrics to logs/aws/wave1-rerun/cp26-base-seed3/metrics.jsonl
tinker_cookbook.utils.ml_log:240 [INFO] Logging to: https://wandb.ai/kriaz-msee20seecs-nust/ugttt-rebuttal/runs/j5vhm83n
tinker_cookbook.utils.ml_log:143 [INFO] Wrote metrics to logs/aws/wave1-rerun/cp26-base-seed3/metrics.jsonl
tinker_cookbook.utils.ml_log:240 [INFO] Logging to: https://wandb.ai/kriaz-msee20seecs-nust/ugttt-rebuttal/runs/j5vhm83n
tinker_cookbook.utils.ml_log:143 [INFO] Wrote metrics to logs/aws/wave1-rerun/cp26-base-seed3/metrics.jsonl
tinker_cookbook.utils.ml_log:240 [INFO] Logging to: https://wandb.ai/kriaz-msee20seecs-nust/ugttt-rebuttal/runs/j5vhm83n
__main__:1949 [INFO]   [2][3/8] KEPT | R_exec=1.3051 (max=2.6181) RMI=0.0000 R_total=1.3051 | 1079.9s | GPU: 18.1/60.7GB
tinker_cookbook.utils.ml_log:143 [INFO] Wrote metrics to logs/aws/wave1-rerun/cp26-base-seed3/metrics.jsonl
tinker_cookbook.utils.ml_log:240 [INFO] Logging to: https://wandb.ai/kriaz-msee20seecs-nust/ugttt-rebuttal/runs/j5vhm83n
tinker_cookbook.rl.ensemble:1082 [INFO]   generate_batch_multi_adapter_two_phase: N=8 phase1_max=26000 streaming_mi=False kv_q=False
tinker_cookbook.rl.ensemble:1270 [INFO]     [gen/p1] step=2048/24237 active=8/8 mi_stopped=0
tinker_cookbook.rl.ensemble:1270 [INFO]     [gen/p1] step=4096/24237 active=8/8 mi_stopped=0
tinker_cookbook.rl.ensemble:1270 [INFO]     [gen/p1] step=6144/24237 active=8/8 mi_stopped=0
tinker_cookbook.rl.ensemble:1270 [INFO]     [gen/p1] step=8192/24237 active=6/8 mi_stopped=0
tinker_cookbook.rl.ensemble:1270 [INFO]     [gen/p1] step=10240/24237 active=6/8 mi_stopped=0
tinker_cookbook.rl.ensemble:1270 [INFO]     [gen/p1] step=12288/24237 active=2/8 mi_stopped=0
tinker_cookbook.rl.ensemble:1270 [INFO]     [gen/p1] step=14336/24237 active=1/8 mi_stopped=0
__main__:1078 [INFO]   Group 3: multi-adapter generation 8 seqs in 1601.2s
__main__:1108 [INFO]   Group 3: rewards computed in 289.4s
__main__:1150 [INFO]     [g3][r1/8] adapter=0 R_exec=0.0000 true_MI=0.00000 RMI=0.0000 R_total=0.0000 correct=0 tokens=11781
__main__:1150 [INFO]     [g3][r2/8] adapter=0 R_exec=0.0000 true_MI=0.00000 RMI=0.0000 R_total=0.0000 correct=0 tokens=7721
__main__:1150 [INFO]     [g3][r3/8] adapter=0 R_exec=2.6135 true_MI=0.00000 RMI=0.0000 R_total=2.6135 correct=1 tokens=16253
__main__:1150 [INFO]     [g3][r4/8] adapter=0 R_exec=0.0000 true_MI=0.00000 RMI=0.0000 R_total=0.0000 correct=0 tokens=13644
__main__:1150 [INFO]     [g3][r5/8] adapter=0 R_exec=2.6113 true_MI=0.00000 RMI=0.0000 R_total=2.6113 correct=1 tokens=10280
__main__:1150 [INFO]     [g3][r6/8] adapter=0 R_exec=0.0000 true_MI=0.00000 RMI=0.0000 R_total=0.0000 correct=0 tokens=11525
__main__:1150 [INFO]     [g3][r7/8] adapter=0 R_exec=2.5400 true_MI=0.00000 RMI=0.0000 R_total=2.5400 correct=1 tokens=7878
__main__:1150 [INFO]     [g3][r8/8] adapter=0 R_exec=0.0000 true_MI=0.00000 RMI=0.0000 R_total=0.0000 correct=0 tokens=10785
__main__:1167 [INFO]   [g3] group true_MI: mean=0.00000 std=0.00000 max=0.00000 normalized=[0.00 0.00 0.00 0.00 0.00 0.00 0.00 0.00]
tinker_cookbook.utils.ml_log:143 [INFO] Wrote metrics to logs/aws/wave1-rerun/cp26-base-seed3/metrics.jsonl
tinker_cookbook.utils.ml_log:240 [INFO] Logging to: https://wandb.ai/kriaz-msee20seecs-nust/ugttt-rebuttal/runs/j5vhm83n
tinker_cookbook.utils.ml_log:143 [INFO] Wrote metrics to logs/aws/wave1-rerun/cp26-base-seed3/metrics.jsonl
tinker_cookbook.utils.ml_log:240 [INFO] Logging to: https://wandb.ai/kriaz-msee20seecs-nust/ugttt-rebuttal/runs/j5vhm83n
tinker_cookbook.utils.ml_log:143 [INFO] Wrote metrics to logs/aws/wave1-rerun/cp26-base-seed3/metrics.jsonl
tinker_cookbook.utils.ml_log:240 [INFO] Logging to: https://wandb.ai/kriaz-msee20seecs-nust/ugttt-rebuttal/runs/j5vhm83n
tinker_cookbook.utils.ml_log:143 [INFO] Wrote metrics to logs/aws/wave1-rerun/cp26-base-seed3/metrics.jsonl
tinker_cookbook.utils.ml_log:240 [INFO] Logging to: https://wandb.ai/kriaz-msee20seecs-nust/ugttt-rebuttal/runs/j5vhm83n
tinker_cookbook.utils.ml_log:143 [INFO] Wrote metrics to logs/aws/wave1-rerun/cp26-base-seed3/metrics.jsonl
tinker_cookbook.utils.ml_log:240 [INFO] Logging to: https://wandb.ai/kriaz-msee20seecs-nust/ugttt-rebuttal/runs/j5vhm83n
tinker_cookbook.utils.ml_log:143 [INFO] Wrote metrics to logs/aws/wave1-rerun/cp26-base-seed3/metrics.jsonl
tinker_cookbook.utils.ml_log:240 [INFO] Logging to: https://wandb.ai/kriaz-msee20seecs-nust/ugttt-rebuttal/runs/j5vhm83n
tinker_cookbook.utils.ml_log:143 [INFO] Wrote metrics to logs/aws/wave1-rerun/cp26-base-seed3/metrics.jsonl
tinker_cookbook.utils.ml_log:240 [INFO] Logging to: https://wandb.ai/kriaz-msee20seecs-nust/ugttt-rebuttal/runs/j5vhm83n
tinker_cookbook.utils.ml_log:143 [INFO] Wrote metrics to logs/aws/wave1-rerun/cp26-base-seed3/metrics.jsonl
tinker_cookbook.utils.ml_log:240 [INFO] Logging to: https://wandb.ai/kriaz-msee20seecs-nust/ugttt-rebuttal/runs/j5vhm83n
__main__:1949 [INFO]   [2][4/8] KEPT | R_exec=0.9706 (max=2.6135) RMI=0.0000 R_total=0.9706 | 1890.7s | GPU: 18.1/61.0GB
tinker_cookbook.utils.ml_log:143 [INFO] Wrote metrics to logs/aws/wave1-rerun/cp26-base-seed3/metrics.jsonl
tinker_cookbook.utils.ml_log:240 [INFO] Logging to: https://wandb.ai/kriaz-msee20seecs-nust/ugttt-rebuttal/runs/j5vhm83n
tinker_cookbook.rl.ensemble:1082 [INFO]   generate_batch_multi_adapter_two_phase: N=8 phase1_max=26000 streaming_mi=False kv_q=False
tinker_cookbook.rl.ensemble:1270 [INFO]     [gen/p1] step=2048/24161 active=8/8 mi_stopped=0
tinker_cookbook.rl.ensemble:1270 [INFO]     [gen/p1] step=4096/24161 active=8/8 mi_stopped=0
tinker_cookbook.rl.ensemble:1270 [INFO]     [gen/p1] step=6144/24161 active=8/8 mi_stopped=0
tinker_cookbook.rl.ensemble:1270 [INFO]     [gen/p1] step=8192/24161 active=7/8 mi_stopped=0
tinker_cookbook.rl.ensemble:1270 [INFO]     [gen/p1] step=10240/24161 active=5/8 mi_stopped=0
tinker_cookbook.rl.ensemble:1270 [INFO]     [gen/p1] step=12288/24161 active=3/8 mi_stopped=0
tinker_cookbook.rl.ensemble:1270 [INFO]     [gen/p1] step=14336/24161 active=1/8 mi_stopped=0
__main__:1078 [INFO]   Group 4: multi-adapter generation 8 seqs in 1615.7s
__main__:1108 [INFO]   Group 4: rewards computed in 6.5s
__main__:1150 [INFO]     [g4][r1/8] adapter=0 R_exec=0.0000 true_MI=0.00000 RMI=0.0000 R_total=0.0000 correct=0 tokens=9696
__main__:1150 [INFO]     [g4][r2/8] adapter=0 R_exec=0.0000 true_MI=0.00000 RMI=0.0000 R_total=0.0000 correct=0 tokens=13137
__main__:1150 [INFO]     [g4][r3/8] adapter=0 R_exec=0.0000 true_MI=0.00000 RMI=0.0000 R_total=0.0000 correct=0 tokens=10326
__main__:1150 [INFO]     [g4][r4/8] adapter=0 R_exec=2.5907 true_MI=0.00000 RMI=0.0000 R_total=2.5907 correct=1 tokens=9985
__main__:1150 [INFO]     [g4][r5/8] adapter=0 R_exec=0.0000 true_MI=0.00000 RMI=0.0000 R_total=0.0000 correct=0 tokens=8121
__main__:1150 [INFO]     [g4][r6/8] adapter=0 R_exec=0.0000 true_MI=0.00000 RMI=0.0000 R_total=0.0000 correct=0 tokens=11136
__main__:1150 [INFO]     [g4][r7/8] adapter=0 R_exec=0.0000 true_MI=0.00000 RMI=0.0000 R_total=0.0000 correct=0 tokens=13985
__main__:1150 [INFO]     [g4][r8/8] adapter=0 R_exec=0.0000 true_MI=0.00000 RMI=0.0000 R_total=0.0000 correct=0 tokens=16293
__main__:1167 [INFO]   [g4] group true_MI: mean=0.00000 std=0.00000 max=0.00000 normalized=[0.00 0.00 0.00 0.00 0.00 0.00 0.00 0.00]
tinker_cookbook.utils.ml_log:143 [INFO] Wrote metrics to logs/aws/wave1-rerun/cp26-base-seed3/metrics.jsonl
tinker_cookbook.utils.ml_log:240 [INFO] Logging to: https://wandb.ai/kriaz-msee20seecs-nust/ugttt-rebuttal/runs/j5vhm83n
tinker_cookbook.utils.ml_log:143 [INFO] Wrote metrics to logs/aws/wave1-rerun/cp26-base-seed3/metrics.jsonl
tinker_cookbook.utils.ml_log:240 [INFO] Logging to: https://wandb.ai/kriaz-msee20seecs-nust/ugttt-rebuttal/runs/j5vhm83n
tinker_cookbook.utils.ml_log:143 [INFO] Wrote metrics to logs/aws/wave1-rerun/cp26-base-seed3/metrics.jsonl
tinker_cookbook.utils.ml_log:240 [INFO] Logging to: https://wandb.ai/kriaz-msee20seecs-nust/ugttt-rebuttal/runs/j5vhm83n
tinker_cookbook.utils.ml_log:143 [INFO] Wrote metrics to logs/aws/wave1-rerun/cp26-base-seed3/metrics.jsonl
tinker_cookbook.utils.ml_log:240 [INFO] Logging to: https://wandb.ai/kriaz-msee20seecs-nust/ugttt-rebuttal/runs/j5vhm83n
tinker_cookbook.utils.ml_log:143 [INFO] Wrote metrics to logs/aws/wave1-rerun/cp26-base-seed3/metrics.jsonl
tinker_cookbook.utils.ml_log:240 [INFO] Logging to: https://wandb.ai/kriaz-msee20seecs-nust/ugttt-rebuttal/runs/j5vhm83n
tinker_cookbook.utils.ml_log:143 [INFO] Wrote metrics to logs/aws/wave1-rerun/cp26-base-seed3/metrics.jsonl
tinker_cookbook.utils.ml_log:240 [INFO] Logging to: https://wandb.ai/kriaz-msee20seecs-nust/ugttt-rebuttal/runs/j5vhm83n
tinker_cookbook.utils.ml_log:143 [INFO] Wrote metrics to logs/aws/wave1-rerun/cp26-base-seed3/metrics.jsonl
tinker_cookbook.utils.ml_log:240 [INFO] Logging to: https://wandb.ai/kriaz-msee20seecs-nust/ugttt-rebuttal/runs/j5vhm83n
tinker_cookbook.utils.ml_log:143 [INFO] Wrote metrics to logs/aws/wave1-rerun/cp26-base-seed3/metrics.jsonl
tinker_cookbook.utils.ml_log:240 [INFO] Logging to: https://wandb.ai/kriaz-msee20seecs-nust/ugttt-rebuttal/runs/j5vhm83n
__main__:1949 [INFO]   [2][5/8] KEPT | R_exec=0.3238 (max=2.5907) RMI=0.0000 R_total=0.3238 | 1622.3s | GPU: 18.1/61.2GB
tinker_cookbook.utils.ml_log:143 [INFO] Wrote metrics to logs/aws/wave1-rerun/cp26-base-seed3/metrics.jsonl
tinker_cookbook.utils.ml_log:240 [INFO] Logging to: https://wandb.ai/kriaz-msee20seecs-nust/ugttt-rebuttal/runs/j5vhm83n
tinker_cookbook.rl.ensemble:1082 [INFO]   generate_batch_multi_adapter_two_phase: N=8 phase1_max=26000 streaming_mi=False kv_q=False
tinker_cookbook.rl.ensemble:1270 [INFO]     [gen/p1] step=2048/24210 active=8/8 mi_stopped=0
tinker_cookbook.rl.ensemble:1270 [INFO]     [gen/p1] step=4096/24210 active=8/8 mi_stopped=0
tinker_cookbook.rl.ensemble:1270 [INFO]     [gen/p1] step=6144/24210 active=8/8 mi_stopped=0
tinker_cookbook.rl.ensemble:1270 [INFO]     [gen/p1] step=8192/24210 active=8/8 mi_stopped=0
tinker_cookbook.rl.ensemble:1270 [INFO]     [gen/p1] step=10240/24210 active=6/8 mi_stopped=0
__main__:1078 [INFO]   Group 5: multi-adapter generation 8 seqs in 1015.5s
__main__:1108 [INFO]   Group 5: rewards computed in 6.8s
__main__:1150 [INFO]     [g5][r1/8] adapter=0 R_exec=2.5828 true_MI=0.00000 RMI=0.0000 R_total=2.5828 correct=1 tokens=11059
__main__:1150 [INFO]     [g5][r2/8] adapter=0 R_exec=2.6276 true_MI=0.00000 RMI=0.0000 R_total=2.6276 correct=1 tokens=9914
__main__:1150 [INFO]     [g5][r3/8] adapter=0 R_exec=2.5916 true_MI=0.00000 RMI=0.0000 R_total=2.5916 correct=1 tokens=11941
__main__:1150 [INFO]     [g5][r4/8] adapter=0 R_exec=0.0000 true_MI=0.00000 RMI=0.0000 R_total=0.0000 correct=0 tokens=11202
__main__:1150 [INFO]     [g5][r5/8] adapter=0 R_exec=0.0000 true_MI=0.00000 RMI=0.0000 R_total=0.0000 correct=0 tokens=10360
__main__:1150 [INFO]     [g5][r6/8] adapter=0 R_exec=0.0000 true_MI=0.00000 RMI=0.0000 R_total=0.0000 correct=0 tokens=11496
__main__:1150 [INFO]     [g5][r7/8] adapter=0 R_exec=2.5992 true_MI=0.00000 RMI=0.0000 R_total=2.5992 correct=1 tokens=8593
__main__:1150 [INFO]     [g5][r8/8] adapter=0 R_exec=0.0000 true_MI=0.00000 RMI=0.0000 R_total=0.0000 correct=0 tokens=12069
__main__:1167 [INFO]   [g5] group true_MI: mean=0.00000 std=0.00000 max=0.00000 normalized=[0.00 0.00 0.00 0.00 0.00 0.00 0.00 0.00]
tinker_cookbook.utils.ml_log:143 [INFO] Wrote metrics to logs/aws/wave1-rerun/cp26-base-seed3/metrics.jsonl
tinker_cookbook.utils.ml_log:240 [INFO] Logging to: https://wandb.ai/kriaz-msee20seecs-nust/ugttt-rebuttal/runs/j5vhm83n
tinker_cookbook.utils.ml_log:143 [INFO] Wrote metrics to logs/aws/wave1-rerun/cp26-base-seed3/metrics.jsonl
tinker_cookbook.utils.ml_log:240 [INFO] Logging to: https://wandb.ai/kriaz-msee20seecs-nust/ugttt-rebuttal/runs/j5vhm83n
tinker_cookbook.utils.ml_log:143 [INFO] Wrote metrics to logs/aws/wave1-rerun/cp26-base-seed3/metrics.jsonl
tinker_cookbook.utils.ml_log:240 [INFO] Logging to: https://wandb.ai/kriaz-msee20seecs-nust/ugttt-rebuttal/runs/j5vhm83n
tinker_cookbook.utils.ml_log:143 [INFO] Wrote metrics to logs/aws/wave1-rerun/cp26-base-seed3/metrics.jsonl
tinker_cookbook.utils.ml_log:240 [INFO] Logging to: https://wandb.ai/kriaz-msee20seecs-nust/ugttt-rebuttal/runs/j5vhm83n
tinker_cookbook.utils.ml_log:143 [INFO] Wrote metrics to logs/aws/wave1-rerun/cp26-base-seed3/metrics.jsonl
tinker_cookbook.utils.ml_log:240 [INFO] Logging to: https://wandb.ai/kriaz-msee20seecs-nust/ugttt-rebuttal/runs/j5vhm83n
tinker_cookbook.utils.ml_log:143 [INFO] Wrote metrics to logs/aws/wave1-rerun/cp26-base-seed3/metrics.jsonl
tinker_cookbook.utils.ml_log:240 [INFO] Logging to: https://wandb.ai/kriaz-msee20seecs-nust/ugttt-rebuttal/runs/j5vhm83n
tinker_cookbook.utils.ml_log:143 [INFO] Wrote metrics to logs/aws/wave1-rerun/cp26-base-seed3/metrics.jsonl
tinker_cookbook.utils.ml_log:240 [INFO] Logging to: https://wandb.ai/kriaz-msee20seecs-nust/ugttt-rebuttal/runs/j5vhm83n
tinker_cookbook.utils.ml_log:143 [INFO] Wrote metrics to logs/aws/wave1-rerun/cp26-base-seed3/metrics.jsonl
tinker_cookbook.utils.ml_log:240 [INFO] Logging to: https://wandb.ai/kriaz-msee20seecs-nust/ugttt-rebuttal/runs/j5vhm83n
__main__:1949 [INFO]   [2][6/8] KEPT | R_exec=1.3002 (max=2.6276) RMI=0.0000 R_total=1.3002 | 1022.4s | GPU: 18.1/60.5GB
tinker_cookbook.utils.ml_log:143 [INFO] Wrote metrics to logs/aws/wave1-rerun/cp26-base-seed3/metrics.jsonl
tinker_cookbook.utils.ml_log:240 [INFO] Logging to: https://wandb.ai/kriaz-msee20seecs-nust/ugttt-rebuttal/runs/j5vhm83n
tinker_cookbook.rl.ensemble:1082 [INFO]   generate_batch_multi_adapter_two_phase: N=8 phase1_max=26000 streaming_mi=False kv_q=False
tinker_cookbook.rl.ensemble:1270 [INFO]     [gen/p1] step=2048/24208 active=8/8 mi_stopped=0
tinker_cookbook.rl.ensemble:1270 [INFO]     [gen/p1] step=4096/24208 active=8/8 mi_stopped=0
tinker_cookbook.rl.ensemble:1270 [INFO]     [gen/p1] step=6144/24208 active=8/8 mi_stopped=0
tinker_cookbook.rl.ensemble:1270 [INFO]     [gen/p1] step=8192/24208 active=8/8 mi_stopped=0
tinker_cookbook.rl.ensemble:1270 [INFO]     [gen/p1] step=10240/24208 active=4/8 mi_stopped=0
tinker_cookbook.rl.ensemble:1270 [INFO]     [gen/p1] step=12288/24208 active=1/8 mi_stopped=0
__main__:1078 [INFO]   Group 6: multi-adapter generation 8 seqs in 1078.1s
__main__:1108 [INFO]   Group 6: rewards computed in 374.3s
__main__:1150 [INFO]     [g6][r1/8] adapter=0 R_exec=0.0000 true_MI=0.00000 RMI=0.0000 R_total=0.0000 correct=0 tokens=10759
__main__:1150 [INFO]     [g6][r2/8] adapter=0 R_exec=2.5731 true_MI=0.00000 RMI=0.0000 R_total=2.5731 correct=1 tokens=9880
__main__:1150 [INFO]     [g6][r3/8] adapter=0 R_exec=0.0000 true_MI=0.00000 RMI=0.0000 R_total=0.0000 correct=0 tokens=9386
__main__:1150 [INFO]     [g6][r4/8] adapter=0 R_exec=0.0000 true_MI=0.00000 RMI=0.0000 R_total=0.0000 correct=0 tokens=12554
__main__:1150 [INFO]     [g6][r5/8] adapter=0 R_exec=0.0000 true_MI=0.00000 RMI=0.0000 R_total=0.0000 correct=0 tokens=9995
__main__:1150 [INFO]     [g6][r6/8] adapter=0 R_exec=0.0000 true_MI=0.00000 RMI=0.0000 R_total=0.0000 correct=0 tokens=10286
__main__:1150 [INFO]     [g6][r7/8] adapter=0 R_exec=0.0000 true_MI=0.00000 RMI=0.0000 R_total=0.0000 correct=0 tokens=10866
__main__:1150 [INFO]     [g6][r8/8] adapter=0 R_exec=0.0000 true_MI=0.00000 RMI=0.0000 R_total=0.0000 correct=0 tokens=8890
__main__:1167 [INFO]   [g6] group true_MI: mean=0.00000 std=0.00000 max=0.00000 normalized=[0.00 0.00 0.00 0.00 0.00 0.00 0.00 0.00]
tinker_cookbook.utils.ml_log:143 [INFO] Wrote metrics to logs/aws/wave1-rerun/cp26-base-seed3/metrics.jsonl
tinker_cookbook.utils.ml_log:240 [INFO] Logging to: https://wandb.ai/kriaz-msee20seecs-nust/ugttt-rebuttal/runs/j5vhm83n
tinker_cookbook.utils.ml_log:143 [INFO] Wrote metrics to logs/aws/wave1-rerun/cp26-base-seed3/metrics.jsonl
tinker_cookbook.utils.ml_log:240 [INFO] Logging to: https://wandb.ai/kriaz-msee20seecs-nust/ugttt-rebuttal/runs/j5vhm83n
tinker_cookbook.utils.ml_log:143 [INFO] Wrote metrics to logs/aws/wave1-rerun/cp26-base-seed3/metrics.jsonl
tinker_cookbook.utils.ml_log:240 [INFO] Logging to: https://wandb.ai/kriaz-msee20seecs-nust/ugttt-rebuttal/runs/j5vhm83n
tinker_cookbook.utils.ml_log:143 [INFO] Wrote metrics to logs/aws/wave1-rerun/cp26-base-seed3/metrics.jsonl
tinker_cookbook.utils.ml_log:240 [INFO] Logging to: https://wandb.ai/kriaz-msee20seecs-nust/ugttt-rebuttal/runs/j5vhm83n
tinker_cookbook.utils.ml_log:143 [INFO] Wrote metrics to logs/aws/wave1-rerun/cp26-base-seed3/metrics.jsonl
tinker_cookbook.utils.ml_log:240 [INFO] Logging to: https://wandb.ai/kriaz-msee20seecs-nust/ugttt-rebuttal/runs/j5vhm83n
tinker_cookbook.utils.ml_log:143 [INFO] Wrote metrics to logs/aws/wave1-rerun/cp26-base-seed3/metrics.jsonl
tinker_cookbook.utils.ml_log:240 [INFO] Logging to: https://wandb.ai/kriaz-msee20seecs-nust/ugttt-rebuttal/runs/j5vhm83n
tinker_cookbook.utils.ml_log:143 [INFO] Wrote metrics to logs/aws/wave1-rerun/cp26-base-seed3/metrics.jsonl
tinker_cookbook.utils.ml_log:240 [INFO] Logging to: https://wandb.ai/kriaz-msee20seecs-nust/ugttt-rebuttal/runs/j5vhm83n
tinker_cookbook.utils.ml_log:143 [INFO] Wrote metrics to logs/aws/wave1-rerun/cp26-base-seed3/metrics.jsonl
tinker_cookbook.utils.ml_log:240 [INFO] Logging to: https://wandb.ai/kriaz-msee20seecs-nust/ugttt-rebuttal/runs/j5vhm83n
__main__:1949 [INFO]   [2][7/8] KEPT | R_exec=0.3216 (max=2.5731) RMI=0.0000 R_total=0.3216 | 1452.5s | GPU: 18.1/60.6GB
tinker_cookbook.utils.ml_log:143 [INFO] Wrote metrics to logs/aws/wave1-rerun/cp26-base-seed3/metrics.jsonl
tinker_cookbook.utils.ml_log:240 [INFO] Logging to: https://wandb.ai/kriaz-msee20seecs-nust/ugttt-rebuttal/runs/j5vhm83n
tinker_cookbook.rl.ensemble:1082 [INFO]   generate_batch_multi_adapter_two_phase: N=8 phase1_max=26000 streaming_mi=False kv_q=False
tinker_cookbook.rl.ensemble:1270 [INFO]     [gen/p1] step=2048/24141 active=8/8 mi_stopped=0
tinker_cookbook.rl.ensemble:1270 [INFO]     [gen/p1] step=4096/24141 active=8/8 mi_stopped=0
tinker_cookbook.rl.ensemble:1270 [INFO]     [gen/p1] step=6144/24141 active=8/8 mi_stopped=0
tinker_cookbook.rl.ensemble:1270 [INFO]     [gen/p1] step=8192/24141 active=7/8 mi_stopped=0
tinker_cookbook.rl.ensemble:1270 [INFO]     [gen/p1] step=10240/24141 active=4/8 mi_stopped=0
tinker_cookbook.rl.ensemble:1270 [INFO]     [gen/p1] step=12288/24141 active=1/8 mi_stopped=0
__main__:1078 [INFO]   Group 7: multi-adapter generation 8 seqs in 1194.7s
__main__:1108 [INFO]   Group 7: rewards computed in 4.1s
__main__:1150 [INFO]     [g7][r1/8] adapter=0 R_exec=2.6159 true_MI=0.00000 RMI=0.0000 R_total=2.6159 correct=1 tokens=10974
__main__:1150 [INFO]     [g7][r2/8] adapter=0 R_exec=0.0000 true_MI=0.00000 RMI=0.0000 R_total=0.0000 correct=0 tokens=9116
__main__:1150 [INFO]     [g7][r3/8] adapter=0 R_exec=0.0000 true_MI=0.00000 RMI=0.0000 R_total=0.0000 correct=0 tokens=11807
__main__:1150 [INFO]     [g7][r4/8] adapter=0 R_exec=0.0000 true_MI=0.00000 RMI=0.0000 R_total=0.0000 correct=0 tokens=11143
__main__:1150 [INFO]     [g7][r5/8] adapter=0 R_exec=2.5642 true_MI=0.00000 RMI=0.0000 R_total=2.5642 correct=1 tokens=8658
__main__:1150 [INFO]     [g7][r6/8] adapter=0 R_exec=2.5961 true_MI=0.00000 RMI=0.0000 R_total=2.5961 correct=1 tokens=8395
__main__:1150 [INFO]     [g7][r7/8] adapter=0 R_exec=0.0000 true_MI=0.00000 RMI=0.0000 R_total=0.0000 correct=0 tokens=7464
__main__:1150 [INFO]     [g7][r8/8] adapter=0 R_exec=0.0000 true_MI=0.00000 RMI=0.0000 R_total=0.0000 correct=0 tokens=13409
__main__:1167 [INFO]   [g7] group true_MI: mean=0.00000 std=0.00000 max=0.00000 normalized=[0.00 0.00 0.00 0.00 0.00 0.00 0.00 0.00]
tinker_cookbook.utils.ml_log:143 [INFO] Wrote metrics to logs/aws/wave1-rerun/cp26-base-seed3/metrics.jsonl
tinker_cookbook.utils.ml_log:240 [INFO] Logging to: https://wandb.ai/kriaz-msee20seecs-nust/ugttt-rebuttal/runs/j5vhm83n
tinker_cookbook.utils.ml_log:143 [INFO] Wrote metrics to logs/aws/wave1-rerun/cp26-base-seed3/metrics.jsonl
tinker_cookbook.utils.ml_log:240 [INFO] Logging to: https://wandb.ai/kriaz-msee20seecs-nust/ugttt-rebuttal/runs/j5vhm83n
tinker_cookbook.utils.ml_log:143 [INFO] Wrote metrics to logs/aws/wave1-rerun/cp26-base-seed3/metrics.jsonl
tinker_cookbook.utils.ml_log:240 [INFO] Logging to: https://wandb.ai/kriaz-msee20seecs-nust/ugttt-rebuttal/runs/j5vhm83n
tinker_cookbook.utils.ml_log:143 [INFO] Wrote metrics to logs/aws/wave1-rerun/cp26-base-seed3/metrics.jsonl
tinker_cookbook.utils.ml_log:240 [INFO] Logging to: https://wandb.ai/kriaz-msee20seecs-nust/ugttt-rebuttal/runs/j5vhm83n
tinker_cookbook.utils.ml_log:143 [INFO] Wrote metrics to logs/aws/wave1-rerun/cp26-base-seed3/metrics.jsonl
tinker_cookbook.utils.ml_log:240 [INFO] Logging to: https://wandb.ai/kriaz-msee20seecs-nust/ugttt-rebuttal/runs/j5vhm83n
tinker_cookbook.utils.ml_log:143 [INFO] Wrote metrics to logs/aws/wave1-rerun/cp26-base-seed3/metrics.jsonl
tinker_cookbook.utils.ml_log:240 [INFO] Logging to: https://wandb.ai/kriaz-msee20seecs-nust/ugttt-rebuttal/runs/j5vhm83n
tinker_cookbook.utils.ml_log:143 [INFO] Wrote metrics to logs/aws/wave1-rerun/cp26-base-seed3/metrics.jsonl
tinker_cookbook.utils.ml_log:240 [INFO] Logging to: https://wandb.ai/kriaz-msee20seecs-nust/ugttt-rebuttal/runs/j5vhm83n
tinker_cookbook.utils.ml_log:143 [INFO] Wrote metrics to logs/aws/wave1-rerun/cp26-base-seed3/metrics.jsonl
tinker_cookbook.utils.ml_log:240 [INFO] Logging to: https://wandb.ai/kriaz-msee20seecs-nust/ugttt-rebuttal/runs/j5vhm83n
__main__:1949 [INFO]   [2][8/8] KEPT | R_exec=0.9720 (max=2.6159) RMI=0.0000 R_total=0.9720 | 1198.9s | GPU: 18.1/60.9GB
tinker_cookbook.utils.ml_log:143 [INFO] Wrote metrics to logs/aws/wave1-rerun/cp26-base-seed3/metrics.jsonl
tinker_cookbook.utils.ml_log:240 [INFO] Logging to: https://wandb.ai/kriaz-msee20seecs-nust/ugttt-rebuttal/runs/j5vhm83n
__main__:1988 [INFO] [Epoch 2] Rollout phase done in 10753.0s. Training on 8/8 groups...
tinker_cookbook.utils.ml_log:143 [INFO] Wrote metrics to logs/aws/wave1-rerun/cp26-base-seed3/metrics.jsonl
tinker_cookbook.utils.ml_log:195 [INFO] 
┏━━━━━━━━━━━━━━━━━━━━━━━━━━━━━━━━┳━━━━━━━━━━━━━━┓
┃ Metric                         ┃ Value        ┃
┡━━━━━━━━━━━━━━━━━━━━━━━━━━━━━━━━╇━━━━━━━━━━━━━━┩
│ gpu/memory_allocated_gb        │ 18.092511    │
│ gpu/memory_peak_gb             │ 60.641105    │
│ gpu/memory_reserved_gb         │ 18.121490    │
│ kl_policy_base                 │ 0.011749     │
│ optim/entropy                  │ 0.440374     │
│ optim/kl_sample_train_v1       │ 0.000141     │
│ optim/kl_sample_train_v2       │ 0.000130     │
│ progress/done_frac             │ 0.500000     │
│ progress/epoch                 │ 2            │
│ rollout/groups_attempted       │ 8.000000     │
│ rollout/groups_filtered        │ 0.000000     │
│ rollout/groups_kept            │ 8.000000     │
│ rollout/intra_group_reward_std │ 1.172452     │
│ time/rollout                   │ 10752.980965 │
│ time/total                     │ 11066.270928 │
│ time/train                     │ 313.195410   │
│ train/advantage/max            │ 10.768051    │
│ train/advantage/mean           │ 0.360532     │
│ train/advantage/min            │ -1.000000    │
│ train/advantage/std            │ 2.086555     │
│ train/beta/mean                │ 7.791781     │
│ train/beta/std                 │ 15.018838    │
│ train/correctness/mean         │ 0.390625     │
│ train/correctness/rate         │ 0.390625     │
│ train/ensemble/frac_high_disa… │ 0.000000     │
│ train/ensemble/max_token_disa… │ nan          │
│ train/ensemble/member_logprob… │ 0.000000     │
│ train/ensemble/member_logprob… │ nan          │
│ train/gamma_eff/mean           │ 0.000000     │
│ train/gen/num_tokens/max       │ 16293.000000 │
│ train/gen/num_tokens/mean      │ 10621.015625 │
│ train/gen/num_tokens/std       │ 1863.987682  │
│ train/loss                     │ -0.360567    │
│ train/nnm_loss                 │ 0.000000     │
│ train/nnm_nuclear_norm         │ 0.000000     │
│ train/num_groups               │ 8.000000     │
│ train/num_rollouts             │ 64.000000    │
│ train/num_rollouts_total       │ 64.000000    │
│ train/reward/exec/best         │ 2.627565     │
│ train/reward/exec/max          │ 2.627565     │
│ train/reward/exec/mean         │ 1.014868     │
│ train/reward/exec/min          │ 0.000000     │
│ train/reward/exec/std          │ 1.267634     │
│ train/reward/rmi/max           │ 0.000000     │
│ train/reward/rmi/mean          │ 0.000000     │
│ train/reward/rmi/min           │ 0.000000     │
│ train/reward/rmi/std           │ 0.000000     │
│ train/reward/total/best        │ 2.627565     │
│ train/reward/total/max         │ 2.627565     │
│ train/reward/total/mean        │ 1.014868     │
│ train/reward/total/min         │ 0.000000     │
│ train/reward/total/std         │ 1.267634     │
│ train/streaming_mi/stop_rate   │ 0.000000     │
│ train/streaming_mi/tokens_sav… │ 0.000000     │
│ train/streaming_mi/tokens_sav… │ 0.000000     │
│ train/two_phase/phase1_tokens… │ 10621.015625 │
│ train/two_phase/phase2_tokens… │ 0.000000     │
│ train/two_phase/prefill_rate   │ 0.000000     │
│ train/uncertainty/predictive_… │ 0.000000     │
│ train/uncertainty/predictive_… │ 0.000000     │
│ train/uncertainty/predictive_… │ 0.000000     │
│ train/uncertainty/predictive_… │ 0.000000     │
│ train/uncertainty/predictive_… │ 0.000000     │
│ train/uncertainty/predictive_… │ 0.000000     │
│ train/uncertainty/predictive_… │ 0.000000     │
│ train/uncertainty/predictive_… │ 0.000000     │
│ train/uncertainty/rmi/max      │ 0.000000     │
│ train/uncertainty/rmi/mean     │ 0.000000     │
│ train/uncertainty/rmi/min      │ 0.000000     │
│ train/uncertainty/rmi/std      │ 0.000000     │
│ train/uncertainty/rmi_top7/max │ 0.000000     │
│ train/uncertainty/rmi_top7/me… │ 0.000000     │
│ train/uncertainty/rmi_top7/min │ 0.000000     │
│ train/uncertainty/rmi_top7/std │ 0.000000     │
│ train/uncertainty/top7_mi_cod… │ 0.000000     │
│ train/uncertainty/top7_mi_cod… │ 0.000000     │
│ train/uncertainty/top7_mi_thi… │ 0.000000     │
│ train/uncertainty/top7_mi_thi… │ 0.000000     │
│ train/uncertainty/top7_pct_co… │ 0.000000     │
│ train/uncertainty/top7_pct_co… │ 0.000000     │
│ train/uncertainty/top7_pct_th… │ 1.000000     │
│ train/uncertainty/top7_pct_th… │ 0.000000     │
│ train/uncertainty/true_mi/max  │ 0.000000     │
│ train/uncertainty/true_mi/mean │ 0.000000     │
│ train/uncertainty/true_mi/min  │ 0.000000     │
│ train/uncertainty/true_mi/std  │ 0.000000     │
│ train/uncertainty/variance/max │ nan          │
│ train/uncertainty/variance/me… │ nan          │
│ train/uncertainty/variance/min │ nan          │
│ train/uncertainty/variance/std │ nan          │
│ train/uncertainty/variance_to… │ nan          │
│ train/uncertainty/variance_to… │ nan          │
│ train/uncertainty/variance_to… │ nan          │
│ train/uncertainty/variance_to… │ nan          │
└────────────────────────────────┴──────────────┘
tinker_cookbook.utils.ml_log:240 [INFO] Logging to: https://wandb.ai/kriaz-msee20seecs-nust/ugttt-rebuttal/runs/j5vhm83n
__main__:2062 [INFO] [Epoch 2] R_exec=1.0149 (max=2.6276 best=2.6276) RMI=0.0000 beta=7.79 corr=39.1% loss=-0.3606 groups=8/8 time=11066.3s
__main__:1836 [INFO] [Epoch 3/6] Starting rollout phase: 8 groups × 8 rollouts
tinker_cookbook.rl.ensemble:1082 [INFO]   generate_batch_multi_adapter_two_phase: N=8 phase1_max=26000 streaming_mi=False kv_q=False
tinker_cookbook.rl.ensemble:1270 [INFO]     [gen/p1] step=2048/24154 active=8/8 mi_stopped=0
tinker_cookbook.rl.ensemble:1270 [INFO]     [gen/p1] step=4096/24154 active=8/8 mi_stopped=0
tinker_cookbook.rl.ensemble:1270 [INFO]     [gen/p1] step=6144/24154 active=8/8 mi_stopped=0
tinker_cookbook.rl.ensemble:1270 [INFO]     [gen/p1] step=8192/24154 active=8/8 mi_stopped=0
tinker_cookbook.rl.ensemble:1270 [INFO]     [gen/p1] step=10240/24154 active=3/8 mi_stopped=0
tinker_cookbook.rl.ensemble:1270 [INFO]     [gen/p1] step=12288/24154 active=1/8 mi_stopped=0
__main__:1078 [INFO]   Group 0: multi-adapter generation 8 seqs in 1055.5s
__main__:1108 [INFO]   Group 0: rewards computed in 5.7s
__main__:1150 [INFO]     [g0][r1/8] adapter=0 R_exec=2.6187 true_MI=0.00000 RMI=0.0000 R_total=2.6187 correct=1 tokens=8300
__main__:1150 [INFO]     [g0][r2/8] adapter=0 R_exec=2.6046 true_MI=0.00000 RMI=0.0000 R_total=2.6046 correct=1 tokens=8962
__main__:1150 [INFO]     [g0][r3/8] adapter=0 R_exec=0.0000 true_MI=0.00000 RMI=0.0000 R_total=0.0000 correct=0 tokens=11474
__main__:1150 [INFO]     [g0][r4/8] adapter=0 R_exec=0.0000 true_MI=0.00000 RMI=0.0000 R_total=0.0000 correct=0 tokens=11351
__main__:1150 [INFO]     [g0][r5/8] adapter=0 R_exec=0.0000 true_MI=0.00000 RMI=0.0000 R_total=0.0000 correct=0 tokens=9644
__main__:1150 [INFO]     [g0][r6/8] adapter=0 R_exec=0.0000 true_MI=0.00000 RMI=0.0000 R_total=0.0000 correct=0 tokens=8511
__main__:1150 [INFO]     [g0][r7/8] adapter=0 R_exec=0.0000 true_MI=0.00000 RMI=0.0000 R_total=0.0000 correct=0 tokens=12346
__main__:1150 [INFO]     [g0][r8/8] adapter=0 R_exec=0.0000 true_MI=0.00000 RMI=0.0000 R_total=0.0000 correct=0 tokens=9214
__main__:1167 [INFO]   [g0] group true_MI: mean=0.00000 std=0.00000 max=0.00000 normalized=[0.00 0.00 0.00 0.00 0.00 0.00 0.00 0.00]
tinker_cookbook.utils.ml_log:143 [INFO] Wrote metrics to logs/aws/wave1-rerun/cp26-base-seed3/metrics.jsonl
tinker_cookbook.utils.ml_log:240 [INFO] Logging to: https://wandb.ai/kriaz-msee20seecs-nust/ugttt-rebuttal/runs/j5vhm83n
tinker_cookbook.utils.ml_log:143 [INFO] Wrote metrics to logs/aws/wave1-rerun/cp26-base-seed3/metrics.jsonl
tinker_cookbook.utils.ml_log:240 [INFO] Logging to: https://wandb.ai/kriaz-msee20seecs-nust/ugttt-rebuttal/runs/j5vhm83n
tinker_cookbook.utils.ml_log:143 [INFO] Wrote metrics to logs/aws/wave1-rerun/cp26-base-seed3/metrics.jsonl
tinker_cookbook.utils.ml_log:240 [INFO] Logging to: https://wandb.ai/kriaz-msee20seecs-nust/ugttt-rebuttal/runs/j5vhm83n
tinker_cookbook.utils.ml_log:143 [INFO] Wrote metrics to logs/aws/wave1-rerun/cp26-base-seed3/metrics.jsonl
tinker_cookbook.utils.ml_log:240 [INFO] Logging to: https://wandb.ai/kriaz-msee20seecs-nust/ugttt-rebuttal/runs/j5vhm83n
tinker_cookbook.utils.ml_log:143 [INFO] Wrote metrics to logs/aws/wave1-rerun/cp26-base-seed3/metrics.jsonl
tinker_cookbook.utils.ml_log:240 [INFO] Logging to: https://wandb.ai/kriaz-msee20seecs-nust/ugttt-rebuttal/runs/j5vhm83n
tinker_cookbook.utils.ml_log:143 [INFO] Wrote metrics to logs/aws/wave1-rerun/cp26-base-seed3/metrics.jsonl
tinker_cookbook.utils.ml_log:240 [INFO] Logging to: https://wandb.ai/kriaz-msee20seecs-nust/ugttt-rebuttal/runs/j5vhm83n
tinker_cookbook.utils.ml_log:143 [INFO] Wrote metrics to logs/aws/wave1-rerun/cp26-base-seed3/metrics.jsonl
tinker_cookbook.utils.ml_log:240 [INFO] Logging to: https://wandb.ai/kriaz-msee20seecs-nust/ugttt-rebuttal/runs/j5vhm83n
tinker_cookbook.utils.ml_log:143 [INFO] Wrote metrics to logs/aws/wave1-rerun/cp26-base-seed3/metrics.jsonl
tinker_cookbook.utils.ml_log:240 [INFO] Logging to: https://wandb.ai/kriaz-msee20seecs-nust/ugttt-rebuttal/runs/j5vhm83n
__main__:1949 [INFO]   [3][1/8] KEPT | R_exec=0.6529 (max=2.6187) RMI=0.0000 R_total=0.6529 | 1061.3s | GPU: 18.1/60.7GB
tinker_cookbook.utils.ml_log:143 [INFO] Wrote metrics to logs/aws/wave1-rerun/cp26-base-seed3/metrics.jsonl
tinker_cookbook.utils.ml_log:240 [INFO] Logging to: https://wandb.ai/kriaz-msee20seecs-nust/ugttt-rebuttal/runs/j5vhm83n
tinker_cookbook.rl.ensemble:1082 [INFO]   generate_batch_multi_adapter_two_phase: N=8 phase1_max=26000 streaming_mi=False kv_q=False
tinker_cookbook.rl.ensemble:1270 [INFO]     [gen/p1] step=2048/24127 active=8/8 mi_stopped=0
tinker_cookbook.rl.ensemble:1270 [INFO]     [gen/p1] step=4096/24127 active=8/8 mi_stopped=0
tinker_cookbook.rl.ensemble:1270 [INFO]     [gen/p1] step=6144/24127 active=8/8 mi_stopped=0
tinker_cookbook.rl.ensemble:1270 [INFO]     [gen/p1] step=8192/24127 active=6/8 mi_stopped=0
tinker_cookbook.rl.ensemble:1270 [INFO]     [gen/p1] step=10240/24127 active=2/8 mi_stopped=0
__main__:1078 [INFO]   Group 1: multi-adapter generation 8 seqs in 973.0s
__main__:1108 [INFO]   Group 1: rewards computed in 10.6s
__main__:1150 [INFO]     [g1][r1/8] adapter=0 R_exec=2.6198 true_MI=0.00000 RMI=0.0000 R_total=2.6198 correct=1 tokens=9579
__main__:1150 [INFO]     [g1][r2/8] adapter=0 R_exec=0.0000 true_MI=0.00000 RMI=0.0000 R_total=0.0000 correct=0 tokens=8975
__main__:1150 [INFO]     [g1][r3/8] adapter=0 R_exec=2.6221 true_MI=0.00000 RMI=0.0000 R_total=2.6221 correct=1 tokens=7486
__main__:1150 [INFO]     [g1][r4/8] adapter=0 R_exec=0.0000 true_MI=0.00000 RMI=0.0000 R_total=0.0000 correct=0 tokens=11670
__main__:1150 [INFO]     [g1][r5/8] adapter=0 R_exec=2.6198 true_MI=0.00000 RMI=0.0000 R_total=2.6198 correct=1 tokens=9846
__main__:1150 [INFO]     [g1][r6/8] adapter=0 R_exec=2.6198 true_MI=0.00000 RMI=0.0000 R_total=2.6198 correct=1 tokens=11073
__main__:1150 [INFO]     [g1][r7/8] adapter=0 R_exec=0.0000 true_MI=0.00000 RMI=0.0000 R_total=0.0000 correct=0 tokens=9797
__main__:1150 [INFO]     [g1][r8/8] adapter=0 R_exec=2.5784 true_MI=0.00000 RMI=0.0000 R_total=2.5784 correct=1 tokens=7610
__main__:1167 [INFO]   [g1] group true_MI: mean=0.00000 std=0.00000 max=0.00000 normalized=[0.00 0.00 0.00 0.00 0.00 0.00 0.00 0.00]
tinker_cookbook.utils.ml_log:143 [INFO] Wrote metrics to logs/aws/wave1-rerun/cp26-base-seed3/metrics.jsonl
tinker_cookbook.utils.ml_log:240 [INFO] Logging to: https://wandb.ai/kriaz-msee20seecs-nust/ugttt-rebuttal/runs/j5vhm83n
tinker_cookbook.utils.ml_log:143 [INFO] Wrote metrics to logs/aws/wave1-rerun/cp26-base-seed3/metrics.jsonl
tinker_cookbook.utils.ml_log:240 [INFO] Logging to: https://wandb.ai/kriaz-msee20seecs-nust/ugttt-rebuttal/runs/j5vhm83n
tinker_cookbook.utils.ml_log:143 [INFO] Wrote metrics to logs/aws/wave1-rerun/cp26-base-seed3/metrics.jsonl
tinker_cookbook.utils.ml_log:240 [INFO] Logging to: https://wandb.ai/kriaz-msee20seecs-nust/ugttt-rebuttal/runs/j5vhm83n
tinker_cookbook.utils.ml_log:143 [INFO] Wrote metrics to logs/aws/wave1-rerun/cp26-base-seed3/metrics.jsonl
tinker_cookbook.utils.ml_log:240 [INFO] Logging to: https://wandb.ai/kriaz-msee20seecs-nust/ugttt-rebuttal/runs/j5vhm83n
tinker_cookbook.utils.ml_log:143 [INFO] Wrote metrics to logs/aws/wave1-rerun/cp26-base-seed3/metrics.jsonl
tinker_cookbook.utils.ml_log:240 [INFO] Logging to: https://wandb.ai/kriaz-msee20seecs-nust/ugttt-rebuttal/runs/j5vhm83n
tinker_cookbook.utils.ml_log:143 [INFO] Wrote metrics to logs/aws/wave1-rerun/cp26-base-seed3/metrics.jsonl
tinker_cookbook.utils.ml_log:240 [INFO] Logging to: https://wandb.ai/kriaz-msee20seecs-nust/ugttt-rebuttal/runs/j5vhm83n
tinker_cookbook.utils.ml_log:143 [INFO] Wrote metrics to logs/aws/wave1-rerun/cp26-base-seed3/metrics.jsonl
tinker_cookbook.utils.ml_log:240 [INFO] Logging to: https://wandb.ai/kriaz-msee20seecs-nust/ugttt-rebuttal/runs/j5vhm83n
tinker_cookbook.utils.ml_log:143 [INFO] Wrote metrics to logs/aws/wave1-rerun/cp26-base-seed3/metrics.jsonl
tinker_cookbook.utils.ml_log:240 [INFO] Logging to: https://wandb.ai/kriaz-msee20seecs-nust/ugttt-rebuttal/runs/j5vhm83n
__main__:1949 [INFO]   [3][2/8] KEPT | R_exec=1.6325 (max=2.6221) RMI=0.0000 R_total=1.6325 | 983.7s | GPU: 18.1/60.7GB
tinker_cookbook.utils.ml_log:143 [INFO] Wrote metrics to logs/aws/wave1-rerun/cp26-base-seed3/metrics.jsonl
tinker_cookbook.utils.ml_log:240 [INFO] Logging to: https://wandb.ai/kriaz-msee20seecs-nust/ugttt-rebuttal/runs/j5vhm83n
tinker_cookbook.rl.ensemble:1082 [INFO]   generate_batch_multi_adapter_two_phase: N=8 phase1_max=26000 streaming_mi=False kv_q=False
tinker_cookbook.rl.ensemble:1270 [INFO]     [gen/p1] step=2048/24329 active=8/8 mi_stopped=0
tinker_cookbook.rl.ensemble:1270 [INFO]     [gen/p1] step=4096/24329 active=8/8 mi_stopped=0
tinker_cookbook.rl.ensemble:1270 [INFO]     [gen/p1] step=6144/24329 active=8/8 mi_stopped=0
tinker_cookbook.rl.ensemble:1270 [INFO]     [gen/p1] step=8192/24329 active=8/8 mi_stopped=0
tinker_cookbook.rl.ensemble:1270 [INFO]     [gen/p1] step=10240/24329 active=5/8 mi_stopped=0
tinker_cookbook.rl.ensemble:1270 [INFO]     [gen/p1] step=12288/24329 active=2/8 mi_stopped=0
__main__:1078 [INFO]   Group 2: multi-adapter generation 8 seqs in 1086.6s
__main__:1108 [INFO]   Group 2: rewards computed in 92.9s
__main__:1150 [INFO]     [g2][r1/8] adapter=0 R_exec=2.6008 true_MI=0.00000 RMI=0.0000 R_total=2.6008 correct=1 tokens=12510
__main__:1150 [INFO]     [g2][r2/8] adapter=0 R_exec=2.5897 true_MI=0.00000 RMI=0.0000 R_total=2.5897 correct=1 tokens=10954
__main__:1150 [INFO]     [g2][r3/8] adapter=0 R_exec=2.5741 true_MI=0.00000 RMI=0.0000 R_total=2.5741 correct=1 tokens=8907
__main__:1150 [INFO]     [g2][r4/8] adapter=0 R_exec=0.0000 true_MI=0.00000 RMI=0.0000 R_total=0.0000 correct=0 tokens=9645
__main__:1150 [INFO]     [g2][r5/8] adapter=0 R_exec=2.6163 true_MI=0.00000 RMI=0.0000 R_total=2.6163 correct=1 tokens=12632
__main__:1150 [INFO]     [g2][r6/8] adapter=0 R_exec=0.0000 true_MI=0.00000 RMI=0.0000 R_total=0.0000 correct=0 tokens=10983
__main__:1150 [INFO]     [g2][r7/8] adapter=0 R_exec=0.0000 true_MI=0.00000 RMI=0.0000 R_total=0.0000 correct=0 tokens=12141
__main__:1150 [INFO]     [g2][r8/8] adapter=0 R_exec=0.0000 true_MI=0.00000 RMI=0.0000 R_total=0.0000 correct=0 tokens=10157
__main__:1167 [INFO]   [g2] group true_MI: mean=0.00000 std=0.00000 max=0.00000 normalized=[0.00 0.00 0.00 0.00 0.00 0.00 0.00 0.00]
tinker_cookbook.utils.ml_log:143 [INFO] Wrote metrics to logs/aws/wave1-rerun/cp26-base-seed3/metrics.jsonl
tinker_cookbook.utils.ml_log:240 [INFO] Logging to: https://wandb.ai/kriaz-msee20seecs-nust/ugttt-rebuttal/runs/j5vhm83n
tinker_cookbook.utils.ml_log:143 [INFO] Wrote metrics to logs/aws/wave1-rerun/cp26-base-seed3/metrics.jsonl
tinker_cookbook.utils.ml_log:240 [INFO] Logging to: https://wandb.ai/kriaz-msee20seecs-nust/ugttt-rebuttal/runs/j5vhm83n
tinker_cookbook.utils.ml_log:143 [INFO] Wrote metrics to logs/aws/wave1-rerun/cp26-base-seed3/metrics.jsonl
tinker_cookbook.utils.ml_log:240 [INFO] Logging to: https://wandb.ai/kriaz-msee20seecs-nust/ugttt-rebuttal/runs/j5vhm83n
tinker_cookbook.utils.ml_log:143 [INFO] Wrote metrics to logs/aws/wave1-rerun/cp26-base-seed3/metrics.jsonl
tinker_cookbook.utils.ml_log:240 [INFO] Logging to: https://wandb.ai/kriaz-msee20seecs-nust/ugttt-rebuttal/runs/j5vhm83n
tinker_cookbook.utils.ml_log:143 [INFO] Wrote metrics to logs/aws/wave1-rerun/cp26-base-seed3/metrics.jsonl
tinker_cookbook.utils.ml_log:240 [INFO] Logging to: https://wandb.ai/kriaz-msee20seecs-nust/ugttt-rebuttal/runs/j5vhm83n
tinker_cookbook.utils.ml_log:143 [INFO] Wrote metrics to logs/aws/wave1-rerun/cp26-base-seed3/metrics.jsonl
tinker_cookbook.utils.ml_log:240 [INFO] Logging to: https://wandb.ai/kriaz-msee20seecs-nust/ugttt-rebuttal/runs/j5vhm83n
tinker_cookbook.utils.ml_log:143 [INFO] Wrote metrics to logs/aws/wave1-rerun/cp26-base-seed3/metrics.jsonl
tinker_cookbook.utils.ml_log:240 [INFO] Logging to: https://wandb.ai/kriaz-msee20seecs-nust/ugttt-rebuttal/runs/j5vhm83n
tinker_cookbook.utils.ml_log:143 [INFO] Wrote metrics to logs/aws/wave1-rerun/cp26-base-seed3/metrics.jsonl
tinker_cookbook.utils.ml_log:240 [INFO] Logging to: https://wandb.ai/kriaz-msee20seecs-nust/ugttt-rebuttal/runs/j5vhm83n
__main__:1949 [INFO]   [3][3/8] KEPT | R_exec=1.2976 (max=2.6163) RMI=0.0000 R_total=1.2976 | 1179.5s | GPU: 18.1/60.9GB
tinker_cookbook.utils.ml_log:143 [INFO] Wrote metrics to logs/aws/wave1-rerun/cp26-base-seed3/metrics.jsonl
tinker_cookbook.utils.ml_log:240 [INFO] Logging to: https://wandb.ai/kriaz-msee20seecs-nust/ugttt-rebuttal/runs/j5vhm83n
tinker_cookbook.rl.ensemble:1082 [INFO]   generate_batch_multi_adapter_two_phase: N=8 phase1_max=26000 streaming_mi=False kv_q=False
tinker_cookbook.rl.ensemble:1270 [INFO]     [gen/p1] step=2048/24140 active=8/8 mi_stopped=0
tinker_cookbook.rl.ensemble:1270 [INFO]     [gen/p1] step=4096/24140 active=8/8 mi_stopped=0
tinker_cookbook.rl.ensemble:1270 [INFO]     [gen/p1] step=6144/24140 active=8/8 mi_stopped=0
tinker_cookbook.rl.ensemble:1270 [INFO]     [gen/p1] step=8192/24140 active=7/8 mi_stopped=0
tinker_cookbook.rl.ensemble:1270 [INFO]     [gen/p1] step=10240/24140 active=2/8 mi_stopped=0
tinker_cookbook.rl.ensemble:1270 [INFO]     [gen/p1] step=12288/24140 active=1/8 mi_stopped=0
__main__:1078 [INFO]   Group 3: multi-adapter generation 8 seqs in 1169.5s
__main__:1108 [INFO]   Group 3: rewards computed in 6.3s
__main__:1150 [INFO]     [g3][r1/8] adapter=0 R_exec=0.0000 true_MI=0.00000 RMI=0.0000 R_total=0.0000 correct=0 tokens=7828
__main__:1150 [INFO]     [g3][r2/8] adapter=0 R_exec=2.6178 true_MI=0.00000 RMI=0.0000 R_total=2.6178 correct=1 tokens=10264
__main__:1150 [INFO]     [g3][r3/8] adapter=0 R_exec=0.0000 true_MI=0.00000 RMI=0.0000 R_total=0.0000 correct=0 tokens=9793
__main__:1150 [INFO]     [g3][r4/8] adapter=0 R_exec=0.0000 true_MI=0.00000 RMI=0.0000 R_total=0.0000 correct=0 tokens=10120
__main__:1150 [INFO]     [g3][r5/8] adapter=0 R_exec=2.6058 true_MI=0.00000 RMI=0.0000 R_total=2.6058 correct=1 tokens=9557
__main__:1150 [INFO]     [g3][r6/8] adapter=0 R_exec=0.0000 true_MI=0.00000 RMI=0.0000 R_total=0.0000 correct=0 tokens=8867
__main__:1150 [INFO]     [g3][r7/8] adapter=0 R_exec=0.0000 true_MI=0.00000 RMI=0.0000 R_total=0.0000 correct=0 tokens=13207
__main__:1150 [INFO]     [g3][r8/8] adapter=0 R_exec=0.0000 true_MI=0.00000 RMI=0.0000 R_total=0.0000 correct=0 tokens=9154
__main__:1167 [INFO]   [g3] group true_MI: mean=0.00000 std=0.00000 max=0.00000 normalized=[0.00 0.00 0.00 0.00 0.00 0.00 0.00 0.00]
tinker_cookbook.utils.ml_log:143 [INFO] Wrote metrics to logs/aws/wave1-rerun/cp26-base-seed3/metrics.jsonl
tinker_cookbook.utils.ml_log:240 [INFO] Logging to: https://wandb.ai/kriaz-msee20seecs-nust/ugttt-rebuttal/runs/j5vhm83n
tinker_cookbook.utils.ml_log:143 [INFO] Wrote metrics to logs/aws/wave1-rerun/cp26-base-seed3/metrics.jsonl
tinker_cookbook.utils.ml_log:240 [INFO] Logging to: https://wandb.ai/kriaz-msee20seecs-nust/ugttt-rebuttal/runs/j5vhm83n
tinker_cookbook.utils.ml_log:143 [INFO] Wrote metrics to logs/aws/wave1-rerun/cp26-base-seed3/metrics.jsonl
tinker_cookbook.utils.ml_log:240 [INFO] Logging to: https://wandb.ai/kriaz-msee20seecs-nust/ugttt-rebuttal/runs/j5vhm83n
tinker_cookbook.utils.ml_log:143 [INFO] Wrote metrics to logs/aws/wave1-rerun/cp26-base-seed3/metrics.jsonl
tinker_cookbook.utils.ml_log:240 [INFO] Logging to: https://wandb.ai/kriaz-msee20seecs-nust/ugttt-rebuttal/runs/j5vhm83n
tinker_cookbook.utils.ml_log:143 [INFO] Wrote metrics to logs/aws/wave1-rerun/cp26-base-seed3/metrics.jsonl
tinker_cookbook.utils.ml_log:240 [INFO] Logging to: https://wandb.ai/kriaz-msee20seecs-nust/ugttt-rebuttal/runs/j5vhm83n
tinker_cookbook.utils.ml_log:143 [INFO] Wrote metrics to logs/aws/wave1-rerun/cp26-base-seed3/metrics.jsonl
tinker_cookbook.utils.ml_log:240 [INFO] Logging to: https://wandb.ai/kriaz-msee20seecs-nust/ugttt-rebuttal/runs/j5vhm83n
tinker_cookbook.utils.ml_log:143 [INFO] Wrote metrics to logs/aws/wave1-rerun/cp26-base-seed3/metrics.jsonl
tinker_cookbook.utils.ml_log:240 [INFO] Logging to: https://wandb.ai/kriaz-msee20seecs-nust/ugttt-rebuttal/runs/j5vhm83n
tinker_cookbook.utils.ml_log:143 [INFO] Wrote metrics to logs/aws/wave1-rerun/cp26-base-seed3/metrics.jsonl
tinker_cookbook.utils.ml_log:240 [INFO] Logging to: https://wandb.ai/kriaz-msee20seecs-nust/ugttt-rebuttal/runs/j5vhm83n
__main__:1949 [INFO]   [3][4/8] KEPT | R_exec=0.6529 (max=2.6178) RMI=0.0000 R_total=0.6529 | 1175.8s | GPU: 18.1/60.9GB
tinker_cookbook.utils.ml_log:143 [INFO] Wrote metrics to logs/aws/wave1-rerun/cp26-base-seed3/metrics.jsonl
tinker_cookbook.utils.ml_log:240 [INFO] Logging to: https://wandb.ai/kriaz-msee20seecs-nust/ugttt-rebuttal/runs/j5vhm83n
tinker_cookbook.rl.ensemble:1082 [INFO]   generate_batch_multi_adapter_two_phase: N=8 phase1_max=26000 streaming_mi=False kv_q=False
tinker_cookbook.rl.ensemble:1270 [INFO]     [gen/p1] step=2048/24112 active=8/8 mi_stopped=0
tinker_cookbook.rl.ensemble:1270 [INFO]     [gen/p1] step=4096/24112 active=8/8 mi_stopped=0
tinker_cookbook.rl.ensemble:1270 [INFO]     [gen/p1] step=6144/24112 active=8/8 mi_stopped=0
tinker_cookbook.rl.ensemble:1270 [INFO]     [gen/p1] step=8192/24112 active=4/8 mi_stopped=0
tinker_cookbook.rl.ensemble:1270 [INFO]     [gen/p1] step=10240/24112 active=2/8 mi_stopped=0
__main__:1078 [INFO]   Group 4: multi-adapter generation 8 seqs in 916.8s
__main__:1108 [INFO]   Group 4: rewards computed in 4.0s
__main__:1150 [INFO]     [g4][r1/8] adapter=0 R_exec=0.0000 true_MI=0.00000 RMI=0.0000 R_total=0.0000 correct=0 tokens=6783
__main__:1150 [INFO]     [g4][r2/8] adapter=0 R_exec=0.0000 true_MI=0.00000 RMI=0.0000 R_total=0.0000 correct=0 tokens=7857
__main__:1150 [INFO]     [g4][r3/8] adapter=0 R_exec=2.6261 true_MI=0.00000 RMI=0.0000 R_total=2.6261 correct=1 tokens=8551
__main__:1150 [INFO]     [g4][r4/8] adapter=0 R_exec=2.6261 true_MI=0.00000 RMI=0.0000 R_total=2.6261 correct=1 tokens=7501
__main__:1150 [INFO]     [g4][r5/8] adapter=0 R_exec=2.6007 true_MI=0.00000 RMI=0.0000 R_total=2.6007 correct=1 tokens=6936
__main__:1150 [INFO]     [g4][r6/8] adapter=0 R_exec=0.0000 true_MI=0.00000 RMI=0.0000 R_total=0.0000 correct=0 tokens=10862
__main__:1150 [INFO]     [g4][r7/8] adapter=0 R_exec=0.0000 true_MI=0.00000 RMI=0.0000 R_total=0.0000 correct=0 tokens=11242
__main__:1150 [INFO]     [g4][r8/8] adapter=0 R_exec=0.0000 true_MI=0.00000 RMI=0.0000 R_total=0.0000 correct=0 tokens=9645
__main__:1167 [INFO]   [g4] group true_MI: mean=0.00000 std=0.00000 max=0.00000 normalized=[0.00 0.00 0.00 0.00 0.00 0.00 0.00 0.00]
tinker_cookbook.utils.ml_log:143 [INFO] Wrote metrics to logs/aws/wave1-rerun/cp26-base-seed3/metrics.jsonl
tinker_cookbook.utils.ml_log:240 [INFO] Logging to: https://wandb.ai/kriaz-msee20seecs-nust/ugttt-rebuttal/runs/j5vhm83n
tinker_cookbook.utils.ml_log:143 [INFO] Wrote metrics to logs/aws/wave1-rerun/cp26-base-seed3/metrics.jsonl
tinker_cookbook.utils.ml_log:240 [INFO] Logging to: https://wandb.ai/kriaz-msee20seecs-nust/ugttt-rebuttal/runs/j5vhm83n
tinker_cookbook.utils.ml_log:143 [INFO] Wrote metrics to logs/aws/wave1-rerun/cp26-base-seed3/metrics.jsonl
tinker_cookbook.utils.ml_log:240 [INFO] Logging to: https://wandb.ai/kriaz-msee20seecs-nust/ugttt-rebuttal/runs/j5vhm83n
tinker_cookbook.utils.ml_log:143 [INFO] Wrote metrics to logs/aws/wave1-rerun/cp26-base-seed3/metrics.jsonl
tinker_cookbook.utils.ml_log:240 [INFO] Logging to: https://wandb.ai/kriaz-msee20seecs-nust/ugttt-rebuttal/runs/j5vhm83n
tinker_cookbook.utils.ml_log:143 [INFO] Wrote metrics to logs/aws/wave1-rerun/cp26-base-seed3/metrics.jsonl
tinker_cookbook.utils.ml_log:240 [INFO] Logging to: https://wandb.ai/kriaz-msee20seecs-nust/ugttt-rebuttal/runs/j5vhm83n
tinker_cookbook.utils.ml_log:143 [INFO] Wrote metrics to logs/aws/wave1-rerun/cp26-base-seed3/metrics.jsonl
tinker_cookbook.utils.ml_log:240 [INFO] Logging to: https://wandb.ai/kriaz-msee20seecs-nust/ugttt-rebuttal/runs/j5vhm83n
tinker_cookbook.utils.ml_log:143 [INFO] Wrote metrics to logs/aws/wave1-rerun/cp26-base-seed3/metrics.jsonl
tinker_cookbook.utils.ml_log:240 [INFO] Logging to: https://wandb.ai/kriaz-msee20seecs-nust/ugttt-rebuttal/runs/j5vhm83n
tinker_cookbook.utils.ml_log:143 [INFO] Wrote metrics to logs/aws/wave1-rerun/cp26-base-seed3/metrics.jsonl
tinker_cookbook.utils.ml_log:240 [INFO] Logging to: https://wandb.ai/kriaz-msee20seecs-nust/ugttt-rebuttal/runs/j5vhm83n
__main__:1949 [INFO]   [3][5/8] KEPT | R_exec=0.9816 (max=2.6261) RMI=0.0000 R_total=0.9816 | 920.9s | GPU: 18.1/60.7GB
tinker_cookbook.utils.ml_log:143 [INFO] Wrote metrics to logs/aws/wave1-rerun/cp26-base-seed3/metrics.jsonl
tinker_cookbook.utils.ml_log:240 [INFO] Logging to: https://wandb.ai/kriaz-msee20seecs-nust/ugttt-rebuttal/runs/j5vhm83n
tinker_cookbook.rl.ensemble:1082 [INFO]   generate_batch_multi_adapter_two_phase: N=8 phase1_max=26000 streaming_mi=False kv_q=False
tinker_cookbook.rl.ensemble:1270 [INFO]     [gen/p1] step=2048/24163 active=8/8 mi_stopped=0
tinker_cookbook.rl.ensemble:1270 [INFO]     [gen/p1] step=4096/24163 active=8/8 mi_stopped=0
tinker_cookbook.rl.ensemble:1270 [INFO]     [gen/p1] step=6144/24163 active=8/8 mi_stopped=0
tinker_cookbook.rl.ensemble:1270 [INFO]     [gen/p1] step=8192/24163 active=6/8 mi_stopped=0
tinker_cookbook.rl.ensemble:1270 [INFO]     [gen/p1] step=10240/24163 active=5/8 mi_stopped=0
tinker_cookbook.rl.ensemble:1270 [INFO]     [gen/p1] step=12288/24163 active=1/8 mi_stopped=0
__main__:1078 [INFO]   Group 5: multi-adapter generation 8 seqs in 1280.3s
__main__:1108 [INFO]   Group 5: rewards computed in 27.2s
__main__:1150 [INFO]     [g5][r1/8] adapter=0 R_exec=2.6065 true_MI=0.00000 RMI=0.0000 R_total=2.6065 correct=1 tokens=11949
__main__:1150 [INFO]     [g5][r2/8] adapter=0 R_exec=2.5787 true_MI=0.00000 RMI=0.0000 R_total=2.5787 correct=1 tokens=13989
__main__:1150 [INFO]     [g5][r3/8] adapter=0 R_exec=0.0000 true_MI=0.00000 RMI=0.0000 R_total=0.0000 correct=0 tokens=8107
__main__:1150 [INFO]     [g5][r4/8] adapter=0 R_exec=2.6208 true_MI=0.00000 RMI=0.0000 R_total=2.6208 correct=1 tokens=10938
__main__:1150 [INFO]     [g5][r5/8] adapter=0 R_exec=2.4865 true_MI=0.00000 RMI=0.0000 R_total=2.4865 correct=1 tokens=11017
__main__:1150 [INFO]     [g5][r6/8] adapter=0 R_exec=0.0000 true_MI=0.00000 RMI=0.0000 R_total=0.0000 correct=0 tokens=10506
__main__:1150 [INFO]     [g5][r7/8] adapter=0 R_exec=2.5377 true_MI=0.00000 RMI=0.0000 R_total=2.5377 correct=1 tokens=8288
__main__:1150 [INFO]     [g5][r8/8] adapter=0 R_exec=0.0000 true_MI=0.00000 RMI=0.0000 R_total=0.0000 correct=0 tokens=8095
__main__:1167 [INFO]   [g5] group true_MI: mean=0.00000 std=0.00000 max=0.00000 normalized=[0.00 0.00 0.00 0.00 0.00 0.00 0.00 0.00]
tinker_cookbook.utils.ml_log:143 [INFO] Wrote metrics to logs/aws/wave1-rerun/cp26-base-seed3/metrics.jsonl
tinker_cookbook.utils.ml_log:240 [INFO] Logging to: https://wandb.ai/kriaz-msee20seecs-nust/ugttt-rebuttal/runs/j5vhm83n
tinker_cookbook.utils.ml_log:143 [INFO] Wrote metrics to logs/aws/wave1-rerun/cp26-base-seed3/metrics.jsonl
tinker_cookbook.utils.ml_log:240 [INFO] Logging to: https://wandb.ai/kriaz-msee20seecs-nust/ugttt-rebuttal/runs/j5vhm83n
tinker_cookbook.utils.ml_log:143 [INFO] Wrote metrics to logs/aws/wave1-rerun/cp26-base-seed3/metrics.jsonl
tinker_cookbook.utils.ml_log:240 [INFO] Logging to: https://wandb.ai/kriaz-msee20seecs-nust/ugttt-rebuttal/runs/j5vhm83n
tinker_cookbook.utils.ml_log:143 [INFO] Wrote metrics to logs/aws/wave1-rerun/cp26-base-seed3/metrics.jsonl
tinker_cookbook.utils.ml_log:240 [INFO] Logging to: https://wandb.ai/kriaz-msee20seecs-nust/ugttt-rebuttal/runs/j5vhm83n
tinker_cookbook.utils.ml_log:143 [INFO] Wrote metrics to logs/aws/wave1-rerun/cp26-base-seed3/metrics.jsonl
tinker_cookbook.utils.ml_log:240 [INFO] Logging to: https://wandb.ai/kriaz-msee20seecs-nust/ugttt-rebuttal/runs/j5vhm83n
tinker_cookbook.utils.ml_log:143 [INFO] Wrote metrics to logs/aws/wave1-rerun/cp26-base-seed3/metrics.jsonl
tinker_cookbook.utils.ml_log:240 [INFO] Logging to: https://wandb.ai/kriaz-msee20seecs-nust/ugttt-rebuttal/runs/j5vhm83n
tinker_cookbook.utils.ml_log:143 [INFO] Wrote metrics to logs/aws/wave1-rerun/cp26-base-seed3/metrics.jsonl
tinker_cookbook.utils.ml_log:240 [INFO] Logging to: https://wandb.ai/kriaz-msee20seecs-nust/ugttt-rebuttal/runs/j5vhm83n
tinker_cookbook.utils.ml_log:143 [INFO] Wrote metrics to logs/aws/wave1-rerun/cp26-base-seed3/metrics.jsonl
tinker_cookbook.utils.ml_log:240 [INFO] Logging to: https://wandb.ai/kriaz-msee20seecs-nust/ugttt-rebuttal/runs/j5vhm83n
__main__:1949 [INFO]   [3][6/8] KEPT | R_exec=1.6038 (max=2.6208) RMI=0.0000 R_total=1.6038 | 1307.6s | GPU: 18.1/60.9GB
tinker_cookbook.utils.ml_log:143 [INFO] Wrote metrics to logs/aws/wave1-rerun/cp26-base-seed3/metrics.jsonl
tinker_cookbook.utils.ml_log:240 [INFO] Logging to: https://wandb.ai/kriaz-msee20seecs-nust/ugttt-rebuttal/runs/j5vhm83n
tinker_cookbook.rl.ensemble:1082 [INFO]   generate_batch_multi_adapter_two_phase: N=8 phase1_max=26000 streaming_mi=False kv_q=False
tinker_cookbook.rl.ensemble:1270 [INFO]     [gen/p1] step=2048/24188 active=8/8 mi_stopped=0
tinker_cookbook.rl.ensemble:1270 [INFO]     [gen/p1] step=4096/24188 active=8/8 mi_stopped=0
tinker_cookbook.rl.ensemble:1270 [INFO]     [gen/p1] step=6144/24188 active=8/8 mi_stopped=0
tinker_cookbook.rl.ensemble:1270 [INFO]     [gen/p1] step=8192/24188 active=8/8 mi_stopped=0
tinker_cookbook.rl.ensemble:1270 [INFO]     [gen/p1] step=10240/24188 active=4/8 mi_stopped=0
tinker_cookbook.rl.ensemble:1270 [INFO]     [gen/p1] step=12288/24188 active=3/8 mi_stopped=0
__main__:1078 [INFO]   Group 6: multi-adapter generation 8 seqs in 1271.4s
__main__:1108 [INFO]   Group 6: rewards computed in 227.7s
__main__:1150 [INFO]     [g6][r1/8] adapter=0 R_exec=2.6266 true_MI=0.00000 RMI=0.0000 R_total=2.6266 correct=1 tokens=13128
__main__:1150 [INFO]     [g6][r2/8] adapter=0 R_exec=0.0000 true_MI=0.00000 RMI=0.0000 R_total=0.0000 correct=0 tokens=8637
__main__:1150 [INFO]     [g6][r3/8] adapter=0 R_exec=2.6047 true_MI=0.00000 RMI=0.0000 R_total=2.6047 correct=1 tokens=9692
__main__:1150 [INFO]     [g6][r4/8] adapter=0 R_exec=0.0000 true_MI=0.00000 RMI=0.0000 R_total=0.0000 correct=0 tokens=12314
__main__:1150 [INFO]     [g6][r5/8] adapter=0 R_exec=2.6104 true_MI=0.00000 RMI=0.0000 R_total=2.6104 correct=1 tokens=9586
__main__:1150 [INFO]     [g6][r6/8] adapter=0 R_exec=0.0000 true_MI=0.00000 RMI=0.0000 R_total=0.0000 correct=0 tokens=10432
__main__:1150 [INFO]     [g6][r7/8] adapter=0 R_exec=2.6245 true_MI=0.00000 RMI=0.0000 R_total=2.6245 correct=1 tokens=9807
__main__:1150 [INFO]     [g6][r8/8] adapter=0 R_exec=0.0000 true_MI=0.00000 RMI=0.0000 R_total=0.0000 correct=0 tokens=13950
__main__:1167 [INFO]   [g6] group true_MI: mean=0.00000 std=0.00000 max=0.00000 normalized=[0.00 0.00 0.00 0.00 0.00 0.00 0.00 0.00]
tinker_cookbook.utils.ml_log:143 [INFO] Wrote metrics to logs/aws/wave1-rerun/cp26-base-seed3/metrics.jsonl
tinker_cookbook.utils.ml_log:240 [INFO] Logging to: https://wandb.ai/kriaz-msee20seecs-nust/ugttt-rebuttal/runs/j5vhm83n
tinker_cookbook.utils.ml_log:143 [INFO] Wrote metrics to logs/aws/wave1-rerun/cp26-base-seed3/metrics.jsonl
tinker_cookbook.utils.ml_log:240 [INFO] Logging to: https://wandb.ai/kriaz-msee20seecs-nust/ugttt-rebuttal/runs/j5vhm83n
tinker_cookbook.utils.ml_log:143 [INFO] Wrote metrics to logs/aws/wave1-rerun/cp26-base-seed3/metrics.jsonl
tinker_cookbook.utils.ml_log:240 [INFO] Logging to: https://wandb.ai/kriaz-msee20seecs-nust/ugttt-rebuttal/runs/j5vhm83n
tinker_cookbook.utils.ml_log:143 [INFO] Wrote metrics to logs/aws/wave1-rerun/cp26-base-seed3/metrics.jsonl
tinker_cookbook.utils.ml_log:240 [INFO] Logging to: https://wandb.ai/kriaz-msee20seecs-nust/ugttt-rebuttal/runs/j5vhm83n
tinker_cookbook.utils.ml_log:143 [INFO] Wrote metrics to logs/aws/wave1-rerun/cp26-base-seed3/metrics.jsonl
tinker_cookbook.utils.ml_log:240 [INFO] Logging to: https://wandb.ai/kriaz-msee20seecs-nust/ugttt-rebuttal/runs/j5vhm83n
tinker_cookbook.utils.ml_log:143 [INFO] Wrote metrics to logs/aws/wave1-rerun/cp26-base-seed3/metrics.jsonl
tinker_cookbook.utils.ml_log:240 [INFO] Logging to: https://wandb.ai/kriaz-msee20seecs-nust/ugttt-rebuttal/runs/j5vhm83n
tinker_cookbook.utils.ml_log:143 [INFO] Wrote metrics to logs/aws/wave1-rerun/cp26-base-seed3/metrics.jsonl
tinker_cookbook.utils.ml_log:240 [INFO] Logging to: https://wandb.ai/kriaz-msee20seecs-nust/ugttt-rebuttal/runs/j5vhm83n
tinker_cookbook.utils.ml_log:143 [INFO] Wrote metrics to logs/aws/wave1-rerun/cp26-base-seed3/metrics.jsonl
tinker_cookbook.utils.ml_log:240 [INFO] Logging to: https://wandb.ai/kriaz-msee20seecs-nust/ugttt-rebuttal/runs/j5vhm83n
__main__:1949 [INFO]   [3][7/8] KEPT | R_exec=1.3083 (max=2.6266) RMI=0.0000 R_total=1.3083 | 1499.1s | GPU: 18.1/60.9GB
tinker_cookbook.utils.ml_log:143 [INFO] Wrote metrics to logs/aws/wave1-rerun/cp26-base-seed3/metrics.jsonl
tinker_cookbook.utils.ml_log:240 [INFO] Logging to: https://wandb.ai/kriaz-msee20seecs-nust/ugttt-rebuttal/runs/j5vhm83n
tinker_cookbook.rl.ensemble:1082 [INFO]   generate_batch_multi_adapter_two_phase: N=8 phase1_max=26000 streaming_mi=False kv_q=False
tinker_cookbook.rl.ensemble:1270 [INFO]     [gen/p1] step=2048/24108 active=8/8 mi_stopped=0
tinker_cookbook.rl.ensemble:1270 [INFO]     [gen/p1] step=4096/24108 active=8/8 mi_stopped=0
tinker_cookbook.rl.ensemble:1270 [INFO]     [gen/p1] step=6144/24108 active=8/8 mi_stopped=0
tinker_cookbook.rl.ensemble:1270 [INFO]     [gen/p1] step=8192/24108 active=7/8 mi_stopped=0
tinker_cookbook.rl.ensemble:1270 [INFO]     [gen/p1] step=10240/24108 active=3/8 mi_stopped=0
tinker_cookbook.rl.ensemble:1270 [INFO]     [gen/p1] step=12288/24108 active=2/8 mi_stopped=0
tinker_cookbook.rl.ensemble:1270 [INFO]     [gen/p1] step=14336/24108 active=1/8 mi_stopped=0
__main__:1078 [INFO]   Group 7: multi-adapter generation 8 seqs in 1459.8s
__main__:1108 [INFO]   Group 7: rewards computed in 8.8s
__main__:1150 [INFO]     [g7][r1/8] adapter=0 R_exec=2.5828 true_MI=0.00000 RMI=0.0000 R_total=2.5828 correct=1 tokens=13005
__main__:1150 [INFO]     [g7][r2/8] adapter=0 R_exec=2.6276 true_MI=0.00000 RMI=0.0000 R_total=2.6276 correct=1 tokens=9013
__main__:1150 [INFO]     [g7][r3/8] adapter=0 R_exec=2.5828 true_MI=0.00000 RMI=0.0000 R_total=2.5828 correct=1 tokens=8643
__main__:1150 [INFO]     [g7][r4/8] adapter=0 R_exec=0.0000 true_MI=0.00000 RMI=0.0000 R_total=0.0000 correct=0 tokens=10210
__main__:1150 [INFO]     [g7][r5/8] adapter=0 R_exec=2.5467 true_MI=0.00000 RMI=0.0000 R_total=2.5467 correct=1 tokens=11997
__main__:1150 [INFO]     [g7][r6/8] adapter=0 R_exec=0.0000 true_MI=0.00000 RMI=0.0000 R_total=0.0000 correct=0 tokens=9353
__main__:1150 [INFO]     [g7][r7/8] adapter=0 R_exec=2.6102 true_MI=0.00000 RMI=0.0000 R_total=2.6102 correct=1 tokens=15274
__main__:1150 [INFO]     [g7][r8/8] adapter=0 R_exec=2.5802 true_MI=0.00000 RMI=0.0000 R_total=2.5802 correct=1 tokens=7749
__main__:1167 [INFO]   [g7] group true_MI: mean=0.00000 std=0.00000 max=0.00000 normalized=[0.00 0.00 0.00 0.00 0.00 0.00 0.00 0.00]
tinker_cookbook.utils.ml_log:143 [INFO] Wrote metrics to logs/aws/wave1-rerun/cp26-base-seed3/metrics.jsonl
tinker_cookbook.utils.ml_log:240 [INFO] Logging to: https://wandb.ai/kriaz-msee20seecs-nust/ugttt-rebuttal/runs/j5vhm83n
tinker_cookbook.utils.ml_log:143 [INFO] Wrote metrics to logs/aws/wave1-rerun/cp26-base-seed3/metrics.jsonl
tinker_cookbook.utils.ml_log:240 [INFO] Logging to: https://wandb.ai/kriaz-msee20seecs-nust/ugttt-rebuttal/runs/j5vhm83n
tinker_cookbook.utils.ml_log:143 [INFO] Wrote metrics to logs/aws/wave1-rerun/cp26-base-seed3/metrics.jsonl
tinker_cookbook.utils.ml_log:240 [INFO] Logging to: https://wandb.ai/kriaz-msee20seecs-nust/ugttt-rebuttal/runs/j5vhm83n
tinker_cookbook.utils.ml_log:143 [INFO] Wrote metrics to logs/aws/wave1-rerun/cp26-base-seed3/metrics.jsonl
tinker_cookbook.utils.ml_log:240 [INFO] Logging to: https://wandb.ai/kriaz-msee20seecs-nust/ugttt-rebuttal/runs/j5vhm83n
tinker_cookbook.utils.ml_log:143 [INFO] Wrote metrics to logs/aws/wave1-rerun/cp26-base-seed3/metrics.jsonl
tinker_cookbook.utils.ml_log:240 [INFO] Logging to: https://wandb.ai/kriaz-msee20seecs-nust/ugttt-rebuttal/runs/j5vhm83n
tinker_cookbook.utils.ml_log:143 [INFO] Wrote metrics to logs/aws/wave1-rerun/cp26-base-seed3/metrics.jsonl
tinker_cookbook.utils.ml_log:240 [INFO] Logging to: https://wandb.ai/kriaz-msee20seecs-nust/ugttt-rebuttal/runs/j5vhm83n
tinker_cookbook.utils.ml_log:143 [INFO] Wrote metrics to logs/aws/wave1-rerun/cp26-base-seed3/metrics.jsonl
tinker_cookbook.utils.ml_log:240 [INFO] Logging to: https://wandb.ai/kriaz-msee20seecs-nust/ugttt-rebuttal/runs/j5vhm83n
tinker_cookbook.utils.ml_log:143 [INFO] Wrote metrics to logs/aws/wave1-rerun/cp26-base-seed3/metrics.jsonl
tinker_cookbook.utils.ml_log:240 [INFO] Logging to: https://wandb.ai/kriaz-msee20seecs-nust/ugttt-rebuttal/runs/j5vhm83n
__main__:1949 [INFO]   [3][8/8] KEPT | R_exec=1.9413 (max=2.6276) RMI=0.0000 R_total=1.9413 | 1468.7s | GPU: 18.1/61.2GB
tinker_cookbook.utils.ml_log:143 [INFO] Wrote metrics to logs/aws/wave1-rerun/cp26-base-seed3/metrics.jsonl
tinker_cookbook.utils.ml_log:240 [INFO] Logging to: https://wandb.ai/kriaz-msee20seecs-nust/ugttt-rebuttal/runs/j5vhm83n
__main__:1988 [INFO] [Epoch 3] Rollout phase done in 9598.1s. Training on 8/8 groups...
tinker_cookbook.utils.ml_log:143 [INFO] Wrote metrics to logs/aws/wave1-rerun/cp26-base-seed3/metrics.jsonl
tinker_cookbook.utils.ml_log:195 [INFO] 
┏━━━━━━━━━━━━━━━━━━━━━━━━━━━━━━━━┳━━━━━━━━━━━━━━┓
┃ Metric                         ┃ Value        ┃
┡━━━━━━━━━━━━━━━━━━━━━━━━━━━━━━━━╇━━━━━━━━━━━━━━┩
│ gpu/memory_allocated_gb        │ 18.092511    │
│ gpu/memory_peak_gb             │ 60.641105    │
│ gpu/memory_reserved_gb         │ 18.121490    │
│ kl_policy_base                 │ 0.015695     │
│ optim/entropy                  │ 0.474317     │
│ optim/kl_sample_train_v1       │ 0.000122     │
│ optim/kl_sample_train_v2       │ 0.000123     │
│ progress/done_frac             │ 0.666667     │
│ progress/epoch                 │ 3            │
│ rollout/groups_attempted       │ 8.000000     │
│ rollout/groups_filtered        │ 0.000000     │
│ rollout/groups_kept            │ 8.000000     │
│ rollout/intra_group_reward_std │ 1.220446     │
│ time/rollout                   │ 9598.121189  │
│ time/total                     │ 9896.308317  │
│ time/train                     │ 298.097818   │
│ train/advantage/max            │ 5.697068     │
│ train/advantage/mean           │ 0.262203     │
│ train/advantage/min            │ -1.000000    │
│ train/advantage/std            │ 1.686799     │
│ train/beta/mean                │ 23.974525    │
│ train/beta/std                 │ 40.160168    │
│ train/correctness/mean         │ 0.484375     │
│ train/correctness/rate         │ 0.484375     │
│ train/ensemble/frac_high_disa… │ 0.000000     │
│ train/ensemble/max_token_disa… │ nan          │
│ train/ensemble/member_logprob… │ 0.000000     │
│ train/ensemble/member_logprob… │ nan          │
│ train/gamma_eff/mean           │ 0.000000     │
│ train/gen/num_tokens/max       │ 15274.000000 │
│ train/gen/num_tokens/mean      │ 10118.953125 │
│ train/gen/num_tokens/std       │ 1856.267167  │
│ train/loss                     │ -0.262163    │
│ train/nnm_loss                 │ 0.000000     │
│ train/nnm_nuclear_norm         │ 0.000000     │
│ train/num_groups               │ 8.000000     │
│ train/num_rollouts             │ 64.000000    │
│ train/num_rollouts_total       │ 64.000000    │
│ train/reward/exec/best         │ 2.627644     │
│ train/reward/exec/max          │ 2.627644     │
│ train/reward/exec/mean         │ 1.258868     │
│ train/reward/exec/min          │ 0.000000     │
│ train/reward/exec/std          │ 1.299016     │
│ train/reward/rmi/max           │ 0.000000     │
│ train/reward/rmi/mean          │ 0.000000     │
│ train/reward/rmi/min           │ 0.000000     │
│ train/reward/rmi/std           │ 0.000000     │
│ train/reward/total/best        │ 2.627644     │
│ train/reward/total/max         │ 2.627644     │
│ train/reward/total/mean        │ 1.258868     │
│ train/reward/total/min         │ 0.000000     │
│ train/reward/total/std         │ 1.299016     │
│ train/streaming_mi/stop_rate   │ 0.000000     │
│ train/streaming_mi/tokens_sav… │ 0.000000     │
│ train/streaming_mi/tokens_sav… │ 0.000000     │
│ train/two_phase/phase1_tokens… │ 10118.953125 │
│ train/two_phase/phase2_tokens… │ 0.000000     │
│ train/two_phase/prefill_rate   │ 0.000000     │
│ train/uncertainty/predictive_… │ 0.000000     │
│ train/uncertainty/predictive_… │ 0.000000     │
│ train/uncertainty/predictive_… │ 0.000000     │
│ train/uncertainty/predictive_… │ 0.000000     │
│ train/uncertainty/predictive_… │ 0.000000     │
│ train/uncertainty/predictive_… │ 0.000000     │
│ train/uncertainty/predictive_… │ 0.000000     │
│ train/uncertainty/predictive_… │ 0.000000     │
│ train/uncertainty/rmi/max      │ 0.000000     │
│ train/uncertainty/rmi/mean     │ 0.000000     │
│ train/uncertainty/rmi/min      │ 0.000000     │
│ train/uncertainty/rmi/std      │ 0.000000     │
│ train/uncertainty/rmi_top7/max │ 0.000000     │
│ train/uncertainty/rmi_top7/me… │ 0.000000     │
│ train/uncertainty/rmi_top7/min │ 0.000000     │
│ train/uncertainty/rmi_top7/std │ 0.000000     │
│ train/uncertainty/top7_mi_cod… │ 0.000000     │
│ train/uncertainty/top7_mi_cod… │ 0.000000     │
│ train/uncertainty/top7_mi_thi… │ 0.000000     │
│ train/uncertainty/top7_mi_thi… │ 0.000000     │
│ train/uncertainty/top7_pct_co… │ 0.000000     │
│ train/uncertainty/top7_pct_co… │ 0.000000     │
│ train/uncertainty/top7_pct_th… │ 1.000000     │
│ train/uncertainty/top7_pct_th… │ 0.000000     │
│ train/uncertainty/true_mi/max  │ 0.000000     │
│ train/uncertainty/true_mi/mean │ 0.000000     │
│ train/uncertainty/true_mi/min  │ 0.000000     │
│ train/uncertainty/true_mi/std  │ 0.000000     │
│ train/uncertainty/variance/max │ nan          │
│ train/uncertainty/variance/me… │ nan          │
│ train/uncertainty/variance/min │ nan          │
│ train/uncertainty/variance/std │ nan          │
│ train/uncertainty/variance_to… │ nan          │
│ train/uncertainty/variance_to… │ nan          │
│ train/uncertainty/variance_to… │ nan          │
│ train/uncertainty/variance_to… │ nan          │
└────────────────────────────────┴──────────────┘
tinker_cookbook.utils.ml_log:240 [INFO] Logging to: https://wandb.ai/kriaz-msee20seecs-nust/ugttt-rebuttal/runs/j5vhm83n
__main__:2062 [INFO] [Epoch 3] R_exec=1.2589 (max=2.6276 best=2.6276) RMI=0.0000 beta=23.97 corr=48.4% loss=-0.2622 groups=8/8 time=9896.3s
__main__:2073 [INFO] Checkpoint saved at epoch 3
__main__:1836 [INFO] [Epoch 4/6] Starting rollout phase: 8 groups × 8 rollouts
tinker_cookbook.rl.ensemble:1082 [INFO]   generate_batch_multi_adapter_two_phase: N=8 phase1_max=26000 streaming_mi=False kv_q=False
tinker_cookbook.rl.ensemble:1270 [INFO]     [gen/p1] step=2048/24129 active=8/8 mi_stopped=0
tinker_cookbook.rl.ensemble:1270 [INFO]     [gen/p1] step=4096/24129 active=8/8 mi_stopped=0
tinker_cookbook.rl.ensemble:1270 [INFO]     [gen/p1] step=6144/24129 active=8/8 mi_stopped=0
tinker_cookbook.rl.ensemble:1270 [INFO]     [gen/p1] step=8192/24129 active=7/8 mi_stopped=0
tinker_cookbook.rl.ensemble:1270 [INFO]     [gen/p1] step=10240/24129 active=3/8 mi_stopped=0
__main__:1078 [INFO]   Group 0: multi-adapter generation 8 seqs in 897.4s
__main__:1108 [INFO]   Group 0: rewards computed in 9.4s
__main__:1150 [INFO]     [g0][r1/8] adapter=0 R_exec=2.5849 true_MI=0.00000 RMI=0.0000 R_total=2.5849 correct=1 tokens=9773
__main__:1150 [INFO]     [g0][r2/8] adapter=0 R_exec=0.0000 true_MI=0.00000 RMI=0.0000 R_total=0.0000 correct=0 tokens=7131
__main__:1150 [INFO]     [g0][r3/8] adapter=0 R_exec=0.0000 true_MI=0.00000 RMI=0.0000 R_total=0.0000 correct=0 tokens=9573
__main__:1150 [INFO]     [g0][r4/8] adapter=0 R_exec=2.5634 true_MI=0.00000 RMI=0.0000 R_total=2.5634 correct=1 tokens=10525
__main__:1150 [INFO]     [g0][r5/8] adapter=0 R_exec=2.6071 true_MI=0.00000 RMI=0.0000 R_total=2.6071 correct=1 tokens=9664
__main__:1150 [INFO]     [g0][r6/8] adapter=0 R_exec=2.6136 true_MI=0.00000 RMI=0.0000 R_total=2.6136 correct=1 tokens=10259
__main__:1150 [INFO]     [g0][r7/8] adapter=0 R_exec=2.6055 true_MI=0.00000 RMI=0.0000 R_total=2.6055 correct=1 tokens=10151
__main__:1150 [INFO]     [g0][r8/8] adapter=0 R_exec=2.6130 true_MI=0.00000 RMI=0.0000 R_total=2.6130 correct=1 tokens=11055
__main__:1167 [INFO]   [g0] group true_MI: mean=0.00000 std=0.00000 max=0.00000 normalized=[0.00 0.00 0.00 0.00 0.00 0.00 0.00 0.00]
tinker_cookbook.utils.ml_log:143 [INFO] Wrote metrics to logs/aws/wave1-rerun/cp26-base-seed3/metrics.jsonl
tinker_cookbook.utils.ml_log:240 [INFO] Logging to: https://wandb.ai/kriaz-msee20seecs-nust/ugttt-rebuttal/runs/j5vhm83n
tinker_cookbook.utils.ml_log:143 [INFO] Wrote metrics to logs/aws/wave1-rerun/cp26-base-seed3/metrics.jsonl
tinker_cookbook.utils.ml_log:240 [INFO] Logging to: https://wandb.ai/kriaz-msee20seecs-nust/ugttt-rebuttal/runs/j5vhm83n
tinker_cookbook.utils.ml_log:143 [INFO] Wrote metrics to logs/aws/wave1-rerun/cp26-base-seed3/metrics.jsonl
tinker_cookbook.utils.ml_log:240 [INFO] Logging to: https://wandb.ai/kriaz-msee20seecs-nust/ugttt-rebuttal/runs/j5vhm83n
tinker_cookbook.utils.ml_log:143 [INFO] Wrote metrics to logs/aws/wave1-rerun/cp26-base-seed3/metrics.jsonl
tinker_cookbook.utils.ml_log:240 [INFO] Logging to: https://wandb.ai/kriaz-msee20seecs-nust/ugttt-rebuttal/runs/j5vhm83n
tinker_cookbook.utils.ml_log:143 [INFO] Wrote metrics to logs/aws/wave1-rerun/cp26-base-seed3/metrics.jsonl
tinker_cookbook.utils.ml_log:240 [INFO] Logging to: https://wandb.ai/kriaz-msee20seecs-nust/ugttt-rebuttal/runs/j5vhm83n
tinker_cookbook.utils.ml_log:143 [INFO] Wrote metrics to logs/aws/wave1-rerun/cp26-base-seed3/metrics.jsonl
tinker_cookbook.utils.ml_log:240 [INFO] Logging to: https://wandb.ai/kriaz-msee20seecs-nust/ugttt-rebuttal/runs/j5vhm83n
tinker_cookbook.utils.ml_log:143 [INFO] Wrote metrics to logs/aws/wave1-rerun/cp26-base-seed3/metrics.jsonl
tinker_cookbook.utils.ml_log:240 [INFO] Logging to: https://wandb.ai/kriaz-msee20seecs-nust/ugttt-rebuttal/runs/j5vhm83n
tinker_cookbook.utils.ml_log:143 [INFO] Wrote metrics to logs/aws/wave1-rerun/cp26-base-seed3/metrics.jsonl
tinker_cookbook.utils.ml_log:240 [INFO] Logging to: https://wandb.ai/kriaz-msee20seecs-nust/ugttt-rebuttal/runs/j5vhm83n
__main__:1949 [INFO]   [4][1/8] KEPT | R_exec=1.9484 (max=2.6136) RMI=0.0000 R_total=1.9484 | 906.8s | GPU: 18.1/60.6GB
tinker_cookbook.utils.ml_log:143 [INFO] Wrote metrics to logs/aws/wave1-rerun/cp26-base-seed3/metrics.jsonl
tinker_cookbook.utils.ml_log:240 [INFO] Logging to: https://wandb.ai/kriaz-msee20seecs-nust/ugttt-rebuttal/runs/j5vhm83n
tinker_cookbook.rl.ensemble:1082 [INFO]   generate_batch_multi_adapter_two_phase: N=8 phase1_max=26000 streaming_mi=False kv_q=False
tinker_cookbook.rl.ensemble:1270 [INFO]     [gen/p1] step=2048/24173 active=8/8 mi_stopped=0
tinker_cookbook.rl.ensemble:1270 [INFO]     [gen/p1] step=4096/24173 active=8/8 mi_stopped=0
tinker_cookbook.rl.ensemble:1270 [INFO]     [gen/p1] step=6144/24173 active=8/8 mi_stopped=0
tinker_cookbook.rl.ensemble:1270 [INFO]     [gen/p1] step=8192/24173 active=8/8 mi_stopped=0
tinker_cookbook.rl.ensemble:1270 [INFO]     [gen/p1] step=10240/24173 active=5/8 mi_stopped=0
tinker_cookbook.rl.ensemble:1270 [INFO]     [gen/p1] step=12288/24173 active=2/8 mi_stopped=0
__main__:1078 [INFO]   Group 1: multi-adapter generation 8 seqs in 1087.5s
__main__:1108 [INFO]   Group 1: rewards computed in 396.4s
__main__:1150 [INFO]     [g1][r1/8] adapter=0 R_exec=2.6078 true_MI=0.00000 RMI=0.0000 R_total=2.6078 correct=1 tokens=12550
__main__:1150 [INFO]     [g1][r2/8] adapter=0 R_exec=2.5596 true_MI=0.00000 RMI=0.0000 R_total=2.5596 correct=1 tokens=9325
__main__:1150 [INFO]     [g1][r3/8] adapter=0 R_exec=0.0000 true_MI=0.00000 RMI=0.0000 R_total=0.0000 correct=0 tokens=9634
__main__:1150 [INFO]     [g1][r4/8] adapter=0 R_exec=0.0000 true_MI=0.00000 RMI=0.0000 R_total=0.0000 correct=0 tokens=10653
__main__:1150 [INFO]     [g1][r5/8] adapter=0 R_exec=2.6180 true_MI=0.00000 RMI=0.0000 R_total=2.6180 correct=1 tokens=11461
__main__:1150 [INFO]     [g1][r6/8] adapter=0 R_exec=2.5771 true_MI=0.00000 RMI=0.0000 R_total=2.5771 correct=1 tokens=10119
__main__:1150 [INFO]     [g1][r7/8] adapter=0 R_exec=2.6126 true_MI=0.00000 RMI=0.0000 R_total=2.6126 correct=1 tokens=10714
__main__:1150 [INFO]     [g1][r8/8] adapter=0 R_exec=0.0000 true_MI=0.00000 RMI=0.0000 R_total=0.0000 correct=0 tokens=12564
__main__:1167 [INFO]   [g1] group true_MI: mean=0.00000 std=0.00000 max=0.00000 normalized=[0.00 0.00 0.00 0.00 0.00 0.00 0.00 0.00]
tinker_cookbook.utils.ml_log:143 [INFO] Wrote metrics to logs/aws/wave1-rerun/cp26-base-seed3/metrics.jsonl
tinker_cookbook.utils.ml_log:240 [INFO] Logging to: https://wandb.ai/kriaz-msee20seecs-nust/ugttt-rebuttal/runs/j5vhm83n
tinker_cookbook.utils.ml_log:143 [INFO] Wrote metrics to logs/aws/wave1-rerun/cp26-base-seed3/metrics.jsonl
tinker_cookbook.utils.ml_log:240 [INFO] Logging to: https://wandb.ai/kriaz-msee20seecs-nust/ugttt-rebuttal/runs/j5vhm83n
tinker_cookbook.utils.ml_log:143 [INFO] Wrote metrics to logs/aws/wave1-rerun/cp26-base-seed3/metrics.jsonl
tinker_cookbook.utils.ml_log:240 [INFO] Logging to: https://wandb.ai/kriaz-msee20seecs-nust/ugttt-rebuttal/runs/j5vhm83n
tinker_cookbook.utils.ml_log:143 [INFO] Wrote metrics to logs/aws/wave1-rerun/cp26-base-seed3/metrics.jsonl
tinker_cookbook.utils.ml_log:240 [INFO] Logging to: https://wandb.ai/kriaz-msee20seecs-nust/ugttt-rebuttal/runs/j5vhm83n
tinker_cookbook.utils.ml_log:143 [INFO] Wrote metrics to logs/aws/wave1-rerun/cp26-base-seed3/metrics.jsonl
tinker_cookbook.utils.ml_log:240 [INFO] Logging to: https://wandb.ai/kriaz-msee20seecs-nust/ugttt-rebuttal/runs/j5vhm83n
tinker_cookbook.utils.ml_log:143 [INFO] Wrote metrics to logs/aws/wave1-rerun/cp26-base-seed3/metrics.jsonl
tinker_cookbook.utils.ml_log:240 [INFO] Logging to: https://wandb.ai/kriaz-msee20seecs-nust/ugttt-rebuttal/runs/j5vhm83n
tinker_cookbook.utils.ml_log:143 [INFO] Wrote metrics to logs/aws/wave1-rerun/cp26-base-seed3/metrics.jsonl
tinker_cookbook.utils.ml_log:240 [INFO] Logging to: https://wandb.ai/kriaz-msee20seecs-nust/ugttt-rebuttal/runs/j5vhm83n
tinker_cookbook.utils.ml_log:143 [INFO] Wrote metrics to logs/aws/wave1-rerun/cp26-base-seed3/metrics.jsonl
tinker_cookbook.utils.ml_log:240 [INFO] Logging to: https://wandb.ai/kriaz-msee20seecs-nust/ugttt-rebuttal/runs/j5vhm83n
__main__:1949 [INFO]   [4][2/8] KEPT | R_exec=1.6219 (max=2.6180) RMI=0.0000 R_total=1.6219 | 1483.9s | GPU: 18.1/60.7GB
tinker_cookbook.utils.ml_log:143 [INFO] Wrote metrics to logs/aws/wave1-rerun/cp26-base-seed3/metrics.jsonl
tinker_cookbook.utils.ml_log:240 [INFO] Logging to: https://wandb.ai/kriaz-msee20seecs-nust/ugttt-rebuttal/runs/j5vhm83n
tinker_cookbook.rl.ensemble:1082 [INFO]   generate_batch_multi_adapter_two_phase: N=8 phase1_max=26000 streaming_mi=False kv_q=False
tinker_cookbook.rl.ensemble:1270 [INFO]     [gen/p1] step=2048/24086 active=8/8 mi_stopped=0
tinker_cookbook.rl.ensemble:1270 [INFO]     [gen/p1] step=4096/24086 active=8/8 mi_stopped=0
tinker_cookbook.rl.ensemble:1270 [INFO]     [gen/p1] step=6144/24086 active=8/8 mi_stopped=0
tinker_cookbook.rl.ensemble:1270 [INFO]     [gen/p1] step=8192/24086 active=7/8 mi_stopped=0
tinker_cookbook.rl.ensemble:1270 [INFO]     [gen/p1] step=10240/24086 active=5/8 mi_stopped=0
tinker_cookbook.rl.ensemble:1270 [INFO]     [gen/p1] step=12288/24086 active=1/8 mi_stopped=0
__main__:1078 [INFO]   Group 2: multi-adapter generation 8 seqs in 1090.9s
__main__:1108 [INFO]   Group 2: rewards computed in 6.9s
__main__:1150 [INFO]     [g2][r1/8] adapter=0 R_exec=0.0000 true_MI=0.00000 RMI=0.0000 R_total=0.0000 correct=0 tokens=9584
__main__:1150 [INFO]     [g2][r2/8] adapter=0 R_exec=0.0000 true_MI=0.00000 RMI=0.0000 R_total=0.0000 correct=0 tokens=7151
__main__:1150 [INFO]     [g2][r3/8] adapter=0 R_exec=0.0000 true_MI=0.00000 RMI=0.0000 R_total=0.0000 correct=0 tokens=10816
__main__:1150 [INFO]     [g2][r4/8] adapter=0 R_exec=0.0000 true_MI=0.00000 RMI=0.0000 R_total=0.0000 correct=0 tokens=12576
__main__:1150 [INFO]     [g2][r5/8] adapter=0 R_exec=2.6235 true_MI=0.00000 RMI=0.0000 R_total=2.6235 correct=1 tokens=10477
__main__:1150 [INFO]     [g2][r6/8] adapter=0 R_exec=0.0000 true_MI=0.00000 RMI=0.0000 R_total=0.0000 correct=0 tokens=10472
__main__:1150 [INFO]     [g2][r7/8] adapter=0 R_exec=0.0000 true_MI=0.00000 RMI=0.0000 R_total=0.0000 correct=0 tokens=9177
__main__:1150 [INFO]     [g2][r8/8] adapter=0 R_exec=0.0000 true_MI=0.00000 RMI=0.0000 R_total=0.0000 correct=0 tokens=10787
__main__:1167 [INFO]   [g2] group true_MI: mean=0.00000 std=0.00000 max=0.00000 normalized=[0.00 0.00 0.00 0.00 0.00 0.00 0.00 0.00]
tinker_cookbook.utils.ml_log:143 [INFO] Wrote metrics to logs/aws/wave1-rerun/cp26-base-seed3/metrics.jsonl
tinker_cookbook.utils.ml_log:240 [INFO] Logging to: https://wandb.ai/kriaz-msee20seecs-nust/ugttt-rebuttal/runs/j5vhm83n
tinker_cookbook.utils.ml_log:143 [INFO] Wrote metrics to logs/aws/wave1-rerun/cp26-base-seed3/metrics.jsonl
tinker_cookbook.utils.ml_log:240 [INFO] Logging to: https://wandb.ai/kriaz-msee20seecs-nust/ugttt-rebuttal/runs/j5vhm83n
tinker_cookbook.utils.ml_log:143 [INFO] Wrote metrics to logs/aws/wave1-rerun/cp26-base-seed3/metrics.jsonl
tinker_cookbook.utils.ml_log:240 [INFO] Logging to: https://wandb.ai/kriaz-msee20seecs-nust/ugttt-rebuttal/runs/j5vhm83n
tinker_cookbook.utils.ml_log:143 [INFO] Wrote metrics to logs/aws/wave1-rerun/cp26-base-seed3/metrics.jsonl
tinker_cookbook.utils.ml_log:240 [INFO] Logging to: https://wandb.ai/kriaz-msee20seecs-nust/ugttt-rebuttal/runs/j5vhm83n
tinker_cookbook.utils.ml_log:143 [INFO] Wrote metrics to logs/aws/wave1-rerun/cp26-base-seed3/metrics.jsonl
tinker_cookbook.utils.ml_log:240 [INFO] Logging to: https://wandb.ai/kriaz-msee20seecs-nust/ugttt-rebuttal/runs/j5vhm83n
tinker_cookbook.utils.ml_log:143 [INFO] Wrote metrics to logs/aws/wave1-rerun/cp26-base-seed3/metrics.jsonl
tinker_cookbook.utils.ml_log:240 [INFO] Logging to: https://wandb.ai/kriaz-msee20seecs-nust/ugttt-rebuttal/runs/j5vhm83n
tinker_cookbook.utils.ml_log:143 [INFO] Wrote metrics to logs/aws/wave1-rerun/cp26-base-seed3/metrics.jsonl
tinker_cookbook.utils.ml_log:240 [INFO] Logging to: https://wandb.ai/kriaz-msee20seecs-nust/ugttt-rebuttal/runs/j5vhm83n
tinker_cookbook.utils.ml_log:143 [INFO] Wrote metrics to logs/aws/wave1-rerun/cp26-base-seed3/metrics.jsonl
tinker_cookbook.utils.ml_log:240 [INFO] Logging to: https://wandb.ai/kriaz-msee20seecs-nust/ugttt-rebuttal/runs/j5vhm83n
__main__:1949 [INFO]   [4][3/8] KEPT | R_exec=0.3279 (max=2.6235) RMI=0.0000 R_total=0.3279 | 1097.9s | GPU: 18.1/60.9GB
tinker_cookbook.utils.ml_log:143 [INFO] Wrote metrics to logs/aws/wave1-rerun/cp26-base-seed3/metrics.jsonl
tinker_cookbook.utils.ml_log:240 [INFO] Logging to: https://wandb.ai/kriaz-msee20seecs-nust/ugttt-rebuttal/runs/j5vhm83n
tinker_cookbook.rl.ensemble:1082 [INFO]   generate_batch_multi_adapter_two_phase: N=8 phase1_max=26000 streaming_mi=False kv_q=False
tinker_cookbook.rl.ensemble:1270 [INFO]     [gen/p1] step=2048/24064 active=8/8 mi_stopped=0
tinker_cookbook.rl.ensemble:1270 [INFO]     [gen/p1] step=4096/24064 active=8/8 mi_stopped=0
tinker_cookbook.rl.ensemble:1270 [INFO]     [gen/p1] step=6144/24064 active=8/8 mi_stopped=0
tinker_cookbook.rl.ensemble:1270 [INFO]     [gen/p1] step=8192/24064 active=7/8 mi_stopped=0
tinker_cookbook.rl.ensemble:1270 [INFO]     [gen/p1] step=10240/24064 active=2/8 mi_stopped=0
__main__:1078 [INFO]   Group 3: multi-adapter generation 8 seqs in 1011.3s
__main__:1108 [INFO]   Group 3: rewards computed in 2.8s
__main__:1150 [INFO]     [g3][r1/8] adapter=0 R_exec=2.6278 true_MI=0.00000 RMI=0.0000 R_total=2.6278 correct=1 tokens=8876
__main__:1150 [INFO]     [g3][r2/8] adapter=0 R_exec=2.5534 true_MI=0.00000 RMI=0.0000 R_total=2.5534 correct=1 tokens=7203
__main__:1150 [INFO]     [g3][r3/8] adapter=0 R_exec=0.0000 true_MI=0.00000 RMI=0.0000 R_total=0.0000 correct=0 tokens=11684
__main__:1150 [INFO]     [g3][r4/8] adapter=0 R_exec=0.0000 true_MI=0.00000 RMI=0.0000 R_total=0.0000 correct=0 tokens=11884
__main__:1150 [INFO]     [g3][r5/8] adapter=0 R_exec=2.6245 true_MI=0.00000 RMI=0.0000 R_total=2.6245 correct=1 tokens=8222
__main__:1150 [INFO]     [g3][r6/8] adapter=0 R_exec=0.0000 true_MI=0.00000 RMI=0.0000 R_total=0.0000 correct=0 tokens=9321
__main__:1150 [INFO]     [g3][r7/8] adapter=0 R_exec=0.0000 true_MI=0.00000 RMI=0.0000 R_total=0.0000 correct=0 tokens=10216
__main__:1150 [INFO]     [g3][r8/8] adapter=0 R_exec=2.6259 true_MI=0.00000 RMI=0.0000 R_total=2.6259 correct=1 tokens=9582
__main__:1167 [INFO]   [g3] group true_MI: mean=0.00000 std=0.00000 max=0.00000 normalized=[0.00 0.00 0.00 0.00 0.00 0.00 0.00 0.00]
tinker_cookbook.utils.ml_log:143 [INFO] Wrote metrics to logs/aws/wave1-rerun/cp26-base-seed3/metrics.jsonl
tinker_cookbook.utils.ml_log:240 [INFO] Logging to: https://wandb.ai/kriaz-msee20seecs-nust/ugttt-rebuttal/runs/j5vhm83n
tinker_cookbook.utils.ml_log:143 [INFO] Wrote metrics to logs/aws/wave1-rerun/cp26-base-seed3/metrics.jsonl
tinker_cookbook.utils.ml_log:240 [INFO] Logging to: https://wandb.ai/kriaz-msee20seecs-nust/ugttt-rebuttal/runs/j5vhm83n
tinker_cookbook.utils.ml_log:143 [INFO] Wrote metrics to logs/aws/wave1-rerun/cp26-base-seed3/metrics.jsonl
tinker_cookbook.utils.ml_log:240 [INFO] Logging to: https://wandb.ai/kriaz-msee20seecs-nust/ugttt-rebuttal/runs/j5vhm83n
tinker_cookbook.utils.ml_log:143 [INFO] Wrote metrics to logs/aws/wave1-rerun/cp26-base-seed3/metrics.jsonl
tinker_cookbook.utils.ml_log:240 [INFO] Logging to: https://wandb.ai/kriaz-msee20seecs-nust/ugttt-rebuttal/runs/j5vhm83n
tinker_cookbook.utils.ml_log:143 [INFO] Wrote metrics to logs/aws/wave1-rerun/cp26-base-seed3/metrics.jsonl
tinker_cookbook.utils.ml_log:240 [INFO] Logging to: https://wandb.ai/kriaz-msee20seecs-nust/ugttt-rebuttal/runs/j5vhm83n
tinker_cookbook.utils.ml_log:143 [INFO] Wrote metrics to logs/aws/wave1-rerun/cp26-base-seed3/metrics.jsonl
tinker_cookbook.utils.ml_log:240 [INFO] Logging to: https://wandb.ai/kriaz-msee20seecs-nust/ugttt-rebuttal/runs/j5vhm83n
tinker_cookbook.utils.ml_log:143 [INFO] Wrote metrics to logs/aws/wave1-rerun/cp26-base-seed3/metrics.jsonl
tinker_cookbook.utils.ml_log:240 [INFO] Logging to: https://wandb.ai/kriaz-msee20seecs-nust/ugttt-rebuttal/runs/j5vhm83n
tinker_cookbook.utils.ml_log:143 [INFO] Wrote metrics to logs/aws/wave1-rerun/cp26-base-seed3/metrics.jsonl
tinker_cookbook.utils.ml_log:240 [INFO] Logging to: https://wandb.ai/kriaz-msee20seecs-nust/ugttt-rebuttal/runs/j5vhm83n
__main__:1949 [INFO]   [4][4/8] KEPT | R_exec=1.3040 (max=2.6278) RMI=0.0000 R_total=1.3040 | 1014.2s | GPU: 18.1/60.8GB
tinker_cookbook.utils.ml_log:143 [INFO] Wrote metrics to logs/aws/wave1-rerun/cp26-base-seed3/metrics.jsonl
tinker_cookbook.utils.ml_log:240 [INFO] Logging to: https://wandb.ai/kriaz-msee20seecs-nust/ugttt-rebuttal/runs/j5vhm83n
tinker_cookbook.rl.ensemble:1082 [INFO]   generate_batch_multi_adapter_two_phase: N=8 phase1_max=26000 streaming_mi=False kv_q=False
tinker_cookbook.rl.ensemble:1270 [INFO]     [gen/p1] step=2048/24125 active=8/8 mi_stopped=0
tinker_cookbook.rl.ensemble:1270 [INFO]     [gen/p1] step=4096/24125 active=8/8 mi_stopped=0
tinker_cookbook.rl.ensemble:1270 [INFO]     [gen/p1] step=6144/24125 active=8/8 mi_stopped=0
tinker_cookbook.rl.ensemble:1270 [INFO]     [gen/p1] step=8192/24125 active=5/8 mi_stopped=0
tinker_cookbook.rl.ensemble:1270 [INFO]     [gen/p1] step=10240/24125 active=1/8 mi_stopped=0
__main__:1078 [INFO]   Group 4: multi-adapter generation 8 seqs in 1017.2s
__main__:1108 [INFO]   Group 4: rewards computed in 57.2s
__main__:1150 [INFO]     [g4][r1/8] adapter=0 R_exec=0.0000 true_MI=0.00000 RMI=0.0000 R_total=0.0000 correct=0 tokens=7881
__main__:1150 [INFO]     [g4][r2/8] adapter=0 R_exec=0.0000 true_MI=0.00000 RMI=0.0000 R_total=0.0000 correct=0 tokens=7516
__main__:1150 [INFO]     [g4][r3/8] adapter=0 R_exec=0.0000 true_MI=0.00000 RMI=0.0000 R_total=0.0000 correct=0 tokens=10069
__main__:1150 [INFO]     [g4][r4/8] adapter=0 R_exec=0.0000 true_MI=0.00000 RMI=0.0000 R_total=0.0000 correct=0 tokens=7667
__main__:1150 [INFO]     [g4][r5/8] adapter=0 R_exec=2.6198 true_MI=0.00000 RMI=0.0000 R_total=2.6198 correct=1 tokens=12010
__main__:1150 [INFO]     [g4][r6/8] adapter=0 R_exec=0.0000 true_MI=0.00000 RMI=0.0000 R_total=0.0000 correct=0 tokens=8310
__main__:1150 [INFO]     [g4][r7/8] adapter=0 R_exec=2.6198 true_MI=0.00000 RMI=0.0000 R_total=2.6198 correct=1 tokens=8360
__main__:1150 [INFO]     [g4][r8/8] adapter=0 R_exec=0.0000 true_MI=0.00000 RMI=0.0000 R_total=0.0000 correct=0 tokens=8393
__main__:1167 [INFO]   [g4] group true_MI: mean=0.00000 std=0.00000 max=0.00000 normalized=[0.00 0.00 0.00 0.00 0.00 0.00 0.00 0.00]
tinker_cookbook.utils.ml_log:143 [INFO] Wrote metrics to logs/aws/wave1-rerun/cp26-base-seed3/metrics.jsonl
tinker_cookbook.utils.ml_log:240 [INFO] Logging to: https://wandb.ai/kriaz-msee20seecs-nust/ugttt-rebuttal/runs/j5vhm83n
tinker_cookbook.utils.ml_log:143 [INFO] Wrote metrics to logs/aws/wave1-rerun/cp26-base-seed3/metrics.jsonl
tinker_cookbook.utils.ml_log:240 [INFO] Logging to: https://wandb.ai/kriaz-msee20seecs-nust/ugttt-rebuttal/runs/j5vhm83n
tinker_cookbook.utils.ml_log:143 [INFO] Wrote metrics to logs/aws/wave1-rerun/cp26-base-seed3/metrics.jsonl
tinker_cookbook.utils.ml_log:240 [INFO] Logging to: https://wandb.ai/kriaz-msee20seecs-nust/ugttt-rebuttal/runs/j5vhm83n
tinker_cookbook.utils.ml_log:143 [INFO] Wrote metrics to logs/aws/wave1-rerun/cp26-base-seed3/metrics.jsonl
tinker_cookbook.utils.ml_log:240 [INFO] Logging to: https://wandb.ai/kriaz-msee20seecs-nust/ugttt-rebuttal/runs/j5vhm83n
tinker_cookbook.utils.ml_log:143 [INFO] Wrote metrics to logs/aws/wave1-rerun/cp26-base-seed3/metrics.jsonl
tinker_cookbook.utils.ml_log:240 [INFO] Logging to: https://wandb.ai/kriaz-msee20seecs-nust/ugttt-rebuttal/runs/j5vhm83n
tinker_cookbook.utils.ml_log:143 [INFO] Wrote metrics to logs/aws/wave1-rerun/cp26-base-seed3/metrics.jsonl
tinker_cookbook.utils.ml_log:240 [INFO] Logging to: https://wandb.ai/kriaz-msee20seecs-nust/ugttt-rebuttal/runs/j5vhm83n
tinker_cookbook.utils.ml_log:143 [INFO] Wrote metrics to logs/aws/wave1-rerun/cp26-base-seed3/metrics.jsonl
tinker_cookbook.utils.ml_log:240 [INFO] Logging to: https://wandb.ai/kriaz-msee20seecs-nust/ugttt-rebuttal/runs/j5vhm83n
tinker_cookbook.utils.ml_log:143 [INFO] Wrote metrics to logs/aws/wave1-rerun/cp26-base-seed3/metrics.jsonl
tinker_cookbook.utils.ml_log:240 [INFO] Logging to: https://wandb.ai/kriaz-msee20seecs-nust/ugttt-rebuttal/runs/j5vhm83n
__main__:1949 [INFO]   [4][5/8] KEPT | R_exec=0.6550 (max=2.6198) RMI=0.0000 R_total=0.6550 | 1074.4s | GPU: 18.1/60.7GB
tinker_cookbook.utils.ml_log:143 [INFO] Wrote metrics to logs/aws/wave1-rerun/cp26-base-seed3/metrics.jsonl
tinker_cookbook.utils.ml_log:240 [INFO] Logging to: https://wandb.ai/kriaz-msee20seecs-nust/ugttt-rebuttal/runs/j5vhm83n
tinker_cookbook.rl.ensemble:1082 [INFO]   generate_batch_multi_adapter_two_phase: N=8 phase1_max=26000 streaming_mi=False kv_q=False
tinker_cookbook.rl.ensemble:1270 [INFO]     [gen/p1] step=2048/24151 active=8/8 mi_stopped=0
tinker_cookbook.rl.ensemble:1270 [INFO]     [gen/p1] step=4096/24151 active=8/8 mi_stopped=0
tinker_cookbook.rl.ensemble:1270 [INFO]     [gen/p1] step=6144/24151 active=8/8 mi_stopped=0
tinker_cookbook.rl.ensemble:1270 [INFO]     [gen/p1] step=8192/24151 active=7/8 mi_stopped=0
tinker_cookbook.rl.ensemble:1270 [INFO]     [gen/p1] step=10240/24151 active=3/8 mi_stopped=0
__main__:1078 [INFO]   Group 5: multi-adapter generation 8 seqs in 1033.6s
__main__:1108 [INFO]   Group 5: rewards computed in 4.3s
__main__:1150 [INFO]     [g5][r1/8] adapter=0 R_exec=2.6211 true_MI=0.00000 RMI=0.0000 R_total=2.6211 correct=1 tokens=9577
__main__:1150 [INFO]     [g5][r2/8] adapter=0 R_exec=2.5912 true_MI=0.00000 RMI=0.0000 R_total=2.5912 correct=1 tokens=8501
__main__:1150 [INFO]     [g5][r3/8] adapter=0 R_exec=2.6173 true_MI=0.00000 RMI=0.0000 R_total=2.6173 correct=1 tokens=10302
__main__:1150 [INFO]     [g5][r4/8] adapter=0 R_exec=2.6005 true_MI=0.00000 RMI=0.0000 R_total=2.6005 correct=1 tokens=11422
__main__:1150 [INFO]     [g5][r5/8] adapter=0 R_exec=0.0000 true_MI=0.00000 RMI=0.0000 R_total=0.0000 correct=0 tokens=9327
__main__:1150 [INFO]     [g5][r6/8] adapter=0 R_exec=0.0000 true_MI=0.00000 RMI=0.0000 R_total=0.0000 correct=0 tokens=8639
__main__:1150 [INFO]     [g5][r7/8] adapter=0 R_exec=0.0000 true_MI=0.00000 RMI=0.0000 R_total=0.0000 correct=0 tokens=7568
__main__:1150 [INFO]     [g5][r8/8] adapter=0 R_exec=2.6013 true_MI=0.00000 RMI=0.0000 R_total=2.6013 correct=1 tokens=12152
__main__:1167 [INFO]   [g5] group true_MI: mean=0.00000 std=0.00000 max=0.00000 normalized=[0.00 0.00 0.00 0.00 0.00 0.00 0.00 0.00]
tinker_cookbook.utils.ml_log:143 [INFO] Wrote metrics to logs/aws/wave1-rerun/cp26-base-seed3/metrics.jsonl
tinker_cookbook.utils.ml_log:240 [INFO] Logging to: https://wandb.ai/kriaz-msee20seecs-nust/ugttt-rebuttal/runs/j5vhm83n
tinker_cookbook.utils.ml_log:143 [INFO] Wrote metrics to logs/aws/wave1-rerun/cp26-base-seed3/metrics.jsonl
tinker_cookbook.utils.ml_log:240 [INFO] Logging to: https://wandb.ai/kriaz-msee20seecs-nust/ugttt-rebuttal/runs/j5vhm83n
tinker_cookbook.utils.ml_log:143 [INFO] Wrote metrics to logs/aws/wave1-rerun/cp26-base-seed3/metrics.jsonl
tinker_cookbook.utils.ml_log:240 [INFO] Logging to: https://wandb.ai/kriaz-msee20seecs-nust/ugttt-rebuttal/runs/j5vhm83n
tinker_cookbook.utils.ml_log:143 [INFO] Wrote metrics to logs/aws/wave1-rerun/cp26-base-seed3/metrics.jsonl
tinker_cookbook.utils.ml_log:240 [INFO] Logging to: https://wandb.ai/kriaz-msee20seecs-nust/ugttt-rebuttal/runs/j5vhm83n
tinker_cookbook.utils.ml_log:143 [INFO] Wrote metrics to logs/aws/wave1-rerun/cp26-base-seed3/metrics.jsonl
tinker_cookbook.utils.ml_log:240 [INFO] Logging to: https://wandb.ai/kriaz-msee20seecs-nust/ugttt-rebuttal/runs/j5vhm83n
tinker_cookbook.utils.ml_log:143 [INFO] Wrote metrics to logs/aws/wave1-rerun/cp26-base-seed3/metrics.jsonl
tinker_cookbook.utils.ml_log:240 [INFO] Logging to: https://wandb.ai/kriaz-msee20seecs-nust/ugttt-rebuttal/runs/j5vhm83n
tinker_cookbook.utils.ml_log:143 [INFO] Wrote metrics to logs/aws/wave1-rerun/cp26-base-seed3/metrics.jsonl
tinker_cookbook.utils.ml_log:240 [INFO] Logging to: https://wandb.ai/kriaz-msee20seecs-nust/ugttt-rebuttal/runs/j5vhm83n
tinker_cookbook.utils.ml_log:143 [INFO] Wrote metrics to logs/aws/wave1-rerun/cp26-base-seed3/metrics.jsonl
tinker_cookbook.utils.ml_log:240 [INFO] Logging to: https://wandb.ai/kriaz-msee20seecs-nust/ugttt-rebuttal/runs/j5vhm83n
__main__:1949 [INFO]   [4][6/8] KEPT | R_exec=1.6289 (max=2.6211) RMI=0.0000 R_total=1.6289 | 1037.9s | GPU: 18.1/60.7GB
tinker_cookbook.utils.ml_log:143 [INFO] Wrote metrics to logs/aws/wave1-rerun/cp26-base-seed3/metrics.jsonl
tinker_cookbook.utils.ml_log:240 [INFO] Logging to: https://wandb.ai/kriaz-msee20seecs-nust/ugttt-rebuttal/runs/j5vhm83n
tinker_cookbook.rl.ensemble:1082 [INFO]   generate_batch_multi_adapter_two_phase: N=8 phase1_max=26000 streaming_mi=False kv_q=False
tinker_cookbook.rl.ensemble:1270 [INFO]     [gen/p1] step=2048/24005 active=8/8 mi_stopped=0
tinker_cookbook.rl.ensemble:1270 [INFO]     [gen/p1] step=4096/24005 active=8/8 mi_stopped=0
tinker_cookbook.rl.ensemble:1270 [INFO]     [gen/p1] step=6144/24005 active=8/8 mi_stopped=0
tinker_cookbook.rl.ensemble:1270 [INFO]     [gen/p1] step=8192/24005 active=5/8 mi_stopped=0
tinker_cookbook.rl.ensemble:1270 [INFO]     [gen/p1] step=10240/24005 active=1/8 mi_stopped=0
__main__:1078 [INFO]   Group 6: multi-adapter generation 8 seqs in 827.0s
__main__:1108 [INFO]   Group 6: rewards computed in 6.4s
__main__:1150 [INFO]     [g6][r1/8] adapter=0 R_exec=2.6075 true_MI=0.00000 RMI=0.0000 R_total=2.6075 correct=1 tokens=8758
__main__:1150 [INFO]     [g6][r2/8] adapter=0 R_exec=2.5949 true_MI=0.00000 RMI=0.0000 R_total=2.5949 correct=1 tokens=8017
__main__:1150 [INFO]     [g6][r3/8] adapter=0 R_exec=2.6146 true_MI=0.00000 RMI=0.0000 R_total=2.6146 correct=1 tokens=7907
__main__:1150 [INFO]     [g6][r4/8] adapter=0 R_exec=0.0000 true_MI=0.00000 RMI=0.0000 R_total=0.0000 correct=0 tokens=9524
__main__:1150 [INFO]     [g6][r5/8] adapter=0 R_exec=2.5876 true_MI=0.00000 RMI=0.0000 R_total=2.5876 correct=1 tokens=6866
__main__:1150 [INFO]     [g6][r6/8] adapter=0 R_exec=0.0000 true_MI=0.00000 RMI=0.0000 R_total=0.0000 correct=0 tokens=10362
__main__:1150 [INFO]     [g6][r7/8] adapter=0 R_exec=2.5714 true_MI=0.00000 RMI=0.0000 R_total=2.5714 correct=1 tokens=10141
__main__:1150 [INFO]     [g6][r8/8] adapter=0 R_exec=2.5282 true_MI=0.00000 RMI=0.0000 R_total=2.5282 correct=1 tokens=10159
__main__:1167 [INFO]   [g6] group true_MI: mean=0.00000 std=0.00000 max=0.00000 normalized=[0.00 0.00 0.00 0.00 0.00 0.00 0.00 0.00]
tinker_cookbook.utils.ml_log:143 [INFO] Wrote metrics to logs/aws/wave1-rerun/cp26-base-seed3/metrics.jsonl
tinker_cookbook.utils.ml_log:240 [INFO] Logging to: https://wandb.ai/kriaz-msee20seecs-nust/ugttt-rebuttal/runs/j5vhm83n
tinker_cookbook.utils.ml_log:143 [INFO] Wrote metrics to logs/aws/wave1-rerun/cp26-base-seed3/metrics.jsonl
tinker_cookbook.utils.ml_log:240 [INFO] Logging to: https://wandb.ai/kriaz-msee20seecs-nust/ugttt-rebuttal/runs/j5vhm83n
tinker_cookbook.utils.ml_log:143 [INFO] Wrote metrics to logs/aws/wave1-rerun/cp26-base-seed3/metrics.jsonl
tinker_cookbook.utils.ml_log:240 [INFO] Logging to: https://wandb.ai/kriaz-msee20seecs-nust/ugttt-rebuttal/runs/j5vhm83n
tinker_cookbook.utils.ml_log:143 [INFO] Wrote metrics to logs/aws/wave1-rerun/cp26-base-seed3/metrics.jsonl
tinker_cookbook.utils.ml_log:240 [INFO] Logging to: https://wandb.ai/kriaz-msee20seecs-nust/ugttt-rebuttal/runs/j5vhm83n
tinker_cookbook.utils.ml_log:143 [INFO] Wrote metrics to logs/aws/wave1-rerun/cp26-base-seed3/metrics.jsonl
tinker_cookbook.utils.ml_log:240 [INFO] Logging to: https://wandb.ai/kriaz-msee20seecs-nust/ugttt-rebuttal/runs/j5vhm83n
tinker_cookbook.utils.ml_log:143 [INFO] Wrote metrics to logs/aws/wave1-rerun/cp26-base-seed3/metrics.jsonl
tinker_cookbook.utils.ml_log:240 [INFO] Logging to: https://wandb.ai/kriaz-msee20seecs-nust/ugttt-rebuttal/runs/j5vhm83n
tinker_cookbook.utils.ml_log:143 [INFO] Wrote metrics to logs/aws/wave1-rerun/cp26-base-seed3/metrics.jsonl
tinker_cookbook.utils.ml_log:240 [INFO] Logging to: https://wandb.ai/kriaz-msee20seecs-nust/ugttt-rebuttal/runs/j5vhm83n
tinker_cookbook.utils.ml_log:143 [INFO] Wrote metrics to logs/aws/wave1-rerun/cp26-base-seed3/metrics.jsonl
tinker_cookbook.utils.ml_log:240 [INFO] Logging to: https://wandb.ai/kriaz-msee20seecs-nust/ugttt-rebuttal/runs/j5vhm83n
__main__:1949 [INFO]   [4][7/8] KEPT | R_exec=1.9380 (max=2.6146) RMI=0.0000 R_total=1.9380 | 833.4s | GPU: 18.1/60.8GB
tinker_cookbook.utils.ml_log:143 [INFO] Wrote metrics to logs/aws/wave1-rerun/cp26-base-seed3/metrics.jsonl
tinker_cookbook.utils.ml_log:240 [INFO] Logging to: https://wandb.ai/kriaz-msee20seecs-nust/ugttt-rebuttal/runs/j5vhm83n
tinker_cookbook.rl.ensemble:1082 [INFO]   generate_batch_multi_adapter_two_phase: N=8 phase1_max=26000 streaming_mi=False kv_q=False
tinker_cookbook.rl.ensemble:1270 [INFO]     [gen/p1] step=2048/24076 active=8/8 mi_stopped=0
tinker_cookbook.rl.ensemble:1270 [INFO]     [gen/p1] step=4096/24076 active=8/8 mi_stopped=0
tinker_cookbook.rl.ensemble:1270 [INFO]     [gen/p1] step=6144/24076 active=8/8 mi_stopped=0
tinker_cookbook.rl.ensemble:1270 [INFO]     [gen/p1] step=8192/24076 active=5/8 mi_stopped=0
tinker_cookbook.rl.ensemble:1270 [INFO]     [gen/p1] step=10240/24076 active=3/8 mi_stopped=0
__main__:1078 [INFO]   Group 7: multi-adapter generation 8 seqs in 995.1s
__main__:1108 [INFO]   Group 7: rewards computed in 15.0s
__main__:1150 [INFO]     [g7][r1/8] adapter=0 R_exec=0.0000 true_MI=0.00000 RMI=0.0000 R_total=0.0000 correct=0 tokens=11745
__main__:1150 [INFO]     [g7][r2/8] adapter=0 R_exec=0.0000 true_MI=0.00000 RMI=0.0000 R_total=0.0000 correct=0 tokens=11811
__main__:1150 [INFO]     [g7][r3/8] adapter=0 R_exec=0.0000 true_MI=0.00000 RMI=0.0000 R_total=0.0000 correct=0 tokens=7364
__main__:1150 [INFO]     [g7][r4/8] adapter=0 R_exec=0.0000 true_MI=0.00000 RMI=0.0000 R_total=0.0000 correct=0 tokens=9455
__main__:1150 [INFO]     [g7][r5/8] adapter=0 R_exec=2.5812 true_MI=0.00000 RMI=0.0000 R_total=2.5812 correct=1 tokens=7974
__main__:1150 [INFO]     [g7][r6/8] adapter=0 R_exec=2.6023 true_MI=0.00000 RMI=0.0000 R_total=2.6023 correct=1 tokens=7947
__main__:1150 [INFO]     [g7][r7/8] adapter=0 R_exec=0.0000 true_MI=0.00000 RMI=0.0000 R_total=0.0000 correct=0 tokens=11290
__main__:1150 [INFO]     [g7][r8/8] adapter=0 R_exec=0.0000 true_MI=0.00000 RMI=0.0000 R_total=0.0000 correct=0 tokens=8572
__main__:1167 [INFO]   [g7] group true_MI: mean=0.00000 std=0.00000 max=0.00000 normalized=[0.00 0.00 0.00 0.00 0.00 0.00 0.00 0.00]
tinker_cookbook.utils.ml_log:143 [INFO] Wrote metrics to logs/aws/wave1-rerun/cp26-base-seed3/metrics.jsonl
tinker_cookbook.utils.ml_log:240 [INFO] Logging to: https://wandb.ai/kriaz-msee20seecs-nust/ugttt-rebuttal/runs/j5vhm83n
tinker_cookbook.utils.ml_log:143 [INFO] Wrote metrics to logs/aws/wave1-rerun/cp26-base-seed3/metrics.jsonl
tinker_cookbook.utils.ml_log:240 [INFO] Logging to: https://wandb.ai/kriaz-msee20seecs-nust/ugttt-rebuttal/runs/j5vhm83n
tinker_cookbook.utils.ml_log:143 [INFO] Wrote metrics to logs/aws/wave1-rerun/cp26-base-seed3/metrics.jsonl
tinker_cookbook.utils.ml_log:240 [INFO] Logging to: https://wandb.ai/kriaz-msee20seecs-nust/ugttt-rebuttal/runs/j5vhm83n
tinker_cookbook.utils.ml_log:143 [INFO] Wrote metrics to logs/aws/wave1-rerun/cp26-base-seed3/metrics.jsonl
tinker_cookbook.utils.ml_log:240 [INFO] Logging to: https://wandb.ai/kriaz-msee20seecs-nust/ugttt-rebuttal/runs/j5vhm83n
tinker_cookbook.utils.ml_log:143 [INFO] Wrote metrics to logs/aws/wave1-rerun/cp26-base-seed3/metrics.jsonl
tinker_cookbook.utils.ml_log:240 [INFO] Logging to: https://wandb.ai/kriaz-msee20seecs-nust/ugttt-rebuttal/runs/j5vhm83n
tinker_cookbook.utils.ml_log:143 [INFO] Wrote metrics to logs/aws/wave1-rerun/cp26-base-seed3/metrics.jsonl
tinker_cookbook.utils.ml_log:240 [INFO] Logging to: https://wandb.ai/kriaz-msee20seecs-nust/ugttt-rebuttal/runs/j5vhm83n
tinker_cookbook.utils.ml_log:143 [INFO] Wrote metrics to logs/aws/wave1-rerun/cp26-base-seed3/metrics.jsonl
tinker_cookbook.utils.ml_log:240 [INFO] Logging to: https://wandb.ai/kriaz-msee20seecs-nust/ugttt-rebuttal/runs/j5vhm83n
tinker_cookbook.utils.ml_log:143 [INFO] Wrote metrics to logs/aws/wave1-rerun/cp26-base-seed3/metrics.jsonl
tinker_cookbook.utils.ml_log:240 [INFO] Logging to: https://wandb.ai/kriaz-msee20seecs-nust/ugttt-rebuttal/runs/j5vhm83n
__main__:1949 [INFO]   [4][8/8] KEPT | R_exec=0.6479 (max=2.6023) RMI=0.0000 R_total=0.6479 | 1010.2s | GPU: 18.1/60.8GB
tinker_cookbook.utils.ml_log:143 [INFO] Wrote metrics to logs/aws/wave1-rerun/cp26-base-seed3/metrics.jsonl
tinker_cookbook.utils.ml_log:240 [INFO] Logging to: https://wandb.ai/kriaz-msee20seecs-nust/ugttt-rebuttal/runs/j5vhm83n
__main__:1988 [INFO] [Epoch 4] Rollout phase done in 8460.2s. Training on 8/8 groups...
tinker_cookbook.utils.ml_log:143 [INFO] Wrote metrics to logs/aws/wave1-rerun/cp26-base-seed3/metrics.jsonl
tinker_cookbook.utils.ml_log:195 [INFO] 
┏━━━━━━━━━━━━━━━━━━━━━━━━━━━━━━━━┳━━━━━━━━━━━━━━┓
┃ Metric                         ┃ Value        ┃
┡━━━━━━━━━━━━━━━━━━━━━━━━━━━━━━━━╇━━━━━━━━━━━━━━┩
│ gpu/memory_allocated_gb        │ 18.092511    │
│ gpu/memory_peak_gb             │ 60.641105    │
│ gpu/memory_reserved_gb         │ 18.121490    │
│ kl_policy_base                 │ 0.016501     │
│ optim/entropy                  │ 0.505688     │
│ optim/kl_sample_train_v1       │ 0.000082     │
│ optim/kl_sample_train_v2       │ 0.000125     │
│ progress/done_frac             │ 0.833333     │
│ progress/epoch                 │ 4            │
│ rollout/groups_attempted       │ 8.000000     │
│ rollout/groups_filtered        │ 0.000000     │
│ rollout/groups_kept            │ 8.000000     │
│ rollout/intra_group_reward_std │ 1.148867     │
│ time/rollout                   │ 8460.237065  │
│ time/total                     │ 8745.846567  │
│ time/train                     │ 285.525024   │
│ train/advantage/max            │ 10.768045    │
│ train/advantage/mean           │ 0.338490     │
│ train/advantage/min            │ -1.000000    │
│ train/advantage/std            │ 2.016887     │
│ train/beta/mean                │ 33.769585    │
│ train/beta/std                 │ 37.165329    │
│ train/correctness/mean         │ 0.484375     │
│ train/correctness/rate         │ 0.484375     │
│ train/ensemble/frac_high_disa… │ 0.000000     │
│ train/ensemble/max_token_disa… │ nan          │
│ train/ensemble/member_logprob… │ 0.000000     │
│ train/ensemble/member_logprob… │ nan          │
│ train/gamma_eff/mean           │ 0.000000     │
│ train/gen/num_tokens/max       │ 12576.000000 │
│ train/gen/num_tokens/mean      │ 9668.203125  │
│ train/gen/num_tokens/std       │ 1519.435002  │
│ train/loss                     │ -0.338502    │
│ train/nnm_loss                 │ 0.000000     │
│ train/nnm_nuclear_norm         │ 0.000000     │
│ train/num_groups               │ 8.000000     │
│ train/num_rollouts             │ 64.000000    │
│ train/num_rollouts_total       │ 64.000000    │
│ train/reward/exec/best         │ 2.627829     │
│ train/reward/exec/max          │ 2.627829     │
│ train/reward/exec/mean         │ 1.259007     │
│ train/reward/exec/min          │ 0.000000     │
│ train/reward/exec/std          │ 1.299093     │
│ train/reward/rmi/max           │ 0.000000     │
│ train/reward/rmi/mean          │ 0.000000     │
│ train/reward/rmi/min           │ 0.000000     │
│ train/reward/rmi/std           │ 0.000000     │
│ train/reward/total/best        │ 2.627829     │
│ train/reward/total/max         │ 2.627829     │
│ train/reward/total/mean        │ 1.259007     │
│ train/reward/total/min         │ 0.000000     │
│ train/reward/total/std         │ 1.299093     │
│ train/streaming_mi/stop_rate   │ 0.000000     │
│ train/streaming_mi/tokens_sav… │ 0.000000     │
│ train/streaming_mi/tokens_sav… │ 0.000000     │
│ train/two_phase/phase1_tokens… │ 9668.203125  │
│ train/two_phase/phase2_tokens… │ 0.000000     │
│ train/two_phase/prefill_rate   │ 0.000000     │
│ train/uncertainty/predictive_… │ 0.000000     │
│ train/uncertainty/predictive_… │ 0.000000     │
│ train/uncertainty/predictive_… │ 0.000000     │
│ train/uncertainty/predictive_… │ 0.000000     │
│ train/uncertainty/predictive_… │ 0.000000     │
│ train/uncertainty/predictive_… │ 0.000000     │
│ train/uncertainty/predictive_… │ 0.000000     │
│ train/uncertainty/predictive_… │ 0.000000     │
│ train/uncertainty/rmi/max      │ 0.000000     │
│ train/uncertainty/rmi/mean     │ 0.000000     │
│ train/uncertainty/rmi/min      │ 0.000000     │
│ train/uncertainty/rmi/std      │ 0.000000     │
│ train/uncertainty/rmi_top7/max │ 0.000000     │
│ train/uncertainty/rmi_top7/me… │ 0.000000     │
│ train/uncertainty/rmi_top7/min │ 0.000000     │
│ train/uncertainty/rmi_top7/std │ 0.000000     │
│ train/uncertainty/top7_mi_cod… │ 0.000000     │
│ train/uncertainty/top7_mi_cod… │ 0.000000     │
│ train/uncertainty/top7_mi_thi… │ 0.000000     │
│ train/uncertainty/top7_mi_thi… │ 0.000000     │
│ train/uncertainty/top7_pct_co… │ 0.000000     │
│ train/uncertainty/top7_pct_co… │ 0.000000     │
│ train/uncertainty/top7_pct_th… │ 1.000000     │
│ train/uncertainty/top7_pct_th… │ 0.000000     │
│ train/uncertainty/true_mi/max  │ 0.000000     │
│ train/uncertainty/true_mi/mean │ 0.000000     │
│ train/uncertainty/true_mi/min  │ 0.000000     │
│ train/uncertainty/true_mi/std  │ 0.000000     │
│ train/uncertainty/variance/max │ nan          │
│ train/uncertainty/variance/me… │ nan          │
│ train/uncertainty/variance/min │ nan          │
│ train/uncertainty/variance/std │ nan          │
│ train/uncertainty/variance_to… │ nan          │
│ train/uncertainty/variance_to… │ nan          │
│ train/uncertainty/variance_to… │ nan          │
│ train/uncertainty/variance_to… │ nan          │
└────────────────────────────────┴──────────────┘
tinker_cookbook.utils.ml_log:240 [INFO] Logging to: https://wandb.ai/kriaz-msee20seecs-nust/ugttt-rebuttal/runs/j5vhm83n
__main__:2062 [INFO] [Epoch 4] R_exec=1.2590 (max=2.6278 best=2.6278) RMI=0.0000 beta=33.77 corr=48.4% loss=-0.3385 groups=8/8 time=8745.8s
__main__:1836 [INFO] [Epoch 5/6] Starting rollout phase: 8 groups × 8 rollouts
tinker_cookbook.rl.ensemble:1082 [INFO]   generate_batch_multi_adapter_two_phase: N=8 phase1_max=26000 streaming_mi=False kv_q=False
tinker_cookbook.rl.ensemble:1270 [INFO]     [gen/p1] step=2048/24025 active=8/8 mi_stopped=0
tinker_cookbook.rl.ensemble:1270 [INFO]     [gen/p1] step=4096/24025 active=8/8 mi_stopped=0
tinker_cookbook.rl.ensemble:1270 [INFO]     [gen/p1] step=6144/24025 active=8/8 mi_stopped=0
tinker_cookbook.rl.ensemble:1270 [INFO]     [gen/p1] step=8192/24025 active=7/8 mi_stopped=0
tinker_cookbook.rl.ensemble:1270 [INFO]     [gen/p1] step=10240/24025 active=2/8 mi_stopped=0
__main__:1078 [INFO]   Group 0: multi-adapter generation 8 seqs in 963.9s
__main__:1108 [INFO]   Group 0: rewards computed in 16.5s
__main__:1150 [INFO]     [g0][r1/8] adapter=0 R_exec=2.6181 true_MI=0.00000 RMI=0.0000 R_total=2.6181 correct=1 tokens=9837
__main__:1150 [INFO]     [g0][r2/8] adapter=0 R_exec=0.0000 true_MI=0.00000 RMI=0.0000 R_total=0.0000 correct=0 tokens=11167
__main__:1150 [INFO]     [g0][r3/8] adapter=0 R_exec=2.5497 true_MI=0.00000 RMI=0.0000 R_total=2.5497 correct=1 tokens=8847
__main__:1150 [INFO]     [g0][r4/8] adapter=0 R_exec=2.6154 true_MI=0.00000 RMI=0.0000 R_total=2.6154 correct=1 tokens=8484
__main__:1150 [INFO]     [g0][r5/8] adapter=0 R_exec=2.5426 true_MI=0.00000 RMI=0.0000 R_total=2.5426 correct=1 tokens=8738
__main__:1150 [INFO]     [g0][r6/8] adapter=0 R_exec=0.0000 true_MI=0.00000 RMI=0.0000 R_total=0.0000 correct=0 tokens=11535
__main__:1150 [INFO]     [g0][r7/8] adapter=0 R_exec=0.0000 true_MI=0.00000 RMI=0.0000 R_total=0.0000 correct=0 tokens=7431
__main__:1150 [INFO]     [g0][r8/8] adapter=0 R_exec=2.6178 true_MI=0.00000 RMI=0.0000 R_total=2.6178 correct=1 tokens=8428
__main__:1167 [INFO]   [g0] group true_MI: mean=0.00000 std=0.00000 max=0.00000 normalized=[0.00 0.00 0.00 0.00 0.00 0.00 0.00 0.00]
tinker_cookbook.utils.ml_log:143 [INFO] Wrote metrics to logs/aws/wave1-rerun/cp26-base-seed3/metrics.jsonl
tinker_cookbook.utils.ml_log:240 [INFO] Logging to: https://wandb.ai/kriaz-msee20seecs-nust/ugttt-rebuttal/runs/j5vhm83n
tinker_cookbook.utils.ml_log:143 [INFO] Wrote metrics to logs/aws/wave1-rerun/cp26-base-seed3/metrics.jsonl
tinker_cookbook.utils.ml_log:240 [INFO] Logging to: https://wandb.ai/kriaz-msee20seecs-nust/ugttt-rebuttal/runs/j5vhm83n
tinker_cookbook.utils.ml_log:143 [INFO] Wrote metrics to logs/aws/wave1-rerun/cp26-base-seed3/metrics.jsonl
tinker_cookbook.utils.ml_log:240 [INFO] Logging to: https://wandb.ai/kriaz-msee20seecs-nust/ugttt-rebuttal/runs/j5vhm83n
tinker_cookbook.utils.ml_log:143 [INFO] Wrote metrics to logs/aws/wave1-rerun/cp26-base-seed3/metrics.jsonl
tinker_cookbook.utils.ml_log:240 [INFO] Logging to: https://wandb.ai/kriaz-msee20seecs-nust/ugttt-rebuttal/runs/j5vhm83n
tinker_cookbook.utils.ml_log:143 [INFO] Wrote metrics to logs/aws/wave1-rerun/cp26-base-seed3/metrics.jsonl
tinker_cookbook.utils.ml_log:240 [INFO] Logging to: https://wandb.ai/kriaz-msee20seecs-nust/ugttt-rebuttal/runs/j5vhm83n
tinker_cookbook.utils.ml_log:143 [INFO] Wrote metrics to logs/aws/wave1-rerun/cp26-base-seed3/metrics.jsonl
tinker_cookbook.utils.ml_log:240 [INFO] Logging to: https://wandb.ai/kriaz-msee20seecs-nust/ugttt-rebuttal/runs/j5vhm83n
tinker_cookbook.utils.ml_log:143 [INFO] Wrote metrics to logs/aws/wave1-rerun/cp26-base-seed3/metrics.jsonl
tinker_cookbook.utils.ml_log:240 [INFO] Logging to: https://wandb.ai/kriaz-msee20seecs-nust/ugttt-rebuttal/runs/j5vhm83n
tinker_cookbook.utils.ml_log:143 [INFO] Wrote metrics to logs/aws/wave1-rerun/cp26-base-seed3/metrics.jsonl
tinker_cookbook.utils.ml_log:240 [INFO] Logging to: https://wandb.ai/kriaz-msee20seecs-nust/ugttt-rebuttal/runs/j5vhm83n
__main__:1949 [INFO]   [5][1/8] KEPT | R_exec=1.6179 (max=2.6181) RMI=0.0000 R_total=1.6179 | 980.4s | GPU: 18.1/60.9GB
tinker_cookbook.utils.ml_log:143 [INFO] Wrote metrics to logs/aws/wave1-rerun/cp26-base-seed3/metrics.jsonl
tinker_cookbook.utils.ml_log:240 [INFO] Logging to: https://wandb.ai/kriaz-msee20seecs-nust/ugttt-rebuttal/runs/j5vhm83n
tinker_cookbook.rl.ensemble:1082 [INFO]   generate_batch_multi_adapter_two_phase: N=8 phase1_max=26000 streaming_mi=False kv_q=False
tinker_cookbook.rl.ensemble:1270 [INFO]     [gen/p1] step=2048/24166 active=8/8 mi_stopped=0
tinker_cookbook.rl.ensemble:1270 [INFO]     [gen/p1] step=4096/24166 active=8/8 mi_stopped=0
tinker_cookbook.rl.ensemble:1270 [INFO]     [gen/p1] step=6144/24166 active=8/8 mi_stopped=0
tinker_cookbook.rl.ensemble:1270 [INFO]     [gen/p1] step=8192/24166 active=7/8 mi_stopped=0
tinker_cookbook.rl.ensemble:1270 [INFO]     [gen/p1] step=10240/24166 active=2/8 mi_stopped=0
__main__:1078 [INFO]   Group 1: multi-adapter generation 8 seqs in 871.4s
__main__:1108 [INFO]   Group 1: rewards computed in 41.6s
__main__:1150 [INFO]     [g1][r1/8] adapter=0 R_exec=0.0000 true_MI=0.00000 RMI=0.0000 R_total=0.0000 correct=0 tokens=10776
__main__:1150 [INFO]     [g1][r2/8] adapter=0 R_exec=2.6249 true_MI=0.00000 RMI=0.0000 R_total=2.6249 correct=1 tokens=10759
__main__:1150 [INFO]     [g1][r3/8] adapter=0 R_exec=0.0000 true_MI=0.00000 RMI=0.0000 R_total=0.0000 correct=0 tokens=8301
__main__:1150 [INFO]     [g1][r4/8] adapter=0 R_exec=2.6045 true_MI=0.00000 RMI=0.0000 R_total=2.6045 correct=1 tokens=7696
__main__:1150 [INFO]     [g1][r5/8] adapter=0 R_exec=2.6249 true_MI=0.00000 RMI=0.0000 R_total=2.6249 correct=1 tokens=8622
__main__:1150 [INFO]     [g1][r6/8] adapter=0 R_exec=0.0000 true_MI=0.00000 RMI=0.0000 R_total=0.0000 correct=0 tokens=8805
__main__:1150 [INFO]     [g1][r7/8] adapter=0 R_exec=2.5843 true_MI=0.00000 RMI=0.0000 R_total=2.5843 correct=1 tokens=9995
__main__:1150 [INFO]     [g1][r8/8] adapter=0 R_exec=0.0000 true_MI=0.00000 RMI=0.0000 R_total=0.0000 correct=0 tokens=9273
__main__:1167 [INFO]   [g1] group true_MI: mean=0.00000 std=0.00000 max=0.00000 normalized=[0.00 0.00 0.00 0.00 0.00 0.00 0.00 0.00]
tinker_cookbook.utils.ml_log:143 [INFO] Wrote metrics to logs/aws/wave1-rerun/cp26-base-seed3/metrics.jsonl
tinker_cookbook.utils.ml_log:240 [INFO] Logging to: https://wandb.ai/kriaz-msee20seecs-nust/ugttt-rebuttal/runs/j5vhm83n
tinker_cookbook.utils.ml_log:143 [INFO] Wrote metrics to logs/aws/wave1-rerun/cp26-base-seed3/metrics.jsonl
tinker_cookbook.utils.ml_log:240 [INFO] Logging to: https://wandb.ai/kriaz-msee20seecs-nust/ugttt-rebuttal/runs/j5vhm83n
tinker_cookbook.utils.ml_log:143 [INFO] Wrote metrics to logs/aws/wave1-rerun/cp26-base-seed3/metrics.jsonl
tinker_cookbook.utils.ml_log:240 [INFO] Logging to: https://wandb.ai/kriaz-msee20seecs-nust/ugttt-rebuttal/runs/j5vhm83n
tinker_cookbook.utils.ml_log:143 [INFO] Wrote metrics to logs/aws/wave1-rerun/cp26-base-seed3/metrics.jsonl
tinker_cookbook.utils.ml_log:240 [INFO] Logging to: https://wandb.ai/kriaz-msee20seecs-nust/ugttt-rebuttal/runs/j5vhm83n
tinker_cookbook.utils.ml_log:143 [INFO] Wrote metrics to logs/aws/wave1-rerun/cp26-base-seed3/metrics.jsonl
tinker_cookbook.utils.ml_log:240 [INFO] Logging to: https://wandb.ai/kriaz-msee20seecs-nust/ugttt-rebuttal/runs/j5vhm83n
tinker_cookbook.utils.ml_log:143 [INFO] Wrote metrics to logs/aws/wave1-rerun/cp26-base-seed3/metrics.jsonl
tinker_cookbook.utils.ml_log:240 [INFO] Logging to: https://wandb.ai/kriaz-msee20seecs-nust/ugttt-rebuttal/runs/j5vhm83n
tinker_cookbook.utils.ml_log:143 [INFO] Wrote metrics to logs/aws/wave1-rerun/cp26-base-seed3/metrics.jsonl
tinker_cookbook.utils.ml_log:240 [INFO] Logging to: https://wandb.ai/kriaz-msee20seecs-nust/ugttt-rebuttal/runs/j5vhm83n
tinker_cookbook.utils.ml_log:143 [INFO] Wrote metrics to logs/aws/wave1-rerun/cp26-base-seed3/metrics.jsonl
tinker_cookbook.utils.ml_log:240 [INFO] Logging to: https://wandb.ai/kriaz-msee20seecs-nust/ugttt-rebuttal/runs/j5vhm83n
__main__:1949 [INFO]   [5][2/8] KEPT | R_exec=1.3048 (max=2.6249) RMI=0.0000 R_total=1.3048 | 913.0s | GPU: 18.1/60.5GB
tinker_cookbook.utils.ml_log:143 [INFO] Wrote metrics to logs/aws/wave1-rerun/cp26-base-seed3/metrics.jsonl
tinker_cookbook.utils.ml_log:240 [INFO] Logging to: https://wandb.ai/kriaz-msee20seecs-nust/ugttt-rebuttal/runs/j5vhm83n
tinker_cookbook.rl.ensemble:1082 [INFO]   generate_batch_multi_adapter_two_phase: N=8 phase1_max=26000 streaming_mi=False kv_q=False
tinker_cookbook.rl.ensemble:1270 [INFO]     [gen/p1] step=2048/24165 active=8/8 mi_stopped=0
tinker_cookbook.rl.ensemble:1270 [INFO]     [gen/p1] step=4096/24165 active=8/8 mi_stopped=0
tinker_cookbook.rl.ensemble:1270 [INFO]     [gen/p1] step=6144/24165 active=8/8 mi_stopped=0
tinker_cookbook.rl.ensemble:1270 [INFO]     [gen/p1] step=8192/24165 active=7/8 mi_stopped=0
tinker_cookbook.rl.ensemble:1270 [INFO]     [gen/p1] step=10240/24165 active=4/8 mi_stopped=0
tinker_cookbook.rl.ensemble:1270 [INFO]     [gen/p1] step=12288/24165 active=1/8 mi_stopped=0
__main__:1078 [INFO]   Group 2: multi-adapter generation 8 seqs in 1147.9s
__main__:1108 [INFO]   Group 2: rewards computed in 6.0s
__main__:1150 [INFO]     [g2][r1/8] adapter=0 R_exec=0.0000 true_MI=0.00000 RMI=0.0000 R_total=0.0000 correct=0 tokens=10108
__main__:1150 [INFO]     [g2][r2/8] adapter=0 R_exec=0.0000 true_MI=0.00000 RMI=0.0000 R_total=0.0000 correct=0 tokens=12111
__main__:1150 [INFO]     [g2][r3/8] adapter=0 R_exec=0.0000 true_MI=0.00000 RMI=0.0000 R_total=0.0000 correct=0 tokens=13087
__main__:1150 [INFO]     [g2][r4/8] adapter=0 R_exec=2.5555 true_MI=0.00000 RMI=0.0000 R_total=2.5555 correct=1 tokens=9728
__main__:1150 [INFO]     [g2][r5/8] adapter=0 R_exec=2.6196 true_MI=0.00000 RMI=0.0000 R_total=2.6196 correct=1 tokens=11999
__main__:1150 [INFO]     [g2][r6/8] adapter=0 R_exec=0.0000 true_MI=0.00000 RMI=0.0000 R_total=0.0000 correct=0 tokens=11121
__main__:1150 [INFO]     [g2][r7/8] adapter=0 R_exec=0.0000 true_MI=0.00000 RMI=0.0000 R_total=0.0000 correct=0 tokens=8066
__main__:1150 [INFO]     [g2][r8/8] adapter=0 R_exec=0.0000 true_MI=0.00000 RMI=0.0000 R_total=0.0000 correct=0 tokens=9967
__main__:1167 [INFO]   [g2] group true_MI: mean=0.00000 std=0.00000 max=0.00000 normalized=[0.00 0.00 0.00 0.00 0.00 0.00 0.00 0.00]
tinker_cookbook.utils.ml_log:143 [INFO] Wrote metrics to logs/aws/wave1-rerun/cp26-base-seed3/metrics.jsonl
tinker_cookbook.utils.ml_log:240 [INFO] Logging to: https://wandb.ai/kriaz-msee20seecs-nust/ugttt-rebuttal/runs/j5vhm83n
tinker_cookbook.utils.ml_log:143 [INFO] Wrote metrics to logs/aws/wave1-rerun/cp26-base-seed3/metrics.jsonl
tinker_cookbook.utils.ml_log:240 [INFO] Logging to: https://wandb.ai/kriaz-msee20seecs-nust/ugttt-rebuttal/runs/j5vhm83n
tinker_cookbook.utils.ml_log:143 [INFO] Wrote metrics to logs/aws/wave1-rerun/cp26-base-seed3/metrics.jsonl
tinker_cookbook.utils.ml_log:240 [INFO] Logging to: https://wandb.ai/kriaz-msee20seecs-nust/ugttt-rebuttal/runs/j5vhm83n
tinker_cookbook.utils.ml_log:143 [INFO] Wrote metrics to logs/aws/wave1-rerun/cp26-base-seed3/metrics.jsonl
tinker_cookbook.utils.ml_log:240 [INFO] Logging to: https://wandb.ai/kriaz-msee20seecs-nust/ugttt-rebuttal/runs/j5vhm83n
tinker_cookbook.utils.ml_log:143 [INFO] Wrote metrics to logs/aws/wave1-rerun/cp26-base-seed3/metrics.jsonl
tinker_cookbook.utils.ml_log:240 [INFO] Logging to: https://wandb.ai/kriaz-msee20seecs-nust/ugttt-rebuttal/runs/j5vhm83n
tinker_cookbook.utils.ml_log:143 [INFO] Wrote metrics to logs/aws/wave1-rerun/cp26-base-seed3/metrics.jsonl
tinker_cookbook.utils.ml_log:240 [INFO] Logging to: https://wandb.ai/kriaz-msee20seecs-nust/ugttt-rebuttal/runs/j5vhm83n
tinker_cookbook.utils.ml_log:143 [INFO] Wrote metrics to logs/aws/wave1-rerun/cp26-base-seed3/metrics.jsonl
tinker_cookbook.utils.ml_log:240 [INFO] Logging to: https://wandb.ai/kriaz-msee20seecs-nust/ugttt-rebuttal/runs/j5vhm83n
tinker_cookbook.utils.ml_log:143 [INFO] Wrote metrics to logs/aws/wave1-rerun/cp26-base-seed3/metrics.jsonl
tinker_cookbook.utils.ml_log:240 [INFO] Logging to: https://wandb.ai/kriaz-msee20seecs-nust/ugttt-rebuttal/runs/j5vhm83n
__main__:1949 [INFO]   [5][3/8] KEPT | R_exec=0.6469 (max=2.6196) RMI=0.0000 R_total=0.6469 | 1154.1s | GPU: 18.1/60.8GB
tinker_cookbook.utils.ml_log:143 [INFO] Wrote metrics to logs/aws/wave1-rerun/cp26-base-seed3/metrics.jsonl
tinker_cookbook.utils.ml_log:240 [INFO] Logging to: https://wandb.ai/kriaz-msee20seecs-nust/ugttt-rebuttal/runs/j5vhm83n
tinker_cookbook.rl.ensemble:1082 [INFO]   generate_batch_multi_adapter_two_phase: N=8 phase1_max=26000 streaming_mi=False kv_q=False
tinker_cookbook.rl.ensemble:1270 [INFO]     [gen/p1] step=2048/24118 active=8/8 mi_stopped=0
tinker_cookbook.rl.ensemble:1270 [INFO]     [gen/p1] step=4096/24118 active=8/8 mi_stopped=0
tinker_cookbook.rl.ensemble:1270 [INFO]     [gen/p1] step=6144/24118 active=8/8 mi_stopped=0
tinker_cookbook.rl.ensemble:1270 [INFO]     [gen/p1] step=8192/24118 active=5/8 mi_stopped=0
tinker_cookbook.rl.ensemble:1270 [INFO]     [gen/p1] step=10240/24118 active=2/8 mi_stopped=0
__main__:1078 [INFO]   Group 3: multi-adapter generation 8 seqs in 934.2s
__main__:1108 [INFO]   Group 3: rewards computed in 5.5s
__main__:1150 [INFO]     [g3][r1/8] adapter=0 R_exec=0.0000 true_MI=0.00000 RMI=0.0000 R_total=0.0000 correct=0 tokens=7807
__main__:1150 [INFO]     [g3][r2/8] adapter=0 R_exec=2.6211 true_MI=0.00000 RMI=0.0000 R_total=2.6211 correct=1 tokens=7843
__main__:1150 [INFO]     [g3][r3/8] adapter=0 R_exec=0.0000 true_MI=0.00000 RMI=0.0000 R_total=0.0000 correct=0 tokens=7551
__main__:1150 [INFO]     [g3][r4/8] adapter=0 R_exec=2.6178 true_MI=0.00000 RMI=0.0000 R_total=2.6178 correct=1 tokens=10632
__main__:1150 [INFO]     [g3][r5/8] adapter=0 R_exec=2.6173 true_MI=0.00000 RMI=0.0000 R_total=2.6173 correct=1 tokens=9219
__main__:1150 [INFO]     [g3][r6/8] adapter=0 R_exec=0.0000 true_MI=0.00000 RMI=0.0000 R_total=0.0000 correct=0 tokens=9850
__main__:1150 [INFO]     [g3][r7/8] adapter=0 R_exec=0.0000 true_MI=0.00000 RMI=0.0000 R_total=0.0000 correct=0 tokens=8486
__main__:1150 [INFO]     [g3][r8/8] adapter=0 R_exec=0.0000 true_MI=0.00000 RMI=0.0000 R_total=0.0000 correct=0 tokens=11360
__main__:1167 [INFO]   [g3] group true_MI: mean=0.00000 std=0.00000 max=0.00000 normalized=[0.00 0.00 0.00 0.00 0.00 0.00 0.00 0.00]
tinker_cookbook.utils.ml_log:143 [INFO] Wrote metrics to logs/aws/wave1-rerun/cp26-base-seed3/metrics.jsonl
tinker_cookbook.utils.ml_log:240 [INFO] Logging to: https://wandb.ai/kriaz-msee20seecs-nust/ugttt-rebuttal/runs/j5vhm83n
tinker_cookbook.utils.ml_log:143 [INFO] Wrote metrics to logs/aws/wave1-rerun/cp26-base-seed3/metrics.jsonl
tinker_cookbook.utils.ml_log:240 [INFO] Logging to: https://wandb.ai/kriaz-msee20seecs-nust/ugttt-rebuttal/runs/j5vhm83n
tinker_cookbook.utils.ml_log:143 [INFO] Wrote metrics to logs/aws/wave1-rerun/cp26-base-seed3/metrics.jsonl
tinker_cookbook.utils.ml_log:240 [INFO] Logging to: https://wandb.ai/kriaz-msee20seecs-nust/ugttt-rebuttal/runs/j5vhm83n
tinker_cookbook.utils.ml_log:143 [INFO] Wrote metrics to logs/aws/wave1-rerun/cp26-base-seed3/metrics.jsonl
tinker_cookbook.utils.ml_log:240 [INFO] Logging to: https://wandb.ai/kriaz-msee20seecs-nust/ugttt-rebuttal/runs/j5vhm83n
tinker_cookbook.utils.ml_log:143 [INFO] Wrote metrics to logs/aws/wave1-rerun/cp26-base-seed3/metrics.jsonl
tinker_cookbook.utils.ml_log:240 [INFO] Logging to: https://wandb.ai/kriaz-msee20seecs-nust/ugttt-rebuttal/runs/j5vhm83n
tinker_cookbook.utils.ml_log:143 [INFO] Wrote metrics to logs/aws/wave1-rerun/cp26-base-seed3/metrics.jsonl
tinker_cookbook.utils.ml_log:240 [INFO] Logging to: https://wandb.ai/kriaz-msee20seecs-nust/ugttt-rebuttal/runs/j5vhm83n
tinker_cookbook.utils.ml_log:143 [INFO] Wrote metrics to logs/aws/wave1-rerun/cp26-base-seed3/metrics.jsonl
tinker_cookbook.utils.ml_log:240 [INFO] Logging to: https://wandb.ai/kriaz-msee20seecs-nust/ugttt-rebuttal/runs/j5vhm83n
tinker_cookbook.utils.ml_log:143 [INFO] Wrote metrics to logs/aws/wave1-rerun/cp26-base-seed3/metrics.jsonl
tinker_cookbook.utils.ml_log:240 [INFO] Logging to: https://wandb.ai/kriaz-msee20seecs-nust/ugttt-rebuttal/runs/j5vhm83n
__main__:1949 [INFO]   [5][4/8] KEPT | R_exec=0.9820 (max=2.6211) RMI=0.0000 R_total=0.9820 | 939.7s | GPU: 18.1/60.7GB
tinker_cookbook.utils.ml_log:143 [INFO] Wrote metrics to logs/aws/wave1-rerun/cp26-base-seed3/metrics.jsonl
tinker_cookbook.utils.ml_log:240 [INFO] Logging to: https://wandb.ai/kriaz-msee20seecs-nust/ugttt-rebuttal/runs/j5vhm83n
tinker_cookbook.rl.ensemble:1082 [INFO]   generate_batch_multi_adapter_two_phase: N=8 phase1_max=26000 streaming_mi=False kv_q=False
tinker_cookbook.rl.ensemble:1270 [INFO]     [gen/p1] step=2048/24180 active=8/8 mi_stopped=0
tinker_cookbook.rl.ensemble:1270 [INFO]     [gen/p1] step=4096/24180 active=8/8 mi_stopped=0
tinker_cookbook.rl.ensemble:1270 [INFO]     [gen/p1] step=6144/24180 active=8/8 mi_stopped=0
tinker_cookbook.rl.ensemble:1270 [INFO]     [gen/p1] step=8192/24180 active=8/8 mi_stopped=0
tinker_cookbook.rl.ensemble:1270 [INFO]     [gen/p1] step=10240/24180 active=6/8 mi_stopped=0
tinker_cookbook.rl.ensemble:1270 [INFO]     [gen/p1] step=12288/24180 active=1/8 mi_stopped=0
tinker_cookbook.rl.ensemble:1270 [INFO]     [gen/p1] step=14336/24180 active=1/8 mi_stopped=0
__main__:1078 [INFO]   Group 4: multi-adapter generation 8 seqs in 1599.0s
__main__:1108 [INFO]   Group 4: rewards computed in 381.5s
__main__:1150 [INFO]     [g4][r1/8] adapter=0 R_exec=2.5869 true_MI=0.00000 RMI=0.0000 R_total=2.5869 correct=1 tokens=10511
__main__:1150 [INFO]     [g4][r2/8] adapter=0 R_exec=2.5771 true_MI=0.00000 RMI=0.0000 R_total=2.5771 correct=1 tokens=11075
__main__:1150 [INFO]     [g4][r3/8] adapter=0 R_exec=0.0000 true_MI=0.00000 RMI=0.0000 R_total=0.0000 correct=0 tokens=9945
__main__:1150 [INFO]     [g4][r4/8] adapter=0 R_exec=2.6180 true_MI=0.00000 RMI=0.0000 R_total=2.6180 correct=1 tokens=16196
__main__:1150 [INFO]     [g4][r5/8] adapter=0 R_exec=2.6105 true_MI=0.00000 RMI=0.0000 R_total=2.6105 correct=1 tokens=10963
__main__:1150 [INFO]     [g4][r6/8] adapter=0 R_exec=2.6231 true_MI=0.00000 RMI=0.0000 R_total=2.6231 correct=1 tokens=11927
__main__:1150 [INFO]     [g4][r7/8] adapter=0 R_exec=0.0000 true_MI=0.00000 RMI=0.0000 R_total=0.0000 correct=0 tokens=12229
__main__:1150 [INFO]     [g4][r8/8] adapter=0 R_exec=0.0000 true_MI=0.00000 RMI=0.0000 R_total=0.0000 correct=0 tokens=9464
__main__:1167 [INFO]   [g4] group true_MI: mean=0.00000 std=0.00000 max=0.00000 normalized=[0.00 0.00 0.00 0.00 0.00 0.00 0.00 0.00]
tinker_cookbook.utils.ml_log:143 [INFO] Wrote metrics to logs/aws/wave1-rerun/cp26-base-seed3/metrics.jsonl
tinker_cookbook.utils.ml_log:240 [INFO] Logging to: https://wandb.ai/kriaz-msee20seecs-nust/ugttt-rebuttal/runs/j5vhm83n
tinker_cookbook.utils.ml_log:143 [INFO] Wrote metrics to logs/aws/wave1-rerun/cp26-base-seed3/metrics.jsonl
tinker_cookbook.utils.ml_log:240 [INFO] Logging to: https://wandb.ai/kriaz-msee20seecs-nust/ugttt-rebuttal/runs/j5vhm83n
tinker_cookbook.utils.ml_log:143 [INFO] Wrote metrics to logs/aws/wave1-rerun/cp26-base-seed3/metrics.jsonl
tinker_cookbook.utils.ml_log:240 [INFO] Logging to: https://wandb.ai/kriaz-msee20seecs-nust/ugttt-rebuttal/runs/j5vhm83n
tinker_cookbook.utils.ml_log:143 [INFO] Wrote metrics to logs/aws/wave1-rerun/cp26-base-seed3/metrics.jsonl
tinker_cookbook.utils.ml_log:240 [INFO] Logging to: https://wandb.ai/kriaz-msee20seecs-nust/ugttt-rebuttal/runs/j5vhm83n
tinker_cookbook.utils.ml_log:143 [INFO] Wrote metrics to logs/aws/wave1-rerun/cp26-base-seed3/metrics.jsonl
tinker_cookbook.utils.ml_log:240 [INFO] Logging to: https://wandb.ai/kriaz-msee20seecs-nust/ugttt-rebuttal/runs/j5vhm83n
tinker_cookbook.utils.ml_log:143 [INFO] Wrote metrics to logs/aws/wave1-rerun/cp26-base-seed3/metrics.jsonl
tinker_cookbook.utils.ml_log:240 [INFO] Logging to: https://wandb.ai/kriaz-msee20seecs-nust/ugttt-rebuttal/runs/j5vhm83n
tinker_cookbook.utils.ml_log:143 [INFO] Wrote metrics to logs/aws/wave1-rerun/cp26-base-seed3/metrics.jsonl
tinker_cookbook.utils.ml_log:240 [INFO] Logging to: https://wandb.ai/kriaz-msee20seecs-nust/ugttt-rebuttal/runs/j5vhm83n
tinker_cookbook.utils.ml_log:143 [INFO] Wrote metrics to logs/aws/wave1-rerun/cp26-base-seed3/metrics.jsonl
tinker_cookbook.utils.ml_log:240 [INFO] Logging to: https://wandb.ai/kriaz-msee20seecs-nust/ugttt-rebuttal/runs/j5vhm83n
__main__:1949 [INFO]   [5][5/8] KEPT | R_exec=1.6270 (max=2.6231) RMI=0.0000 R_total=1.6270 | 1980.5s | GPU: 18.1/61.2GB
tinker_cookbook.utils.ml_log:143 [INFO] Wrote metrics to logs/aws/wave1-rerun/cp26-base-seed3/metrics.jsonl
tinker_cookbook.utils.ml_log:240 [INFO] Logging to: https://wandb.ai/kriaz-msee20seecs-nust/ugttt-rebuttal/runs/j5vhm83n
tinker_cookbook.rl.ensemble:1082 [INFO]   generate_batch_multi_adapter_two_phase: N=8 phase1_max=26000 streaming_mi=False kv_q=False
tinker_cookbook.rl.ensemble:1270 [INFO]     [gen/p1] step=2048/24080 active=8/8 mi_stopped=0
tinker_cookbook.rl.ensemble:1270 [INFO]     [gen/p1] step=4096/24080 active=8/8 mi_stopped=0
tinker_cookbook.rl.ensemble:1270 [INFO]     [gen/p1] step=6144/24080 active=8/8 mi_stopped=0
tinker_cookbook.rl.ensemble:1270 [INFO]     [gen/p1] step=8192/24080 active=7/8 mi_stopped=0
tinker_cookbook.rl.ensemble:1270 [INFO]     [gen/p1] step=10240/24080 active=3/8 mi_stopped=0
tinker_cookbook.rl.ensemble:1270 [INFO]     [gen/p1] step=12288/24080 active=1/8 mi_stopped=0
__main__:1078 [INFO]   Group 5: multi-adapter generation 8 seqs in 1228.0s
__main__:1108 [INFO]   Group 5: rewards computed in 12.2s
__main__:1150 [INFO]     [g5][r1/8] adapter=0 R_exec=0.0000 true_MI=0.00000 RMI=0.0000 R_total=0.0000 correct=0 tokens=10497
__main__:1150 [INFO]     [g5][r2/8] adapter=0 R_exec=2.4478 true_MI=0.00000 RMI=0.0000 R_total=2.4478 correct=1 tokens=13633
__main__:1150 [INFO]     [g5][r3/8] adapter=0 R_exec=0.0000 true_MI=0.00000 RMI=0.0000 R_total=0.0000 correct=0 tokens=9803
__main__:1150 [INFO]     [g5][r4/8] adapter=0 R_exec=2.6081 true_MI=0.00000 RMI=0.0000 R_total=2.6081 correct=1 tokens=8736
__main__:1150 [INFO]     [g5][r5/8] adapter=0 R_exec=0.0000 true_MI=0.00000 RMI=0.0000 R_total=0.0000 correct=0 tokens=8056
__main__:1150 [INFO]     [g5][r6/8] adapter=0 R_exec=2.5963 true_MI=0.00000 RMI=0.0000 R_total=2.5963 correct=1 tokens=12213
__main__:1150 [INFO]     [g5][r7/8] adapter=0 R_exec=2.5602 true_MI=0.00000 RMI=0.0000 R_total=2.5602 correct=1 tokens=9287
__main__:1150 [INFO]     [g5][r8/8] adapter=0 R_exec=0.0000 true_MI=0.00000 RMI=0.0000 R_total=0.0000 correct=0 tokens=8387
__main__:1167 [INFO]   [g5] group true_MI: mean=0.00000 std=0.00000 max=0.00000 normalized=[0.00 0.00 0.00 0.00 0.00 0.00 0.00 0.00]
tinker_cookbook.utils.ml_log:143 [INFO] Wrote metrics to logs/aws/wave1-rerun/cp26-base-seed3/metrics.jsonl
tinker_cookbook.utils.ml_log:240 [INFO] Logging to: https://wandb.ai/kriaz-msee20seecs-nust/ugttt-rebuttal/runs/j5vhm83n
tinker_cookbook.utils.ml_log:143 [INFO] Wrote metrics to logs/aws/wave1-rerun/cp26-base-seed3/metrics.jsonl
tinker_cookbook.utils.ml_log:240 [INFO] Logging to: https://wandb.ai/kriaz-msee20seecs-nust/ugttt-rebuttal/runs/j5vhm83n
tinker_cookbook.utils.ml_log:143 [INFO] Wrote metrics to logs/aws/wave1-rerun/cp26-base-seed3/metrics.jsonl
tinker_cookbook.utils.ml_log:240 [INFO] Logging to: https://wandb.ai/kriaz-msee20seecs-nust/ugttt-rebuttal/runs/j5vhm83n
tinker_cookbook.utils.ml_log:143 [INFO] Wrote metrics to logs/aws/wave1-rerun/cp26-base-seed3/metrics.jsonl
tinker_cookbook.utils.ml_log:240 [INFO] Logging to: https://wandb.ai/kriaz-msee20seecs-nust/ugttt-rebuttal/runs/j5vhm83n
tinker_cookbook.utils.ml_log:143 [INFO] Wrote metrics to logs/aws/wave1-rerun/cp26-base-seed3/metrics.jsonl
tinker_cookbook.utils.ml_log:240 [INFO] Logging to: https://wandb.ai/kriaz-msee20seecs-nust/ugttt-rebuttal/runs/j5vhm83n
tinker_cookbook.utils.ml_log:143 [INFO] Wrote metrics to logs/aws/wave1-rerun/cp26-base-seed3/metrics.jsonl
tinker_cookbook.utils.ml_log:240 [INFO] Logging to: https://wandb.ai/kriaz-msee20seecs-nust/ugttt-rebuttal/runs/j5vhm83n
tinker_cookbook.utils.ml_log:143 [INFO] Wrote metrics to logs/aws/wave1-rerun/cp26-base-seed3/metrics.jsonl
tinker_cookbook.utils.ml_log:240 [INFO] Logging to: https://wandb.ai/kriaz-msee20seecs-nust/ugttt-rebuttal/runs/j5vhm83n
tinker_cookbook.utils.ml_log:143 [INFO] Wrote metrics to logs/aws/wave1-rerun/cp26-base-seed3/metrics.jsonl
tinker_cookbook.utils.ml_log:240 [INFO] Logging to: https://wandb.ai/kriaz-msee20seecs-nust/ugttt-rebuttal/runs/j5vhm83n
__main__:1949 [INFO]   [5][6/8] KEPT | R_exec=1.2766 (max=2.6081) RMI=0.0000 R_total=1.2766 | 1240.3s | GPU: 18.1/61.0GB
tinker_cookbook.utils.ml_log:143 [INFO] Wrote metrics to logs/aws/wave1-rerun/cp26-base-seed3/metrics.jsonl
tinker_cookbook.utils.ml_log:240 [INFO] Logging to: https://wandb.ai/kriaz-msee20seecs-nust/ugttt-rebuttal/runs/j5vhm83n
tinker_cookbook.rl.ensemble:1082 [INFO]   generate_batch_multi_adapter_two_phase: N=8 phase1_max=26000 streaming_mi=False kv_q=False
tinker_cookbook.rl.ensemble:1270 [INFO]     [gen/p1] step=2048/24322 active=8/8 mi_stopped=0
tinker_cookbook.rl.ensemble:1270 [INFO]     [gen/p1] step=4096/24322 active=8/8 mi_stopped=0
tinker_cookbook.rl.ensemble:1270 [INFO]     [gen/p1] step=6144/24322 active=8/8 mi_stopped=0
tinker_cookbook.rl.ensemble:1270 [INFO]     [gen/p1] step=8192/24322 active=6/8 mi_stopped=0
tinker_cookbook.rl.ensemble:1270 [INFO]     [gen/p1] step=10240/24322 active=2/8 mi_stopped=0
__main__:1078 [INFO]   Group 6: multi-adapter generation 8 seqs in 853.1s
__main__:1108 [INFO]   Group 6: rewards computed in 113.8s
__main__:1150 [INFO]     [g6][r1/8] adapter=0 R_exec=2.6224 true_MI=0.00000 RMI=0.0000 R_total=2.6224 correct=1 tokens=10011
__main__:1150 [INFO]     [g6][r2/8] adapter=0 R_exec=0.0000 true_MI=0.00000 RMI=0.0000 R_total=0.0000 correct=0 tokens=8991
__main__:1150 [INFO]     [g6][r3/8] adapter=0 R_exec=2.5831 true_MI=0.00000 RMI=0.0000 R_total=2.5831 correct=1 tokens=7919
__main__:1150 [INFO]     [g6][r4/8] adapter=0 R_exec=2.5831 true_MI=0.00000 RMI=0.0000 R_total=2.5831 correct=1 tokens=10543
__main__:1150 [INFO]     [g6][r5/8] adapter=0 R_exec=2.6198 true_MI=0.00000 RMI=0.0000 R_total=2.6198 correct=1 tokens=10801
__main__:1150 [INFO]     [g6][r6/8] adapter=0 R_exec=0.0000 true_MI=0.00000 RMI=0.0000 R_total=0.0000 correct=0 tokens=9054
__main__:1150 [INFO]     [g6][r7/8] adapter=0 R_exec=2.5831 true_MI=0.00000 RMI=0.0000 R_total=2.5831 correct=1 tokens=7735
__main__:1150 [INFO]     [g6][r8/8] adapter=0 R_exec=0.0000 true_MI=0.00000 RMI=0.0000 R_total=0.0000 correct=0 tokens=9701
__main__:1167 [INFO]   [g6] group true_MI: mean=0.00000 std=0.00000 max=0.00000 normalized=[0.00 0.00 0.00 0.00 0.00 0.00 0.00 0.00]
tinker_cookbook.utils.ml_log:143 [INFO] Wrote metrics to logs/aws/wave1-rerun/cp26-base-seed3/metrics.jsonl
tinker_cookbook.utils.ml_log:240 [INFO] Logging to: https://wandb.ai/kriaz-msee20seecs-nust/ugttt-rebuttal/runs/j5vhm83n
tinker_cookbook.utils.ml_log:143 [INFO] Wrote metrics to logs/aws/wave1-rerun/cp26-base-seed3/metrics.jsonl
tinker_cookbook.utils.ml_log:240 [INFO] Logging to: https://wandb.ai/kriaz-msee20seecs-nust/ugttt-rebuttal/runs/j5vhm83n
tinker_cookbook.utils.ml_log:143 [INFO] Wrote metrics to logs/aws/wave1-rerun/cp26-base-seed3/metrics.jsonl
tinker_cookbook.utils.ml_log:240 [INFO] Logging to: https://wandb.ai/kriaz-msee20seecs-nust/ugttt-rebuttal/runs/j5vhm83n
tinker_cookbook.utils.ml_log:143 [INFO] Wrote metrics to logs/aws/wave1-rerun/cp26-base-seed3/metrics.jsonl
tinker_cookbook.utils.ml_log:240 [INFO] Logging to: https://wandb.ai/kriaz-msee20seecs-nust/ugttt-rebuttal/runs/j5vhm83n
tinker_cookbook.utils.ml_log:143 [INFO] Wrote metrics to logs/aws/wave1-rerun/cp26-base-seed3/metrics.jsonl
tinker_cookbook.utils.ml_log:240 [INFO] Logging to: https://wandb.ai/kriaz-msee20seecs-nust/ugttt-rebuttal/runs/j5vhm83n
tinker_cookbook.utils.ml_log:143 [INFO] Wrote metrics to logs/aws/wave1-rerun/cp26-base-seed3/metrics.jsonl
tinker_cookbook.utils.ml_log:240 [INFO] Logging to: https://wandb.ai/kriaz-msee20seecs-nust/ugttt-rebuttal/runs/j5vhm83n
tinker_cookbook.utils.ml_log:143 [INFO] Wrote metrics to logs/aws/wave1-rerun/cp26-base-seed3/metrics.jsonl
tinker_cookbook.utils.ml_log:240 [INFO] Logging to: https://wandb.ai/kriaz-msee20seecs-nust/ugttt-rebuttal/runs/j5vhm83n
tinker_cookbook.utils.ml_log:143 [INFO] Wrote metrics to logs/aws/wave1-rerun/cp26-base-seed3/metrics.jsonl
tinker_cookbook.utils.ml_log:240 [INFO] Logging to: https://wandb.ai/kriaz-msee20seecs-nust/ugttt-rebuttal/runs/j5vhm83n
__main__:1949 [INFO]   [5][7/8] KEPT | R_exec=1.6239 (max=2.6224) RMI=0.0000 R_total=1.6239 | 967.0s | GPU: 18.1/60.7GB
tinker_cookbook.utils.ml_log:143 [INFO] Wrote metrics to logs/aws/wave1-rerun/cp26-base-seed3/metrics.jsonl
tinker_cookbook.utils.ml_log:240 [INFO] Logging to: https://wandb.ai/kriaz-msee20seecs-nust/ugttt-rebuttal/runs/j5vhm83n
tinker_cookbook.rl.ensemble:1082 [INFO]   generate_batch_multi_adapter_two_phase: N=8 phase1_max=26000 streaming_mi=False kv_q=False
tinker_cookbook.rl.ensemble:1270 [INFO]     [gen/p1] step=2048/23931 active=8/8 mi_stopped=0
tinker_cookbook.rl.ensemble:1270 [INFO]     [gen/p1] step=4096/23931 active=8/8 mi_stopped=0
tinker_cookbook.rl.ensemble:1270 [INFO]     [gen/p1] step=6144/23931 active=8/8 mi_stopped=0
tinker_cookbook.rl.ensemble:1270 [INFO]     [gen/p1] step=8192/23931 active=6/8 mi_stopped=0
tinker_cookbook.rl.ensemble:1270 [INFO]     [gen/p1] step=10240/23931 active=1/8 mi_stopped=0
__main__:1078 [INFO]   Group 7: multi-adapter generation 8 seqs in 866.0s
__main__:1108 [INFO]   Group 7: rewards computed in 6.5s
__main__:1150 [INFO]     [g7][r1/8] adapter=0 R_exec=2.5699 true_MI=0.00000 RMI=0.0000 R_total=2.5699 correct=1 tokens=6880
__main__:1150 [INFO]     [g7][r2/8] adapter=0 R_exec=2.5576 true_MI=0.00000 RMI=0.0000 R_total=2.5576 correct=1 tokens=8479
__main__:1150 [INFO]     [g7][r3/8] adapter=0 R_exec=0.0000 true_MI=0.00000 RMI=0.0000 R_total=0.0000 correct=0 tokens=7148
__main__:1150 [INFO]     [g7][r4/8] adapter=0 R_exec=0.0000 true_MI=0.00000 RMI=0.0000 R_total=0.0000 correct=0 tokens=10687
__main__:1150 [INFO]     [g7][r5/8] adapter=0 R_exec=2.6124 true_MI=0.00000 RMI=0.0000 R_total=2.6124 correct=1 tokens=8915
__main__:1150 [INFO]     [g7][r6/8] adapter=0 R_exec=2.6231 true_MI=0.00000 RMI=0.0000 R_total=2.6231 correct=1 tokens=9801
__main__:1150 [INFO]     [g7][r7/8] adapter=0 R_exec=2.5880 true_MI=0.00000 RMI=0.0000 R_total=2.5880 correct=1 tokens=9254
__main__:1150 [INFO]     [g7][r8/8] adapter=0 R_exec=2.5506 true_MI=0.00000 RMI=0.0000 R_total=2.5506 correct=1 tokens=9847
__main__:1167 [INFO]   [g7] group true_MI: mean=0.00000 std=0.00000 max=0.00000 normalized=[0.00 0.00 0.00 0.00 0.00 0.00 0.00 0.00]
tinker_cookbook.utils.ml_log:143 [INFO] Wrote metrics to logs/aws/wave1-rerun/cp26-base-seed3/metrics.jsonl
tinker_cookbook.utils.ml_log:240 [INFO] Logging to: https://wandb.ai/kriaz-msee20seecs-nust/ugttt-rebuttal/runs/j5vhm83n
tinker_cookbook.utils.ml_log:143 [INFO] Wrote metrics to logs/aws/wave1-rerun/cp26-base-seed3/metrics.jsonl
tinker_cookbook.utils.ml_log:240 [INFO] Logging to: https://wandb.ai/kriaz-msee20seecs-nust/ugttt-rebuttal/runs/j5vhm83n
tinker_cookbook.utils.ml_log:143 [INFO] Wrote metrics to logs/aws/wave1-rerun/cp26-base-seed3/metrics.jsonl
tinker_cookbook.utils.ml_log:240 [INFO] Logging to: https://wandb.ai/kriaz-msee20seecs-nust/ugttt-rebuttal/runs/j5vhm83n
tinker_cookbook.utils.ml_log:143 [INFO] Wrote metrics to logs/aws/wave1-rerun/cp26-base-seed3/metrics.jsonl
tinker_cookbook.utils.ml_log:240 [INFO] Logging to: https://wandb.ai/kriaz-msee20seecs-nust/ugttt-rebuttal/runs/j5vhm83n
tinker_cookbook.utils.ml_log:143 [INFO] Wrote metrics to logs/aws/wave1-rerun/cp26-base-seed3/metrics.jsonl
tinker_cookbook.utils.ml_log:240 [INFO] Logging to: https://wandb.ai/kriaz-msee20seecs-nust/ugttt-rebuttal/runs/j5vhm83n
tinker_cookbook.utils.ml_log:143 [INFO] Wrote metrics to logs/aws/wave1-rerun/cp26-base-seed3/metrics.jsonl
tinker_cookbook.utils.ml_log:240 [INFO] Logging to: https://wandb.ai/kriaz-msee20seecs-nust/ugttt-rebuttal/runs/j5vhm83n
tinker_cookbook.utils.ml_log:143 [INFO] Wrote metrics to logs/aws/wave1-rerun/cp26-base-seed3/metrics.jsonl
tinker_cookbook.utils.ml_log:240 [INFO] Logging to: https://wandb.ai/kriaz-msee20seecs-nust/ugttt-rebuttal/runs/j5vhm83n
tinker_cookbook.utils.ml_log:143 [INFO] Wrote metrics to logs/aws/wave1-rerun/cp26-base-seed3/metrics.jsonl
tinker_cookbook.utils.ml_log:240 [INFO] Logging to: https://wandb.ai/kriaz-msee20seecs-nust/ugttt-rebuttal/runs/j5vhm83n
__main__:1949 [INFO]   [5][8/8] KEPT | R_exec=1.9377 (max=2.6231) RMI=0.0000 R_total=1.9377 | 872.6s | GPU: 18.1/61.0GB
tinker_cookbook.utils.ml_log:143 [INFO] Wrote metrics to logs/aws/wave1-rerun/cp26-base-seed3/metrics.jsonl
tinker_cookbook.utils.ml_log:240 [INFO] Logging to: https://wandb.ai/kriaz-msee20seecs-nust/ugttt-rebuttal/runs/j5vhm83n
__main__:1988 [INFO] [Epoch 5] Rollout phase done in 9049.1s. Training on 8/8 groups...
tinker_cookbook.utils.ml_log:143 [INFO] Wrote metrics to logs/aws/wave1-rerun/cp26-base-seed3/metrics.jsonl
tinker_cookbook.utils.ml_log:195 [INFO] 
┏━━━━━━━━━━━━━━━━━━━━━━━━━━━━━━━━┳━━━━━━━━━━━━━━┓
┃ Metric                         ┃ Value        ┃
┡━━━━━━━━━━━━━━━━━━━━━━━━━━━━━━━━╇━━━━━━━━━━━━━━┩
│ gpu/memory_allocated_gb        │ 18.092511    │
│ gpu/memory_peak_gb             │ 60.641105    │
│ gpu/memory_reserved_gb         │ 18.121490    │
│ kl_policy_base                 │ 0.022343     │
│ optim/entropy                  │ 0.519897     │
│ optim/kl_sample_train_v1       │ 0.000133     │
│ optim/kl_sample_train_v2       │ 0.000123     │
│ progress/done_frac             │ 1.000000     │
│ progress/epoch                 │ 5            │
│ rollout/groups_attempted       │ 8.000000     │
│ rollout/groups_filtered        │ 0.000000     │
│ rollout/groups_kept            │ 8.000000     │
│ rollout/intra_group_reward_std │ 1.232675     │
│ time/rollout                   │ 9049.105577  │
│ time/total                     │ 9337.189881  │
│ time/train                     │ 287.980931   │
│ train/advantage/max            │ 4.612171     │
│ train/advantage/mean           │ 0.249100     │
│ train/advantage/min            │ -1.000000    │
│ train/advantage/std            │ 1.632855     │
│ train/beta/mean                │ 19.042856    │
│ train/beta/std                 │ 17.825180    │
│ train/correctness/mean         │ 0.531250     │
│ train/correctness/rate         │ 0.531250     │
│ train/ensemble/frac_high_disa… │ 0.000000     │
│ train/ensemble/max_token_disa… │ nan          │
│ train/ensemble/member_logprob… │ 0.000000     │
│ train/ensemble/member_logprob… │ nan          │
│ train/gamma_eff/mean           │ 0.000000     │
│ train/gen/num_tokens/max       │ 16196.000000 │
│ train/gen/num_tokens/mean      │ 9786.203125  │
│ train/gen/num_tokens/std       │ 1693.110047  │
│ train/loss                     │ -0.249146    │
│ train/nnm_loss                 │ 0.000000     │
│ train/nnm_nuclear_norm         │ 0.000000     │
│ train/num_groups               │ 8.000000     │
│ train/num_rollouts             │ 64.000000    │
│ train/num_rollouts_total       │ 64.000000    │
│ train/reward/exec/best         │ 2.627829     │
│ train/reward/exec/max          │ 2.624893     │
│ train/reward/exec/mean         │ 1.377103     │
│ train/reward/exec/min          │ 0.000000     │
│ train/reward/exec/std          │ 1.293828     │
│ train/reward/rmi/max           │ 0.000000     │
│ train/reward/rmi/mean          │ 0.000000     │
│ train/reward/rmi/min           │ 0.000000     │
│ train/reward/rmi/std           │ 0.000000     │
│ train/reward/total/best        │ 2.627829     │
│ train/reward/total/max         │ 2.624893     │
│ train/reward/total/mean        │ 1.377103     │
│ train/reward/total/min         │ 0.000000     │
│ train/reward/total/std         │ 1.293828     │
│ train/streaming_mi/stop_rate   │ 0.000000     │
│ train/streaming_mi/tokens_sav… │ 0.000000     │
│ train/streaming_mi/tokens_sav… │ 0.000000     │
│ train/two_phase/phase1_tokens… │ 9786.203125  │
│ train/two_phase/phase2_tokens… │ 0.000000     │
│ train/two_phase/prefill_rate   │ 0.000000     │
│ train/uncertainty/predictive_… │ 0.000000     │
│ train/uncertainty/predictive_… │ 0.000000     │
│ train/uncertainty/predictive_… │ 0.000000     │
│ train/uncertainty/predictive_… │ 0.000000     │
│ train/uncertainty/predictive_… │ 0.000000     │
│ train/uncertainty/predictive_… │ 0.000000     │
│ train/uncertainty/predictive_… │ 0.000000     │
│ train/uncertainty/predictive_… │ 0.000000     │
│ train/uncertainty/rmi/max      │ 0.000000     │
│ train/uncertainty/rmi/mean     │ 0.000000     │
│ train/uncertainty/rmi/min      │ 0.000000     │
│ train/uncertainty/rmi/std      │ 0.000000     │
│ train/uncertainty/rmi_top7/max │ 0.000000     │
│ train/uncertainty/rmi_top7/me… │ 0.000000     │
│ train/uncertainty/rmi_top7/min │ 0.000000     │
│ train/uncertainty/rmi_top7/std │ 0.000000     │
│ train/uncertainty/top7_mi_cod… │ 0.000000     │
│ train/uncertainty/top7_mi_cod… │ 0.000000     │
│ train/uncertainty/top7_mi_thi… │ 0.000000     │
│ train/uncertainty/top7_mi_thi… │ 0.000000     │
│ train/uncertainty/top7_pct_co… │ 0.000000     │
│ train/uncertainty/top7_pct_co… │ 0.000000     │
│ train/uncertainty/top7_pct_th… │ 1.000000     │
│ train/uncertainty/top7_pct_th… │ 0.000000     │
│ train/uncertainty/true_mi/max  │ 0.000000     │
│ train/uncertainty/true_mi/mean │ 0.000000     │
│ train/uncertainty/true_mi/min  │ 0.000000     │
│ train/uncertainty/true_mi/std  │ 0.000000     │
│ train/uncertainty/variance/max │ nan          │
│ train/uncertainty/variance/me… │ nan          │
│ train/uncertainty/variance/min │ nan          │
│ train/uncertainty/variance/std │ nan          │
│ train/uncertainty/variance_to… │ nan          │
│ train/uncertainty/variance_to… │ nan          │
│ train/uncertainty/variance_to… │ nan          │
│ train/uncertainty/variance_to… │ nan          │
└────────────────────────────────┴──────────────┘
tinker_cookbook.utils.ml_log:240 [INFO] Logging to: https://wandb.ai/kriaz-msee20seecs-nust/ugttt-rebuttal/runs/j5vhm83n
__main__:2062 [INFO] [Epoch 5] R_exec=1.3771 (max=2.6249 best=2.6278) RMI=0.0000 beta=19.04 corr=53.1% loss=-0.2491 groups=8/8 time=9337.2s
__main__:2073 [INFO] Checkpoint saved at epoch 5
__main__:2082 [INFO] Training complete
