wandb: Currently logged in as: kriaz-msee20seecs (kriaz-msee20seecs-nust) to https://api.wandb.ai. Use `wandb login --relogin` to force relogin
wandb: setting up run j5vhm83n
wandb: Tracking run with wandb version 0.23.0
wandb: Run data is saved locally in ./logs/aws/wave1-rerun/cp26-base-seed3/wandb/run-20260728_071534-j5vhm83n
wandb: Run `wandb offline` to turn off syncing.
wandb: Resuming run cp26-base-seed3
wandb: ⭐️ View project at https://wandb.ai/kriaz-msee20seecs-nust/ugttt-rebuttal
wandb: 🚀 View run at https://wandb.ai/kriaz-msee20seecs-nust/ugttt-rebuttal/runs/j5vhm83n
2026-07-28 07:15:35,778 [INFO] tinker_cookbook.utils.ml_log: 
Configuration:
  base_model: 'Qwen/Qwen3-8B'
  precision: 'fp16'
  device: 'cuda'
  env: 'cp'
  problem_idx: '26'
  budget_s: 1000
  group_size: 8
  groups_per_batch: 8
  learning_rate: 4e-05
  num_epochs: 6
  max_tokens: 260000
  temperature: 1.0
  adv_estimator: 'entropic_adaptive_beta'
  adv_estimator_beta: 2.0
  loss_fn: 'importance_sampling'
  ppo_clip: 0.2
  num_substeps: 1
  remove_constant_reward_groups: True
  kl_penalty_coef: 0.01
  kl_discount_factor: 0.0
  compute_post_kl: False
  dynamic_max_tokens: True
  two_phase_sampling: True
  phase1_max_tokens: 26000
  context_window: 32768
  context_buffer: 50
  eval_timeout: 1000
  dataset_timeout: 1000
  num_cpus_per_task: 2
  gpu_mode_score_scale: 3000.0
  num_ensemble_members: 1
  lora_rank: 16
  lora_alpha: 32
  lora_dropout: 0.05
  target_modules: {'q_proj': True, 'k_proj': True, 'v_proj': True, 'o_proj': 
True}
  rmi_coef: 0.0
  uncertainty_metric: 'true_mi'
  gamma_max_ratio: 10.0
  nnm_coef: 0.0
  nnm_use_fro_norm: False
  streaming_mi_enabled: False
  streaming_mi_window_size: 4096
  streaming_mi_check_interval: 2048
  streaming_mi_min_gen: 4096
  streaming_mi_warmup_epochs: 3
  streaming_mi_wrap_budget: 6000
  streaming_mi_threshold_percentile: 25.0
  kv_quantize: False
  sampler_type: 'puct_backprop'
  initial_exp_type: 'random'
  log_path: './logs/aws/wave1-rerun/cp26-base-seed3'
  wandb_project: 'ugttt-rebuttal'
  wandb_name: 'cp26-base-seed3'
  eval_every: 3
  save_every: 2
  seed: 3
  dataset_builder: None
tinker_cookbook.utils.ml_log:525 [[92mINFO[0m] Logging to: logs/aws/wave1-rerun/cp26-base-seed3
__main__:1657 [[92mINFO[0m] Active loggers: ['JsonLogger', 'PrettyPrintLogger', 'WandbLogger']
__main__:1690 [[92mINFO[0m] Loading base model: Qwen/Qwen3-8B (fp16)
root:227 [[92mINFO[0m] Loading model with precision - fp16
`torch_dtype` is deprecated! Use `dtype` instead!
Fetching 5 files:   0%|          | 0/5 [00:00<?, ?it/s]Fetching 5 files:  20%|██        | 1/5 [00:01<00:07,  1.98s/it]Fetching 5 files:  40%|████      | 2/5 [00:02<00:02,  1.04it/s]Fetching 5 files:  60%|██████    | 3/5 [00:02<00:01,  1.46it/s]Fetching 5 files: 100%|██████████| 5/5 [00:02<00:00,  1.94it/s]
Loading checkpoint shards:   0%|          | 0/5 [00:00<?, ?it/s]Loading checkpoint shards:  20%|██        | 1/5 [00:01<00:05,  1.35s/it]Loading checkpoint shards:  40%|████      | 2/5 [00:02<00:04,  1.42s/it]Loading checkpoint shards:  60%|██████    | 3/5 [00:04<00:02,  1.37s/it]Loading checkpoint shards:  80%|████████  | 4/5 [00:05<00:01,  1.25s/it]Loading checkpoint shards: 100%|██████████| 5/5 [00:05<00:00,  1.09it/s]Loading checkpoint shards: 100%|██████████| 5/5 [00:05<00:00,  1.10s/it]
root:255 [[92mINFO[0m] loading llama compatible model - qwen3
root:49 [[92mINFO[0m] Adapter ensemble_0 without lr_scheduler.
tinker_cookbook.rl.ensemble:123 [[92mINFO[0m] Initialized 1 LoRA ensemble members (rank=16)
__main__:1779 [[92mINFO[0m] Training: 6 epochs, 8 groups/batch × 8 rollouts/group, K=1 adapters, γ=0.0
__main__:1784 [[92mINFO[0m] Parallelism: batched generation (8 seqs/batch), threaded rewards (8 workers), batched ensemble scoring
__main__:1807 [[92mINFO[0m] Two-phase sampling enabled: phase1_max=26000, context_window=32768, prefill_len=22, stop_ids=[151645]
__main__:1836 [[92mINFO[0m] [Epoch 0/6] Starting rollout phase: 8 groups × 8 rollouts
tinker_cookbook.rl.ensemble:1082 [[92mINFO[0m]   generate_batch_multi_adapter_two_phase: N=8 phase1_max=26000 streaming_mi=False kv_q=False
/home/ubuntu/Uncertainty-Guided-Exploration-For-Discovery/.venv/lib/python3.12/site-packages/torch/utils/checkpoint.py:85: UserWarning: None of the inputs have requires_grad=True. Gradients will be None
  warnings.warn(
tinker_cookbook.rl.ensemble:1270 [[92mINFO[0m]     [gen/p1] step=2048/25146 active=8/8 mi_stopped=0
tinker_cookbook.rl.ensemble:1270 [[92mINFO[0m]     [gen/p1] step=4096/25146 active=8/8 mi_stopped=0
tinker_cookbook.rl.ensemble:1270 [[92mINFO[0m]     [gen/p1] step=6144/25146 active=8/8 mi_stopped=0
tinker_cookbook.rl.ensemble:1270 [[92mINFO[0m]     [gen/p1] step=8192/25146 active=8/8 mi_stopped=0
tinker_cookbook.rl.ensemble:1270 [[92mINFO[0m]     [gen/p1] step=10240/25146 active=6/8 mi_stopped=0
tinker_cookbook.rl.ensemble:1270 [[92mINFO[0m]     [gen/p1] step=12288/25146 active=2/8 mi_stopped=0
__main__:1078 [[92mINFO[0m]   Group 0: multi-adapter generation 8 seqs in 1107.5s
2026-07-28 07:34:13,108	WARNING worker.py:1681 -- SIGTERM handler is not set because current thread is not the main thread.
2026-07-28 07:34:13,112	INFO worker.py:1691 -- Using address auto set in the environment variable RAY_ADDRESS
2026-07-28 07:34:13,173	INFO worker.py:1832 -- Connecting to existing Ray cluster at address: 172.31.86.150:6379...
2026-07-28 07:34:13,183	INFO worker.py:2012 -- Connected to Ray cluster.
/home/ubuntu/Uncertainty-Guided-Exploration-For-Discovery/.venv/lib/python3.12/site-packages/ray/_private/worker.py:2051: FutureWarning: Tip: In future versions of Ray, Ray will no longer override accelerator visible devices env var if num_gpus=0 or num_gpus=None (default). To enable this behavior and turn off this error message, set RAY_ACCEL_ENV_VAR_OVERRIDE_ON_ZERO=0
  warnings.warn(
__main__:1108 [[92mINFO[0m]   Group 0: rewards computed in 17.1s
/home/ubuntu/Uncertainty-Guided-Exploration-For-Discovery/tinker_cookbook/rl/uncertainty.py:193: UserWarning: var(): degrees of freedom is <= 0. Correction should be strictly less than the reduction factor (input numel divided by output numel). (Triggered internally at /pytorch/aten/src/ATen/native/ReduceOps.cpp:1857.)
  per_token_var = ensemble_logprobs.var(dim=0)
/home/ubuntu/Uncertainty-Guided-Exploration-For-Discovery/tinker_cookbook/rl/mlora_train.py:899: UserWarning: std(): degrees of freedom is <= 0. Correction should be strictly less than the reduction factor (input numel divided by output numel). (Triggered internally at /pytorch/aten/src/ATen/native/ReduceOps.cpp:1857.)
  member_logprob_spread = float(per_member_mean_lp.std())
/home/ubuntu/Uncertainty-Guided-Exploration-For-Discovery/tinker_cookbook/rl/mlora_train.py:902: UserWarning: var(): degrees of freedom is <= 0. Correction should be strictly less than the reduction factor (input numel divided by output numel). (Triggered internally at /pytorch/aten/src/ATen/native/ReduceOps.cpp:1857.)
  per_token_var = ensemble_logprobs.var(dim=0)
__main__:1150 [[92mINFO[0m]     [g0][r1/8] adapter=0 R_exec=0.0000 true_MI=0.00000 RMI=0.0000 R_total=0.0000 correct=1 tokens=12833
__main__:1150 [[92mINFO[0m]     [g0][r2/8] adapter=0 R_exec=2.6203 true_MI=0.00000 RMI=0.0000 R_total=2.6203 correct=1 tokens=11428
__main__:1150 [[92mINFO[0m]     [g0][r3/8] adapter=0 R_exec=0.0000 true_MI=0.00000 RMI=0.0000 R_total=0.0000 correct=0 tokens=10491
__main__:1150 [[92mINFO[0m]     [g0][r4/8] adapter=0 R_exec=2.6213 true_MI=0.00000 RMI=0.0000 R_total=2.6213 correct=1 tokens=11950
__main__:1150 [[92mINFO[0m]     [g0][r5/8] adapter=0 R_exec=0.0000 true_MI=0.00000 RMI=0.0000 R_total=0.0000 correct=0 tokens=8275
__main__:1150 [[92mINFO[0m]     [g0][r6/8] adapter=0 R_exec=0.0000 true_MI=0.00000 RMI=0.0000 R_total=0.0000 correct=1 tokens=13385
__main__:1150 [[92mINFO[0m]     [g0][r7/8] adapter=0 R_exec=2.6102 true_MI=0.00000 RMI=0.0000 R_total=2.6102 correct=1 tokens=11534
__main__:1150 [[92mINFO[0m]     [g0][r8/8] adapter=0 R_exec=0.0000 true_MI=0.00000 RMI=0.0000 R_total=0.0000 correct=0 tokens=9248
__main__:1167 [[92mINFO[0m]   [g0] group true_MI: mean=0.00000 std=0.00000 max=0.00000 normalized=[0.00 0.00 0.00 0.00 0.00 0.00 0.00 0.00]
tinker_cookbook.utils.ml_log:143 [[92mINFO[0m] Wrote metrics to logs/aws/wave1-rerun/cp26-base-seed3/metrics.jsonl
tinker_cookbook.utils.ml_log:240 [[92mINFO[0m] Logging to: https://wandb.ai/kriaz-msee20seecs-nust/ugttt-rebuttal/runs/j5vhm83n
tinker_cookbook.utils.ml_log:143 [[92mINFO[0m] Wrote metrics to logs/aws/wave1-rerun/cp26-base-seed3/metrics.jsonl
tinker_cookbook.utils.ml_log:240 [[92mINFO[0m] Logging to: https://wandb.ai/kriaz-msee20seecs-nust/ugttt-rebuttal/runs/j5vhm83n
tinker_cookbook.utils.ml_log:143 [[92mINFO[0m] Wrote metrics to logs/aws/wave1-rerun/cp26-base-seed3/metrics.jsonl
tinker_cookbook.utils.ml_log:240 [[92mINFO[0m] Logging to: https://wandb.ai/kriaz-msee20seecs-nust/ugttt-rebuttal/runs/j5vhm83n
tinker_cookbook.utils.ml_log:143 [[92mINFO[0m] Wrote metrics to logs/aws/wave1-rerun/cp26-base-seed3/metrics.jsonl
tinker_cookbook.utils.ml_log:240 [[92mINFO[0m] Logging to: https://wandb.ai/kriaz-msee20seecs-nust/ugttt-rebuttal/runs/j5vhm83n
tinker_cookbook.utils.ml_log:143 [[92mINFO[0m] Wrote metrics to logs/aws/wave1-rerun/cp26-base-seed3/metrics.jsonl
tinker_cookbook.utils.ml_log:240 [[92mINFO[0m] Logging to: https://wandb.ai/kriaz-msee20seecs-nust/ugttt-rebuttal/runs/j5vhm83n
tinker_cookbook.utils.ml_log:143 [[92mINFO[0m] Wrote metrics to logs/aws/wave1-rerun/cp26-base-seed3/metrics.jsonl
tinker_cookbook.utils.ml_log:240 [[92mINFO[0m] Logging to: https://wandb.ai/kriaz-msee20seecs-nust/ugttt-rebuttal/runs/j5vhm83n
tinker_cookbook.utils.ml_log:143 [[92mINFO[0m] Wrote metrics to logs/aws/wave1-rerun/cp26-base-seed3/metrics.jsonl
tinker_cookbook.utils.ml_log:240 [[92mINFO[0m] Logging to: https://wandb.ai/kriaz-msee20seecs-nust/ugttt-rebuttal/runs/j5vhm83n
tinker_cookbook.utils.ml_log:143 [[92mINFO[0m] Wrote metrics to logs/aws/wave1-rerun/cp26-base-seed3/metrics.jsonl
tinker_cookbook.utils.ml_log:240 [[92mINFO[0m] Logging to: https://wandb.ai/kriaz-msee20seecs-nust/ugttt-rebuttal/runs/j5vhm83n
__main__:1949 [[92mINFO[0m]   [0][1/8] KEPT | R_exec=0.9815 (max=2.6213) RMI=0.0000 R_total=0.9815 | 1124.7s | GPU: 18.0/60.2GB
tinker_cookbook.utils.ml_log:143 [[92mINFO[0m] Wrote metrics to logs/aws/wave1-rerun/cp26-base-seed3/metrics.jsonl
tinker_cookbook.utils.ml_log:240 [[92mINFO[0m] Logging to: https://wandb.ai/kriaz-msee20seecs-nust/ugttt-rebuttal/runs/j5vhm83n
tinker_cookbook.rl.ensemble:1082 [[92mINFO[0m]   generate_batch_multi_adapter_two_phase: N=8 phase1_max=26000 streaming_mi=False kv_q=False
[2026-07-28 07:34:43,205 E 10740 19173] core_worker_process.cc:825: Failed to establish connection to the metrics exporter agent. Metrics will not be exported. Exporter agent status: RpcError: Running out of retries to initialize the metrics agent. rpc_code: 14
tinker_cookbook.rl.ensemble:1270 [[92mINFO[0m]     [gen/p1] step=2048/25146 active=8/8 mi_stopped=0
tinker_cookbook.rl.ensemble:1270 [[92mINFO[0m]     [gen/p1] step=4096/25146 active=8/8 mi_stopped=0
tinker_cookbook.rl.ensemble:1270 [[92mINFO[0m]     [gen/p1] step=6144/25146 active=8/8 mi_stopped=0
tinker_cookbook.rl.ensemble:1270 [[92mINFO[0m]     [gen/p1] step=8192/25146 active=8/8 mi_stopped=0
tinker_cookbook.rl.ensemble:1270 [[92mINFO[0m]     [gen/p1] step=10240/25146 active=6/8 mi_stopped=0
tinker_cookbook.rl.ensemble:1270 [[92mINFO[0m]     [gen/p1] step=12288/25146 active=4/8 mi_stopped=0
tinker_cookbook.rl.ensemble:1270 [[92mINFO[0m]     [gen/p1] step=14336/25146 active=1/8 mi_stopped=0
__main__:1078 [[92mINFO[0m]   Group 1: multi-adapter generation 8 seqs in 1454.4s
__main__:1108 [[92mINFO[0m]   Group 1: rewards computed in 2.2s
__main__:1150 [[92mINFO[0m]     [g1][r1/8] adapter=0 R_exec=0.0000 true_MI=0.00000 RMI=0.0000 R_total=0.0000 correct=0 tokens=14015
__main__:1150 [[92mINFO[0m]     [g1][r2/8] adapter=0 R_exec=0.0000 true_MI=0.00000 RMI=0.0000 R_total=0.0000 correct=0 tokens=9558
__main__:1150 [[92mINFO[0m]     [g1][r3/8] adapter=0 R_exec=0.0000 true_MI=0.00000 RMI=0.0000 R_total=0.0000 correct=1 tokens=10500
__main__:1150 [[92mINFO[0m]     [g1][r4/8] adapter=0 R_exec=0.0000 true_MI=0.00000 RMI=0.0000 R_total=0.0000 correct=0 tokens=11649
__main__:1150 [[92mINFO[0m]     [g1][r5/8] adapter=0 R_exec=0.0000 true_MI=0.00000 RMI=0.0000 R_total=0.0000 correct=0 tokens=12973
__main__:1150 [[92mINFO[0m]     [g1][r6/8] adapter=0 R_exec=0.0000 true_MI=0.00000 RMI=0.0000 R_total=0.0000 correct=0 tokens=13265
__main__:1150 [[92mINFO[0m]     [g1][r7/8] adapter=0 R_exec=0.0000 true_MI=0.00000 RMI=0.0000 R_total=0.0000 correct=0 tokens=9102
__main__:1150 [[92mINFO[0m]     [g1][r8/8] adapter=0 R_exec=0.0000 true_MI=0.00000 RMI=0.0000 R_total=0.0000 correct=1 tokens=15858
__main__:1167 [[92mINFO[0m]   [g1] group true_MI: mean=0.00000 std=0.00000 max=0.00000 normalized=[0.00 0.00 0.00 0.00 0.00 0.00 0.00 0.00]
tinker_cookbook.utils.ml_log:143 [[92mINFO[0m] Wrote metrics to logs/aws/wave1-rerun/cp26-base-seed3/metrics.jsonl
tinker_cookbook.utils.ml_log:240 [[92mINFO[0m] Logging to: https://wandb.ai/kriaz-msee20seecs-nust/ugttt-rebuttal/runs/j5vhm83n
tinker_cookbook.utils.ml_log:143 [[92mINFO[0m] Wrote metrics to logs/aws/wave1-rerun/cp26-base-seed3/metrics.jsonl
tinker_cookbook.utils.ml_log:240 [[92mINFO[0m] Logging to: https://wandb.ai/kriaz-msee20seecs-nust/ugttt-rebuttal/runs/j5vhm83n
tinker_cookbook.utils.ml_log:143 [[92mINFO[0m] Wrote metrics to logs/aws/wave1-rerun/cp26-base-seed3/metrics.jsonl
tinker_cookbook.utils.ml_log:240 [[92mINFO[0m] Logging to: https://wandb.ai/kriaz-msee20seecs-nust/ugttt-rebuttal/runs/j5vhm83n
tinker_cookbook.utils.ml_log:143 [[92mINFO[0m] Wrote metrics to logs/aws/wave1-rerun/cp26-base-seed3/metrics.jsonl
tinker_cookbook.utils.ml_log:240 [[92mINFO[0m] Logging to: https://wandb.ai/kriaz-msee20seecs-nust/ugttt-rebuttal/runs/j5vhm83n
tinker_cookbook.utils.ml_log:143 [[92mINFO[0m] Wrote metrics to logs/aws/wave1-rerun/cp26-base-seed3/metrics.jsonl
tinker_cookbook.utils.ml_log:240 [[92mINFO[0m] Logging to: https://wandb.ai/kriaz-msee20seecs-nust/ugttt-rebuttal/runs/j5vhm83n
tinker_cookbook.utils.ml_log:143 [[92mINFO[0m] Wrote metrics to logs/aws/wave1-rerun/cp26-base-seed3/metrics.jsonl
tinker_cookbook.utils.ml_log:240 [[92mINFO[0m] Logging to: https://wandb.ai/kriaz-msee20seecs-nust/ugttt-rebuttal/runs/j5vhm83n
tinker_cookbook.utils.ml_log:143 [[92mINFO[0m] Wrote metrics to logs/aws/wave1-rerun/cp26-base-seed3/metrics.jsonl
tinker_cookbook.utils.ml_log:240 [[92mINFO[0m] Logging to: https://wandb.ai/kriaz-msee20seecs-nust/ugttt-rebuttal/runs/j5vhm83n
tinker_cookbook.utils.ml_log:143 [[92mINFO[0m] Wrote metrics to logs/aws/wave1-rerun/cp26-base-seed3/metrics.jsonl
tinker_cookbook.utils.ml_log:240 [[92mINFO[0m] Logging to: https://wandb.ai/kriaz-msee20seecs-nust/ugttt-rebuttal/runs/j5vhm83n
__main__:1949 [[92mINFO[0m]   [0][2/8] FILTERED | R_exec=0.0000 (max=0.0000) RMI=0.0000 R_total=0.0000 | 1456.7s | GPU: 18.0/60.5GB
tinker_cookbook.utils.ml_log:143 [[92mINFO[0m] Wrote metrics to logs/aws/wave1-rerun/cp26-base-seed3/metrics.jsonl
tinker_cookbook.utils.ml_log:240 [[92mINFO[0m] Logging to: https://wandb.ai/kriaz-msee20seecs-nust/ugttt-rebuttal/runs/j5vhm83n
tinker_cookbook.rl.ensemble:1082 [[92mINFO[0m]   generate_batch_multi_adapter_two_phase: N=8 phase1_max=26000 streaming_mi=False kv_q=False
tinker_cookbook.rl.ensemble:1270 [[92mINFO[0m]     [gen/p1] step=2048/25146 active=8/8 mi_stopped=0
tinker_cookbook.rl.ensemble:1270 [[92mINFO[0m]     [gen/p1] step=4096/25146 active=8/8 mi_stopped=0
tinker_cookbook.rl.ensemble:1270 [[92mINFO[0m]     [gen/p1] step=6144/25146 active=8/8 mi_stopped=0
tinker_cookbook.rl.ensemble:1270 [[92mINFO[0m]     [gen/p1] step=8192/25146 active=8/8 mi_stopped=0
tinker_cookbook.rl.ensemble:1270 [[92mINFO[0m]     [gen/p1] step=10240/25146 active=6/8 mi_stopped=0
tinker_cookbook.rl.ensemble:1270 [[92mINFO[0m]     [gen/p1] step=12288/25146 active=2/8 mi_stopped=0
tinker_cookbook.rl.ensemble:1270 [[92mINFO[0m]     [gen/p1] step=14336/25146 active=1/8 mi_stopped=0
__main__:1078 [[92mINFO[0m]   Group 2: multi-adapter generation 8 seqs in 1247.8s
__main__:1108 [[92mINFO[0m]   Group 2: rewards computed in 8.1s
__main__:1150 [[92mINFO[0m]     [g2][r1/8] adapter=0 R_exec=0.0000 true_MI=0.00000 RMI=0.0000 R_total=0.0000 correct=0 tokens=11597
__main__:1150 [[92mINFO[0m]     [g2][r2/8] adapter=0 R_exec=2.6165 true_MI=0.00000 RMI=0.0000 R_total=2.6165 correct=1 tokens=12584
__main__:1150 [[92mINFO[0m]     [g2][r3/8] adapter=0 R_exec=2.6205 true_MI=0.00000 RMI=0.0000 R_total=2.6205 correct=1 tokens=9412
__main__:1150 [[92mINFO[0m]     [g2][r4/8] adapter=0 R_exec=0.0000 true_MI=0.00000 RMI=0.0000 R_total=0.0000 correct=0 tokens=10536
__main__:1150 [[92mINFO[0m]     [g2][r5/8] adapter=0 R_exec=0.0000 true_MI=0.00000 RMI=0.0000 R_total=0.0000 correct=0 tokens=9144
__main__:1150 [[92mINFO[0m]     [g2][r6/8] adapter=0 R_exec=0.0000 true_MI=0.00000 RMI=0.0000 R_total=0.0000 correct=0 tokens=14400
__main__:1150 [[92mINFO[0m]     [g2][r7/8] adapter=0 R_exec=0.0000 true_MI=0.00000 RMI=0.0000 R_total=0.0000 correct=0 tokens=10880
__main__:1150 [[92mINFO[0m]     [g2][r8/8] adapter=0 R_exec=0.0000 true_MI=0.00000 RMI=0.0000 R_total=0.0000 correct=0 tokens=12045
__main__:1167 [[92mINFO[0m]   [g2] group true_MI: mean=0.00000 std=0.00000 max=0.00000 normalized=[0.00 0.00 0.00 0.00 0.00 0.00 0.00 0.00]
tinker_cookbook.utils.ml_log:143 [[92mINFO[0m] Wrote metrics to logs/aws/wave1-rerun/cp26-base-seed3/metrics.jsonl
tinker_cookbook.utils.ml_log:240 [[92mINFO[0m] Logging to: https://wandb.ai/kriaz-msee20seecs-nust/ugttt-rebuttal/runs/j5vhm83n
tinker_cookbook.utils.ml_log:143 [[92mINFO[0m] Wrote metrics to logs/aws/wave1-rerun/cp26-base-seed3/metrics.jsonl
tinker_cookbook.utils.ml_log:240 [[92mINFO[0m] Logging to: https://wandb.ai/kriaz-msee20seecs-nust/ugttt-rebuttal/runs/j5vhm83n
tinker_cookbook.utils.ml_log:143 [[92mINFO[0m] Wrote metrics to logs/aws/wave1-rerun/cp26-base-seed3/metrics.jsonl
tinker_cookbook.utils.ml_log:240 [[92mINFO[0m] Logging to: https://wandb.ai/kriaz-msee20seecs-nust/ugttt-rebuttal/runs/j5vhm83n
tinker_cookbook.utils.ml_log:143 [[92mINFO[0m] Wrote metrics to logs/aws/wave1-rerun/cp26-base-seed3/metrics.jsonl
tinker_cookbook.utils.ml_log:240 [[92mINFO[0m] Logging to: https://wandb.ai/kriaz-msee20seecs-nust/ugttt-rebuttal/runs/j5vhm83n
tinker_cookbook.utils.ml_log:143 [[92mINFO[0m] Wrote metrics to logs/aws/wave1-rerun/cp26-base-seed3/metrics.jsonl
tinker_cookbook.utils.ml_log:240 [[92mINFO[0m] Logging to: https://wandb.ai/kriaz-msee20seecs-nust/ugttt-rebuttal/runs/j5vhm83n
tinker_cookbook.utils.ml_log:143 [[92mINFO[0m] Wrote metrics to logs/aws/wave1-rerun/cp26-base-seed3/metrics.jsonl
tinker_cookbook.utils.ml_log:240 [[92mINFO[0m] Logging to: https://wandb.ai/kriaz-msee20seecs-nust/ugttt-rebuttal/runs/j5vhm83n
tinker_cookbook.utils.ml_log:143 [[92mINFO[0m] Wrote metrics to logs/aws/wave1-rerun/cp26-base-seed3/metrics.jsonl
tinker_cookbook.utils.ml_log:240 [[92mINFO[0m] Logging to: https://wandb.ai/kriaz-msee20seecs-nust/ugttt-rebuttal/runs/j5vhm83n
tinker_cookbook.utils.ml_log:143 [[92mINFO[0m] Wrote metrics to logs/aws/wave1-rerun/cp26-base-seed3/metrics.jsonl
tinker_cookbook.utils.ml_log:240 [[92mINFO[0m] Logging to: https://wandb.ai/kriaz-msee20seecs-nust/ugttt-rebuttal/runs/j5vhm83n
__main__:1949 [[92mINFO[0m]   [0][3/8] KEPT | R_exec=0.6546 (max=2.6205) RMI=0.0000 R_total=0.6546 | 1255.9s | GPU: 18.0/60.3GB
tinker_cookbook.utils.ml_log:143 [[92mINFO[0m] Wrote metrics to logs/aws/wave1-rerun/cp26-base-seed3/metrics.jsonl
tinker_cookbook.utils.ml_log:240 [[92mINFO[0m] Logging to: https://wandb.ai/kriaz-msee20seecs-nust/ugttt-rebuttal/runs/j5vhm83n
tinker_cookbook.rl.ensemble:1082 [[92mINFO[0m]   generate_batch_multi_adapter_two_phase: N=8 phase1_max=26000 streaming_mi=False kv_q=False
tinker_cookbook.rl.ensemble:1270 [[92mINFO[0m]     [gen/p1] step=2048/25146 active=8/8 mi_stopped=0
tinker_cookbook.rl.ensemble:1270 [[92mINFO[0m]     [gen/p1] step=4096/25146 active=8/8 mi_stopped=0
tinker_cookbook.rl.ensemble:1270 [[92mINFO[0m]     [gen/p1] step=6144/25146 active=8/8 mi_stopped=0
tinker_cookbook.rl.ensemble:1270 [[92mINFO[0m]     [gen/p1] step=8192/25146 active=8/8 mi_stopped=0
tinker_cookbook.rl.ensemble:1270 [[92mINFO[0m]     [gen/p1] step=10240/25146 active=5/8 mi_stopped=0
tinker_cookbook.rl.ensemble:1270 [[92mINFO[0m]     [gen/p1] step=12288/25146 active=2/8 mi_stopped=0
__main__:1078 [[92mINFO[0m]   Group 3: multi-adapter generation 8 seqs in 1117.7s
__main__:1108 [[92mINFO[0m]   Group 3: rewards computed in 60.4s
__main__:1150 [[92mINFO[0m]     [g3][r1/8] adapter=0 R_exec=0.0000 true_MI=0.00000 RMI=0.0000 R_total=0.0000 correct=0 tokens=8396
__main__:1150 [[92mINFO[0m]     [g3][r2/8] adapter=0 R_exec=0.0000 true_MI=0.00000 RMI=0.0000 R_total=0.0000 correct=1 tokens=12852
__main__:1150 [[92mINFO[0m]     [g3][r3/8] adapter=0 R_exec=0.0000 true_MI=0.00000 RMI=0.0000 R_total=0.0000 correct=0 tokens=9428
__main__:1150 [[92mINFO[0m]     [g3][r4/8] adapter=0 R_exec=0.0000 true_MI=0.00000 RMI=0.0000 R_total=0.0000 correct=0 tokens=10632
__main__:1150 [[92mINFO[0m]     [g3][r5/8] adapter=0 R_exec=0.0000 true_MI=0.00000 RMI=0.0000 R_total=0.0000 correct=0 tokens=8400
__main__:1150 [[92mINFO[0m]     [g3][r6/8] adapter=0 R_exec=2.5000 true_MI=0.00000 RMI=0.0000 R_total=2.5000 correct=1 tokens=11582
__main__:1150 [[92mINFO[0m]     [g3][r7/8] adapter=0 R_exec=0.0000 true_MI=0.00000 RMI=0.0000 R_total=0.0000 correct=0 tokens=13389
__main__:1150 [[92mINFO[0m]     [g3][r8/8] adapter=0 R_exec=0.0000 true_MI=0.00000 RMI=0.0000 R_total=0.0000 correct=0 tokens=11106
__main__:1167 [[92mINFO[0m]   [g3] group true_MI: mean=0.00000 std=0.00000 max=0.00000 normalized=[0.00 0.00 0.00 0.00 0.00 0.00 0.00 0.00]
tinker_cookbook.utils.ml_log:143 [[92mINFO[0m] Wrote metrics to logs/aws/wave1-rerun/cp26-base-seed3/metrics.jsonl
tinker_cookbook.utils.ml_log:240 [[92mINFO[0m] Logging to: https://wandb.ai/kriaz-msee20seecs-nust/ugttt-rebuttal/runs/j5vhm83n
tinker_cookbook.utils.ml_log:143 [[92mINFO[0m] Wrote metrics to logs/aws/wave1-rerun/cp26-base-seed3/metrics.jsonl
tinker_cookbook.utils.ml_log:240 [[92mINFO[0m] Logging to: https://wandb.ai/kriaz-msee20seecs-nust/ugttt-rebuttal/runs/j5vhm83n
tinker_cookbook.utils.ml_log:143 [[92mINFO[0m] Wrote metrics to logs/aws/wave1-rerun/cp26-base-seed3/metrics.jsonl
tinker_cookbook.utils.ml_log:240 [[92mINFO[0m] Logging to: https://wandb.ai/kriaz-msee20seecs-nust/ugttt-rebuttal/runs/j5vhm83n
tinker_cookbook.utils.ml_log:143 [[92mINFO[0m] Wrote metrics to logs/aws/wave1-rerun/cp26-base-seed3/metrics.jsonl
tinker_cookbook.utils.ml_log:240 [[92mINFO[0m] Logging to: https://wandb.ai/kriaz-msee20seecs-nust/ugttt-rebuttal/runs/j5vhm83n
tinker_cookbook.utils.ml_log:143 [[92mINFO[0m] Wrote metrics to logs/aws/wave1-rerun/cp26-base-seed3/metrics.jsonl
tinker_cookbook.utils.ml_log:240 [[92mINFO[0m] Logging to: https://wandb.ai/kriaz-msee20seecs-nust/ugttt-rebuttal/runs/j5vhm83n
tinker_cookbook.utils.ml_log:143 [[92mINFO[0m] Wrote metrics to logs/aws/wave1-rerun/cp26-base-seed3/metrics.jsonl
tinker_cookbook.utils.ml_log:240 [[92mINFO[0m] Logging to: https://wandb.ai/kriaz-msee20seecs-nust/ugttt-rebuttal/runs/j5vhm83n
tinker_cookbook.utils.ml_log:143 [[92mINFO[0m] Wrote metrics to logs/aws/wave1-rerun/cp26-base-seed3/metrics.jsonl
tinker_cookbook.utils.ml_log:240 [[92mINFO[0m] Logging to: https://wandb.ai/kriaz-msee20seecs-nust/ugttt-rebuttal/runs/j5vhm83n
tinker_cookbook.utils.ml_log:143 [[92mINFO[0m] Wrote metrics to logs/aws/wave1-rerun/cp26-base-seed3/metrics.jsonl
tinker_cookbook.utils.ml_log:240 [[92mINFO[0m] Logging to: https://wandb.ai/kriaz-msee20seecs-nust/ugttt-rebuttal/runs/j5vhm83n
__main__:1949 [[92mINFO[0m]   [0][4/8] KEPT | R_exec=0.3125 (max=2.5000) RMI=0.0000 R_total=0.3125 | 1178.2s | GPU: 18.0/60.2GB
tinker_cookbook.utils.ml_log:143 [[92mINFO[0m] Wrote metrics to logs/aws/wave1-rerun/cp26-base-seed3/metrics.jsonl
tinker_cookbook.utils.ml_log:240 [[92mINFO[0m] Logging to: https://wandb.ai/kriaz-msee20seecs-nust/ugttt-rebuttal/runs/j5vhm83n
tinker_cookbook.rl.ensemble:1082 [[92mINFO[0m]   generate_batch_multi_adapter_two_phase: N=8 phase1_max=26000 streaming_mi=False kv_q=False
tinker_cookbook.rl.ensemble:1270 [[92mINFO[0m]     [gen/p1] step=2048/25146 active=8/8 mi_stopped=0
tinker_cookbook.rl.ensemble:1270 [[92mINFO[0m]     [gen/p1] step=4096/25146 active=8/8 mi_stopped=0
tinker_cookbook.rl.ensemble:1270 [[92mINFO[0m]     [gen/p1] step=6144/25146 active=8/8 mi_stopped=0
tinker_cookbook.rl.ensemble:1270 [[92mINFO[0m]     [gen/p1] step=8192/25146 active=8/8 mi_stopped=0
tinker_cookbook.rl.ensemble:1270 [[92mINFO[0m]     [gen/p1] step=10240/25146 active=4/8 mi_stopped=0
tinker_cookbook.rl.ensemble:1270 [[92mINFO[0m]     [gen/p1] step=12288/25146 active=1/8 mi_stopped=0
__main__:1078 [[92mINFO[0m]   Group 4: multi-adapter generation 8 seqs in 1130.8s
__main__:1108 [[92mINFO[0m]   Group 4: rewards computed in 20.1s
__main__:1150 [[92mINFO[0m]     [g4][r1/8] adapter=0 R_exec=0.0000 true_MI=0.00000 RMI=0.0000 R_total=0.0000 correct=0 tokens=10521
__main__:1150 [[92mINFO[0m]     [g4][r2/8] adapter=0 R_exec=0.0000 true_MI=0.00000 RMI=0.0000 R_total=0.0000 correct=0 tokens=11458
__main__:1150 [[92mINFO[0m]     [g4][r3/8] adapter=0 R_exec=2.6032 true_MI=0.00000 RMI=0.0000 R_total=2.6032 correct=1 tokens=9924
__main__:1150 [[92mINFO[0m]     [g4][r4/8] adapter=0 R_exec=0.0000 true_MI=0.00000 RMI=0.0000 R_total=0.0000 correct=0 tokens=9509
__main__:1150 [[92mINFO[0m]     [g4][r5/8] adapter=0 R_exec=2.5498 true_MI=0.00000 RMI=0.0000 R_total=2.5498 correct=1 tokens=9157
__main__:1150 [[92mINFO[0m]     [g4][r6/8] adapter=0 R_exec=0.0000 true_MI=0.00000 RMI=0.0000 R_total=0.0000 correct=0 tokens=10640
__main__:1150 [[92mINFO[0m]     [g4][r7/8] adapter=0 R_exec=0.0000 true_MI=0.00000 RMI=0.0000 R_total=0.0000 correct=0 tokens=13461
__main__:1150 [[92mINFO[0m]     [g4][r8/8] adapter=0 R_exec=0.0000 true_MI=0.00000 RMI=0.0000 R_total=0.0000 correct=0 tokens=9712
__main__:1167 [[92mINFO[0m]   [g4] group true_MI: mean=0.00000 std=0.00000 max=0.00000 normalized=[0.00 0.00 0.00 0.00 0.00 0.00 0.00 0.00]
tinker_cookbook.utils.ml_log:143 [[92mINFO[0m] Wrote metrics to logs/aws/wave1-rerun/cp26-base-seed3/metrics.jsonl
tinker_cookbook.utils.ml_log:240 [[92mINFO[0m] Logging to: https://wandb.ai/kriaz-msee20seecs-nust/ugttt-rebuttal/runs/j5vhm83n
tinker_cookbook.utils.ml_log:143 [[92mINFO[0m] Wrote metrics to logs/aws/wave1-rerun/cp26-base-seed3/metrics.jsonl
tinker_cookbook.utils.ml_log:240 [[92mINFO[0m] Logging to: https://wandb.ai/kriaz-msee20seecs-nust/ugttt-rebuttal/runs/j5vhm83n
tinker_cookbook.utils.ml_log:143 [[92mINFO[0m] Wrote metrics to logs/aws/wave1-rerun/cp26-base-seed3/metrics.jsonl
tinker_cookbook.utils.ml_log:240 [[92mINFO[0m] Logging to: https://wandb.ai/kriaz-msee20seecs-nust/ugttt-rebuttal/runs/j5vhm83n
tinker_cookbook.utils.ml_log:143 [[92mINFO[0m] Wrote metrics to logs/aws/wave1-rerun/cp26-base-seed3/metrics.jsonl
tinker_cookbook.utils.ml_log:240 [[92mINFO[0m] Logging to: https://wandb.ai/kriaz-msee20seecs-nust/ugttt-rebuttal/runs/j5vhm83n
tinker_cookbook.utils.ml_log:143 [[92mINFO[0m] Wrote metrics to logs/aws/wave1-rerun/cp26-base-seed3/metrics.jsonl
tinker_cookbook.utils.ml_log:240 [[92mINFO[0m] Logging to: https://wandb.ai/kriaz-msee20seecs-nust/ugttt-rebuttal/runs/j5vhm83n
tinker_cookbook.utils.ml_log:143 [[92mINFO[0m] Wrote metrics to logs/aws/wave1-rerun/cp26-base-seed3/metrics.jsonl
tinker_cookbook.utils.ml_log:240 [[92mINFO[0m] Logging to: https://wandb.ai/kriaz-msee20seecs-nust/ugttt-rebuttal/runs/j5vhm83n
tinker_cookbook.utils.ml_log:143 [[92mINFO[0m] Wrote metrics to logs/aws/wave1-rerun/cp26-base-seed3/metrics.jsonl
tinker_cookbook.utils.ml_log:240 [[92mINFO[0m] Logging to: https://wandb.ai/kriaz-msee20seecs-nust/ugttt-rebuttal/runs/j5vhm83n
tinker_cookbook.utils.ml_log:143 [[92mINFO[0m] Wrote metrics to logs/aws/wave1-rerun/cp26-base-seed3/metrics.jsonl
tinker_cookbook.utils.ml_log:240 [[92mINFO[0m] Logging to: https://wandb.ai/kriaz-msee20seecs-nust/ugttt-rebuttal/runs/j5vhm83n
__main__:1949 [[92mINFO[0m]   [0][5/8] KEPT | R_exec=0.6441 (max=2.6032) RMI=0.0000 R_total=0.6441 | 1151.0s | GPU: 18.0/60.2GB
tinker_cookbook.utils.ml_log:143 [[92mINFO[0m] Wrote metrics to logs/aws/wave1-rerun/cp26-base-seed3/metrics.jsonl
tinker_cookbook.utils.ml_log:240 [[92mINFO[0m] Logging to: https://wandb.ai/kriaz-msee20seecs-nust/ugttt-rebuttal/runs/j5vhm83n
tinker_cookbook.rl.ensemble:1082 [[92mINFO[0m]   generate_batch_multi_adapter_two_phase: N=8 phase1_max=26000 streaming_mi=False kv_q=False
tinker_cookbook.rl.ensemble:1270 [[92mINFO[0m]     [gen/p1] step=2048/25146 active=8/8 mi_stopped=0
tinker_cookbook.rl.ensemble:1270 [[92mINFO[0m]     [gen/p1] step=4096/25146 active=8/8 mi_stopped=0
tinker_cookbook.rl.ensemble:1270 [[92mINFO[0m]     [gen/p1] step=6144/25146 active=8/8 mi_stopped=0
tinker_cookbook.rl.ensemble:1270 [[92mINFO[0m]     [gen/p1] step=8192/25146 active=8/8 mi_stopped=0
tinker_cookbook.rl.ensemble:1270 [[92mINFO[0m]     [gen/p1] step=10240/25146 active=6/8 mi_stopped=0
tinker_cookbook.rl.ensemble:1270 [[92mINFO[0m]     [gen/p1] step=12288/25146 active=5/8 mi_stopped=0
tinker_cookbook.rl.ensemble:1270 [[92mINFO[0m]     [gen/p1] step=14336/25146 active=2/8 mi_stopped=0
__main__:1078 [[92mINFO[0m]   Group 5: multi-adapter generation 8 seqs in 1528.7s
__main__:1108 [[92mINFO[0m]   Group 5: rewards computed in 2.9s
__main__:1150 [[92mINFO[0m]     [g5][r1/8] adapter=0 R_exec=0.0000 true_MI=0.00000 RMI=0.0000 R_total=0.0000 correct=0 tokens=16351
__main__:1150 [[92mINFO[0m]     [g5][r2/8] adapter=0 R_exec=0.0000 true_MI=0.00000 RMI=0.0000 R_total=0.0000 correct=0 tokens=13061
__main__:1150 [[92mINFO[0m]     [g5][r3/8] adapter=0 R_exec=0.0000 true_MI=0.00000 RMI=0.0000 R_total=0.0000 correct=0 tokens=12368
__main__:1150 [[92mINFO[0m]     [g5][r4/8] adapter=0 R_exec=0.0000 true_MI=0.00000 RMI=0.0000 R_total=0.0000 correct=0 tokens=9748
__main__:1150 [[92mINFO[0m]     [g5][r5/8] adapter=0 R_exec=0.0000 true_MI=0.00000 RMI=0.0000 R_total=0.0000 correct=0 tokens=15008
__main__:1150 [[92mINFO[0m]     [g5][r6/8] adapter=0 R_exec=0.0000 true_MI=0.00000 RMI=0.0000 R_total=0.0000 correct=0 tokens=10128
__main__:1150 [[92mINFO[0m]     [g5][r7/8] adapter=0 R_exec=0.0000 true_MI=0.00000 RMI=0.0000 R_total=0.0000 correct=0 tokens=11358
__main__:1150 [[92mINFO[0m]     [g5][r8/8] adapter=0 R_exec=0.0000 true_MI=0.00000 RMI=0.0000 R_total=0.0000 correct=0 tokens=12783
__main__:1167 [[92mINFO[0m]   [g5] group true_MI: mean=0.00000 std=0.00000 max=0.00000 normalized=[0.00 0.00 0.00 0.00 0.00 0.00 0.00 0.00]
tinker_cookbook.utils.ml_log:143 [[92mINFO[0m] Wrote metrics to logs/aws/wave1-rerun/cp26-base-seed3/metrics.jsonl
tinker_cookbook.utils.ml_log:240 [[92mINFO[0m] Logging to: https://wandb.ai/kriaz-msee20seecs-nust/ugttt-rebuttal/runs/j5vhm83n
tinker_cookbook.utils.ml_log:143 [[92mINFO[0m] Wrote metrics to logs/aws/wave1-rerun/cp26-base-seed3/metrics.jsonl
tinker_cookbook.utils.ml_log:240 [[92mINFO[0m] Logging to: https://wandb.ai/kriaz-msee20seecs-nust/ugttt-rebuttal/runs/j5vhm83n
tinker_cookbook.utils.ml_log:143 [[92mINFO[0m] Wrote metrics to logs/aws/wave1-rerun/cp26-base-seed3/metrics.jsonl
tinker_cookbook.utils.ml_log:240 [[92mINFO[0m] Logging to: https://wandb.ai/kriaz-msee20seecs-nust/ugttt-rebuttal/runs/j5vhm83n
tinker_cookbook.utils.ml_log:143 [[92mINFO[0m] Wrote metrics to logs/aws/wave1-rerun/cp26-base-seed3/metrics.jsonl
tinker_cookbook.utils.ml_log:240 [[92mINFO[0m] Logging to: https://wandb.ai/kriaz-msee20seecs-nust/ugttt-rebuttal/runs/j5vhm83n
tinker_cookbook.utils.ml_log:143 [[92mINFO[0m] Wrote metrics to logs/aws/wave1-rerun/cp26-base-seed3/metrics.jsonl
tinker_cookbook.utils.ml_log:240 [[92mINFO[0m] Logging to: https://wandb.ai/kriaz-msee20seecs-nust/ugttt-rebuttal/runs/j5vhm83n
tinker_cookbook.utils.ml_log:143 [[92mINFO[0m] Wrote metrics to logs/aws/wave1-rerun/cp26-base-seed3/metrics.jsonl
tinker_cookbook.utils.ml_log:240 [[92mINFO[0m] Logging to: https://wandb.ai/kriaz-msee20seecs-nust/ugttt-rebuttal/runs/j5vhm83n
tinker_cookbook.utils.ml_log:143 [[92mINFO[0m] Wrote metrics to logs/aws/wave1-rerun/cp26-base-seed3/metrics.jsonl
tinker_cookbook.utils.ml_log:240 [[92mINFO[0m] Logging to: https://wandb.ai/kriaz-msee20seecs-nust/ugttt-rebuttal/runs/j5vhm83n
tinker_cookbook.utils.ml_log:143 [[92mINFO[0m] Wrote metrics to logs/aws/wave1-rerun/cp26-base-seed3/metrics.jsonl
tinker_cookbook.utils.ml_log:240 [[92mINFO[0m] Logging to: https://wandb.ai/kriaz-msee20seecs-nust/ugttt-rebuttal/runs/j5vhm83n
__main__:1949 [[92mINFO[0m]   [0][6/8] FILTERED | R_exec=0.0000 (max=0.0000) RMI=0.0000 R_total=0.0000 | 1531.7s | GPU: 18.0/60.6GB
tinker_cookbook.utils.ml_log:143 [[92mINFO[0m] Wrote metrics to logs/aws/wave1-rerun/cp26-base-seed3/metrics.jsonl
tinker_cookbook.utils.ml_log:240 [[92mINFO[0m] Logging to: https://wandb.ai/kriaz-msee20seecs-nust/ugttt-rebuttal/runs/j5vhm83n
tinker_cookbook.rl.ensemble:1082 [[92mINFO[0m]   generate_batch_multi_adapter_two_phase: N=8 phase1_max=26000 streaming_mi=False kv_q=False
tinker_cookbook.rl.ensemble:1270 [[92mINFO[0m]     [gen/p1] step=2048/25146 active=8/8 mi_stopped=0
tinker_cookbook.rl.ensemble:1270 [[92mINFO[0m]     [gen/p1] step=4096/25146 active=8/8 mi_stopped=0
tinker_cookbook.rl.ensemble:1270 [[92mINFO[0m]     [gen/p1] step=6144/25146 active=8/8 mi_stopped=0
tinker_cookbook.rl.ensemble:1270 [[92mINFO[0m]     [gen/p1] step=8192/25146 active=8/8 mi_stopped=0
tinker_cookbook.rl.ensemble:1270 [[92mINFO[0m]     [gen/p1] step=10240/25146 active=4/8 mi_stopped=0
__main__:1078 [[92mINFO[0m]   Group 6: multi-adapter generation 8 seqs in 950.4s
__main__:1108 [[92mINFO[0m]   Group 6: rewards computed in 19.5s
__main__:1150 [[92mINFO[0m]     [g6][r1/8] adapter=0 R_exec=0.0000 true_MI=0.00000 RMI=0.0000 R_total=0.0000 correct=0 tokens=12030
__main__:1150 [[92mINFO[0m]     [g6][r2/8] adapter=0 R_exec=0.2600 true_MI=0.00000 RMI=0.0000 R_total=0.2600 correct=1 tokens=9229
__main__:1150 [[92mINFO[0m]     [g6][r3/8] adapter=0 R_exec=0.0000 true_MI=0.00000 RMI=0.0000 R_total=0.0000 correct=0 tokens=10728
__main__:1150 [[92mINFO[0m]     [g6][r4/8] adapter=0 R_exec=1.3000 true_MI=0.00000 RMI=0.0000 R_total=1.3000 correct=1 tokens=11501
__main__:1150 [[92mINFO[0m]     [g6][r5/8] adapter=0 R_exec=0.0000 true_MI=0.00000 RMI=0.0000 R_total=0.0000 correct=0 tokens=8530
__main__:1150 [[92mINFO[0m]     [g6][r6/8] adapter=0 R_exec=0.0000 true_MI=0.00000 RMI=0.0000 R_total=0.0000 correct=0 tokens=10590
__main__:1150 [[92mINFO[0m]     [g6][r7/8] adapter=0 R_exec=0.0000 true_MI=0.00000 RMI=0.0000 R_total=0.0000 correct=1 tokens=9270
__main__:1150 [[92mINFO[0m]     [g6][r8/8] adapter=0 R_exec=0.0000 true_MI=0.00000 RMI=0.0000 R_total=0.0000 correct=1 tokens=9498
__main__:1167 [[92mINFO[0m]   [g6] group true_MI: mean=0.00000 std=0.00000 max=0.00000 normalized=[0.00 0.00 0.00 0.00 0.00 0.00 0.00 0.00]
tinker_cookbook.utils.ml_log:143 [[92mINFO[0m] Wrote metrics to logs/aws/wave1-rerun/cp26-base-seed3/metrics.jsonl
tinker_cookbook.utils.ml_log:240 [[92mINFO[0m] Logging to: https://wandb.ai/kriaz-msee20seecs-nust/ugttt-rebuttal/runs/j5vhm83n
tinker_cookbook.utils.ml_log:143 [[92mINFO[0m] Wrote metrics to logs/aws/wave1-rerun/cp26-base-seed3/metrics.jsonl
tinker_cookbook.utils.ml_log:240 [[92mINFO[0m] Logging to: https://wandb.ai/kriaz-msee20seecs-nust/ugttt-rebuttal/runs/j5vhm83n
tinker_cookbook.utils.ml_log:143 [[92mINFO[0m] Wrote metrics to logs/aws/wave1-rerun/cp26-base-seed3/metrics.jsonl
tinker_cookbook.utils.ml_log:240 [[92mINFO[0m] Logging to: https://wandb.ai/kriaz-msee20seecs-nust/ugttt-rebuttal/runs/j5vhm83n
tinker_cookbook.utils.ml_log:143 [[92mINFO[0m] Wrote metrics to logs/aws/wave1-rerun/cp26-base-seed3/metrics.jsonl
tinker_cookbook.utils.ml_log:240 [[92mINFO[0m] Logging to: https://wandb.ai/kriaz-msee20seecs-nust/ugttt-rebuttal/runs/j5vhm83n
tinker_cookbook.utils.ml_log:143 [[92mINFO[0m] Wrote metrics to logs/aws/wave1-rerun/cp26-base-seed3/metrics.jsonl
tinker_cookbook.utils.ml_log:240 [[92mINFO[0m] Logging to: https://wandb.ai/kriaz-msee20seecs-nust/ugttt-rebuttal/runs/j5vhm83n
tinker_cookbook.utils.ml_log:143 [[92mINFO[0m] Wrote metrics to logs/aws/wave1-rerun/cp26-base-seed3/metrics.jsonl
tinker_cookbook.utils.ml_log:240 [[92mINFO[0m] Logging to: https://wandb.ai/kriaz-msee20seecs-nust/ugttt-rebuttal/runs/j5vhm83n
tinker_cookbook.utils.ml_log:143 [[92mINFO[0m] Wrote metrics to logs/aws/wave1-rerun/cp26-base-seed3/metrics.jsonl
tinker_cookbook.utils.ml_log:240 [[92mINFO[0m] Logging to: https://wandb.ai/kriaz-msee20seecs-nust/ugttt-rebuttal/runs/j5vhm83n
tinker_cookbook.utils.ml_log:143 [[92mINFO[0m] Wrote metrics to logs/aws/wave1-rerun/cp26-base-seed3/metrics.jsonl
tinker_cookbook.utils.ml_log:240 [[92mINFO[0m] Logging to: https://wandb.ai/kriaz-msee20seecs-nust/ugttt-rebuttal/runs/j5vhm83n
__main__:1949 [[92mINFO[0m]   [0][7/8] KEPT | R_exec=0.1950 (max=1.3000) RMI=0.0000 R_total=0.1950 | 970.0s | GPU: 18.0/60.0GB
tinker_cookbook.utils.ml_log:143 [[92mINFO[0m] Wrote metrics to logs/aws/wave1-rerun/cp26-base-seed3/metrics.jsonl
tinker_cookbook.utils.ml_log:240 [[92mINFO[0m] Logging to: https://wandb.ai/kriaz-msee20seecs-nust/ugttt-rebuttal/runs/j5vhm83n
tinker_cookbook.rl.ensemble:1082 [[92mINFO[0m]   generate_batch_multi_adapter_two_phase: N=8 phase1_max=26000 streaming_mi=False kv_q=False
tinker_cookbook.rl.ensemble:1270 [[92mINFO[0m]     [gen/p1] step=2048/25146 active=8/8 mi_stopped=0
tinker_cookbook.rl.ensemble:1270 [[92mINFO[0m]     [gen/p1] step=4096/25146 active=8/8 mi_stopped=0
tinker_cookbook.rl.ensemble:1270 [[92mINFO[0m]     [gen/p1] step=6144/25146 active=8/8 mi_stopped=0
tinker_cookbook.rl.ensemble:1270 [[92mINFO[0m]     [gen/p1] step=8192/25146 active=8/8 mi_stopped=0
tinker_cookbook.rl.ensemble:1270 [[92mINFO[0m]     [gen/p1] step=10240/25146 active=6/8 mi_stopped=0
tinker_cookbook.rl.ensemble:1270 [[92mINFO[0m]     [gen/p1] step=12288/25146 active=3/8 mi_stopped=0
__main__:1078 [[92mINFO[0m]   Group 7: multi-adapter generation 8 seqs in 1101.2s
__main__:1108 [[92mINFO[0m]   Group 7: rewards computed in 59.8s
__main__:1150 [[92mINFO[0m]     [g7][r1/8] adapter=0 R_exec=0.0000 true_MI=0.00000 RMI=0.0000 R_total=0.0000 correct=0 tokens=12552
__main__:1150 [[92mINFO[0m]     [g7][r2/8] adapter=0 R_exec=0.0000 true_MI=0.00000 RMI=0.0000 R_total=0.0000 correct=1 tokens=9002
__main__:1150 [[92mINFO[0m]     [g7][r3/8] adapter=0 R_exec=0.0000 true_MI=0.00000 RMI=0.0000 R_total=0.0000 correct=0 tokens=12644
__main__:1150 [[92mINFO[0m]     [g7][r4/8] adapter=0 R_exec=0.0000 true_MI=0.00000 RMI=0.0000 R_total=0.0000 correct=0 tokens=12236
__main__:1150 [[92mINFO[0m]     [g7][r5/8] adapter=0 R_exec=0.0000 true_MI=0.00000 RMI=0.0000 R_total=0.0000 correct=0 tokens=13335
__main__:1150 [[92mINFO[0m]     [g7][r6/8] adapter=0 R_exec=0.0000 true_MI=0.00000 RMI=0.0000 R_total=0.0000 correct=1 tokens=10610
__main__:1150 [[92mINFO[0m]     [g7][r7/8] adapter=0 R_exec=2.5339 true_MI=0.00000 RMI=0.0000 R_total=2.5339 correct=1 tokens=11979
__main__:1150 [[92mINFO[0m]     [g7][r8/8] adapter=0 R_exec=0.0000 true_MI=0.00000 RMI=0.0000 R_total=0.0000 correct=0 tokens=10200
__main__:1167 [[92mINFO[0m]   [g7] group true_MI: mean=0.00000 std=0.00000 max=0.00000 normalized=[0.00 0.00 0.00 0.00 0.00 0.00 0.00 0.00]
tinker_cookbook.utils.ml_log:143 [[92mINFO[0m] Wrote metrics to logs/aws/wave1-rerun/cp26-base-seed3/metrics.jsonl
tinker_cookbook.utils.ml_log:240 [[92mINFO[0m] Logging to: https://wandb.ai/kriaz-msee20seecs-nust/ugttt-rebuttal/runs/j5vhm83n
tinker_cookbook.utils.ml_log:143 [[92mINFO[0m] Wrote metrics to logs/aws/wave1-rerun/cp26-base-seed3/metrics.jsonl
tinker_cookbook.utils.ml_log:240 [[92mINFO[0m] Logging to: https://wandb.ai/kriaz-msee20seecs-nust/ugttt-rebuttal/runs/j5vhm83n
tinker_cookbook.utils.ml_log:143 [[92mINFO[0m] Wrote metrics to logs/aws/wave1-rerun/cp26-base-seed3/metrics.jsonl
tinker_cookbook.utils.ml_log:240 [[92mINFO[0m] Logging to: https://wandb.ai/kriaz-msee20seecs-nust/ugttt-rebuttal/runs/j5vhm83n
tinker_cookbook.utils.ml_log:143 [[92mINFO[0m] Wrote metrics to logs/aws/wave1-rerun/cp26-base-seed3/metrics.jsonl
tinker_cookbook.utils.ml_log:240 [[92mINFO[0m] Logging to: https://wandb.ai/kriaz-msee20seecs-nust/ugttt-rebuttal/runs/j5vhm83n
tinker_cookbook.utils.ml_log:143 [[92mINFO[0m] Wrote metrics to logs/aws/wave1-rerun/cp26-base-seed3/metrics.jsonl
tinker_cookbook.utils.ml_log:240 [[92mINFO[0m] Logging to: https://wandb.ai/kriaz-msee20seecs-nust/ugttt-rebuttal/runs/j5vhm83n
tinker_cookbook.utils.ml_log:143 [[92mINFO[0m] Wrote metrics to logs/aws/wave1-rerun/cp26-base-seed3/metrics.jsonl
tinker_cookbook.utils.ml_log:240 [[92mINFO[0m] Logging to: https://wandb.ai/kriaz-msee20seecs-nust/ugttt-rebuttal/runs/j5vhm83n
tinker_cookbook.utils.ml_log:143 [[92mINFO[0m] Wrote metrics to logs/aws/wave1-rerun/cp26-base-seed3/metrics.jsonl
tinker_cookbook.utils.ml_log:240 [[92mINFO[0m] Logging to: https://wandb.ai/kriaz-msee20seecs-nust/ugttt-rebuttal/runs/j5vhm83n
tinker_cookbook.utils.ml_log:143 [[92mINFO[0m] Wrote metrics to logs/aws/wave1-rerun/cp26-base-seed3/metrics.jsonl
tinker_cookbook.utils.ml_log:240 [[92mINFO[0m] Logging to: https://wandb.ai/kriaz-msee20seecs-nust/ugttt-rebuttal/runs/j5vhm83n
__main__:1949 [[92mINFO[0m]   [0][8/8] KEPT | R_exec=0.3167 (max=2.5339) RMI=0.0000 R_total=0.3167 | 1161.1s | GPU: 18.0/60.2GB
tinker_cookbook.utils.ml_log:143 [[92mINFO[0m] Wrote metrics to logs/aws/wave1-rerun/cp26-base-seed3/metrics.jsonl
tinker_cookbook.utils.ml_log:240 [[92mINFO[0m] Logging to: https://wandb.ai/kriaz-msee20seecs-nust/ugttt-rebuttal/runs/j5vhm83n
__main__:1988 [[92mINFO[0m] [Epoch 0] Rollout phase done in 9830.8s. Training on 6/8 groups...
tinker_cookbook.utils.ml_log:143 [[92mINFO[0m] Wrote metrics to logs/aws/wave1-rerun/cp26-base-seed3/metrics.jsonl
[BaseRewardTask] Creating new cpu_scheduler actor.
[BaseRewardTask] Creating new cpu_scheduler actor.
[BaseRewardTask] Creating new cpu_scheduler actor.
[BaseRewardTask] Creating new cpu_scheduler actor.
[BaseRewardTask] Creating new cpu_scheduler actor.
[BaseRewardTask] Creating new cpu_scheduler actor.
[BaseRewardTask] Creating new cpu_scheduler actor.
[BaseRewardTask] Creating new cpu_scheduler actor.
[33m(raylet)[0m It looks like you're creating a detached actor in an anonymous namespace. In order to access this actor in the future, you will need to explicitly connect to this namespace with ray.init(namespace="8f461387-60a6-4c7f-b4ce-39970aadfe5e", ...)
[BaseRewardTask] Race detected, fetching existing cpu_scheduler actor.
[BaseRewardTask] Race detected, fetching existing cpu_scheduler actor.[BaseRewardTask] Race detected, fetching existing cpu_scheduler actor.

[BaseRewardTask] Race detected, fetching existing cpu_scheduler actor.[BaseRewardTask] Race detected, fetching existing cpu_scheduler actor.
[BaseRewardTask] Race detected, fetching existing cpu_scheduler actor.

[BaseRewardTask] Race detected, fetching existing cpu_scheduler actor.
Circles 7 and 25 overlap: dist=0.19999999999999996, r1+r2=0.282842712474619
Circles 7 and 12 overlap: dist=0.12097700965748603, r1+r2=0.1209771917670732
[BaseRewardTask] Found existing cpu_scheduler actor.
[BaseRewardTask] Found existing cpu_scheduler actor.
[BaseRewardTask] Found existing cpu_scheduler actor.
[BaseRewardTask] Found existing cpu_scheduler actor.
[BaseRewardTask] Found existing cpu_scheduler actor.
[BaseRewardTask] Found existing cpu_scheduler actor.
[BaseRewardTask] Found existing cpu_scheduler actor.[BaseRewardTask] Found existing cpu_scheduler actor.

Circle 0 at (0.0, 0.0) with radius 0.1 is outside the unit square
Circles 14 and 25 overlap: dist=0.0, r1+r2=0.2
Circle 0 at (0.0, 0.0) with radius 0.1 is outside the unit square
Circle 0 at (0.0, 0.0) with radius 0.06993306040771936 is outside the unit square
Circles 12 and 13 overlap: dist=0.23151239791306732, r1+r2=0.23151239791424288
[BaseRewardTask] Found existing cpu_scheduler actor.[BaseRewardTask] Found existing cpu_scheduler actor.
[BaseRewardTask] Found existing cpu_scheduler actor.
[BaseRewardTask] Found existing cpu_scheduler actor.
[BaseRewardTask] Found existing cpu_scheduler actor.
[BaseRewardTask] Found existing cpu_scheduler actor.
[BaseRewardTask] Found existing cpu_scheduler actor.

[BaseRewardTask] Found existing cpu_scheduler actor.
Circles 12 and 25 overlap: dist=0.14804240373980815, r1+r2=0.1480424037413708
Circle 2 at (0.4505201858774335, 0.12235132225627389) with radius 0.12235132225824576 is outside the unit square
Circles 12 and 25 overlap: dist=0.0, r1+r2=0.1
[BaseRewardTask] Found existing cpu_scheduler actor.
[BaseRewardTask] Found existing cpu_scheduler actor.
[BaseRewardTask] Found existing cpu_scheduler actor.
[BaseRewardTask] Found existing cpu_scheduler actor.
[BaseRewardTask] Found existing cpu_scheduler actor.
[BaseRewardTask] Found existing cpu_scheduler actor.[BaseRewardTask] Found existing cpu_scheduler actor.

[BaseRewardTask] Found existing cpu_scheduler actor.
Circles 7 and 25 overlap: dist=0.2, r1+r2=0.2414213562373095
Circle 0 at (2.0545167271608504e-12, 0.05) with radius 0.9999999999992196 is outside the unit square
Circles 2 and 6 overlap: dist=0.2637410837391414, r1+r2=0.26374108374021604
Circles 24 and 25 overlap: dist=0.07071067811865474, r1+r2=0.1
[BaseRewardTask] Found existing cpu_scheduler actor.[BaseRewardTask] Found existing cpu_scheduler actor.

[BaseRewardTask] Found existing cpu_scheduler actor.
[BaseRewardTask] Found existing cpu_scheduler actor.
[BaseRewardTask] Found existing cpu_scheduler actor.
[BaseRewardTask] Found existing cpu_scheduler actor.[BaseRewardTask] Found existing cpu_scheduler actor.

[BaseRewardTask] Found existing cpu_scheduler actor.
Circle 0 at (0.0, 0.0) with radius 0.1 is outside the unit square
Circles 12 and 25 overlap: dist=0.0, r1+r2=0.2
Circle 0 at (0.0, 0.0) with radius 0.1 is outside the unit square
Circle 0 at (0.09632010463267082, 0.15241981183232153) with radius 1.0 is outside the unit square
Circle 4 at (1.1, 0.1) with radius 0.1 is outside the unit square
[BaseRewardTask] Found existing cpu_scheduler actor.[BaseRewardTask] Found existing cpu_scheduler actor.

[BaseRewardTask] Found existing cpu_scheduler actor.[BaseRewardTask] Found existing cpu_scheduler actor.
[BaseRewardTask] Found existing cpu_scheduler actor.
[BaseRewardTask] Found existing cpu_scheduler actor.
[BaseRewardTask] Found existing cpu_scheduler actor.

[BaseRewardTask] Found existing cpu_scheduler actor.
Circles 7 and 25 overlap: dist=0.19999999999999996, r1+r2=0.282842712474619
Circles 0 and 6 overlap: dist=0.14433756729740643, r1+r2=0.16666666666666666
Circles 12 and 25 overlap: dist=0.0, r1+r2=0.2
Circle 0 at (0.0, 0.0) with radius 0.1 is outside the unit square
Circles 0 and 5 overlap: dist=0.17320508075688776, r1+r2=0.2
Circle 0 at (0.47199795400059263, 0.47199795405720457) with radius 0.5000000001539434 is outside the unit square
Circle 0 at (0.0, 0.0) with radius 0.05 is outside the unit square
[BaseRewardTask] Found existing cpu_scheduler actor.
[BaseRewardTask] Found existing cpu_scheduler actor.
[BaseRewardTask] Found existing cpu_scheduler actor.
[BaseRewardTask] Found existing cpu_scheduler actor.
[BaseRewardTask] Found existing cpu_scheduler actor.
[BaseRewardTask] Found existing cpu_scheduler actor.
[BaseRewardTask] Found existing cpu_scheduler actor.[BaseRewardTask] Found existing cpu_scheduler actor.

Circle 0 at (0.0, 0.0) with radius 0.1 is outside the unit square
Circles 1 and 21 overlap: dist=0.21506999899018664, r1+r2=0.21506999899469614
Circle 5 at (1.05, 0.05) with radius 0.05 is outside the unit square
Circle 2 at (0.06420974107149259, 0.9357751157493251) with radius 0.06429212488969296 is outside the unit square
[BaseRewardTask] Found existing cpu_scheduler actor.[BaseRewardTask] Found existing cpu_scheduler actor.

[BaseRewardTask] Found existing cpu_scheduler actor.
[BaseRewardTask] Found existing cpu_scheduler actor.
[BaseRewardTask] Found existing cpu_scheduler actor.
[BaseRewardTask] Found existing cpu_scheduler actor.
[BaseRewardTask] Found existing cpu_scheduler actor.[BaseRewardTask] Found existing cpu_scheduler actor.

Circle 0 at (0.0, 0.0) with radius 0.1 is outside the unit square
Circles 1 and 25 overlap: dist=0.4472135954999579, r1+r2=0.5656854249492381
Circle 23 at (0.1, 0.9660254037844386) with radius 0.1 is outside the unit square
Circles 0 and 1 overlap: dist=1.212075931019582e-12, r1+r2=0.999999999998094
Circle 3 at (0.3517540404181912, 0.8809172400089148) with radius 0.11908275999247848 is outside the unit square
tinker_cookbook.utils.ml_log:195 [[92mINFO[0m] 
┏━━━━━━━━━━━━━━━━━━━━━━━━━━━━━━━━┳━━━━━━━━━━━━━━┓
┃ Metric                         ┃ Value        ┃
┡━━━━━━━━━━━━━━━━━━━━━━━━━━━━━━━━╇━━━━━━━━━━━━━━┩
│ gpu/memory_allocated_gb        │ 18.092511    │
│ gpu/memory_peak_gb             │ 59.579973    │
│ gpu/memory_reserved_gb         │ 18.121490    │
│ kl_policy_base                 │ 0.003301     │
│ optim/entropy                  │ 0.328711     │
│ optim/kl_sample_train_v1       │ 0.000158     │
│ optim/kl_sample_train_v2       │ 0.000154     │
│ progress/done_frac             │ 0.166667     │
│ progress/epoch                 │ 0            │
│ rollout/groups_attempted       │ 8.000000     │
│ rollout/groups_filtered        │ 2.000000     │
│ rollout/groups_kept            │ 6.000000     │
│ rollout/intra_group_reward_std │ 0.934616     │
│ time/rollout                   │ 9830.784826  │
│ time/total                     │ 10050.348229 │
│ time/train                     │ 219.491942   │
│ train/advantage/max            │ 10.768045    │
│ train/advantage/mean           │ 0.567142     │
│ train/advantage/min            │ -0.901397    │
│ train/advantage/std            │ 2.966486     │
│ train/beta/mean                │ 1.177923     │
│ train/beta/std                 │ 0.356049     │
│ train/correctness/mean         │ 0.375000     │
│ train/correctness/rate         │ 0.375000     │
│ train/ensemble/frac_high_disa… │ 0.000000     │
│ train/ensemble/max_token_disa… │ nan          │
│ train/ensemble/member_logprob… │ 0.000000     │
│ train/ensemble/member_logprob… │ nan          │
│ train/gamma_eff/mean           │ 0.000000     │
│ train/gen/num_tokens/max       │ 14400.000000 │
│ train/gen/num_tokens/mean      │ 10913.395833 │
│ train/gen/num_tokens/std       │ 1561.898801  │
│ train/loss                     │ -0.567269    │
│ train/nnm_loss                 │ 0.000000     │
│ train/nnm_nuclear_norm         │ 0.000000     │
│ train/num_groups               │ 6.000000     │
│ train/num_rollouts             │ 48.000000    │
│ train/num_rollouts_total       │ 48.000000    │
│ train/reward/exec/best         │ 2.621305     │
│ train/reward/exec/max          │ 2.621305     │
│ train/reward/exec/mean         │ 0.517410     │
│ train/reward/exec/min          │ 0.000000     │
│ train/reward/exec/std          │ 1.011595     │
│ train/reward/rmi/max           │ 0.000000     │
│ train/reward/rmi/mean          │ 0.000000     │
│ train/reward/rmi/min           │ 0.000000     │
│ train/reward/rmi/std           │ 0.000000     │
│ train/reward/total/best        │ 2.621305     │
│ train/reward/total/max         │ 2.621305     │
│ train/reward/total/mean        │ 0.517410     │
│ train/reward/total/min         │ 0.000000     │
│ train/reward/total/std         │ 1.011595     │
│ train/streaming_mi/stop_rate   │ 0.000000     │
│ train/streaming_mi/tokens_sav… │ 0.000000     │
│ train/streaming_mi/tokens_sav… │ 0.000000     │
│ train/two_phase/phase1_tokens… │ 10913.395833 │
│ train/two_phase/phase2_tokens… │ 0.000000     │
│ train/two_phase/prefill_rate   │ 0.000000     │
│ train/uncertainty/predictive_… │ 0.000000     │
│ train/uncertainty/predictive_… │ 0.000000     │
│ train/uncertainty/predictive_… │ 0.000000     │
│ train/uncertainty/predictive_… │ 0.000000     │
│ train/uncertainty/predictive_… │ 0.000000     │
│ train/uncertainty/predictive_… │ 0.000000     │
│ train/uncertainty/predictive_… │ 0.000000     │
│ train/uncertainty/predictive_… │ 0.000000     │
│ train/uncertainty/rmi/max      │ 0.000000     │
│ train/uncertainty/rmi/mean     │ 0.000000     │
│ train/uncertainty/rmi/min      │ 0.000000     │
│ train/uncertainty/rmi/std      │ 0.000000     │
│ train/uncertainty/rmi_top7/max │ 0.000000     │
│ train/uncertainty/rmi_top7/me… │ 0.000000     │
│ train/uncertainty/rmi_top7/min │ 0.000000     │
│ train/uncertainty/rmi_top7/std │ 0.000000     │
│ train/uncertainty/top7_mi_cod… │ 0.000000     │
│ train/uncertainty/top7_mi_cod… │ 0.000000     │
│ train/uncertainty/top7_mi_thi… │ 0.000000     │
│ train/uncertainty/top7_mi_thi… │ 0.000000     │
│ train/uncertainty/top7_pct_co… │ 0.000000     │
│ train/uncertainty/top7_pct_co… │ 0.000000     │
│ train/uncertainty/top7_pct_th… │ 1.000000     │
│ train/uncertainty/top7_pct_th… │ 0.000000     │
│ train/uncertainty/true_mi/max  │ 0.000000     │
│ train/uncertainty/true_mi/mean │ 0.000000     │
│ train/uncertainty/true_mi/min  │ 0.000000     │
│ train/uncertainty/true_mi/std  │ 0.000000     │
│ train/uncertainty/variance/max │ nan          │
│ train/uncertainty/variance/me… │ nan          │
│ train/uncertainty/variance/min │ nan          │
│ train/uncertainty/variance/std │ nan          │
│ train/uncertainty/variance_to… │ nan          │
│ train/uncertainty/variance_to… │ nan          │
│ train/uncertainty/variance_to… │ nan          │
│ train/uncertainty/variance_to… │ nan          │
└────────────────────────────────┴──────────────┘
tinker_cookbook.utils.ml_log:240 [[92mINFO[0m] Logging to: https://wandb.ai/kriaz-msee20seecs-nust/ugttt-rebuttal/runs/j5vhm83n
__main__:2062 [[92mINFO[0m] [Epoch 0] R_exec=0.5174 (max=2.6213 best=2.6213) RMI=0.0000 beta=1.18 corr=37.5% loss=-0.5673 groups=6/8 time=10050.3s
__main__:1836 [[92mINFO[0m] [Epoch 1/6] Starting rollout phase: 8 groups × 8 rollouts
tinker_cookbook.rl.ensemble:1082 [[92mINFO[0m]   generate_batch_multi_adapter_two_phase: N=8 phase1_max=26000 streaming_mi=False kv_q=False
tinker_cookbook.rl.ensemble:1270 [[92mINFO[0m]     [gen/p1] step=2048/24131 active=8/8 mi_stopped=0
tinker_cookbook.rl.ensemble:1270 [[92mINFO[0m]     [gen/p1] step=4096/24131 active=8/8 mi_stopped=0
tinker_cookbook.rl.ensemble:1270 [[92mINFO[0m]     [gen/p1] step=6144/24131 active=8/8 mi_stopped=0
tinker_cookbook.rl.ensemble:1270 [[92mINFO[0m]     [gen/p1] step=8192/24131 active=8/8 mi_stopped=0
tinker_cookbook.rl.ensemble:1270 [[92mINFO[0m]     [gen/p1] step=10240/24131 active=4/8 mi_stopped=0
__main__:1078 [[92mINFO[0m]   Group 0: multi-adapter generation 8 seqs in 1027.2s
__main__:1108 [[92mINFO[0m]   Group 0: rewards computed in 143.9s
__main__:1150 [[92mINFO[0m]     [g0][r1/8] adapter=0 R_exec=2.1667 true_MI=0.00000 RMI=0.0000 R_total=2.1667 correct=1 tokens=12104
__main__:1150 [[92mINFO[0m]     [g0][r2/8] adapter=0 R_exec=2.6198 true_MI=0.00000 RMI=0.0000 R_total=2.6198 correct=1 tokens=9822
__main__:1150 [[92mINFO[0m]     [g0][r3/8] adapter=0 R_exec=2.5917 true_MI=0.00000 RMI=0.0000 R_total=2.5917 correct=1 tokens=11311
__main__:1150 [[92mINFO[0m]     [g0][r4/8] adapter=0 R_exec=0.0000 true_MI=0.00000 RMI=0.0000 R_total=0.0000 correct=0 tokens=8419
__main__:1150 [[92mINFO[0m]     [g0][r5/8] adapter=0 R_exec=0.0000 true_MI=0.00000 RMI=0.0000 R_total=0.0000 correct=0 tokens=10284
__main__:1150 [[92mINFO[0m]     [g0][r6/8] adapter=0 R_exec=0.0000 true_MI=0.00000 RMI=0.0000 R_total=0.0000 correct=0 tokens=10029
__main__:1150 [[92mINFO[0m]     [g0][r7/8] adapter=0 R_exec=0.0000 true_MI=0.00000 RMI=0.0000 R_total=0.0000 correct=0 tokens=11348
__main__:1150 [[92mINFO[0m]     [g0][r8/8] adapter=0 R_exec=0.0000 true_MI=0.00000 RMI=0.0000 R_total=0.0000 correct=0 tokens=8519
__main__:1167 [[92mINFO[0m]   [g0] group true_MI: mean=0.00000 std=0.00000 max=0.00000 normalized=[0.00 0.00 0.00 0.00 0.00 0.00 0.00 0.00]
tinker_cookbook.utils.ml_log:143 [[92mINFO[0m] Wrote metrics to logs/aws/wave1-rerun/cp26-base-seed3/metrics.jsonl
tinker_cookbook.utils.ml_log:240 [[92mINFO[0m] Logging to: https://wandb.ai/kriaz-msee20seecs-nust/ugttt-rebuttal/runs/j5vhm83n
tinker_cookbook.utils.ml_log:143 [[92mINFO[0m] Wrote metrics to logs/aws/wave1-rerun/cp26-base-seed3/metrics.jsonl
tinker_cookbook.utils.ml_log:240 [[92mINFO[0m] Logging to: https://wandb.ai/kriaz-msee20seecs-nust/ugttt-rebuttal/runs/j5vhm83n
tinker_cookbook.utils.ml_log:143 [[92mINFO[0m] Wrote metrics to logs/aws/wave1-rerun/cp26-base-seed3/metrics.jsonl
tinker_cookbook.utils.ml_log:240 [[92mINFO[0m] Logging to: https://wandb.ai/kriaz-msee20seecs-nust/ugttt-rebuttal/runs/j5vhm83n
tinker_cookbook.utils.ml_log:143 [[92mINFO[0m] Wrote metrics to logs/aws/wave1-rerun/cp26-base-seed3/metrics.jsonl
tinker_cookbook.utils.ml_log:240 [[92mINFO[0m] Logging to: https://wandb.ai/kriaz-msee20seecs-nust/ugttt-rebuttal/runs/j5vhm83n
tinker_cookbook.utils.ml_log:143 [[92mINFO[0m] Wrote metrics to logs/aws/wave1-rerun/cp26-base-seed3/metrics.jsonl
tinker_cookbook.utils.ml_log:240 [[92mINFO[0m] Logging to: https://wandb.ai/kriaz-msee20seecs-nust/ugttt-rebuttal/runs/j5vhm83n
tinker_cookbook.utils.ml_log:143 [[92mINFO[0m] Wrote metrics to logs/aws/wave1-rerun/cp26-base-seed3/metrics.jsonl
tinker_cookbook.utils.ml_log:240 [[92mINFO[0m] Logging to: https://wandb.ai/kriaz-msee20seecs-nust/ugttt-rebuttal/runs/j5vhm83n
tinker_cookbook.utils.ml_log:143 [[92mINFO[0m] Wrote metrics to logs/aws/wave1-rerun/cp26-base-seed3/metrics.jsonl
tinker_cookbook.utils.ml_log:240 [[92mINFO[0m] Logging to: https://wandb.ai/kriaz-msee20seecs-nust/ugttt-rebuttal/runs/j5vhm83n
tinker_cookbook.utils.ml_log:143 [[92mINFO[0m] Wrote metrics to logs/aws/wave1-rerun/cp26-base-seed3/metrics.jsonl
tinker_cookbook.utils.ml_log:240 [[92mINFO[0m] Logging to: https://wandb.ai/kriaz-msee20seecs-nust/ugttt-rebuttal/runs/j5vhm83n
__main__:1949 [[92mINFO[0m]   [1][1/8] KEPT | R_exec=0.9223 (max=2.6198) RMI=0.0000 R_total=0.9223 | 1171.2s | GPU: 18.1/60.7GB
tinker_cookbook.utils.ml_log:143 [[92mINFO[0m] Wrote metrics to logs/aws/wave1-rerun/cp26-base-seed3/metrics.jsonl
tinker_cookbook.utils.ml_log:240 [[92mINFO[0m] Logging to: https://wandb.ai/kriaz-msee20seecs-nust/ugttt-rebuttal/runs/j5vhm83n
tinker_cookbook.rl.ensemble:1082 [[92mINFO[0m]   generate_batch_multi_adapter_two_phase: N=8 phase1_max=26000 streaming_mi=False kv_q=False
tinker_cookbook.rl.ensemble:1270 [[92mINFO[0m]     [gen/p1] step=2048/24273 active=8/8 mi_stopped=0
tinker_cookbook.rl.ensemble:1270 [[92mINFO[0m]     [gen/p1] step=4096/24273 active=8/8 mi_stopped=0
tinker_cookbook.rl.ensemble:1270 [[92mINFO[0m]     [gen/p1] step=6144/24273 active=8/8 mi_stopped=0
tinker_cookbook.rl.ensemble:1270 [[92mINFO[0m]     [gen/p1] step=8192/24273 active=8/8 mi_stopped=0
tinker_cookbook.rl.ensemble:1270 [[92mINFO[0m]     [gen/p1] step=10240/24273 active=3/8 mi_stopped=0
__main__:1078 [[92mINFO[0m]   Group 1: multi-adapter generation 8 seqs in 960.6s
__main__:1108 [[92mINFO[0m]   Group 1: rewards computed in 29.1s
__main__:1150 [[92mINFO[0m]     [g1][r1/8] adapter=0 R_exec=2.5890 true_MI=0.00000 RMI=0.0000 R_total=2.5890 correct=1 tokens=8651
__main__:1150 [[92mINFO[0m]     [g1][r2/8] adapter=0 R_exec=2.5804 true_MI=0.00000 RMI=0.0000 R_total=2.5804 correct=1 tokens=8283
__main__:1150 [[92mINFO[0m]     [g1][r3/8] adapter=0 R_exec=0.0000 true_MI=0.00000 RMI=0.0000 R_total=0.0000 correct=0 tokens=10346
__main__:1150 [[92mINFO[0m]     [g1][r4/8] adapter=0 R_exec=0.0000 true_MI=0.00000 RMI=0.0000 R_total=0.0000 correct=0 tokens=8921
__main__:1150 [[92mINFO[0m]     [g1][r5/8] adapter=0 R_exec=2.5886 true_MI=0.00000 RMI=0.0000 R_total=2.5886 correct=1 tokens=9603
__main__:1150 [[92mINFO[0m]     [g1][r6/8] adapter=0 R_exec=2.6042 true_MI=0.00000 RMI=0.0000 R_total=2.6042 correct=1 tokens=11191
__main__:1150 [[92mINFO[0m]     [g1][r7/8] adapter=0 R_exec=2.6095 true_MI=0.00000 RMI=0.0000 R_total=2.6095 correct=1 tokens=11660
__main__:1150 [[92mINFO[0m]     [g1][r8/8] adapter=0 R_exec=2.6095 true_MI=0.00000 RMI=0.0000 R_total=2.6095 correct=1 tokens=10093
__main__:1167 [[92mINFO[0m]   [g1] group true_MI: mean=0.00000 std=0.00000 max=0.00000 normalized=[0.00 0.00 0.00 0.00 0.00 0.00 0.00 0.00]
tinker_cookbook.utils.ml_log:143 [[92mINFO[0m] Wrote metrics to logs/aws/wave1-rerun/cp26-base-seed3/metrics.jsonl
tinker_cookbook.utils.ml_log:240 [[92mINFO[0m] Logging to: https://wandb.ai/kriaz-msee20seecs-nust/ugttt-rebuttal/runs/j5vhm83n
tinker_cookbook.utils.ml_log:143 [[92mINFO[0m] Wrote metrics to logs/aws/wave1-rerun/cp26-base-seed3/metrics.jsonl
tinker_cookbook.utils.ml_log:240 [[92mINFO[0m] Logging to: https://wandb.ai/kriaz-msee20seecs-nust/ugttt-rebuttal/runs/j5vhm83n
tinker_cookbook.utils.ml_log:143 [[92mINFO[0m] Wrote metrics to logs/aws/wave1-rerun/cp26-base-seed3/metrics.jsonl
tinker_cookbook.utils.ml_log:240 [[92mINFO[0m] Logging to: https://wandb.ai/kriaz-msee20seecs-nust/ugttt-rebuttal/runs/j5vhm83n
tinker_cookbook.utils.ml_log:143 [[92mINFO[0m] Wrote metrics to logs/aws/wave1-rerun/cp26-base-seed3/metrics.jsonl
tinker_cookbook.utils.ml_log:240 [[92mINFO[0m] Logging to: https://wandb.ai/kriaz-msee20seecs-nust/ugttt-rebuttal/runs/j5vhm83n
tinker_cookbook.utils.ml_log:143 [[92mINFO[0m] Wrote metrics to logs/aws/wave1-rerun/cp26-base-seed3/metrics.jsonl
tinker_cookbook.utils.ml_log:240 [[92mINFO[0m] Logging to: https://wandb.ai/kriaz-msee20seecs-nust/ugttt-rebuttal/runs/j5vhm83n
tinker_cookbook.utils.ml_log:143 [[92mINFO[0m] Wrote metrics to logs/aws/wave1-rerun/cp26-base-seed3/metrics.jsonl
tinker_cookbook.utils.ml_log:240 [[92mINFO[0m] Logging to: https://wandb.ai/kriaz-msee20seecs-nust/ugttt-rebuttal/runs/j5vhm83n
tinker_cookbook.utils.ml_log:143 [[92mINFO[0m] Wrote metrics to logs/aws/wave1-rerun/cp26-base-seed3/metrics.jsonl
tinker_cookbook.utils.ml_log:240 [[92mINFO[0m] Logging to: https://wandb.ai/kriaz-msee20seecs-nust/ugttt-rebuttal/runs/j5vhm83n
tinker_cookbook.utils.ml_log:143 [[92mINFO[0m] Wrote metrics to logs/aws/wave1-rerun/cp26-base-seed3/metrics.jsonl
tinker_cookbook.utils.ml_log:240 [[92mINFO[0m] Logging to: https://wandb.ai/kriaz-msee20seecs-nust/ugttt-rebuttal/runs/j5vhm83n
__main__:1949 [[92mINFO[0m]   [1][2/8] KEPT | R_exec=1.9477 (max=2.6095) RMI=0.0000 R_total=1.9477 | 989.8s | GPU: 18.1/60.4GB
tinker_cookbook.utils.ml_log:143 [[92mINFO[0m] Wrote metrics to logs/aws/wave1-rerun/cp26-base-seed3/metrics.jsonl
tinker_cookbook.utils.ml_log:240 [[92mINFO[0m] Logging to: https://wandb.ai/kriaz-msee20seecs-nust/ugttt-rebuttal/runs/j5vhm83n
tinker_cookbook.rl.ensemble:1082 [[92mINFO[0m]   generate_batch_multi_adapter_two_phase: N=8 phase1_max=26000 streaming_mi=False kv_q=False
tinker_cookbook.rl.ensemble:1270 [[92mINFO[0m]     [gen/p1] step=2048/24238 active=8/8 mi_stopped=0
tinker_cookbook.rl.ensemble:1270 [[92mINFO[0m]     [gen/p1] step=4096/24238 active=8/8 mi_stopped=0
tinker_cookbook.rl.ensemble:1270 [[92mINFO[0m]     [gen/p1] step=6144/24238 active=8/8 mi_stopped=0
tinker_cookbook.rl.ensemble:1270 [[92mINFO[0m]     [gen/p1] step=8192/24238 active=7/8 mi_stopped=0
tinker_cookbook.rl.ensemble:1270 [[92mINFO[0m]     [gen/p1] step=10240/24238 active=2/8 mi_stopped=0
tinker_cookbook.rl.ensemble:1270 [[92mINFO[0m]     [gen/p1] step=12288/24238 active=1/8 mi_stopped=0
__main__:1078 [[92mINFO[0m]   Group 2: multi-adapter generation 8 seqs in 1126.6s
__main__:1108 [[92mINFO[0m]   Group 2: rewards computed in 1005.2s
__main__:1150 [[92mINFO[0m]     [g2][r1/8] adapter=0 R_exec=2.5828 true_MI=0.00000 RMI=0.0000 R_total=2.5828 correct=1 tokens=6200
__main__:1150 [[92mINFO[0m]     [g2][r2/8] adapter=0 R_exec=0.0000 true_MI=0.00000 RMI=0.0000 R_total=0.0000 correct=0 tokens=10715
__main__:1150 [[92mINFO[0m]     [g2][r3/8] adapter=0 R_exec=2.5992 true_MI=0.00000 RMI=0.0000 R_total=2.5992 correct=1 tokens=8607
__main__:1150 [[92mINFO[0m]     [g2][r4/8] adapter=0 R_exec=0.0000 true_MI=0.00000 RMI=0.0000 R_total=0.0000 correct=0 tokens=8844
__main__:1150 [[92mINFO[0m]     [g2][r5/8] adapter=0 R_exec=2.5828 true_MI=0.00000 RMI=0.0000 R_total=2.5828 correct=1 tokens=9088
__main__:1150 [[92mINFO[0m]     [g2][r6/8] adapter=0 R_exec=2.5980 true_MI=0.00000 RMI=0.0000 R_total=2.5980 correct=1 tokens=9349
__main__:1150 [[92mINFO[0m]     [g2][r7/8] adapter=0 R_exec=2.5893 true_MI=0.00000 RMI=0.0000 R_total=2.5893 correct=1 tokens=12913
__main__:1150 [[92mINFO[0m]     [g2][r8/8] adapter=0 R_exec=0.0000 true_MI=0.00000 RMI=0.0000 R_total=0.0000 correct=0 tokens=8998
__main__:1167 [[92mINFO[0m]   [g2] group true_MI: mean=0.00000 std=0.00000 max=0.00000 normalized=[0.00 0.00 0.00 0.00 0.00 0.00 0.00 0.00]
tinker_cookbook.utils.ml_log:143 [[92mINFO[0m] Wrote metrics to logs/aws/wave1-rerun/cp26-base-seed3/metrics.jsonl
tinker_cookbook.utils.ml_log:240 [[92mINFO[0m] Logging to: https://wandb.ai/kriaz-msee20seecs-nust/ugttt-rebuttal/runs/j5vhm83n
tinker_cookbook.utils.ml_log:143 [[92mINFO[0m] Wrote metrics to logs/aws/wave1-rerun/cp26-base-seed3/metrics.jsonl
tinker_cookbook.utils.ml_log:240 [[92mINFO[0m] Logging to: https://wandb.ai/kriaz-msee20seecs-nust/ugttt-rebuttal/runs/j5vhm83n
tinker_cookbook.utils.ml_log:143 [[92mINFO[0m] Wrote metrics to logs/aws/wave1-rerun/cp26-base-seed3/metrics.jsonl
tinker_cookbook.utils.ml_log:240 [[92mINFO[0m] Logging to: https://wandb.ai/kriaz-msee20seecs-nust/ugttt-rebuttal/runs/j5vhm83n
tinker_cookbook.utils.ml_log:143 [[92mINFO[0m] Wrote metrics to logs/aws/wave1-rerun/cp26-base-seed3/metrics.jsonl
tinker_cookbook.utils.ml_log:240 [[92mINFO[0m] Logging to: https://wandb.ai/kriaz-msee20seecs-nust/ugttt-rebuttal/runs/j5vhm83n
tinker_cookbook.utils.ml_log:143 [[92mINFO[0m] Wrote metrics to logs/aws/wave1-rerun/cp26-base-seed3/metrics.jsonl
tinker_cookbook.utils.ml_log:240 [[92mINFO[0m] Logging to: https://wandb.ai/kriaz-msee20seecs-nust/ugttt-rebuttal/runs/j5vhm83n
tinker_cookbook.utils.ml_log:143 [[92mINFO[0m] Wrote metrics to logs/aws/wave1-rerun/cp26-base-seed3/metrics.jsonl
tinker_cookbook.utils.ml_log:240 [[92mINFO[0m] Logging to: https://wandb.ai/kriaz-msee20seecs-nust/ugttt-rebuttal/runs/j5vhm83n
tinker_cookbook.utils.ml_log:143 [[92mINFO[0m] Wrote metrics to logs/aws/wave1-rerun/cp26-base-seed3/metrics.jsonl
tinker_cookbook.utils.ml_log:240 [[92mINFO[0m] Logging to: https://wandb.ai/kriaz-msee20seecs-nust/ugttt-rebuttal/runs/j5vhm83n
tinker_cookbook.utils.ml_log:143 [[92mINFO[0m] Wrote metrics to logs/aws/wave1-rerun/cp26-base-seed3/metrics.jsonl
tinker_cookbook.utils.ml_log:240 [[92mINFO[0m] Logging to: https://wandb.ai/kriaz-msee20seecs-nust/ugttt-rebuttal/runs/j5vhm83n
__main__:1949 [[92mINFO[0m]   [1][3/8] KEPT | R_exec=1.6190 (max=2.5992) RMI=0.0000 R_total=1.6190 | 2131.9s | GPU: 18.1/60.6GB
tinker_cookbook.utils.ml_log:143 [[92mINFO[0m] Wrote metrics to logs/aws/wave1-rerun/cp26-base-seed3/metrics.jsonl
tinker_cookbook.utils.ml_log:240 [[92mINFO[0m] Logging to: https://wandb.ai/kriaz-msee20seecs-nust/ugttt-rebuttal/runs/j5vhm83n
tinker_cookbook.rl.ensemble:1082 [[92mINFO[0m]   generate_batch_multi_adapter_two_phase: N=8 phase1_max=26000 streaming_mi=False kv_q=False
tinker_cookbook.rl.ensemble:1270 [[92mINFO[0m]     [gen/p1] step=2048/24000 active=8/8 mi_stopped=0
tinker_cookbook.rl.ensemble:1270 [[92mINFO[0m]     [gen/p1] step=4096/24000 active=8/8 mi_stopped=0
tinker_cookbook.rl.ensemble:1270 [[92mINFO[0m]     [gen/p1] step=6144/24000 active=8/8 mi_stopped=0
tinker_cookbook.rl.ensemble:1270 [[92mINFO[0m]     [gen/p1] step=8192/24000 active=8/8 mi_stopped=0
tinker_cookbook.rl.ensemble:1270 [[92mINFO[0m]     [gen/p1] step=10240/24000 active=4/8 mi_stopped=0
tinker_cookbook.rl.ensemble:1270 [[92mINFO[0m]     [gen/p1] step=12288/24000 active=2/8 mi_stopped=0
__main__:1078 [[92mINFO[0m]   Group 3: multi-adapter generation 8 seqs in 1248.3s
__main__:1108 [[92mINFO[0m]   Group 3: rewards computed in 3.0s
__main__:1150 [[92mINFO[0m]     [g3][r1/8] adapter=0 R_exec=2.5645 true_MI=0.00000 RMI=0.0000 R_total=2.5645 correct=1 tokens=11733
__main__:1150 [[92mINFO[0m]     [g3][r2/8] adapter=0 R_exec=0.0000 true_MI=0.00000 RMI=0.0000 R_total=0.0000 correct=0 tokens=8194
__main__:1150 [[92mINFO[0m]     [g3][r3/8] adapter=0 R_exec=0.0000 true_MI=0.00000 RMI=0.0000 R_total=0.0000 correct=0 tokens=9562
__main__:1150 [[92mINFO[0m]     [g3][r4/8] adapter=0 R_exec=2.5893 true_MI=0.00000 RMI=0.0000 R_total=2.5893 correct=1 tokens=13124
__main__:1150 [[92mINFO[0m]     [g3][r5/8] adapter=0 R_exec=0.0000 true_MI=0.00000 RMI=0.0000 R_total=0.0000 correct=0 tokens=10966
__main__:1150 [[92mINFO[0m]     [g3][r6/8] adapter=0 R_exec=0.0000 true_MI=0.00000 RMI=0.0000 R_total=0.0000 correct=0 tokens=9674
__main__:1150 [[92mINFO[0m]     [g3][r7/8] adapter=0 R_exec=0.0000 true_MI=0.00000 RMI=0.0000 R_total=0.0000 correct=0 tokens=10231
__main__:1150 [[92mINFO[0m]     [g3][r8/8] adapter=0 R_exec=0.0000 true_MI=0.00000 RMI=0.0000 R_total=0.0000 correct=0 tokens=13709
__main__:1167 [[92mINFO[0m]   [g3] group true_MI: mean=0.00000 std=0.00000 max=0.00000 normalized=[0.00 0.00 0.00 0.00 0.00 0.00 0.00 0.00]
tinker_cookbook.utils.ml_log:143 [[92mINFO[0m] Wrote metrics to logs/aws/wave1-rerun/cp26-base-seed3/metrics.jsonl
tinker_cookbook.utils.ml_log:240 [[92mINFO[0m] Logging to: https://wandb.ai/kriaz-msee20seecs-nust/ugttt-rebuttal/runs/j5vhm83n
tinker_cookbook.utils.ml_log:143 [[92mINFO[0m] Wrote metrics to logs/aws/wave1-rerun/cp26-base-seed3/metrics.jsonl
tinker_cookbook.utils.ml_log:240 [[92mINFO[0m] Logging to: https://wandb.ai/kriaz-msee20seecs-nust/ugttt-rebuttal/runs/j5vhm83n
tinker_cookbook.utils.ml_log:143 [[92mINFO[0m] Wrote metrics to logs/aws/wave1-rerun/cp26-base-seed3/metrics.jsonl
tinker_cookbook.utils.ml_log:240 [[92mINFO[0m] Logging to: https://wandb.ai/kriaz-msee20seecs-nust/ugttt-rebuttal/runs/j5vhm83n
tinker_cookbook.utils.ml_log:143 [[92mINFO[0m] Wrote metrics to logs/aws/wave1-rerun/cp26-base-seed3/metrics.jsonl
tinker_cookbook.utils.ml_log:240 [[92mINFO[0m] Logging to: https://wandb.ai/kriaz-msee20seecs-nust/ugttt-rebuttal/runs/j5vhm83n
tinker_cookbook.utils.ml_log:143 [[92mINFO[0m] Wrote metrics to logs/aws/wave1-rerun/cp26-base-seed3/metrics.jsonl
tinker_cookbook.utils.ml_log:240 [[92mINFO[0m] Logging to: https://wandb.ai/kriaz-msee20seecs-nust/ugttt-rebuttal/runs/j5vhm83n
tinker_cookbook.utils.ml_log:143 [[92mINFO[0m] Wrote metrics to logs/aws/wave1-rerun/cp26-base-seed3/metrics.jsonl
tinker_cookbook.utils.ml_log:240 [[92mINFO[0m] Logging to: https://wandb.ai/kriaz-msee20seecs-nust/ugttt-rebuttal/runs/j5vhm83n
tinker_cookbook.utils.ml_log:143 [[92mINFO[0m] Wrote metrics to logs/aws/wave1-rerun/cp26-base-seed3/metrics.jsonl
tinker_cookbook.utils.ml_log:240 [[92mINFO[0m] Logging to: https://wandb.ai/kriaz-msee20seecs-nust/ugttt-rebuttal/runs/j5vhm83n
tinker_cookbook.utils.ml_log:143 [[92mINFO[0m] Wrote metrics to logs/aws/wave1-rerun/cp26-base-seed3/metrics.jsonl
tinker_cookbook.utils.ml_log:240 [[92mINFO[0m] Logging to: https://wandb.ai/kriaz-msee20seecs-nust/ugttt-rebuttal/runs/j5vhm83n
__main__:1949 [[92mINFO[0m]   [1][4/8] KEPT | R_exec=0.6442 (max=2.5893) RMI=0.0000 R_total=0.6442 | 1251.4s | GPU: 18.1/61.2GB
tinker_cookbook.utils.ml_log:143 [[92mINFO[0m] Wrote metrics to logs/aws/wave1-rerun/cp26-base-seed3/metrics.jsonl
tinker_cookbook.utils.ml_log:240 [[92mINFO[0m] Logging to: https://wandb.ai/kriaz-msee20seecs-nust/ugttt-rebuttal/runs/j5vhm83n
tinker_cookbook.rl.ensemble:1082 [[92mINFO[0m]   generate_batch_multi_adapter_two_phase: N=8 phase1_max=26000 streaming_mi=False kv_q=False
tinker_cookbook.rl.ensemble:1270 [[92mINFO[0m]     [gen/p1] step=2048/24259 active=8/8 mi_stopped=0
tinker_cookbook.rl.ensemble:1270 [[92mINFO[0m]     [gen/p1] step=4096/24259 active=8/8 mi_stopped=0
tinker_cookbook.rl.ensemble:1270 [[92mINFO[0m]     [gen/p1] step=6144/24259 active=8/8 mi_stopped=0
tinker_cookbook.rl.ensemble:1270 [[92mINFO[0m]     [gen/p1] step=8192/24259 active=7/8 mi_stopped=0
tinker_cookbook.rl.ensemble:1270 [[92mINFO[0m]     [gen/p1] step=10240/24259 active=1/8 mi_stopped=0
__main__:1078 [[92mINFO[0m]   Group 4: multi-adapter generation 8 seqs in 803.0s
__main__:1108 [[92mINFO[0m]   Group 4: rewards computed in 4.5s
__main__:1150 [[92mINFO[0m]     [g4][r1/8] adapter=0 R_exec=2.6032 true_MI=0.00000 RMI=0.0000 R_total=2.6032 correct=1 tokens=8677
__main__:1150 [[92mINFO[0m]     [g4][r2/8] adapter=0 R_exec=0.0000 true_MI=0.00000 RMI=0.0000 R_total=0.0000 correct=0 tokens=10059
__main__:1150 [[92mINFO[0m]     [g4][r3/8] adapter=0 R_exec=0.0000 true_MI=0.00000 RMI=0.0000 R_total=0.0000 correct=0 tokens=10026
__main__:1150 [[92mINFO[0m]     [g4][r4/8] adapter=0 R_exec=2.6181 true_MI=0.00000 RMI=0.0000 R_total=2.6181 correct=1 tokens=8681
__main__:1150 [[92mINFO[0m]     [g4][r5/8] adapter=0 R_exec=0.0000 true_MI=0.00000 RMI=0.0000 R_total=0.0000 correct=0 tokens=10277
__main__:1150 [[92mINFO[0m]     [g4][r6/8] adapter=0 R_exec=0.0000 true_MI=0.00000 RMI=0.0000 R_total=0.0000 correct=0 tokens=8877
__main__:1150 [[92mINFO[0m]     [g4][r7/8] adapter=0 R_exec=0.0000 true_MI=0.00000 RMI=0.0000 R_total=0.0000 correct=0 tokens=8081
__main__:1150 [[92mINFO[0m]     [g4][r8/8] adapter=0 R_exec=0.0000 true_MI=0.00000 RMI=0.0000 R_total=0.0000 correct=0 tokens=9626
__main__:1167 [[92mINFO[0m]   [g4] group true_MI: mean=0.00000 std=0.00000 max=0.00000 normalized=[0.00 0.00 0.00 0.00 0.00 0.00 0.00 0.00]
tinker_cookbook.utils.ml_log:143 [[92mINFO[0m] Wrote metrics to logs/aws/wave1-rerun/cp26-base-seed3/metrics.jsonl
tinker_cookbook.utils.ml_log:240 [[92mINFO[0m] Logging to: https://wandb.ai/kriaz-msee20seecs-nust/ugttt-rebuttal/runs/j5vhm83n
tinker_cookbook.utils.ml_log:143 [[92mINFO[0m] Wrote metrics to logs/aws/wave1-rerun/cp26-base-seed3/metrics.jsonl
tinker_cookbook.utils.ml_log:240 [[92mINFO[0m] Logging to: https://wandb.ai/kriaz-msee20seecs-nust/ugttt-rebuttal/runs/j5vhm83n
tinker_cookbook.utils.ml_log:143 [[92mINFO[0m] Wrote metrics to logs/aws/wave1-rerun/cp26-base-seed3/metrics.jsonl
tinker_cookbook.utils.ml_log:240 [[92mINFO[0m] Logging to: https://wandb.ai/kriaz-msee20seecs-nust/ugttt-rebuttal/runs/j5vhm83n
tinker_cookbook.utils.ml_log:143 [[92mINFO[0m] Wrote metrics to logs/aws/wave1-rerun/cp26-base-seed3/metrics.jsonl
tinker_cookbook.utils.ml_log:240 [[92mINFO[0m] Logging to: https://wandb.ai/kriaz-msee20seecs-nust/ugttt-rebuttal/runs/j5vhm83n
tinker_cookbook.utils.ml_log:143 [[92mINFO[0m] Wrote metrics to logs/aws/wave1-rerun/cp26-base-seed3/metrics.jsonl
tinker_cookbook.utils.ml_log:240 [[92mINFO[0m] Logging to: https://wandb.ai/kriaz-msee20seecs-nust/ugttt-rebuttal/runs/j5vhm83n
tinker_cookbook.utils.ml_log:143 [[92mINFO[0m] Wrote metrics to logs/aws/wave1-rerun/cp26-base-seed3/metrics.jsonl
tinker_cookbook.utils.ml_log:240 [[92mINFO[0m] Logging to: https://wandb.ai/kriaz-msee20seecs-nust/ugttt-rebuttal/runs/j5vhm83n
tinker_cookbook.utils.ml_log:143 [[92mINFO[0m] Wrote metrics to logs/aws/wave1-rerun/cp26-base-seed3/metrics.jsonl
tinker_cookbook.utils.ml_log:240 [[92mINFO[0m] Logging to: https://wandb.ai/kriaz-msee20seecs-nust/ugttt-rebuttal/runs/j5vhm83n
tinker_cookbook.utils.ml_log:143 [[92mINFO[0m] Wrote metrics to logs/aws/wave1-rerun/cp26-base-seed3/metrics.jsonl
tinker_cookbook.utils.ml_log:240 [[92mINFO[0m] Logging to: https://wandb.ai/kriaz-msee20seecs-nust/ugttt-rebuttal/runs/j5vhm83n
__main__:1949 [[92mINFO[0m]   [1][5/8] KEPT | R_exec=0.6527 (max=2.6181) RMI=0.0000 R_total=0.6527 | 807.6s | GPU: 18.1/60.2GB
tinker_cookbook.utils.ml_log:143 [[92mINFO[0m] Wrote metrics to logs/aws/wave1-rerun/cp26-base-seed3/metrics.jsonl
tinker_cookbook.utils.ml_log:240 [[92mINFO[0m] Logging to: https://wandb.ai/kriaz-msee20seecs-nust/ugttt-rebuttal/runs/j5vhm83n
tinker_cookbook.rl.ensemble:1082 [[92mINFO[0m]   generate_batch_multi_adapter_two_phase: N=8 phase1_max=26000 streaming_mi=False kv_q=False
tinker_cookbook.rl.ensemble:1270 [[92mINFO[0m]     [gen/p1] step=2048/24095 active=8/8 mi_stopped=0
tinker_cookbook.rl.ensemble:1270 [[92mINFO[0m]     [gen/p1] step=4096/24095 active=8/8 mi_stopped=0
tinker_cookbook.rl.ensemble:1270 [[92mINFO[0m]     [gen/p1] step=6144/24095 active=8/8 mi_stopped=0
tinker_cookbook.rl.ensemble:1270 [[92mINFO[0m]     [gen/p1] step=8192/24095 active=8/8 mi_stopped=0
tinker_cookbook.rl.ensemble:1270 [[92mINFO[0m]     [gen/p1] step=10240/24095 active=4/8 mi_stopped=0
tinker_cookbook.rl.ensemble:1270 [[92mINFO[0m]     [gen/p1] step=12288/24095 active=2/8 mi_stopped=0
__main__:1078 [[92mINFO[0m]   Group 5: multi-adapter generation 8 seqs in 1136.7s
__main__:1108 [[92mINFO[0m]   Group 5: rewards computed in 3.8s
__main__:1150 [[92mINFO[0m]     [g5][r1/8] adapter=0 R_exec=0.0000 true_MI=0.00000 RMI=0.0000 R_total=0.0000 correct=0 tokens=9318
__main__:1150 [[92mINFO[0m]     [g5][r2/8] adapter=0 R_exec=0.0000 true_MI=0.00000 RMI=0.0000 R_total=0.0000 correct=0 tokens=10039
__main__:1150 [[92mINFO[0m]     [g5][r3/8] adapter=0 R_exec=0.0000 true_MI=0.00000 RMI=0.0000 R_total=0.0000 correct=0 tokens=12507
__main__:1150 [[92mINFO[0m]     [g5][r4/8] adapter=0 R_exec=0.0000 true_MI=0.00000 RMI=0.0000 R_total=0.0000 correct=0 tokens=10777
__main__:1150 [[92mINFO[0m]     [g5][r5/8] adapter=0 R_exec=0.0000 true_MI=0.00000 RMI=0.0000 R_total=0.0000 correct=0 tokens=9916
__main__:1150 [[92mINFO[0m]     [g5][r6/8] adapter=0 R_exec=0.0000 true_MI=0.00000 RMI=0.0000 R_total=0.0000 correct=0 tokens=10954
__main__:1150 [[92mINFO[0m]     [g5][r7/8] adapter=0 R_exec=0.0000 true_MI=0.00000 RMI=0.0000 R_total=0.0000 correct=0 tokens=9901
__main__:1150 [[92mINFO[0m]     [g5][r8/8] adapter=0 R_exec=2.5337 true_MI=0.00000 RMI=0.0000 R_total=2.5337 correct=1 tokens=12910
__main__:1167 [[92mINFO[0m]   [g5] group true_MI: mean=0.00000 std=0.00000 max=0.00000 normalized=[0.00 0.00 0.00 0.00 0.00 0.00 0.00 0.00]
tinker_cookbook.utils.ml_log:143 [[92mINFO[0m] Wrote metrics to logs/aws/wave1-rerun/cp26-base-seed3/metrics.jsonl
tinker_cookbook.utils.ml_log:240 [[92mINFO[0m] Logging to: https://wandb.ai/kriaz-msee20seecs-nust/ugttt-rebuttal/runs/j5vhm83n
tinker_cookbook.utils.ml_log:143 [[92mINFO[0m] Wrote metrics to logs/aws/wave1-rerun/cp26-base-seed3/metrics.jsonl
tinker_cookbook.utils.ml_log:240 [[92mINFO[0m] Logging to: https://wandb.ai/kriaz-msee20seecs-nust/ugttt-rebuttal/runs/j5vhm83n
tinker_cookbook.utils.ml_log:143 [[92mINFO[0m] Wrote metrics to logs/aws/wave1-rerun/cp26-base-seed3/metrics.jsonl
tinker_cookbook.utils.ml_log:240 [[92mINFO[0m] Logging to: https://wandb.ai/kriaz-msee20seecs-nust/ugttt-rebuttal/runs/j5vhm83n
tinker_cookbook.utils.ml_log:143 [[92mINFO[0m] Wrote metrics to logs/aws/wave1-rerun/cp26-base-seed3/metrics.jsonl
tinker_cookbook.utils.ml_log:240 [[92mINFO[0m] Logging to: https://wandb.ai/kriaz-msee20seecs-nust/ugttt-rebuttal/runs/j5vhm83n
tinker_cookbook.utils.ml_log:143 [[92mINFO[0m] Wrote metrics to logs/aws/wave1-rerun/cp26-base-seed3/metrics.jsonl
tinker_cookbook.utils.ml_log:240 [[92mINFO[0m] Logging to: https://wandb.ai/kriaz-msee20seecs-nust/ugttt-rebuttal/runs/j5vhm83n
tinker_cookbook.utils.ml_log:143 [[92mINFO[0m] Wrote metrics to logs/aws/wave1-rerun/cp26-base-seed3/metrics.jsonl
tinker_cookbook.utils.ml_log:240 [[92mINFO[0m] Logging to: https://wandb.ai/kriaz-msee20seecs-nust/ugttt-rebuttal/runs/j5vhm83n
tinker_cookbook.utils.ml_log:143 [[92mINFO[0m] Wrote metrics to logs/aws/wave1-rerun/cp26-base-seed3/metrics.jsonl
tinker_cookbook.utils.ml_log:240 [[92mINFO[0m] Logging to: https://wandb.ai/kriaz-msee20seecs-nust/ugttt-rebuttal/runs/j5vhm83n
tinker_cookbook.utils.ml_log:143 [[92mINFO[0m] Wrote metrics to logs/aws/wave1-rerun/cp26-base-seed3/metrics.jsonl
tinker_cookbook.utils.ml_log:240 [[92mINFO[0m] Logging to: https://wandb.ai/kriaz-msee20seecs-nust/ugttt-rebuttal/runs/j5vhm83n
__main__:1949 [[92mINFO[0m]   [1][6/8] KEPT | R_exec=0.3167 (max=2.5337) RMI=0.0000 R_total=0.3167 | 1140.6s | GPU: 18.1/60.9GB
tinker_cookbook.utils.ml_log:143 [[92mINFO[0m] Wrote metrics to logs/aws/wave1-rerun/cp26-base-seed3/metrics.jsonl
tinker_cookbook.utils.ml_log:240 [[92mINFO[0m] Logging to: https://wandb.ai/kriaz-msee20seecs-nust/ugttt-rebuttal/runs/j5vhm83n
tinker_cookbook.rl.ensemble:1082 [[92mINFO[0m]   generate_batch_multi_adapter_two_phase: N=8 phase1_max=26000 streaming_mi=False kv_q=False
tinker_cookbook.rl.ensemble:1270 [[92mINFO[0m]     [gen/p1] step=2048/24422 active=8/8 mi_stopped=0
tinker_cookbook.rl.ensemble:1270 [[92mINFO[0m]     [gen/p1] step=4096/24422 active=8/8 mi_stopped=0
tinker_cookbook.rl.ensemble:1270 [[92mINFO[0m]     [gen/p1] step=6144/24422 active=8/8 mi_stopped=0
tinker_cookbook.rl.ensemble:1270 [[92mINFO[0m]     [gen/p1] step=8192/24422 active=7/8 mi_stopped=0
tinker_cookbook.rl.ensemble:1270 [[92mINFO[0m]     [gen/p1] step=10240/24422 active=1/8 mi_stopped=0
__main__:1078 [[92mINFO[0m]   Group 6: multi-adapter generation 8 seqs in 926.7s
__main__:1108 [[92mINFO[0m]   Group 6: rewards computed in 122.2s
__main__:1150 [[92mINFO[0m]     [g6][r1/8] adapter=0 R_exec=0.0000 true_MI=0.00000 RMI=0.0000 R_total=0.0000 correct=0 tokens=9502
__main__:1150 [[92mINFO[0m]     [g6][r2/8] adapter=0 R_exec=0.0000 true_MI=0.00000 RMI=0.0000 R_total=0.0000 correct=0 tokens=8633
__main__:1150 [[92mINFO[0m]     [g6][r3/8] adapter=0 R_exec=0.0000 true_MI=0.00000 RMI=0.0000 R_total=0.0000 correct=0 tokens=7982
__main__:1150 [[92mINFO[0m]     [g6][r4/8] adapter=0 R_exec=0.0000 true_MI=0.00000 RMI=0.0000 R_total=0.0000 correct=0 tokens=11483
__main__:1150 [[92mINFO[0m]     [g6][r5/8] adapter=0 R_exec=2.5831 true_MI=0.00000 RMI=0.0000 R_total=2.5831 correct=1 tokens=9789
__main__:1150 [[92mINFO[0m]     [g6][r6/8] adapter=0 R_exec=0.0000 true_MI=0.00000 RMI=0.0000 R_total=0.0000 correct=0 tokens=8779
__main__:1150 [[92mINFO[0m]     [g6][r7/8] adapter=0 R_exec=2.6210 true_MI=0.00000 RMI=0.0000 R_total=2.6210 correct=1 tokens=10047
__main__:1150 [[92mINFO[0m]     [g6][r8/8] adapter=0 R_exec=0.0000 true_MI=0.00000 RMI=0.0000 R_total=0.0000 correct=0 tokens=8963
__main__:1167 [[92mINFO[0m]   [g6] group true_MI: mean=0.00000 std=0.00000 max=0.00000 normalized=[0.00 0.00 0.00 0.00 0.00 0.00 0.00 0.00]
tinker_cookbook.utils.ml_log:143 [[92mINFO[0m] Wrote metrics to logs/aws/wave1-rerun/cp26-base-seed3/metrics.jsonl
tinker_cookbook.utils.ml_log:240 [[92mINFO[0m] Logging to: https://wandb.ai/kriaz-msee20seecs-nust/ugttt-rebuttal/runs/j5vhm83n
tinker_cookbook.utils.ml_log:143 [[92mINFO[0m] Wrote metrics to logs/aws/wave1-rerun/cp26-base-seed3/metrics.jsonl
tinker_cookbook.utils.ml_log:240 [[92mINFO[0m] Logging to: https://wandb.ai/kriaz-msee20seecs-nust/ugttt-rebuttal/runs/j5vhm83n
tinker_cookbook.utils.ml_log:143 [[92mINFO[0m] Wrote metrics to logs/aws/wave1-rerun/cp26-base-seed3/metrics.jsonl
tinker_cookbook.utils.ml_log:240 [[92mINFO[0m] Logging to: https://wandb.ai/kriaz-msee20seecs-nust/ugttt-rebuttal/runs/j5vhm83n
tinker_cookbook.utils.ml_log:143 [[92mINFO[0m] Wrote metrics to logs/aws/wave1-rerun/cp26-base-seed3/metrics.jsonl
tinker_cookbook.utils.ml_log:240 [[92mINFO[0m] Logging to: https://wandb.ai/kriaz-msee20seecs-nust/ugttt-rebuttal/runs/j5vhm83n
tinker_cookbook.utils.ml_log:143 [[92mINFO[0m] Wrote metrics to logs/aws/wave1-rerun/cp26-base-seed3/metrics.jsonl
tinker_cookbook.utils.ml_log:240 [[92mINFO[0m] Logging to: https://wandb.ai/kriaz-msee20seecs-nust/ugttt-rebuttal/runs/j5vhm83n
tinker_cookbook.utils.ml_log:143 [[92mINFO[0m] Wrote metrics to logs/aws/wave1-rerun/cp26-base-seed3/metrics.jsonl
tinker_cookbook.utils.ml_log:240 [[92mINFO[0m] Logging to: https://wandb.ai/kriaz-msee20seecs-nust/ugttt-rebuttal/runs/j5vhm83n
tinker_cookbook.utils.ml_log:143 [[92mINFO[0m] Wrote metrics to logs/aws/wave1-rerun/cp26-base-seed3/metrics.jsonl
tinker_cookbook.utils.ml_log:240 [[92mINFO[0m] Logging to: https://wandb.ai/kriaz-msee20seecs-nust/ugttt-rebuttal/runs/j5vhm83n
tinker_cookbook.utils.ml_log:143 [[92mINFO[0m] Wrote metrics to logs/aws/wave1-rerun/cp26-base-seed3/metrics.jsonl
tinker_cookbook.utils.ml_log:240 [[92mINFO[0m] Logging to: https://wandb.ai/kriaz-msee20seecs-nust/ugttt-rebuttal/runs/j5vhm83n
__main__:1949 [[92mINFO[0m]   [1][7/8] KEPT | R_exec=0.6505 (max=2.6210) RMI=0.0000 R_total=0.6505 | 1049.0s | GPU: 18.1/60.5GB
tinker_cookbook.utils.ml_log:143 [[92mINFO[0m] Wrote metrics to logs/aws/wave1-rerun/cp26-base-seed3/metrics.jsonl
tinker_cookbook.utils.ml_log:240 [[92mINFO[0m] Logging to: https://wandb.ai/kriaz-msee20seecs-nust/ugttt-rebuttal/runs/j5vhm83n
tinker_cookbook.rl.ensemble:1082 [[92mINFO[0m]   generate_batch_multi_adapter_two_phase: N=8 phase1_max=26000 streaming_mi=False kv_q=False
tinker_cookbook.rl.ensemble:1270 [[92mINFO[0m]     [gen/p1] step=2048/23914 active=8/8 mi_stopped=0
tinker_cookbook.rl.ensemble:1270 [[92mINFO[0m]     [gen/p1] step=4096/23914 active=8/8 mi_stopped=0
tinker_cookbook.rl.ensemble:1270 [[92mINFO[0m]     [gen/p1] step=6144/23914 active=8/8 mi_stopped=0
tinker_cookbook.rl.ensemble:1270 [[92mINFO[0m]     [gen/p1] step=8192/23914 active=8/8 mi_stopped=0
tinker_cookbook.rl.ensemble:1270 [[92mINFO[0m]     [gen/p1] step=10240/23914 active=6/8 mi_stopped=0
tinker_cookbook.rl.ensemble:1270 [[92mINFO[0m]     [gen/p1] step=12288/23914 active=1/8 mi_stopped=0
__main__:1078 [[92mINFO[0m]   Group 7: multi-adapter generation 8 seqs in 1118.5s
__main__:1108 [[92mINFO[0m]   Group 7: rewards computed in 4.6s
__main__:1150 [[92mINFO[0m]     [g7][r1/8] adapter=0 R_exec=2.5741 true_MI=0.00000 RMI=0.0000 R_total=2.5741 correct=1 tokens=12686
__main__:1150 [[92mINFO[0m]     [g7][r2/8] adapter=0 R_exec=2.5561 true_MI=0.00000 RMI=0.0000 R_total=2.5561 correct=1 tokens=12221
__main__:1150 [[92mINFO[0m]     [g7][r3/8] adapter=0 R_exec=0.0000 true_MI=0.00000 RMI=0.0000 R_total=0.0000 correct=0 tokens=11193
__main__:1150 [[92mINFO[0m]     [g7][r4/8] adapter=0 R_exec=0.0000 true_MI=0.00000 RMI=0.0000 R_total=0.0000 correct=0 tokens=11571
__main__:1150 [[92mINFO[0m]     [g7][r5/8] adapter=0 R_exec=0.0000 true_MI=0.00000 RMI=0.0000 R_total=0.0000 correct=0 tokens=11284
__main__:1150 [[92mINFO[0m]     [g7][r6/8] adapter=0 R_exec=1.8200 true_MI=0.00000 RMI=0.0000 R_total=1.8200 correct=1 tokens=9818
__main__:1150 [[92mINFO[0m]     [g7][r7/8] adapter=0 R_exec=0.0000 true_MI=0.00000 RMI=0.0000 R_total=0.0000 correct=0 tokens=9024
__main__:1150 [[92mINFO[0m]     [g7][r8/8] adapter=0 R_exec=1.9500 true_MI=0.00000 RMI=0.0000 R_total=1.9500 correct=1 tokens=10865
__main__:1167 [[92mINFO[0m]   [g7] group true_MI: mean=0.00000 std=0.00000 max=0.00000 normalized=[0.00 0.00 0.00 0.00 0.00 0.00 0.00 0.00]
tinker_cookbook.utils.ml_log:143 [[92mINFO[0m] Wrote metrics to logs/aws/wave1-rerun/cp26-base-seed3/metrics.jsonl
tinker_cookbook.utils.ml_log:240 [[92mINFO[0m] Logging to: https://wandb.ai/kriaz-msee20seecs-nust/ugttt-rebuttal/runs/j5vhm83n
tinker_cookbook.utils.ml_log:143 [[92mINFO[0m] Wrote metrics to logs/aws/wave1-rerun/cp26-base-seed3/metrics.jsonl
tinker_cookbook.utils.ml_log:240 [[92mINFO[0m] Logging to: https://wandb.ai/kriaz-msee20seecs-nust/ugttt-rebuttal/runs/j5vhm83n
tinker_cookbook.utils.ml_log:143 [[92mINFO[0m] Wrote metrics to logs/aws/wave1-rerun/cp26-base-seed3/metrics.jsonl
tinker_cookbook.utils.ml_log:240 [[92mINFO[0m] Logging to: https://wandb.ai/kriaz-msee20seecs-nust/ugttt-rebuttal/runs/j5vhm83n
tinker_cookbook.utils.ml_log:143 [[92mINFO[0m] Wrote metrics to logs/aws/wave1-rerun/cp26-base-seed3/metrics.jsonl
tinker_cookbook.utils.ml_log:240 [[92mINFO[0m] Logging to: https://wandb.ai/kriaz-msee20seecs-nust/ugttt-rebuttal/runs/j5vhm83n
tinker_cookbook.utils.ml_log:143 [[92mINFO[0m] Wrote metrics to logs/aws/wave1-rerun/cp26-base-seed3/metrics.jsonl
tinker_cookbook.utils.ml_log:240 [[92mINFO[0m] Logging to: https://wandb.ai/kriaz-msee20seecs-nust/ugttt-rebuttal/runs/j5vhm83n
tinker_cookbook.utils.ml_log:143 [[92mINFO[0m] Wrote metrics to logs/aws/wave1-rerun/cp26-base-seed3/metrics.jsonl
tinker_cookbook.utils.ml_log:240 [[92mINFO[0m] Logging to: https://wandb.ai/kriaz-msee20seecs-nust/ugttt-rebuttal/runs/j5vhm83n
tinker_cookbook.utils.ml_log:143 [[92mINFO[0m] Wrote metrics to logs/aws/wave1-rerun/cp26-base-seed3/metrics.jsonl
tinker_cookbook.utils.ml_log:240 [[92mINFO[0m] Logging to: https://wandb.ai/kriaz-msee20seecs-nust/ugttt-rebuttal/runs/j5vhm83n
tinker_cookbook.utils.ml_log:143 [[92mINFO[0m] Wrote metrics to logs/aws/wave1-rerun/cp26-base-seed3/metrics.jsonl
tinker_cookbook.utils.ml_log:240 [[92mINFO[0m] Logging to: https://wandb.ai/kriaz-msee20seecs-nust/ugttt-rebuttal/runs/j5vhm83n
__main__:1949 [[92mINFO[0m]   [1][8/8] KEPT | R_exec=1.1125 (max=2.5741) RMI=0.0000 R_total=1.1125 | 1123.2s | GPU: 18.1/61.3GB
tinker_cookbook.utils.ml_log:143 [[92mINFO[0m] Wrote metrics to logs/aws/wave1-rerun/cp26-base-seed3/metrics.jsonl
tinker_cookbook.utils.ml_log:240 [[92mINFO[0m] Logging to: https://wandb.ai/kriaz-msee20seecs-nust/ugttt-rebuttal/runs/j5vhm83n
__main__:1988 [[92mINFO[0m] [Epoch 1] Rollout phase done in 9666.2s. Training on 8/8 groups...
tinker_cookbook.utils.ml_log:143 [[92mINFO[0m] Wrote metrics to logs/aws/wave1-rerun/cp26-base-seed3/metrics.jsonl
[BaseRewardTask] Found existing cpu_scheduler actor.[BaseRewardTask] Found existing cpu_scheduler actor.

[BaseRewardTask] Found existing cpu_scheduler actor.
[BaseRewardTask] Found existing cpu_scheduler actor.
[BaseRewardTask] Found existing cpu_scheduler actor.
[BaseRewardTask] Found existing cpu_scheduler actor.
[BaseRewardTask] Found existing cpu_scheduler actor.
[BaseRewardTask] Found existing cpu_scheduler actor.
Circle 9 at (0.8676992454013508, 0.31864033541917103) with radius 0.1323007546011119 is outside the unit square
Circle 22 at (0.47328066910413635, 0.8939551290459652) with radius 0.10604487095547846 is outside the unit square
Circle 21 at (0.10163801178316925, 0.8983619882187613) with radius 0.10163801178317923 is outside the unit square
Circle 3 at (0.7073544028260991, 0.08953896555937688) with radius 0.08953896556069636 is outside the unit square
Circles 0 and 4 overlap: dist=0.19052558883257653, r1+r2=0.22
[BaseRewardTask] Found existing cpu_scheduler actor.
[BaseRewardTask] Found existing cpu_scheduler actor.
[BaseRewardTask] Found existing cpu_scheduler actor.[BaseRewardTask] Found existing cpu_scheduler actor.
[BaseRewardTask] Found existing cpu_scheduler actor.

[BaseRewardTask] Found existing cpu_scheduler actor.
[BaseRewardTask] Found existing cpu_scheduler actor.[BaseRewardTask] Found existing cpu_scheduler actor.

Circles 0 and 11 overlap: dist=0.2590044126087027, r1+r2=0.2590044126325016
Circle 0 at (0.09044709609619125, 0.34909644815544383) with radius 0.09044709780141057 is outside the unit square
[BaseRewardTask] Found existing cpu_scheduler actor.
[BaseRewardTask] Found existing cpu_scheduler actor.
[BaseRewardTask] Found existing cpu_scheduler actor.[BaseRewardTask] Found existing cpu_scheduler actor.
[BaseRewardTask] Found existing cpu_scheduler actor.
[BaseRewardTask] Found existing cpu_scheduler actor.

[BaseRewardTask] Found existing cpu_scheduler actor.
[BaseRewardTask] Found existing cpu_scheduler actor.
Circles 7 and 13 overlap: dist=0.23465415895466282, r1+r2=0.2346541589861203
[BaseRewardTask] Found existing cpu_scheduler actor.
[BaseRewardTask] Found existing cpu_scheduler actor.
[BaseRewardTask] Found existing cpu_scheduler actor.
[BaseRewardTask] Found existing cpu_scheduler actor.[BaseRewardTask] Found existing cpu_scheduler actor.

[BaseRewardTask] Found existing cpu_scheduler actor.
[BaseRewardTask] Found existing cpu_scheduler actor.
[BaseRewardTask] Found existing cpu_scheduler actor.
Circles 6 and 12 overlap: dist=0.23584642960118674, r1+r2=0.2358464296037242
Circles 6 and 12 overlap: dist=0.23584642960118674, r1+r2=0.2358464296037242
Circle 6 at (0.12500638885039012, 0.2774633192684958) with radius 0.12500638885153376 is outside the unit square
Circle 5 at (0.941237950191133, 0.26617366749061616) with radius 0.058762049810886896 is outside the unit square
[BaseRewardTask] Found existing cpu_scheduler actor.
[BaseRewardTask] Found existing cpu_scheduler actor.[BaseRewardTask] Found existing cpu_scheduler actor.

[BaseRewardTask] Found existing cpu_scheduler actor.[BaseRewardTask] Found existing cpu_scheduler actor.
[BaseRewardTask] Found existing cpu_scheduler actor.

[BaseRewardTask] Found existing cpu_scheduler actor.[BaseRewardTask] Found existing cpu_scheduler actor.

Circle 0 at (0.0, 0.0) with radius 0.1 is outside the unit square
Circle 0 at (0.0809986253400323, 0.08099862535770776) with radius 0.08099862536094463 is outside the unit square
Circles 2 and 3 overlap: dist=0.2069480456684322, r1+r2=0.20694804606605177
Circles 0 and 11 overlap: dist=0.2526009901657251, r1+r2=0.25260118359703876
Circles 0 and 4 overlap: dist=0.22104842655248141, r1+r2=0.221048602382926
[BaseRewardTask] Found existing cpu_scheduler actor.[BaseRewardTask] Found existing cpu_scheduler actor.
[BaseRewardTask] Found existing cpu_scheduler actor.
[BaseRewardTask] Found existing cpu_scheduler actor.

[BaseRewardTask] Found existing cpu_scheduler actor.
[BaseRewardTask] Found existing cpu_scheduler actor.[BaseRewardTask] Found existing cpu_scheduler actor.
[BaseRewardTask] Found existing cpu_scheduler actor.

Circle 0 at (0.1, 0.1) with radius 1.0 is outside the unit square
Circle 0 at (0.1, 0.1) with radius 1.0 is outside the unit square
Circle 23 at (0.30164103837460354, 0.8810984520488421) with radius 0.11890154795232577 is outside the unit square
Circles 16 and 21 overlap: dist=0.20744554718361624, r1+r2=0.20744554718494743
Circle 0 at (0.07165560752125585, 0.07165560751544689) with radius 0.1 is outside the unit square
Circle 10 at (0.8754034098733544, 0.27303455896185186) with radius 0.12459659012862692 is outside the unit square
[BaseRewardTask] Found existing cpu_scheduler actor.[BaseRewardTask] Found existing cpu_scheduler actor.
[BaseRewardTask] Found existing cpu_scheduler actor.
[BaseRewardTask] Found existing cpu_scheduler actor.
[BaseRewardTask] Found existing cpu_scheduler actor.

[BaseRewardTask] Found existing cpu_scheduler actor.
[BaseRewardTask] Found existing cpu_scheduler actor.
[BaseRewardTask] Found existing cpu_scheduler actor.
Circle 0 at (0.08, 0.08) with radius 17049646.294967234 is outside the unit square
Circle 0 at (0.085477970310325, 0.0906019524104264) with radius 0.1048933389562342 is outside the unit square
Circles 1 and 5 overlap: dist=0.19470763563518087, r1+r2=0.1947076356363251
Circles 1 and 5 overlap: dist=0.19470763563518087, r1+r2=0.1947076356363251
Circles 0 and 21 overlap: dist=0.20320408912112667, r1+r2=0.20320409019735114
Circles 1 and 2 overlap: dist=0.14139622773463809, r1+r2=0.14139634577774501
[BaseRewardTask] Found existing cpu_scheduler actor.
[BaseRewardTask] Found existing cpu_scheduler actor.
[BaseRewardTask] Found existing cpu_scheduler actor.
[BaseRewardTask] Found existing cpu_scheduler actor.
[BaseRewardTask] Found existing cpu_scheduler actor.
[BaseRewardTask] Found existing cpu_scheduler actor.
[BaseRewardTask] Found existing cpu_scheduler actor.
[BaseRewardTask] Found existing cpu_scheduler actor.
Circle 0 at (0.05, 0.05) with radius 0.075 is outside the unit square
Circles 0 and 5 overlap: dist=0.13856406460551018, r1+r2=0.16
tinker_cookbook.utils.ml_log:195 [[92mINFO[0m] 
┏━━━━━━━━━━━━━━━━━━━━━━━━━━━━━━━━┳━━━━━━━━━━━━━━┓
┃ Metric                         ┃ Value        ┃
┡━━━━━━━━━━━━━━━━━━━━━━━━━━━━━━━━╇━━━━━━━━━━━━━━┩
│ gpu/memory_allocated_gb        │ 18.092511    │
│ gpu/memory_peak_gb             │ 60.455656    │
│ gpu/memory_reserved_gb         │ 18.121490    │
│ kl_policy_base                 │ 0.005778     │
│ optim/entropy                  │ 0.398369     │
│ optim/kl_sample_train_v1       │ 0.000134     │
│ optim/kl_sample_train_v2       │ 0.000163     │
│ progress/done_frac             │ 0.333333     │
│ progress/epoch                 │ 1            │
│ rollout/groups_attempted       │ 8.000000     │
│ rollout/groups_filtered        │ 0.000000     │
│ rollout/groups_kept            │ 8.000000     │
│ rollout/intra_group_reward_std │ 1.115712     │
│ time/rollout                   │ 9666.169529  │
│ time/total                     │ 9963.746047  │
│ time/train                     │ 297.496156   │
│ train/advantage/max            │ 10.768044    │
│ train/advantage/mean           │ 0.369479     │
│ train/advantage/min            │ -1.000000    │
│ train/advantage/std            │ 2.141751     │
│ train/beta/mean                │ 26.628724    │
│ train/beta/std                 │ 44.194525    │
│ train/correctness/mean         │ 0.390625     │
│ train/correctness/rate         │ 0.390625     │
│ train/ensemble/frac_high_disa… │ 0.000000     │
│ train/ensemble/max_token_disa… │ nan          │
│ train/ensemble/member_logprob… │ 0.000000     │
│ train/ensemble/member_logprob… │ nan          │
│ train/gamma_eff/mean           │ 0.000000     │
│ train/gen/num_tokens/max       │ 13709.000000 │
│ train/gen/num_tokens/mean      │ 10108.703125 │
│ train/gen/num_tokens/std       │ 1469.858738  │
│ train/loss                     │ -0.369436    │
│ train/nnm_loss                 │ 0.000000     │
│ train/nnm_nuclear_norm         │ 0.000000     │
│ train/num_groups               │ 8.000000     │
│ train/num_rollouts             │ 64.000000    │
│ train/num_rollouts_total       │ 64.000000    │
│ train/reward/exec/best         │ 2.621305     │
│ train/reward/exec/max          │ 2.620991     │
│ train/reward/exec/mean         │ 0.983197     │
│ train/reward/exec/min          │ 0.000000     │
│ train/reward/exec/std          │ 1.234724     │
│ train/reward/rmi/max           │ 0.000000     │
│ train/reward/rmi/mean          │ 0.000000     │
│ train/reward/rmi/min           │ 0.000000     │
│ train/reward/rmi/std           │ 0.000000     │
│ train/reward/total/best        │ 2.621305     │
│ train/reward/total/max         │ 2.620991     │
│ train/reward/total/mean        │ 0.983197     │
│ train/reward/total/min         │ 0.000000     │
│ train/reward/total/std         │ 1.234724     │
│ train/streaming_mi/stop_rate   │ 0.000000     │
│ train/streaming_mi/tokens_sav… │ 0.000000     │
│ train/streaming_mi/tokens_sav… │ 0.000000     │
│ train/two_phase/phase1_tokens… │ 10108.703125 │
│ train/two_phase/phase2_tokens… │ 0.000000     │
│ train/two_phase/prefill_rate   │ 0.000000     │
│ train/uncertainty/predictive_… │ 0.000000     │
│ train/uncertainty/predictive_… │ 0.000000     │
│ train/uncertainty/predictive_… │ 0.000000     │
│ train/uncertainty/predictive_… │ 0.000000     │
│ train/uncertainty/predictive_… │ 0.000000     │
│ train/uncertainty/predictive_… │ 0.000000     │
│ train/uncertainty/predictive_… │ 0.000000     │
│ train/uncertainty/predictive_… │ 0.000000     │
│ train/uncertainty/rmi/max      │ 0.000000     │
│ train/uncertainty/rmi/mean     │ 0.000000     │
│ train/uncertainty/rmi/min      │ 0.000000     │
│ train/uncertainty/rmi/std      │ 0.000000     │
│ train/uncertainty/rmi_top7/max │ 0.000000     │
│ train/uncertainty/rmi_top7/me… │ 0.000000     │
│ train/uncertainty/rmi_top7/min │ 0.000000     │
│ train/uncertainty/rmi_top7/std │ 0.000000     │
│ train/uncertainty/top7_mi_cod… │ 0.000000     │
│ train/uncertainty/top7_mi_cod… │ 0.000000     │
│ train/uncertainty/top7_mi_thi… │ 0.000000     │
│ train/uncertainty/top7_mi_thi… │ 0.000000     │
│ train/uncertainty/top7_pct_co… │ 0.000000     │
│ train/uncertainty/top7_pct_co… │ 0.000000     │
│ train/uncertainty/top7_pct_th… │ 1.000000     │
│ train/uncertainty/top7_pct_th… │ 0.000000     │
│ train/uncertainty/true_mi/max  │ 0.000000     │
│ train/uncertainty/true_mi/mean │ 0.000000     │
│ train/uncertainty/true_mi/min  │ 0.000000     │
│ train/uncertainty/true_mi/std  │ 0.000000     │
│ train/uncertainty/variance/max │ nan          │
│ train/uncertainty/variance/me… │ nan          │
│ train/uncertainty/variance/min │ nan          │
│ train/uncertainty/variance/std │ nan          │
│ train/uncertainty/variance_to… │ nan          │
│ train/uncertainty/variance_to… │ nan          │
│ train/uncertainty/variance_to… │ nan          │
│ train/uncertainty/variance_to… │ nan          │
└────────────────────────────────┴──────────────┘
tinker_cookbook.utils.ml_log:240 [[92mINFO[0m] Logging to: https://wandb.ai/kriaz-msee20seecs-nust/ugttt-rebuttal/runs/j5vhm83n
__main__:2062 [[92mINFO[0m] [Epoch 1] R_exec=0.9832 (max=2.6210 best=2.6213) RMI=0.0000 beta=26.63 corr=39.1% loss=-0.3694 groups=8/8 time=9963.7s
__main__:2073 [[92mINFO[0m] Checkpoint saved at epoch 1
__main__:1836 [[92mINFO[0m] [Epoch 2/6] Starting rollout phase: 8 groups × 8 rollouts
tinker_cookbook.rl.ensemble:1082 [[92mINFO[0m]   generate_batch_multi_adapter_two_phase: N=8 phase1_max=26000 streaming_mi=False kv_q=False
tinker_cookbook.rl.ensemble:1270 [[92mINFO[0m]     [gen/p1] step=2048/24393 active=8/8 mi_stopped=0
tinker_cookbook.rl.ensemble:1270 [[92mINFO[0m]     [gen/p1] step=4096/24393 active=8/8 mi_stopped=0
tinker_cookbook.rl.ensemble:1270 [[92mINFO[0m]     [gen/p1] step=6144/24393 active=8/8 mi_stopped=0
tinker_cookbook.rl.ensemble:1270 [[92mINFO[0m]     [gen/p1] step=8192/24393 active=7/8 mi_stopped=0
tinker_cookbook.rl.ensemble:1270 [[92mINFO[0m]     [gen/p1] step=10240/24393 active=4/8 mi_stopped=0
tinker_cookbook.rl.ensemble:1270 [[92mINFO[0m]     [gen/p1] step=12288/24393 active=1/8 mi_stopped=0
__main__:1078 [[92mINFO[0m]   Group 0: multi-adapter generation 8 seqs in 1181.0s
__main__:1108 [[92mINFO[0m]   Group 0: rewards computed in 180.0s
__main__:1150 [[92mINFO[0m]     [g0][r1/8] adapter=0 R_exec=2.6185 true_MI=0.00000 RMI=0.0000 R_total=2.6185 correct=1 tokens=13434
__main__:1150 [[92mINFO[0m]     [g0][r2/8] adapter=0 R_exec=0.0000 true_MI=0.00000 RMI=0.0000 R_total=0.0000 correct=0 tokens=10363
__main__:1150 [[92mINFO[0m]     [g0][r3/8] adapter=0 R_exec=0.0000 true_MI=0.00000 RMI=0.0000 R_total=0.0000 correct=0 tokens=9478
__main__:1150 [[92mINFO[0m]     [g0][r4/8] adapter=0 R_exec=2.5831 true_MI=0.00000 RMI=0.0000 R_total=2.5831 correct=1 tokens=11883
__main__:1150 [[92mINFO[0m]     [g0][r5/8] adapter=0 R_exec=2.5831 true_MI=0.00000 RMI=0.0000 R_total=2.5831 correct=1 tokens=9556
__main__:1150 [[92mINFO[0m]     [g0][r6/8] adapter=0 R_exec=0.0000 true_MI=0.00000 RMI=0.0000 R_total=0.0000 correct=0 tokens=10863
__main__:1150 [[92mINFO[0m]     [g0][r7/8] adapter=0 R_exec=2.5831 true_MI=0.00000 RMI=0.0000 R_total=2.5831 correct=1 tokens=10125
__main__:1150 [[92mINFO[0m]     [g0][r8/8] adapter=0 R_exec=0.0000 true_MI=0.00000 RMI=0.0000 R_total=0.0000 correct=0 tokens=7902
__main__:1167 [[92mINFO[0m]   [g0] group true_MI: mean=0.00000 std=0.00000 max=0.00000 normalized=[0.00 0.00 0.00 0.00 0.00 0.00 0.00 0.00]
tinker_cookbook.utils.ml_log:143 [[92mINFO[0m] Wrote metrics to logs/aws/wave1-rerun/cp26-base-seed3/metrics.jsonl
tinker_cookbook.utils.ml_log:240 [[92mINFO[0m] Logging to: https://wandb.ai/kriaz-msee20seecs-nust/ugttt-rebuttal/runs/j5vhm83n
tinker_cookbook.utils.ml_log:143 [[92mINFO[0m] Wrote metrics to logs/aws/wave1-rerun/cp26-base-seed3/metrics.jsonl
tinker_cookbook.utils.ml_log:240 [[92mINFO[0m] Logging to: https://wandb.ai/kriaz-msee20seecs-nust/ugttt-rebuttal/runs/j5vhm83n
tinker_cookbook.utils.ml_log:143 [[92mINFO[0m] Wrote metrics to logs/aws/wave1-rerun/cp26-base-seed3/metrics.jsonl
tinker_cookbook.utils.ml_log:240 [[92mINFO[0m] Logging to: https://wandb.ai/kriaz-msee20seecs-nust/ugttt-rebuttal/runs/j5vhm83n
tinker_cookbook.utils.ml_log:143 [[92mINFO[0m] Wrote metrics to logs/aws/wave1-rerun/cp26-base-seed3/metrics.jsonl
tinker_cookbook.utils.ml_log:240 [[92mINFO[0m] Logging to: https://wandb.ai/kriaz-msee20seecs-nust/ugttt-rebuttal/runs/j5vhm83n
tinker_cookbook.utils.ml_log:143 [[92mINFO[0m] Wrote metrics to logs/aws/wave1-rerun/cp26-base-seed3/metrics.jsonl
tinker_cookbook.utils.ml_log:240 [[92mINFO[0m] Logging to: https://wandb.ai/kriaz-msee20seecs-nust/ugttt-rebuttal/runs/j5vhm83n
tinker_cookbook.utils.ml_log:143 [[92mINFO[0m] Wrote metrics to logs/aws/wave1-rerun/cp26-base-seed3/metrics.jsonl
tinker_cookbook.utils.ml_log:240 [[92mINFO[0m] Logging to: https://wandb.ai/kriaz-msee20seecs-nust/ugttt-rebuttal/runs/j5vhm83n
tinker_cookbook.utils.ml_log:143 [[92mINFO[0m] Wrote metrics to logs/aws/wave1-rerun/cp26-base-seed3/metrics.jsonl
tinker_cookbook.utils.ml_log:240 [[92mINFO[0m] Logging to: https://wandb.ai/kriaz-msee20seecs-nust/ugttt-rebuttal/runs/j5vhm83n
tinker_cookbook.utils.ml_log:143 [[92mINFO[0m] Wrote metrics to logs/aws/wave1-rerun/cp26-base-seed3/metrics.jsonl
tinker_cookbook.utils.ml_log:240 [[92mINFO[0m] Logging to: https://wandb.ai/kriaz-msee20seecs-nust/ugttt-rebuttal/runs/j5vhm83n
__main__:1949 [[92mINFO[0m]   [2][1/8] KEPT | R_exec=1.2960 (max=2.6185) RMI=0.0000 R_total=1.2960 | 1361.1s | GPU: 18.1/60.9GB
tinker_cookbook.utils.ml_log:143 [[92mINFO[0m] Wrote metrics to logs/aws/wave1-rerun/cp26-base-seed3/metrics.jsonl
tinker_cookbook.utils.ml_log:240 [[92mINFO[0m] Logging to: https://wandb.ai/kriaz-msee20seecs-nust/ugttt-rebuttal/runs/j5vhm83n
tinker_cookbook.rl.ensemble:1082 [[92mINFO[0m]   generate_batch_multi_adapter_two_phase: N=8 phase1_max=26000 streaming_mi=False kv_q=False
tinker_cookbook.rl.ensemble:1270 [[92mINFO[0m]     [gen/p1] step=2048/24128 active=8/8 mi_stopped=0
tinker_cookbook.rl.ensemble:1270 [[92mINFO[0m]     [gen/p1] step=4096/24128 active=8/8 mi_stopped=0
tinker_cookbook.rl.ensemble:1270 [[92mINFO[0m]     [gen/p1] step=6144/24128 active=8/8 mi_stopped=0
tinker_cookbook.rl.ensemble:1270 [[92mINFO[0m]     [gen/p1] step=8192/24128 active=8/8 mi_stopped=0
tinker_cookbook.rl.ensemble:1270 [[92mINFO[0m]     [gen/p1] step=10240/24128 active=4/8 mi_stopped=0
tinker_cookbook.rl.ensemble:1270 [[92mINFO[0m]     [gen/p1] step=12288/24128 active=1/8 mi_stopped=0
__main__:1078 [[92mINFO[0m]   Group 1: multi-adapter generation 8 seqs in 1116.7s
__main__:1108 [[92mINFO[0m]   Group 1: rewards computed in 6.9s
__main__:1150 [[92mINFO[0m]     [g1][r1/8] adapter=0 R_exec=0.0000 true_MI=0.00000 RMI=0.0000 R_total=0.0000 correct=0 tokens=11890
__main__:1150 [[92mINFO[0m]     [g1][r2/8] adapter=0 R_exec=2.6251 true_MI=0.00000 RMI=0.0000 R_total=2.6251 correct=1 tokens=10273
__main__:1150 [[92mINFO[0m]     [g1][r3/8] adapter=0 R_exec=0.0000 true_MI=0.00000 RMI=0.0000 R_total=0.0000 correct=0 tokens=10520
__main__:1150 [[92mINFO[0m]     [g1][r4/8] adapter=0 R_exec=2.5976 true_MI=0.00000 RMI=0.0000 R_total=2.5976 correct=1 tokens=12774
__main__:1150 [[92mINFO[0m]     [g1][r5/8] adapter=0 R_exec=2.5917 true_MI=0.00000 RMI=0.0000 R_total=2.5917 correct=1 tokens=9402
__main__:1150 [[92mINFO[0m]     [g1][r6/8] adapter=0 R_exec=0.0000 true_MI=0.00000 RMI=0.0000 R_total=0.0000 correct=0 tokens=9947
__main__:1150 [[92mINFO[0m]     [g1][r7/8] adapter=0 R_exec=2.6251 true_MI=0.00000 RMI=0.0000 R_total=2.6251 correct=1 tokens=9058
__main__:1150 [[92mINFO[0m]     [g1][r8/8] adapter=0 R_exec=2.5975 true_MI=0.00000 RMI=0.0000 R_total=2.5975 correct=1 tokens=9409
__main__:1167 [[92mINFO[0m]   [g1] group true_MI: mean=0.00000 std=0.00000 max=0.00000 normalized=[0.00 0.00 0.00 0.00 0.00 0.00 0.00 0.00]
tinker_cookbook.utils.ml_log:143 [[92mINFO[0m] Wrote metrics to logs/aws/wave1-rerun/cp26-base-seed3/metrics.jsonl
tinker_cookbook.utils.ml_log:240 [[92mINFO[0m] Logging to: https://wandb.ai/kriaz-msee20seecs-nust/ugttt-rebuttal/runs/j5vhm83n
tinker_cookbook.utils.ml_log:143 [[92mINFO[0m] Wrote metrics to logs/aws/wave1-rerun/cp26-base-seed3/metrics.jsonl
tinker_cookbook.utils.ml_log:240 [[92mINFO[0m] Logging to: https://wandb.ai/kriaz-msee20seecs-nust/ugttt-rebuttal/runs/j5vhm83n
tinker_cookbook.utils.ml_log:143 [[92mINFO[0m] Wrote metrics to logs/aws/wave1-rerun/cp26-base-seed3/metrics.jsonl
tinker_cookbook.utils.ml_log:240 [[92mINFO[0m] Logging to: https://wandb.ai/kriaz-msee20seecs-nust/ugttt-rebuttal/runs/j5vhm83n
tinker_cookbook.utils.ml_log:143 [[92mINFO[0m] Wrote metrics to logs/aws/wave1-rerun/cp26-base-seed3/metrics.jsonl
tinker_cookbook.utils.ml_log:240 [[92mINFO[0m] Logging to: https://wandb.ai/kriaz-msee20seecs-nust/ugttt-rebuttal/runs/j5vhm83n
tinker_cookbook.utils.ml_log:143 [[92mINFO[0m] Wrote metrics to logs/aws/wave1-rerun/cp26-base-seed3/metrics.jsonl
tinker_cookbook.utils.ml_log:240 [[92mINFO[0m] Logging to: https://wandb.ai/kriaz-msee20seecs-nust/ugttt-rebuttal/runs/j5vhm83n
tinker_cookbook.utils.ml_log:143 [[92mINFO[0m] Wrote metrics to logs/aws/wave1-rerun/cp26-base-seed3/metrics.jsonl
tinker_cookbook.utils.ml_log:240 [[92mINFO[0m] Logging to: https://wandb.ai/kriaz-msee20seecs-nust/ugttt-rebuttal/runs/j5vhm83n
tinker_cookbook.utils.ml_log:143 [[92mINFO[0m] Wrote metrics to logs/aws/wave1-rerun/cp26-base-seed3/metrics.jsonl
tinker_cookbook.utils.ml_log:240 [[92mINFO[0m] Logging to: https://wandb.ai/kriaz-msee20seecs-nust/ugttt-rebuttal/runs/j5vhm83n
tinker_cookbook.utils.ml_log:143 [[92mINFO[0m] Wrote metrics to logs/aws/wave1-rerun/cp26-base-seed3/metrics.jsonl
tinker_cookbook.utils.ml_log:240 [[92mINFO[0m] Logging to: https://wandb.ai/kriaz-msee20seecs-nust/ugttt-rebuttal/runs/j5vhm83n
__main__:1949 [[92mINFO[0m]   [2][2/8] KEPT | R_exec=1.6296 (max=2.6251) RMI=0.0000 R_total=1.6296 | 1123.6s | GPU: 18.1/60.8GB
tinker_cookbook.utils.ml_log:143 [[92mINFO[0m] Wrote metrics to logs/aws/wave1-rerun/cp26-base-seed3/metrics.jsonl
tinker_cookbook.utils.ml_log:240 [[92mINFO[0m] Logging to: https://wandb.ai/kriaz-msee20seecs-nust/ugttt-rebuttal/runs/j5vhm83n
tinker_cookbook.rl.ensemble:1082 [[92mINFO[0m]   generate_batch_multi_adapter_two_phase: N=8 phase1_max=26000 streaming_mi=False kv_q=False
tinker_cookbook.rl.ensemble:1270 [[92mINFO[0m]     [gen/p1] step=2048/24201 active=8/8 mi_stopped=0
tinker_cookbook.rl.ensemble:1270 [[92mINFO[0m]     [gen/p1] step=4096/24201 active=8/8 mi_stopped=0
tinker_cookbook.rl.ensemble:1270 [[92mINFO[0m]     [gen/p1] step=6144/24201 active=8/8 mi_stopped=0
tinker_cookbook.rl.ensemble:1270 [[92mINFO[0m]     [gen/p1] step=8192/24201 active=7/8 mi_stopped=0
tinker_cookbook.rl.ensemble:1270 [[92mINFO[0m]     [gen/p1] step=10240/24201 active=3/8 mi_stopped=0
tinker_cookbook.rl.ensemble:1270 [[92mINFO[0m]     [gen/p1] step=12288/24201 active=1/8 mi_stopped=0
__main__:1078 [[92mINFO[0m]   Group 2: multi-adapter generation 8 seqs in 1075.5s
__main__:1108 [[92mINFO[0m]   Group 2: rewards computed in 4.3s
__main__:1150 [[92mINFO[0m]     [g2][r1/8] adapter=0 R_exec=0.0000 true_MI=0.00000 RMI=0.0000 R_total=0.0000 correct=0 tokens=9654
__main__:1150 [[92mINFO[0m]     [g2][r2/8] adapter=0 R_exec=2.6181 true_MI=0.00000 RMI=0.0000 R_total=2.6181 correct=1 tokens=10237
__main__:1150 [[92mINFO[0m]     [g2][r3/8] adapter=0 R_exec=0.0000 true_MI=0.00000 RMI=0.0000 R_total=0.0000 correct=0 tokens=12085
__main__:1150 [[92mINFO[0m]     [g2][r4/8] adapter=0 R_exec=0.0000 true_MI=0.00000 RMI=0.0000 R_total=0.0000 correct=0 tokens=12568
__main__:1150 [[92mINFO[0m]     [g2][r5/8] adapter=0 R_exec=0.0000 true_MI=0.00000 RMI=0.0000 R_total=0.0000 correct=0 tokens=10400
__main__:1150 [[92mINFO[0m]     [g2][r6/8] adapter=0 R_exec=2.6023 true_MI=0.00000 RMI=0.0000 R_total=2.6023 correct=1 tokens=7305
__main__:1150 [[92mINFO[0m]     [g2][r7/8] adapter=0 R_exec=2.6023 true_MI=0.00000 RMI=0.0000 R_total=2.6023 correct=1 tokens=8798
__main__:1150 [[92mINFO[0m]     [g2][r8/8] adapter=0 R_exec=2.6181 true_MI=0.00000 RMI=0.0000 R_total=2.6181 correct=1 tokens=9059
__main__:1167 [[92mINFO[0m]   [g2] group true_MI: mean=0.00000 std=0.00000 max=0.00000 normalized=[0.00 0.00 0.00 0.00 0.00 0.00 0.00 0.00]
tinker_cookbook.utils.ml_log:143 [[92mINFO[0m] Wrote metrics to logs/aws/wave1-rerun/cp26-base-seed3/metrics.jsonl
tinker_cookbook.utils.ml_log:240 [[92mINFO[0m] Logging to: https://wandb.ai/kriaz-msee20seecs-nust/ugttt-rebuttal/runs/j5vhm83n
tinker_cookbook.utils.ml_log:143 [[92mINFO[0m] Wrote metrics to logs/aws/wave1-rerun/cp26-base-seed3/metrics.jsonl
tinker_cookbook.utils.ml_log:240 [[92mINFO[0m] Logging to: https://wandb.ai/kriaz-msee20seecs-nust/ugttt-rebuttal/runs/j5vhm83n
tinker_cookbook.utils.ml_log:143 [[92mINFO[0m] Wrote metrics to logs/aws/wave1-rerun/cp26-base-seed3/metrics.jsonl
tinker_cookbook.utils.ml_log:240 [[92mINFO[0m] Logging to: https://wandb.ai/kriaz-msee20seecs-nust/ugttt-rebuttal/runs/j5vhm83n
tinker_cookbook.utils.ml_log:143 [[92mINFO[0m] Wrote metrics to logs/aws/wave1-rerun/cp26-base-seed3/metrics.jsonl
tinker_cookbook.utils.ml_log:240 [[92mINFO[0m] Logging to: https://wandb.ai/kriaz-msee20seecs-nust/ugttt-rebuttal/runs/j5vhm83n
tinker_cookbook.utils.ml_log:143 [[92mINFO[0m] Wrote metrics to logs/aws/wave1-rerun/cp26-base-seed3/metrics.jsonl
tinker_cookbook.utils.ml_log:240 [[92mINFO[0m] Logging to: https://wandb.ai/kriaz-msee20seecs-nust/ugttt-rebuttal/runs/j5vhm83n
tinker_cookbook.utils.ml_log:143 [[92mINFO[0m] Wrote metrics to logs/aws/wave1-rerun/cp26-base-seed3/metrics.jsonl
tinker_cookbook.utils.ml_log:240 [[92mINFO[0m] Logging to: https://wandb.ai/kriaz-msee20seecs-nust/ugttt-rebuttal/runs/j5vhm83n
tinker_cookbook.utils.ml_log:143 [[92mINFO[0m] Wrote metrics to logs/aws/wave1-rerun/cp26-base-seed3/metrics.jsonl
tinker_cookbook.utils.ml_log:240 [[92mINFO[0m] Logging to: https://wandb.ai/kriaz-msee20seecs-nust/ugttt-rebuttal/runs/j5vhm83n
tinker_cookbook.utils.ml_log:143 [[92mINFO[0m] Wrote metrics to logs/aws/wave1-rerun/cp26-base-seed3/metrics.jsonl
tinker_cookbook.utils.ml_log:240 [[92mINFO[0m] Logging to: https://wandb.ai/kriaz-msee20seecs-nust/ugttt-rebuttal/runs/j5vhm83n
__main__:1949 [[92mINFO[0m]   [2][3/8] KEPT | R_exec=1.3051 (max=2.6181) RMI=0.0000 R_total=1.3051 | 1079.9s | GPU: 18.1/60.7GB
tinker_cookbook.utils.ml_log:143 [[92mINFO[0m] Wrote metrics to logs/aws/wave1-rerun/cp26-base-seed3/metrics.jsonl
tinker_cookbook.utils.ml_log:240 [[92mINFO[0m] Logging to: https://wandb.ai/kriaz-msee20seecs-nust/ugttt-rebuttal/runs/j5vhm83n
tinker_cookbook.rl.ensemble:1082 [[92mINFO[0m]   generate_batch_multi_adapter_two_phase: N=8 phase1_max=26000 streaming_mi=False kv_q=False
tinker_cookbook.rl.ensemble:1270 [[92mINFO[0m]     [gen/p1] step=2048/24237 active=8/8 mi_stopped=0
tinker_cookbook.rl.ensemble:1270 [[92mINFO[0m]     [gen/p1] step=4096/24237 active=8/8 mi_stopped=0
tinker_cookbook.rl.ensemble:1270 [[92mINFO[0m]     [gen/p1] step=6144/24237 active=8/8 mi_stopped=0
tinker_cookbook.rl.ensemble:1270 [[92mINFO[0m]     [gen/p1] step=8192/24237 active=6/8 mi_stopped=0
tinker_cookbook.rl.ensemble:1270 [[92mINFO[0m]     [gen/p1] step=10240/24237 active=6/8 mi_stopped=0
tinker_cookbook.rl.ensemble:1270 [[92mINFO[0m]     [gen/p1] step=12288/24237 active=2/8 mi_stopped=0
tinker_cookbook.rl.ensemble:1270 [[92mINFO[0m]     [gen/p1] step=14336/24237 active=1/8 mi_stopped=0
__main__:1078 [[92mINFO[0m]   Group 3: multi-adapter generation 8 seqs in 1601.2s
__main__:1108 [[92mINFO[0m]   Group 3: rewards computed in 289.4s
__main__:1150 [[92mINFO[0m]     [g3][r1/8] adapter=0 R_exec=0.0000 true_MI=0.00000 RMI=0.0000 R_total=0.0000 correct=0 tokens=11781
__main__:1150 [[92mINFO[0m]     [g3][r2/8] adapter=0 R_exec=0.0000 true_MI=0.00000 RMI=0.0000 R_total=0.0000 correct=0 tokens=7721
__main__:1150 [[92mINFO[0m]     [g3][r3/8] adapter=0 R_exec=2.6135 true_MI=0.00000 RMI=0.0000 R_total=2.6135 correct=1 tokens=16253
__main__:1150 [[92mINFO[0m]     [g3][r4/8] adapter=0 R_exec=0.0000 true_MI=0.00000 RMI=0.0000 R_total=0.0000 correct=0 tokens=13644
__main__:1150 [[92mINFO[0m]     [g3][r5/8] adapter=0 R_exec=2.6113 true_MI=0.00000 RMI=0.0000 R_total=2.6113 correct=1 tokens=10280
__main__:1150 [[92mINFO[0m]     [g3][r6/8] adapter=0 R_exec=0.0000 true_MI=0.00000 RMI=0.0000 R_total=0.0000 correct=0 tokens=11525
__main__:1150 [[92mINFO[0m]     [g3][r7/8] adapter=0 R_exec=2.5400 true_MI=0.00000 RMI=0.0000 R_total=2.5400 correct=1 tokens=7878
__main__:1150 [[92mINFO[0m]     [g3][r8/8] adapter=0 R_exec=0.0000 true_MI=0.00000 RMI=0.0000 R_total=0.0000 correct=0 tokens=10785
__main__:1167 [[92mINFO[0m]   [g3] group true_MI: mean=0.00000 std=0.00000 max=0.00000 normalized=[0.00 0.00 0.00 0.00 0.00 0.00 0.00 0.00]
tinker_cookbook.utils.ml_log:143 [[92mINFO[0m] Wrote metrics to logs/aws/wave1-rerun/cp26-base-seed3/metrics.jsonl
tinker_cookbook.utils.ml_log:240 [[92mINFO[0m] Logging to: https://wandb.ai/kriaz-msee20seecs-nust/ugttt-rebuttal/runs/j5vhm83n
tinker_cookbook.utils.ml_log:143 [[92mINFO[0m] Wrote metrics to logs/aws/wave1-rerun/cp26-base-seed3/metrics.jsonl
tinker_cookbook.utils.ml_log:240 [[92mINFO[0m] Logging to: https://wandb.ai/kriaz-msee20seecs-nust/ugttt-rebuttal/runs/j5vhm83n
tinker_cookbook.utils.ml_log:143 [[92mINFO[0m] Wrote metrics to logs/aws/wave1-rerun/cp26-base-seed3/metrics.jsonl
tinker_cookbook.utils.ml_log:240 [[92mINFO[0m] Logging to: https://wandb.ai/kriaz-msee20seecs-nust/ugttt-rebuttal/runs/j5vhm83n
tinker_cookbook.utils.ml_log:143 [[92mINFO[0m] Wrote metrics to logs/aws/wave1-rerun/cp26-base-seed3/metrics.jsonl
tinker_cookbook.utils.ml_log:240 [[92mINFO[0m] Logging to: https://wandb.ai/kriaz-msee20seecs-nust/ugttt-rebuttal/runs/j5vhm83n
tinker_cookbook.utils.ml_log:143 [[92mINFO[0m] Wrote metrics to logs/aws/wave1-rerun/cp26-base-seed3/metrics.jsonl
tinker_cookbook.utils.ml_log:240 [[92mINFO[0m] Logging to: https://wandb.ai/kriaz-msee20seecs-nust/ugttt-rebuttal/runs/j5vhm83n
tinker_cookbook.utils.ml_log:143 [[92mINFO[0m] Wrote metrics to logs/aws/wave1-rerun/cp26-base-seed3/metrics.jsonl
tinker_cookbook.utils.ml_log:240 [[92mINFO[0m] Logging to: https://wandb.ai/kriaz-msee20seecs-nust/ugttt-rebuttal/runs/j5vhm83n
tinker_cookbook.utils.ml_log:143 [[92mINFO[0m] Wrote metrics to logs/aws/wave1-rerun/cp26-base-seed3/metrics.jsonl
tinker_cookbook.utils.ml_log:240 [[92mINFO[0m] Logging to: https://wandb.ai/kriaz-msee20seecs-nust/ugttt-rebuttal/runs/j5vhm83n
tinker_cookbook.utils.ml_log:143 [[92mINFO[0m] Wrote metrics to logs/aws/wave1-rerun/cp26-base-seed3/metrics.jsonl
tinker_cookbook.utils.ml_log:240 [[92mINFO[0m] Logging to: https://wandb.ai/kriaz-msee20seecs-nust/ugttt-rebuttal/runs/j5vhm83n
__main__:1949 [[92mINFO[0m]   [2][4/8] KEPT | R_exec=0.9706 (max=2.6135) RMI=0.0000 R_total=0.9706 | 1890.7s | GPU: 18.1/61.0GB
tinker_cookbook.utils.ml_log:143 [[92mINFO[0m] Wrote metrics to logs/aws/wave1-rerun/cp26-base-seed3/metrics.jsonl
tinker_cookbook.utils.ml_log:240 [[92mINFO[0m] Logging to: https://wandb.ai/kriaz-msee20seecs-nust/ugttt-rebuttal/runs/j5vhm83n
tinker_cookbook.rl.ensemble:1082 [[92mINFO[0m]   generate_batch_multi_adapter_two_phase: N=8 phase1_max=26000 streaming_mi=False kv_q=False
tinker_cookbook.rl.ensemble:1270 [[92mINFO[0m]     [gen/p1] step=2048/24161 active=8/8 mi_stopped=0
tinker_cookbook.rl.ensemble:1270 [[92mINFO[0m]     [gen/p1] step=4096/24161 active=8/8 mi_stopped=0
tinker_cookbook.rl.ensemble:1270 [[92mINFO[0m]     [gen/p1] step=6144/24161 active=8/8 mi_stopped=0
tinker_cookbook.rl.ensemble:1270 [[92mINFO[0m]     [gen/p1] step=8192/24161 active=7/8 mi_stopped=0
tinker_cookbook.rl.ensemble:1270 [[92mINFO[0m]     [gen/p1] step=10240/24161 active=5/8 mi_stopped=0
tinker_cookbook.rl.ensemble:1270 [[92mINFO[0m]     [gen/p1] step=12288/24161 active=3/8 mi_stopped=0
tinker_cookbook.rl.ensemble:1270 [[92mINFO[0m]     [gen/p1] step=14336/24161 active=1/8 mi_stopped=0
__main__:1078 [[92mINFO[0m]   Group 4: multi-adapter generation 8 seqs in 1615.7s
__main__:1108 [[92mINFO[0m]   Group 4: rewards computed in 6.5s
__main__:1150 [[92mINFO[0m]     [g4][r1/8] adapter=0 R_exec=0.0000 true_MI=0.00000 RMI=0.0000 R_total=0.0000 correct=0 tokens=9696
__main__:1150 [[92mINFO[0m]     [g4][r2/8] adapter=0 R_exec=0.0000 true_MI=0.00000 RMI=0.0000 R_total=0.0000 correct=0 tokens=13137
__main__:1150 [[92mINFO[0m]     [g4][r3/8] adapter=0 R_exec=0.0000 true_MI=0.00000 RMI=0.0000 R_total=0.0000 correct=0 tokens=10326
__main__:1150 [[92mINFO[0m]     [g4][r4/8] adapter=0 R_exec=2.5907 true_MI=0.00000 RMI=0.0000 R_total=2.5907 correct=1 tokens=9985
__main__:1150 [[92mINFO[0m]     [g4][r5/8] adapter=0 R_exec=0.0000 true_MI=0.00000 RMI=0.0000 R_total=0.0000 correct=0 tokens=8121
__main__:1150 [[92mINFO[0m]     [g4][r6/8] adapter=0 R_exec=0.0000 true_MI=0.00000 RMI=0.0000 R_total=0.0000 correct=0 tokens=11136
__main__:1150 [[92mINFO[0m]     [g4][r7/8] adapter=0 R_exec=0.0000 true_MI=0.00000 RMI=0.0000 R_total=0.0000 correct=0 tokens=13985
__main__:1150 [[92mINFO[0m]     [g4][r8/8] adapter=0 R_exec=0.0000 true_MI=0.00000 RMI=0.0000 R_total=0.0000 correct=0 tokens=16293
__main__:1167 [[92mINFO[0m]   [g4] group true_MI: mean=0.00000 std=0.00000 max=0.00000 normalized=[0.00 0.00 0.00 0.00 0.00 0.00 0.00 0.00]
tinker_cookbook.utils.ml_log:143 [[92mINFO[0m] Wrote metrics to logs/aws/wave1-rerun/cp26-base-seed3/metrics.jsonl
tinker_cookbook.utils.ml_log:240 [[92mINFO[0m] Logging to: https://wandb.ai/kriaz-msee20seecs-nust/ugttt-rebuttal/runs/j5vhm83n
tinker_cookbook.utils.ml_log:143 [[92mINFO[0m] Wrote metrics to logs/aws/wave1-rerun/cp26-base-seed3/metrics.jsonl
tinker_cookbook.utils.ml_log:240 [[92mINFO[0m] Logging to: https://wandb.ai/kriaz-msee20seecs-nust/ugttt-rebuttal/runs/j5vhm83n
tinker_cookbook.utils.ml_log:143 [[92mINFO[0m] Wrote metrics to logs/aws/wave1-rerun/cp26-base-seed3/metrics.jsonl
tinker_cookbook.utils.ml_log:240 [[92mINFO[0m] Logging to: https://wandb.ai/kriaz-msee20seecs-nust/ugttt-rebuttal/runs/j5vhm83n
tinker_cookbook.utils.ml_log:143 [[92mINFO[0m] Wrote metrics to logs/aws/wave1-rerun/cp26-base-seed3/metrics.jsonl
tinker_cookbook.utils.ml_log:240 [[92mINFO[0m] Logging to: https://wandb.ai/kriaz-msee20seecs-nust/ugttt-rebuttal/runs/j5vhm83n
tinker_cookbook.utils.ml_log:143 [[92mINFO[0m] Wrote metrics to logs/aws/wave1-rerun/cp26-base-seed3/metrics.jsonl
tinker_cookbook.utils.ml_log:240 [[92mINFO[0m] Logging to: https://wandb.ai/kriaz-msee20seecs-nust/ugttt-rebuttal/runs/j5vhm83n
tinker_cookbook.utils.ml_log:143 [[92mINFO[0m] Wrote metrics to logs/aws/wave1-rerun/cp26-base-seed3/metrics.jsonl
tinker_cookbook.utils.ml_log:240 [[92mINFO[0m] Logging to: https://wandb.ai/kriaz-msee20seecs-nust/ugttt-rebuttal/runs/j5vhm83n
tinker_cookbook.utils.ml_log:143 [[92mINFO[0m] Wrote metrics to logs/aws/wave1-rerun/cp26-base-seed3/metrics.jsonl
tinker_cookbook.utils.ml_log:240 [[92mINFO[0m] Logging to: https://wandb.ai/kriaz-msee20seecs-nust/ugttt-rebuttal/runs/j5vhm83n
tinker_cookbook.utils.ml_log:143 [[92mINFO[0m] Wrote metrics to logs/aws/wave1-rerun/cp26-base-seed3/metrics.jsonl
tinker_cookbook.utils.ml_log:240 [[92mINFO[0m] Logging to: https://wandb.ai/kriaz-msee20seecs-nust/ugttt-rebuttal/runs/j5vhm83n
__main__:1949 [[92mINFO[0m]   [2][5/8] KEPT | R_exec=0.3238 (max=2.5907) RMI=0.0000 R_total=0.3238 | 1622.3s | GPU: 18.1/61.2GB
tinker_cookbook.utils.ml_log:143 [[92mINFO[0m] Wrote metrics to logs/aws/wave1-rerun/cp26-base-seed3/metrics.jsonl
tinker_cookbook.utils.ml_log:240 [[92mINFO[0m] Logging to: https://wandb.ai/kriaz-msee20seecs-nust/ugttt-rebuttal/runs/j5vhm83n
tinker_cookbook.rl.ensemble:1082 [[92mINFO[0m]   generate_batch_multi_adapter_two_phase: N=8 phase1_max=26000 streaming_mi=False kv_q=False
tinker_cookbook.rl.ensemble:1270 [[92mINFO[0m]     [gen/p1] step=2048/24210 active=8/8 mi_stopped=0
tinker_cookbook.rl.ensemble:1270 [[92mINFO[0m]     [gen/p1] step=4096/24210 active=8/8 mi_stopped=0
tinker_cookbook.rl.ensemble:1270 [[92mINFO[0m]     [gen/p1] step=6144/24210 active=8/8 mi_stopped=0
tinker_cookbook.rl.ensemble:1270 [[92mINFO[0m]     [gen/p1] step=8192/24210 active=8/8 mi_stopped=0
tinker_cookbook.rl.ensemble:1270 [[92mINFO[0m]     [gen/p1] step=10240/24210 active=6/8 mi_stopped=0
__main__:1078 [[92mINFO[0m]   Group 5: multi-adapter generation 8 seqs in 1015.5s
__main__:1108 [[92mINFO[0m]   Group 5: rewards computed in 6.8s
__main__:1150 [[92mINFO[0m]     [g5][r1/8] adapter=0 R_exec=2.5828 true_MI=0.00000 RMI=0.0000 R_total=2.5828 correct=1 tokens=11059
__main__:1150 [[92mINFO[0m]     [g5][r2/8] adapter=0 R_exec=2.6276 true_MI=0.00000 RMI=0.0000 R_total=2.6276 correct=1 tokens=9914
__main__:1150 [[92mINFO[0m]     [g5][r3/8] adapter=0 R_exec=2.5916 true_MI=0.00000 RMI=0.0000 R_total=2.5916 correct=1 tokens=11941
__main__:1150 [[92mINFO[0m]     [g5][r4/8] adapter=0 R_exec=0.0000 true_MI=0.00000 RMI=0.0000 R_total=0.0000 correct=0 tokens=11202
__main__:1150 [[92mINFO[0m]     [g5][r5/8] adapter=0 R_exec=0.0000 true_MI=0.00000 RMI=0.0000 R_total=0.0000 correct=0 tokens=10360
__main__:1150 [[92mINFO[0m]     [g5][r6/8] adapter=0 R_exec=0.0000 true_MI=0.00000 RMI=0.0000 R_total=0.0000 correct=0 tokens=11496
__main__:1150 [[92mINFO[0m]     [g5][r7/8] adapter=0 R_exec=2.5992 true_MI=0.00000 RMI=0.0000 R_total=2.5992 correct=1 tokens=8593
__main__:1150 [[92mINFO[0m]     [g5][r8/8] adapter=0 R_exec=0.0000 true_MI=0.00000 RMI=0.0000 R_total=0.0000 correct=0 tokens=12069
__main__:1167 [[92mINFO[0m]   [g5] group true_MI: mean=0.00000 std=0.00000 max=0.00000 normalized=[0.00 0.00 0.00 0.00 0.00 0.00 0.00 0.00]
tinker_cookbook.utils.ml_log:143 [[92mINFO[0m] Wrote metrics to logs/aws/wave1-rerun/cp26-base-seed3/metrics.jsonl
tinker_cookbook.utils.ml_log:240 [[92mINFO[0m] Logging to: https://wandb.ai/kriaz-msee20seecs-nust/ugttt-rebuttal/runs/j5vhm83n
tinker_cookbook.utils.ml_log:143 [[92mINFO[0m] Wrote metrics to logs/aws/wave1-rerun/cp26-base-seed3/metrics.jsonl
tinker_cookbook.utils.ml_log:240 [[92mINFO[0m] Logging to: https://wandb.ai/kriaz-msee20seecs-nust/ugttt-rebuttal/runs/j5vhm83n
tinker_cookbook.utils.ml_log:143 [[92mINFO[0m] Wrote metrics to logs/aws/wave1-rerun/cp26-base-seed3/metrics.jsonl
tinker_cookbook.utils.ml_log:240 [[92mINFO[0m] Logging to: https://wandb.ai/kriaz-msee20seecs-nust/ugttt-rebuttal/runs/j5vhm83n
tinker_cookbook.utils.ml_log:143 [[92mINFO[0m] Wrote metrics to logs/aws/wave1-rerun/cp26-base-seed3/metrics.jsonl
tinker_cookbook.utils.ml_log:240 [[92mINFO[0m] Logging to: https://wandb.ai/kriaz-msee20seecs-nust/ugttt-rebuttal/runs/j5vhm83n
tinker_cookbook.utils.ml_log:143 [[92mINFO[0m] Wrote metrics to logs/aws/wave1-rerun/cp26-base-seed3/metrics.jsonl
tinker_cookbook.utils.ml_log:240 [[92mINFO[0m] Logging to: https://wandb.ai/kriaz-msee20seecs-nust/ugttt-rebuttal/runs/j5vhm83n
tinker_cookbook.utils.ml_log:143 [[92mINFO[0m] Wrote metrics to logs/aws/wave1-rerun/cp26-base-seed3/metrics.jsonl
tinker_cookbook.utils.ml_log:240 [[92mINFO[0m] Logging to: https://wandb.ai/kriaz-msee20seecs-nust/ugttt-rebuttal/runs/j5vhm83n
tinker_cookbook.utils.ml_log:143 [[92mINFO[0m] Wrote metrics to logs/aws/wave1-rerun/cp26-base-seed3/metrics.jsonl
tinker_cookbook.utils.ml_log:240 [[92mINFO[0m] Logging to: https://wandb.ai/kriaz-msee20seecs-nust/ugttt-rebuttal/runs/j5vhm83n
tinker_cookbook.utils.ml_log:143 [[92mINFO[0m] Wrote metrics to logs/aws/wave1-rerun/cp26-base-seed3/metrics.jsonl
tinker_cookbook.utils.ml_log:240 [[92mINFO[0m] Logging to: https://wandb.ai/kriaz-msee20seecs-nust/ugttt-rebuttal/runs/j5vhm83n
__main__:1949 [[92mINFO[0m]   [2][6/8] KEPT | R_exec=1.3002 (max=2.6276) RMI=0.0000 R_total=1.3002 | 1022.4s | GPU: 18.1/60.5GB
tinker_cookbook.utils.ml_log:143 [[92mINFO[0m] Wrote metrics to logs/aws/wave1-rerun/cp26-base-seed3/metrics.jsonl
tinker_cookbook.utils.ml_log:240 [[92mINFO[0m] Logging to: https://wandb.ai/kriaz-msee20seecs-nust/ugttt-rebuttal/runs/j5vhm83n
tinker_cookbook.rl.ensemble:1082 [[92mINFO[0m]   generate_batch_multi_adapter_two_phase: N=8 phase1_max=26000 streaming_mi=False kv_q=False
tinker_cookbook.rl.ensemble:1270 [[92mINFO[0m]     [gen/p1] step=2048/24208 active=8/8 mi_stopped=0
tinker_cookbook.rl.ensemble:1270 [[92mINFO[0m]     [gen/p1] step=4096/24208 active=8/8 mi_stopped=0
tinker_cookbook.rl.ensemble:1270 [[92mINFO[0m]     [gen/p1] step=6144/24208 active=8/8 mi_stopped=0
tinker_cookbook.rl.ensemble:1270 [[92mINFO[0m]     [gen/p1] step=8192/24208 active=8/8 mi_stopped=0
tinker_cookbook.rl.ensemble:1270 [[92mINFO[0m]     [gen/p1] step=10240/24208 active=4/8 mi_stopped=0
tinker_cookbook.rl.ensemble:1270 [[92mINFO[0m]     [gen/p1] step=12288/24208 active=1/8 mi_stopped=0
__main__:1078 [[92mINFO[0m]   Group 6: multi-adapter generation 8 seqs in 1078.1s
__main__:1108 [[92mINFO[0m]   Group 6: rewards computed in 374.3s
__main__:1150 [[92mINFO[0m]     [g6][r1/8] adapter=0 R_exec=0.0000 true_MI=0.00000 RMI=0.0000 R_total=0.0000 correct=0 tokens=10759
__main__:1150 [[92mINFO[0m]     [g6][r2/8] adapter=0 R_exec=2.5731 true_MI=0.00000 RMI=0.0000 R_total=2.5731 correct=1 tokens=9880
__main__:1150 [[92mINFO[0m]     [g6][r3/8] adapter=0 R_exec=0.0000 true_MI=0.00000 RMI=0.0000 R_total=0.0000 correct=0 tokens=9386
__main__:1150 [[92mINFO[0m]     [g6][r4/8] adapter=0 R_exec=0.0000 true_MI=0.00000 RMI=0.0000 R_total=0.0000 correct=0 tokens=12554
__main__:1150 [[92mINFO[0m]     [g6][r5/8] adapter=0 R_exec=0.0000 true_MI=0.00000 RMI=0.0000 R_total=0.0000 correct=0 tokens=9995
__main__:1150 [[92mINFO[0m]     [g6][r6/8] adapter=0 R_exec=0.0000 true_MI=0.00000 RMI=0.0000 R_total=0.0000 correct=0 tokens=10286
__main__:1150 [[92mINFO[0m]     [g6][r7/8] adapter=0 R_exec=0.0000 true_MI=0.00000 RMI=0.0000 R_total=0.0000 correct=0 tokens=10866
__main__:1150 [[92mINFO[0m]     [g6][r8/8] adapter=0 R_exec=0.0000 true_MI=0.00000 RMI=0.0000 R_total=0.0000 correct=0 tokens=8890
__main__:1167 [[92mINFO[0m]   [g6] group true_MI: mean=0.00000 std=0.00000 max=0.00000 normalized=[0.00 0.00 0.00 0.00 0.00 0.00 0.00 0.00]
tinker_cookbook.utils.ml_log:143 [[92mINFO[0m] Wrote metrics to logs/aws/wave1-rerun/cp26-base-seed3/metrics.jsonl
tinker_cookbook.utils.ml_log:240 [[92mINFO[0m] Logging to: https://wandb.ai/kriaz-msee20seecs-nust/ugttt-rebuttal/runs/j5vhm83n
tinker_cookbook.utils.ml_log:143 [[92mINFO[0m] Wrote metrics to logs/aws/wave1-rerun/cp26-base-seed3/metrics.jsonl
tinker_cookbook.utils.ml_log:240 [[92mINFO[0m] Logging to: https://wandb.ai/kriaz-msee20seecs-nust/ugttt-rebuttal/runs/j5vhm83n
tinker_cookbook.utils.ml_log:143 [[92mINFO[0m] Wrote metrics to logs/aws/wave1-rerun/cp26-base-seed3/metrics.jsonl
tinker_cookbook.utils.ml_log:240 [[92mINFO[0m] Logging to: https://wandb.ai/kriaz-msee20seecs-nust/ugttt-rebuttal/runs/j5vhm83n
tinker_cookbook.utils.ml_log:143 [[92mINFO[0m] Wrote metrics to logs/aws/wave1-rerun/cp26-base-seed3/metrics.jsonl
tinker_cookbook.utils.ml_log:240 [[92mINFO[0m] Logging to: https://wandb.ai/kriaz-msee20seecs-nust/ugttt-rebuttal/runs/j5vhm83n
tinker_cookbook.utils.ml_log:143 [[92mINFO[0m] Wrote metrics to logs/aws/wave1-rerun/cp26-base-seed3/metrics.jsonl
tinker_cookbook.utils.ml_log:240 [[92mINFO[0m] Logging to: https://wandb.ai/kriaz-msee20seecs-nust/ugttt-rebuttal/runs/j5vhm83n
tinker_cookbook.utils.ml_log:143 [[92mINFO[0m] Wrote metrics to logs/aws/wave1-rerun/cp26-base-seed3/metrics.jsonl
tinker_cookbook.utils.ml_log:240 [[92mINFO[0m] Logging to: https://wandb.ai/kriaz-msee20seecs-nust/ugttt-rebuttal/runs/j5vhm83n
tinker_cookbook.utils.ml_log:143 [[92mINFO[0m] Wrote metrics to logs/aws/wave1-rerun/cp26-base-seed3/metrics.jsonl
tinker_cookbook.utils.ml_log:240 [[92mINFO[0m] Logging to: https://wandb.ai/kriaz-msee20seecs-nust/ugttt-rebuttal/runs/j5vhm83n
tinker_cookbook.utils.ml_log:143 [[92mINFO[0m] Wrote metrics to logs/aws/wave1-rerun/cp26-base-seed3/metrics.jsonl
tinker_cookbook.utils.ml_log:240 [[92mINFO[0m] Logging to: https://wandb.ai/kriaz-msee20seecs-nust/ugttt-rebuttal/runs/j5vhm83n
__main__:1949 [[92mINFO[0m]   [2][7/8] KEPT | R_exec=0.3216 (max=2.5731) RMI=0.0000 R_total=0.3216 | 1452.5s | GPU: 18.1/60.6GB
tinker_cookbook.utils.ml_log:143 [[92mINFO[0m] Wrote metrics to logs/aws/wave1-rerun/cp26-base-seed3/metrics.jsonl
tinker_cookbook.utils.ml_log:240 [[92mINFO[0m] Logging to: https://wandb.ai/kriaz-msee20seecs-nust/ugttt-rebuttal/runs/j5vhm83n
tinker_cookbook.rl.ensemble:1082 [[92mINFO[0m]   generate_batch_multi_adapter_two_phase: N=8 phase1_max=26000 streaming_mi=False kv_q=False
tinker_cookbook.rl.ensemble:1270 [[92mINFO[0m]     [gen/p1] step=2048/24141 active=8/8 mi_stopped=0
tinker_cookbook.rl.ensemble:1270 [[92mINFO[0m]     [gen/p1] step=4096/24141 active=8/8 mi_stopped=0
tinker_cookbook.rl.ensemble:1270 [[92mINFO[0m]     [gen/p1] step=6144/24141 active=8/8 mi_stopped=0
tinker_cookbook.rl.ensemble:1270 [[92mINFO[0m]     [gen/p1] step=8192/24141 active=7/8 mi_stopped=0
tinker_cookbook.rl.ensemble:1270 [[92mINFO[0m]     [gen/p1] step=10240/24141 active=4/8 mi_stopped=0
tinker_cookbook.rl.ensemble:1270 [[92mINFO[0m]     [gen/p1] step=12288/24141 active=1/8 mi_stopped=0
__main__:1078 [[92mINFO[0m]   Group 7: multi-adapter generation 8 seqs in 1194.7s
__main__:1108 [[92mINFO[0m]   Group 7: rewards computed in 4.1s
__main__:1150 [[92mINFO[0m]     [g7][r1/8] adapter=0 R_exec=2.6159 true_MI=0.00000 RMI=0.0000 R_total=2.6159 correct=1 tokens=10974
__main__:1150 [[92mINFO[0m]     [g7][r2/8] adapter=0 R_exec=0.0000 true_MI=0.00000 RMI=0.0000 R_total=0.0000 correct=0 tokens=9116
__main__:1150 [[92mINFO[0m]     [g7][r3/8] adapter=0 R_exec=0.0000 true_MI=0.00000 RMI=0.0000 R_total=0.0000 correct=0 tokens=11807
__main__:1150 [[92mINFO[0m]     [g7][r4/8] adapter=0 R_exec=0.0000 true_MI=0.00000 RMI=0.0000 R_total=0.0000 correct=0 tokens=11143
__main__:1150 [[92mINFO[0m]     [g7][r5/8] adapter=0 R_exec=2.5642 true_MI=0.00000 RMI=0.0000 R_total=2.5642 correct=1 tokens=8658
__main__:1150 [[92mINFO[0m]     [g7][r6/8] adapter=0 R_exec=2.5961 true_MI=0.00000 RMI=0.0000 R_total=2.5961 correct=1 tokens=8395
__main__:1150 [[92mINFO[0m]     [g7][r7/8] adapter=0 R_exec=0.0000 true_MI=0.00000 RMI=0.0000 R_total=0.0000 correct=0 tokens=7464
__main__:1150 [[92mINFO[0m]     [g7][r8/8] adapter=0 R_exec=0.0000 true_MI=0.00000 RMI=0.0000 R_total=0.0000 correct=0 tokens=13409
__main__:1167 [[92mINFO[0m]   [g7] group true_MI: mean=0.00000 std=0.00000 max=0.00000 normalized=[0.00 0.00 0.00 0.00 0.00 0.00 0.00 0.00]
tinker_cookbook.utils.ml_log:143 [[92mINFO[0m] Wrote metrics to logs/aws/wave1-rerun/cp26-base-seed3/metrics.jsonl
tinker_cookbook.utils.ml_log:240 [[92mINFO[0m] Logging to: https://wandb.ai/kriaz-msee20seecs-nust/ugttt-rebuttal/runs/j5vhm83n
tinker_cookbook.utils.ml_log:143 [[92mINFO[0m] Wrote metrics to logs/aws/wave1-rerun/cp26-base-seed3/metrics.jsonl
tinker_cookbook.utils.ml_log:240 [[92mINFO[0m] Logging to: https://wandb.ai/kriaz-msee20seecs-nust/ugttt-rebuttal/runs/j5vhm83n
tinker_cookbook.utils.ml_log:143 [[92mINFO[0m] Wrote metrics to logs/aws/wave1-rerun/cp26-base-seed3/metrics.jsonl
tinker_cookbook.utils.ml_log:240 [[92mINFO[0m] Logging to: https://wandb.ai/kriaz-msee20seecs-nust/ugttt-rebuttal/runs/j5vhm83n
tinker_cookbook.utils.ml_log:143 [[92mINFO[0m] Wrote metrics to logs/aws/wave1-rerun/cp26-base-seed3/metrics.jsonl
tinker_cookbook.utils.ml_log:240 [[92mINFO[0m] Logging to: https://wandb.ai/kriaz-msee20seecs-nust/ugttt-rebuttal/runs/j5vhm83n
tinker_cookbook.utils.ml_log:143 [[92mINFO[0m] Wrote metrics to logs/aws/wave1-rerun/cp26-base-seed3/metrics.jsonl
tinker_cookbook.utils.ml_log:240 [[92mINFO[0m] Logging to: https://wandb.ai/kriaz-msee20seecs-nust/ugttt-rebuttal/runs/j5vhm83n
tinker_cookbook.utils.ml_log:143 [[92mINFO[0m] Wrote metrics to logs/aws/wave1-rerun/cp26-base-seed3/metrics.jsonl
tinker_cookbook.utils.ml_log:240 [[92mINFO[0m] Logging to: https://wandb.ai/kriaz-msee20seecs-nust/ugttt-rebuttal/runs/j5vhm83n
tinker_cookbook.utils.ml_log:143 [[92mINFO[0m] Wrote metrics to logs/aws/wave1-rerun/cp26-base-seed3/metrics.jsonl
tinker_cookbook.utils.ml_log:240 [[92mINFO[0m] Logging to: https://wandb.ai/kriaz-msee20seecs-nust/ugttt-rebuttal/runs/j5vhm83n
tinker_cookbook.utils.ml_log:143 [[92mINFO[0m] Wrote metrics to logs/aws/wave1-rerun/cp26-base-seed3/metrics.jsonl
tinker_cookbook.utils.ml_log:240 [[92mINFO[0m] Logging to: https://wandb.ai/kriaz-msee20seecs-nust/ugttt-rebuttal/runs/j5vhm83n
__main__:1949 [[92mINFO[0m]   [2][8/8] KEPT | R_exec=0.9720 (max=2.6159) RMI=0.0000 R_total=0.9720 | 1198.9s | GPU: 18.1/60.9GB
tinker_cookbook.utils.ml_log:143 [[92mINFO[0m] Wrote metrics to logs/aws/wave1-rerun/cp26-base-seed3/metrics.jsonl
tinker_cookbook.utils.ml_log:240 [[92mINFO[0m] Logging to: https://wandb.ai/kriaz-msee20seecs-nust/ugttt-rebuttal/runs/j5vhm83n
__main__:1988 [[92mINFO[0m] [Epoch 2] Rollout phase done in 10753.0s. Training on 8/8 groups...
tinker_cookbook.utils.ml_log:143 [[92mINFO[0m] Wrote metrics to logs/aws/wave1-rerun/cp26-base-seed3/metrics.jsonl
[BaseRewardTask] Found existing cpu_scheduler actor.[BaseRewardTask] Found existing cpu_scheduler actor.

[BaseRewardTask] Found existing cpu_scheduler actor.
[BaseRewardTask] Found existing cpu_scheduler actor.
[BaseRewardTask] Found existing cpu_scheduler actor.
[BaseRewardTask] Found existing cpu_scheduler actor.
[BaseRewardTask] Found existing cpu_scheduler actor.
[BaseRewardTask] Found existing cpu_scheduler actor.
Circles 0 and 1 overlap: dist=0.18329900910290842, r1+r2=0.18329903879255655
Circles 4 and 10 overlap: dist=0.18684034105241767, r1+r2=0.18684034105355338
[BaseRewardTask] Found existing cpu_scheduler actor.
[BaseRewardTask] Found existing cpu_scheduler actor.
[BaseRewardTask] Found existing cpu_scheduler actor.
[BaseRewardTask] Found existing cpu_scheduler actor.
[BaseRewardTask] Found existing cpu_scheduler actor.
[BaseRewardTask] Found existing cpu_scheduler actor.
[BaseRewardTask] Found existing cpu_scheduler actor.[BaseRewardTask] Found existing cpu_scheduler actor.

Circle 9 at (0.870537188413222, 0.2900111343781115) with radius 0.1294628115911604 is outside the unit square
Circles 0 and 5 overlap: dist=0.17062602326158388, r1+r2=0.17062602554999307
[BaseRewardTask] Found existing cpu_scheduler actor.
[BaseRewardTask] Found existing cpu_scheduler actor.
[BaseRewardTask] Found existing cpu_scheduler actor.
[BaseRewardTask] Found existing cpu_scheduler actor.[BaseRewardTask] Found existing cpu_scheduler actor.
[BaseRewardTask] Found existing cpu_scheduler actor.

[BaseRewardTask] Found existing cpu_scheduler actor.
[BaseRewardTask] Found existing cpu_scheduler actor.
Circles 1 and 7 overlap: dist=0.20096198988403374, r1+r2=0.20096198989970002
Circles 6 and 7 overlap: dist=0.16959751068322493, r1+r2=0.16959751068537826
[BaseRewardTask] Found existing cpu_scheduler actor.[BaseRewardTask] Found existing cpu_scheduler actor.

[BaseRewardTask] Found existing cpu_scheduler actor.[BaseRewardTask] Found existing cpu_scheduler actor.

[BaseRewardTask] Found existing cpu_scheduler actor.
[BaseRewardTask] Found existing cpu_scheduler actor.[BaseRewardTask] Found existing cpu_scheduler actor.

[BaseRewardTask] Found existing cpu_scheduler actor.
Circle 0 at (0.15384615384615385, 0.07692307692307693) with radius 1.0 is outside the unit square
Circle 0 at (0.22530455967442664, 0.16283381061919072) with radius 1.0 is outside the unit square
Circle 22 at (0.09016904092245558, 0.9098309590861676) with radius 0.09016904092250037 is outside the unit square
Circle 1 at (0.0, 1.0) with radius 0.5 is outside the unit square
Circle 11 at (0.8470262157289945, 0.02323493068118654) with radius 0.13221389927067184 is outside the unit square
[BaseRewardTask] Found existing cpu_scheduler actor.[BaseRewardTask] Found existing cpu_scheduler actor.

[BaseRewardTask] Found existing cpu_scheduler actor.
[BaseRewardTask] Found existing cpu_scheduler actor.[BaseRewardTask] Found existing cpu_scheduler actor.
[BaseRewardTask] Found existing cpu_scheduler actor.

[BaseRewardTask] Found existing cpu_scheduler actor.
[BaseRewardTask] Found existing cpu_scheduler actor.
Circle 0 at (0.0, 0.0) with radius 0.5 is outside the unit square
Circle 11 has negative radius -0.050000000000000044
Circles 0 and 1 overlap: dist=0.17564578690270238, r1+r2=0.17564578690924051
Circles 15 and 16 overlap: dist=0.14811145774326762, r1+r2=0.14811145774636086
Circle 21 at (0.2682752029038638, 0.8779158960956784) with radius 0.12208410390537587 is outside the unit square
Circle 21 at (0.2682752029038638, 0.8779158960956784) with radius 0.12208410390537587 is outside the unit square
Circle 3 at (0.5774728026515397, 0.06577261152560251) with radius 0.06577261152773578 is outside the unit square
[BaseRewardTask] Found existing cpu_scheduler actor.
[BaseRewardTask] Found existing cpu_scheduler actor.
[BaseRewardTask] Found existing cpu_scheduler actor.[BaseRewardTask] Found existing cpu_scheduler actor.
[BaseRewardTask] Found existing cpu_scheduler actor.

[BaseRewardTask] Found existing cpu_scheduler actor.[BaseRewardTask] Found existing cpu_scheduler actor.

[BaseRewardTask] Found existing cpu_scheduler actor.
Circles 13 and 19 overlap: dist=0.2386544185749935, r1+r2=0.23865441857672498
Circles 12 and 13 overlap: dist=0.1209771083157876, r1+r2=0.12097710845576051
Circles 0 and 6 overlap: dist=0.19701704405919115, r1+r2=0.19701720755215318
Circle 0 at (-0.031207658426513407, -0.031207658426513372) with radius 0.2515671429511068 is outside the unit square
[BaseRewardTask] Found existing cpu_scheduler actor.
[BaseRewardTask] Found existing cpu_scheduler actor.
[BaseRewardTask] Found existing cpu_scheduler actor.
[BaseRewardTask] Found existing cpu_scheduler actor.
[BaseRewardTask] Found existing cpu_scheduler actor.
[BaseRewardTask] Found existing cpu_scheduler actor.[BaseRewardTask] Found existing cpu_scheduler actor.

[BaseRewardTask] Found existing cpu_scheduler actor.
Circle 15 at (0.12138458435976542, 0.7010719350897023) with radius 0.12138458436161412 is outside the unit square
Circles 0 and 1 overlap: dist=0.21305683847453055, r1+r2=0.21305712734270288
Circles 0 and 20 overlap: dist=0.14154290826088747, r1+r2=0.1415470334272822
Circles 0 and 10 overlap: dist=0.3033928166360287, r1+r2=0.3033935746417977
Circle 7 at (0.0, 0.0) with radius 0.5 is outside the unit square
[BaseRewardTask] Found existing cpu_scheduler actor.
[BaseRewardTask] Found existing cpu_scheduler actor.
[BaseRewardTask] Found existing cpu_scheduler actor.
[BaseRewardTask] Found existing cpu_scheduler actor.
[BaseRewardTask] Found existing cpu_scheduler actor.[BaseRewardTask] Found existing cpu_scheduler actor.

[BaseRewardTask] Found existing cpu_scheduler actor.
[BaseRewardTask] Found existing cpu_scheduler actor.
Circles 0 and 1 overlap: dist=0.21902758072309508, r1+r2=0.21902763279172074
Circles 0 and 1 overlap: dist=0.2466130929683753, r1+r2=0.24661314169972137
Circles 1 and 2 overlap: dist=0.2135299972302892, r1+r2=0.21353002144959005
tinker_cookbook.utils.ml_log:195 [[92mINFO[0m] 
┏━━━━━━━━━━━━━━━━━━━━━━━━━━━━━━━━┳━━━━━━━━━━━━━━┓
┃ Metric                         ┃ Value        ┃
┡━━━━━━━━━━━━━━━━━━━━━━━━━━━━━━━━╇━━━━━━━━━━━━━━┩
│ gpu/memory_allocated_gb        │ 18.092511    │
│ gpu/memory_peak_gb             │ 60.641105    │
│ gpu/memory_reserved_gb         │ 18.121490    │
│ kl_policy_base                 │ 0.011749     │
│ optim/entropy                  │ 0.440374     │
│ optim/kl_sample_train_v1       │ 0.000141     │
│ optim/kl_sample_train_v2       │ 0.000130     │
│ progress/done_frac             │ 0.500000     │
│ progress/epoch                 │ 2            │
│ rollout/groups_attempted       │ 8.000000     │
│ rollout/groups_filtered        │ 0.000000     │
│ rollout/groups_kept            │ 8.000000     │
│ rollout/intra_group_reward_std │ 1.172452     │
│ time/rollout                   │ 10752.980965 │
│ time/total                     │ 11066.270928 │
│ time/train                     │ 313.195410   │
│ train/advantage/max            │ 10.768051    │
│ train/advantage/mean           │ 0.360532     │
│ train/advantage/min            │ -1.000000    │
│ train/advantage/std            │ 2.086555     │
│ train/beta/mean                │ 7.791781     │
│ train/beta/std                 │ 15.018838    │
│ train/correctness/mean         │ 0.390625     │
│ train/correctness/rate         │ 0.390625     │
│ train/ensemble/frac_high_disa… │ 0.000000     │
│ train/ensemble/max_token_disa… │ nan          │
│ train/ensemble/member_logprob… │ 0.000000     │
│ train/ensemble/member_logprob… │ nan          │
│ train/gamma_eff/mean           │ 0.000000     │
│ train/gen/num_tokens/max       │ 16293.000000 │
│ train/gen/num_tokens/mean      │ 10621.015625 │
│ train/gen/num_tokens/std       │ 1863.987682  │
│ train/loss                     │ -0.360567    │
│ train/nnm_loss                 │ 0.000000     │
│ train/nnm_nuclear_norm         │ 0.000000     │
│ train/num_groups               │ 8.000000     │
│ train/num_rollouts             │ 64.000000    │
│ train/num_rollouts_total       │ 64.000000    │
│ train/reward/exec/best         │ 2.627565     │
│ train/reward/exec/max          │ 2.627565     │
│ train/reward/exec/mean         │ 1.014868     │
│ train/reward/exec/min          │ 0.000000     │
│ train/reward/exec/std          │ 1.267634     │
│ train/reward/rmi/max           │ 0.000000     │
│ train/reward/rmi/mean          │ 0.000000     │
│ train/reward/rmi/min           │ 0.000000     │
│ train/reward/rmi/std           │ 0.000000     │
│ train/reward/total/best        │ 2.627565     │
│ train/reward/total/max         │ 2.627565     │
│ train/reward/total/mean        │ 1.014868     │
│ train/reward/total/min         │ 0.000000     │
│ train/reward/total/std         │ 1.267634     │
│ train/streaming_mi/stop_rate   │ 0.000000     │
│ train/streaming_mi/tokens_sav… │ 0.000000     │
│ train/streaming_mi/tokens_sav… │ 0.000000     │
│ train/two_phase/phase1_tokens… │ 10621.015625 │
│ train/two_phase/phase2_tokens… │ 0.000000     │
│ train/two_phase/prefill_rate   │ 0.000000     │
│ train/uncertainty/predictive_… │ 0.000000     │
│ train/uncertainty/predictive_… │ 0.000000     │
│ train/uncertainty/predictive_… │ 0.000000     │
│ train/uncertainty/predictive_… │ 0.000000     │
│ train/uncertainty/predictive_… │ 0.000000     │
│ train/uncertainty/predictive_… │ 0.000000     │
│ train/uncertainty/predictive_… │ 0.000000     │
│ train/uncertainty/predictive_… │ 0.000000     │
│ train/uncertainty/rmi/max      │ 0.000000     │
│ train/uncertainty/rmi/mean     │ 0.000000     │
│ train/uncertainty/rmi/min      │ 0.000000     │
│ train/uncertainty/rmi/std      │ 0.000000     │
│ train/uncertainty/rmi_top7/max │ 0.000000     │
│ train/uncertainty/rmi_top7/me… │ 0.000000     │
│ train/uncertainty/rmi_top7/min │ 0.000000     │
│ train/uncertainty/rmi_top7/std │ 0.000000     │
│ train/uncertainty/top7_mi_cod… │ 0.000000     │
│ train/uncertainty/top7_mi_cod… │ 0.000000     │
│ train/uncertainty/top7_mi_thi… │ 0.000000     │
│ train/uncertainty/top7_mi_thi… │ 0.000000     │
│ train/uncertainty/top7_pct_co… │ 0.000000     │
│ train/uncertainty/top7_pct_co… │ 0.000000     │
│ train/uncertainty/top7_pct_th… │ 1.000000     │
│ train/uncertainty/top7_pct_th… │ 0.000000     │
│ train/uncertainty/true_mi/max  │ 0.000000     │
│ train/uncertainty/true_mi/mean │ 0.000000     │
│ train/uncertainty/true_mi/min  │ 0.000000     │
│ train/uncertainty/true_mi/std  │ 0.000000     │
│ train/uncertainty/variance/max │ nan          │
│ train/uncertainty/variance/me… │ nan          │
│ train/uncertainty/variance/min │ nan          │
│ train/uncertainty/variance/std │ nan          │
│ train/uncertainty/variance_to… │ nan          │
│ train/uncertainty/variance_to… │ nan          │
│ train/uncertainty/variance_to… │ nan          │
│ train/uncertainty/variance_to… │ nan          │
└────────────────────────────────┴──────────────┘
tinker_cookbook.utils.ml_log:240 [[92mINFO[0m] Logging to: https://wandb.ai/kriaz-msee20seecs-nust/ugttt-rebuttal/runs/j5vhm83n
__main__:2062 [[92mINFO[0m] [Epoch 2] R_exec=1.0149 (max=2.6276 best=2.6276) RMI=0.0000 beta=7.79 corr=39.1% loss=-0.3606 groups=8/8 time=11066.3s
__main__:1836 [[92mINFO[0m] [Epoch 3/6] Starting rollout phase: 8 groups × 8 rollouts
tinker_cookbook.rl.ensemble:1082 [[92mINFO[0m]   generate_batch_multi_adapter_two_phase: N=8 phase1_max=26000 streaming_mi=False kv_q=False
tinker_cookbook.rl.ensemble:1270 [[92mINFO[0m]     [gen/p1] step=2048/24154 active=8/8 mi_stopped=0
tinker_cookbook.rl.ensemble:1270 [[92mINFO[0m]     [gen/p1] step=4096/24154 active=8/8 mi_stopped=0
tinker_cookbook.rl.ensemble:1270 [[92mINFO[0m]     [gen/p1] step=6144/24154 active=8/8 mi_stopped=0
tinker_cookbook.rl.ensemble:1270 [[92mINFO[0m]     [gen/p1] step=8192/24154 active=8/8 mi_stopped=0
tinker_cookbook.rl.ensemble:1270 [[92mINFO[0m]     [gen/p1] step=10240/24154 active=3/8 mi_stopped=0
tinker_cookbook.rl.ensemble:1270 [[92mINFO[0m]     [gen/p1] step=12288/24154 active=1/8 mi_stopped=0
__main__:1078 [[92mINFO[0m]   Group 0: multi-adapter generation 8 seqs in 1055.5s
__main__:1108 [[92mINFO[0m]   Group 0: rewards computed in 5.7s
__main__:1150 [[92mINFO[0m]     [g0][r1/8] adapter=0 R_exec=2.6187 true_MI=0.00000 RMI=0.0000 R_total=2.6187 correct=1 tokens=8300
__main__:1150 [[92mINFO[0m]     [g0][r2/8] adapter=0 R_exec=2.6046 true_MI=0.00000 RMI=0.0000 R_total=2.6046 correct=1 tokens=8962
__main__:1150 [[92mINFO[0m]     [g0][r3/8] adapter=0 R_exec=0.0000 true_MI=0.00000 RMI=0.0000 R_total=0.0000 correct=0 tokens=11474
__main__:1150 [[92mINFO[0m]     [g0][r4/8] adapter=0 R_exec=0.0000 true_MI=0.00000 RMI=0.0000 R_total=0.0000 correct=0 tokens=11351
__main__:1150 [[92mINFO[0m]     [g0][r5/8] adapter=0 R_exec=0.0000 true_MI=0.00000 RMI=0.0000 R_total=0.0000 correct=0 tokens=9644
__main__:1150 [[92mINFO[0m]     [g0][r6/8] adapter=0 R_exec=0.0000 true_MI=0.00000 RMI=0.0000 R_total=0.0000 correct=0 tokens=8511
__main__:1150 [[92mINFO[0m]     [g0][r7/8] adapter=0 R_exec=0.0000 true_MI=0.00000 RMI=0.0000 R_total=0.0000 correct=0 tokens=12346
__main__:1150 [[92mINFO[0m]     [g0][r8/8] adapter=0 R_exec=0.0000 true_MI=0.00000 RMI=0.0000 R_total=0.0000 correct=0 tokens=9214
__main__:1167 [[92mINFO[0m]   [g0] group true_MI: mean=0.00000 std=0.00000 max=0.00000 normalized=[0.00 0.00 0.00 0.00 0.00 0.00 0.00 0.00]
tinker_cookbook.utils.ml_log:143 [[92mINFO[0m] Wrote metrics to logs/aws/wave1-rerun/cp26-base-seed3/metrics.jsonl
tinker_cookbook.utils.ml_log:240 [[92mINFO[0m] Logging to: https://wandb.ai/kriaz-msee20seecs-nust/ugttt-rebuttal/runs/j5vhm83n
tinker_cookbook.utils.ml_log:143 [[92mINFO[0m] Wrote metrics to logs/aws/wave1-rerun/cp26-base-seed3/metrics.jsonl
tinker_cookbook.utils.ml_log:240 [[92mINFO[0m] Logging to: https://wandb.ai/kriaz-msee20seecs-nust/ugttt-rebuttal/runs/j5vhm83n
tinker_cookbook.utils.ml_log:143 [[92mINFO[0m] Wrote metrics to logs/aws/wave1-rerun/cp26-base-seed3/metrics.jsonl
tinker_cookbook.utils.ml_log:240 [[92mINFO[0m] Logging to: https://wandb.ai/kriaz-msee20seecs-nust/ugttt-rebuttal/runs/j5vhm83n
tinker_cookbook.utils.ml_log:143 [[92mINFO[0m] Wrote metrics to logs/aws/wave1-rerun/cp26-base-seed3/metrics.jsonl
tinker_cookbook.utils.ml_log:240 [[92mINFO[0m] Logging to: https://wandb.ai/kriaz-msee20seecs-nust/ugttt-rebuttal/runs/j5vhm83n
tinker_cookbook.utils.ml_log:143 [[92mINFO[0m] Wrote metrics to logs/aws/wave1-rerun/cp26-base-seed3/metrics.jsonl
tinker_cookbook.utils.ml_log:240 [[92mINFO[0m] Logging to: https://wandb.ai/kriaz-msee20seecs-nust/ugttt-rebuttal/runs/j5vhm83n
tinker_cookbook.utils.ml_log:143 [[92mINFO[0m] Wrote metrics to logs/aws/wave1-rerun/cp26-base-seed3/metrics.jsonl
tinker_cookbook.utils.ml_log:240 [[92mINFO[0m] Logging to: https://wandb.ai/kriaz-msee20seecs-nust/ugttt-rebuttal/runs/j5vhm83n
tinker_cookbook.utils.ml_log:143 [[92mINFO[0m] Wrote metrics to logs/aws/wave1-rerun/cp26-base-seed3/metrics.jsonl
tinker_cookbook.utils.ml_log:240 [[92mINFO[0m] Logging to: https://wandb.ai/kriaz-msee20seecs-nust/ugttt-rebuttal/runs/j5vhm83n
tinker_cookbook.utils.ml_log:143 [[92mINFO[0m] Wrote metrics to logs/aws/wave1-rerun/cp26-base-seed3/metrics.jsonl
tinker_cookbook.utils.ml_log:240 [[92mINFO[0m] Logging to: https://wandb.ai/kriaz-msee20seecs-nust/ugttt-rebuttal/runs/j5vhm83n
__main__:1949 [[92mINFO[0m]   [3][1/8] KEPT | R_exec=0.6529 (max=2.6187) RMI=0.0000 R_total=0.6529 | 1061.3s | GPU: 18.1/60.7GB
tinker_cookbook.utils.ml_log:143 [[92mINFO[0m] Wrote metrics to logs/aws/wave1-rerun/cp26-base-seed3/metrics.jsonl
tinker_cookbook.utils.ml_log:240 [[92mINFO[0m] Logging to: https://wandb.ai/kriaz-msee20seecs-nust/ugttt-rebuttal/runs/j5vhm83n
tinker_cookbook.rl.ensemble:1082 [[92mINFO[0m]   generate_batch_multi_adapter_two_phase: N=8 phase1_max=26000 streaming_mi=False kv_q=False
tinker_cookbook.rl.ensemble:1270 [[92mINFO[0m]     [gen/p1] step=2048/24127 active=8/8 mi_stopped=0
tinker_cookbook.rl.ensemble:1270 [[92mINFO[0m]     [gen/p1] step=4096/24127 active=8/8 mi_stopped=0
tinker_cookbook.rl.ensemble:1270 [[92mINFO[0m]     [gen/p1] step=6144/24127 active=8/8 mi_stopped=0
tinker_cookbook.rl.ensemble:1270 [[92mINFO[0m]     [gen/p1] step=8192/24127 active=6/8 mi_stopped=0
tinker_cookbook.rl.ensemble:1270 [[92mINFO[0m]     [gen/p1] step=10240/24127 active=2/8 mi_stopped=0
__main__:1078 [[92mINFO[0m]   Group 1: multi-adapter generation 8 seqs in 973.0s
__main__:1108 [[92mINFO[0m]   Group 1: rewards computed in 10.6s
__main__:1150 [[92mINFO[0m]     [g1][r1/8] adapter=0 R_exec=2.6198 true_MI=0.00000 RMI=0.0000 R_total=2.6198 correct=1 tokens=9579
__main__:1150 [[92mINFO[0m]     [g1][r2/8] adapter=0 R_exec=0.0000 true_MI=0.00000 RMI=0.0000 R_total=0.0000 correct=0 tokens=8975
__main__:1150 [[92mINFO[0m]     [g1][r3/8] adapter=0 R_exec=2.6221 true_MI=0.00000 RMI=0.0000 R_total=2.6221 correct=1 tokens=7486
__main__:1150 [[92mINFO[0m]     [g1][r4/8] adapter=0 R_exec=0.0000 true_MI=0.00000 RMI=0.0000 R_total=0.0000 correct=0 tokens=11670
__main__:1150 [[92mINFO[0m]     [g1][r5/8] adapter=0 R_exec=2.6198 true_MI=0.00000 RMI=0.0000 R_total=2.6198 correct=1 tokens=9846
__main__:1150 [[92mINFO[0m]     [g1][r6/8] adapter=0 R_exec=2.6198 true_MI=0.00000 RMI=0.0000 R_total=2.6198 correct=1 tokens=11073
__main__:1150 [[92mINFO[0m]     [g1][r7/8] adapter=0 R_exec=0.0000 true_MI=0.00000 RMI=0.0000 R_total=0.0000 correct=0 tokens=9797
__main__:1150 [[92mINFO[0m]     [g1][r8/8] adapter=0 R_exec=2.5784 true_MI=0.00000 RMI=0.0000 R_total=2.5784 correct=1 tokens=7610
__main__:1167 [[92mINFO[0m]   [g1] group true_MI: mean=0.00000 std=0.00000 max=0.00000 normalized=[0.00 0.00 0.00 0.00 0.00 0.00 0.00 0.00]
tinker_cookbook.utils.ml_log:143 [[92mINFO[0m] Wrote metrics to logs/aws/wave1-rerun/cp26-base-seed3/metrics.jsonl
tinker_cookbook.utils.ml_log:240 [[92mINFO[0m] Logging to: https://wandb.ai/kriaz-msee20seecs-nust/ugttt-rebuttal/runs/j5vhm83n
tinker_cookbook.utils.ml_log:143 [[92mINFO[0m] Wrote metrics to logs/aws/wave1-rerun/cp26-base-seed3/metrics.jsonl
tinker_cookbook.utils.ml_log:240 [[92mINFO[0m] Logging to: https://wandb.ai/kriaz-msee20seecs-nust/ugttt-rebuttal/runs/j5vhm83n
tinker_cookbook.utils.ml_log:143 [[92mINFO[0m] Wrote metrics to logs/aws/wave1-rerun/cp26-base-seed3/metrics.jsonl
tinker_cookbook.utils.ml_log:240 [[92mINFO[0m] Logging to: https://wandb.ai/kriaz-msee20seecs-nust/ugttt-rebuttal/runs/j5vhm83n
tinker_cookbook.utils.ml_log:143 [[92mINFO[0m] Wrote metrics to logs/aws/wave1-rerun/cp26-base-seed3/metrics.jsonl
tinker_cookbook.utils.ml_log:240 [[92mINFO[0m] Logging to: https://wandb.ai/kriaz-msee20seecs-nust/ugttt-rebuttal/runs/j5vhm83n
tinker_cookbook.utils.ml_log:143 [[92mINFO[0m] Wrote metrics to logs/aws/wave1-rerun/cp26-base-seed3/metrics.jsonl
tinker_cookbook.utils.ml_log:240 [[92mINFO[0m] Logging to: https://wandb.ai/kriaz-msee20seecs-nust/ugttt-rebuttal/runs/j5vhm83n
tinker_cookbook.utils.ml_log:143 [[92mINFO[0m] Wrote metrics to logs/aws/wave1-rerun/cp26-base-seed3/metrics.jsonl
tinker_cookbook.utils.ml_log:240 [[92mINFO[0m] Logging to: https://wandb.ai/kriaz-msee20seecs-nust/ugttt-rebuttal/runs/j5vhm83n
tinker_cookbook.utils.ml_log:143 [[92mINFO[0m] Wrote metrics to logs/aws/wave1-rerun/cp26-base-seed3/metrics.jsonl
tinker_cookbook.utils.ml_log:240 [[92mINFO[0m] Logging to: https://wandb.ai/kriaz-msee20seecs-nust/ugttt-rebuttal/runs/j5vhm83n
tinker_cookbook.utils.ml_log:143 [[92mINFO[0m] Wrote metrics to logs/aws/wave1-rerun/cp26-base-seed3/metrics.jsonl
tinker_cookbook.utils.ml_log:240 [[92mINFO[0m] Logging to: https://wandb.ai/kriaz-msee20seecs-nust/ugttt-rebuttal/runs/j5vhm83n
__main__:1949 [[92mINFO[0m]   [3][2/8] KEPT | R_exec=1.6325 (max=2.6221) RMI=0.0000 R_total=1.6325 | 983.7s | GPU: 18.1/60.7GB
tinker_cookbook.utils.ml_log:143 [[92mINFO[0m] Wrote metrics to logs/aws/wave1-rerun/cp26-base-seed3/metrics.jsonl
tinker_cookbook.utils.ml_log:240 [[92mINFO[0m] Logging to: https://wandb.ai/kriaz-msee20seecs-nust/ugttt-rebuttal/runs/j5vhm83n
tinker_cookbook.rl.ensemble:1082 [[92mINFO[0m]   generate_batch_multi_adapter_two_phase: N=8 phase1_max=26000 streaming_mi=False kv_q=False
tinker_cookbook.rl.ensemble:1270 [[92mINFO[0m]     [gen/p1] step=2048/24329 active=8/8 mi_stopped=0
tinker_cookbook.rl.ensemble:1270 [[92mINFO[0m]     [gen/p1] step=4096/24329 active=8/8 mi_stopped=0
tinker_cookbook.rl.ensemble:1270 [[92mINFO[0m]     [gen/p1] step=6144/24329 active=8/8 mi_stopped=0
tinker_cookbook.rl.ensemble:1270 [[92mINFO[0m]     [gen/p1] step=8192/24329 active=8/8 mi_stopped=0
tinker_cookbook.rl.ensemble:1270 [[92mINFO[0m]     [gen/p1] step=10240/24329 active=5/8 mi_stopped=0
tinker_cookbook.rl.ensemble:1270 [[92mINFO[0m]     [gen/p1] step=12288/24329 active=2/8 mi_stopped=0
__main__:1078 [[92mINFO[0m]   Group 2: multi-adapter generation 8 seqs in 1086.6s
__main__:1108 [[92mINFO[0m]   Group 2: rewards computed in 92.9s
__main__:1150 [[92mINFO[0m]     [g2][r1/8] adapter=0 R_exec=2.6008 true_MI=0.00000 RMI=0.0000 R_total=2.6008 correct=1 tokens=12510
__main__:1150 [[92mINFO[0m]     [g2][r2/8] adapter=0 R_exec=2.5897 true_MI=0.00000 RMI=0.0000 R_total=2.5897 correct=1 tokens=10954
__main__:1150 [[92mINFO[0m]     [g2][r3/8] adapter=0 R_exec=2.5741 true_MI=0.00000 RMI=0.0000 R_total=2.5741 correct=1 tokens=8907
__main__:1150 [[92mINFO[0m]     [g2][r4/8] adapter=0 R_exec=0.0000 true_MI=0.00000 RMI=0.0000 R_total=0.0000 correct=0 tokens=9645
__main__:1150 [[92mINFO[0m]     [g2][r5/8] adapter=0 R_exec=2.6163 true_MI=0.00000 RMI=0.0000 R_total=2.6163 correct=1 tokens=12632
__main__:1150 [[92mINFO[0m]     [g2][r6/8] adapter=0 R_exec=0.0000 true_MI=0.00000 RMI=0.0000 R_total=0.0000 correct=0 tokens=10983
__main__:1150 [[92mINFO[0m]     [g2][r7/8] adapter=0 R_exec=0.0000 true_MI=0.00000 RMI=0.0000 R_total=0.0000 correct=0 tokens=12141
__main__:1150 [[92mINFO[0m]     [g2][r8/8] adapter=0 R_exec=0.0000 true_MI=0.00000 RMI=0.0000 R_total=0.0000 correct=0 tokens=10157
__main__:1167 [[92mINFO[0m]   [g2] group true_MI: mean=0.00000 std=0.00000 max=0.00000 normalized=[0.00 0.00 0.00 0.00 0.00 0.00 0.00 0.00]
tinker_cookbook.utils.ml_log:143 [[92mINFO[0m] Wrote metrics to logs/aws/wave1-rerun/cp26-base-seed3/metrics.jsonl
tinker_cookbook.utils.ml_log:240 [[92mINFO[0m] Logging to: https://wandb.ai/kriaz-msee20seecs-nust/ugttt-rebuttal/runs/j5vhm83n
tinker_cookbook.utils.ml_log:143 [[92mINFO[0m] Wrote metrics to logs/aws/wave1-rerun/cp26-base-seed3/metrics.jsonl
tinker_cookbook.utils.ml_log:240 [[92mINFO[0m] Logging to: https://wandb.ai/kriaz-msee20seecs-nust/ugttt-rebuttal/runs/j5vhm83n
tinker_cookbook.utils.ml_log:143 [[92mINFO[0m] Wrote metrics to logs/aws/wave1-rerun/cp26-base-seed3/metrics.jsonl
tinker_cookbook.utils.ml_log:240 [[92mINFO[0m] Logging to: https://wandb.ai/kriaz-msee20seecs-nust/ugttt-rebuttal/runs/j5vhm83n
tinker_cookbook.utils.ml_log:143 [[92mINFO[0m] Wrote metrics to logs/aws/wave1-rerun/cp26-base-seed3/metrics.jsonl
tinker_cookbook.utils.ml_log:240 [[92mINFO[0m] Logging to: https://wandb.ai/kriaz-msee20seecs-nust/ugttt-rebuttal/runs/j5vhm83n
tinker_cookbook.utils.ml_log:143 [[92mINFO[0m] Wrote metrics to logs/aws/wave1-rerun/cp26-base-seed3/metrics.jsonl
tinker_cookbook.utils.ml_log:240 [[92mINFO[0m] Logging to: https://wandb.ai/kriaz-msee20seecs-nust/ugttt-rebuttal/runs/j5vhm83n
tinker_cookbook.utils.ml_log:143 [[92mINFO[0m] Wrote metrics to logs/aws/wave1-rerun/cp26-base-seed3/metrics.jsonl
tinker_cookbook.utils.ml_log:240 [[92mINFO[0m] Logging to: https://wandb.ai/kriaz-msee20seecs-nust/ugttt-rebuttal/runs/j5vhm83n
tinker_cookbook.utils.ml_log:143 [[92mINFO[0m] Wrote metrics to logs/aws/wave1-rerun/cp26-base-seed3/metrics.jsonl
tinker_cookbook.utils.ml_log:240 [[92mINFO[0m] Logging to: https://wandb.ai/kriaz-msee20seecs-nust/ugttt-rebuttal/runs/j5vhm83n
tinker_cookbook.utils.ml_log:143 [[92mINFO[0m] Wrote metrics to logs/aws/wave1-rerun/cp26-base-seed3/metrics.jsonl
tinker_cookbook.utils.ml_log:240 [[92mINFO[0m] Logging to: https://wandb.ai/kriaz-msee20seecs-nust/ugttt-rebuttal/runs/j5vhm83n
__main__:1949 [[92mINFO[0m]   [3][3/8] KEPT | R_exec=1.2976 (max=2.6163) RMI=0.0000 R_total=1.2976 | 1179.5s | GPU: 18.1/60.9GB
tinker_cookbook.utils.ml_log:143 [[92mINFO[0m] Wrote metrics to logs/aws/wave1-rerun/cp26-base-seed3/metrics.jsonl
tinker_cookbook.utils.ml_log:240 [[92mINFO[0m] Logging to: https://wandb.ai/kriaz-msee20seecs-nust/ugttt-rebuttal/runs/j5vhm83n
tinker_cookbook.rl.ensemble:1082 [[92mINFO[0m]   generate_batch_multi_adapter_two_phase: N=8 phase1_max=26000 streaming_mi=False kv_q=False
tinker_cookbook.rl.ensemble:1270 [[92mINFO[0m]     [gen/p1] step=2048/24140 active=8/8 mi_stopped=0
tinker_cookbook.rl.ensemble:1270 [[92mINFO[0m]     [gen/p1] step=4096/24140 active=8/8 mi_stopped=0
tinker_cookbook.rl.ensemble:1270 [[92mINFO[0m]     [gen/p1] step=6144/24140 active=8/8 mi_stopped=0
tinker_cookbook.rl.ensemble:1270 [[92mINFO[0m]     [gen/p1] step=8192/24140 active=7/8 mi_stopped=0
tinker_cookbook.rl.ensemble:1270 [[92mINFO[0m]     [gen/p1] step=10240/24140 active=2/8 mi_stopped=0
tinker_cookbook.rl.ensemble:1270 [[92mINFO[0m]     [gen/p1] step=12288/24140 active=1/8 mi_stopped=0
__main__:1078 [[92mINFO[0m]   Group 3: multi-adapter generation 8 seqs in 1169.5s
__main__:1108 [[92mINFO[0m]   Group 3: rewards computed in 6.3s
__main__:1150 [[92mINFO[0m]     [g3][r1/8] adapter=0 R_exec=0.0000 true_MI=0.00000 RMI=0.0000 R_total=0.0000 correct=0 tokens=7828
__main__:1150 [[92mINFO[0m]     [g3][r2/8] adapter=0 R_exec=2.6178 true_MI=0.00000 RMI=0.0000 R_total=2.6178 correct=1 tokens=10264
__main__:1150 [[92mINFO[0m]     [g3][r3/8] adapter=0 R_exec=0.0000 true_MI=0.00000 RMI=0.0000 R_total=0.0000 correct=0 tokens=9793
__main__:1150 [[92mINFO[0m]     [g3][r4/8] adapter=0 R_exec=0.0000 true_MI=0.00000 RMI=0.0000 R_total=0.0000 correct=0 tokens=10120
__main__:1150 [[92mINFO[0m]     [g3][r5/8] adapter=0 R_exec=2.6058 true_MI=0.00000 RMI=0.0000 R_total=2.6058 correct=1 tokens=9557
__main__:1150 [[92mINFO[0m]     [g3][r6/8] adapter=0 R_exec=0.0000 true_MI=0.00000 RMI=0.0000 R_total=0.0000 correct=0 tokens=8867
__main__:1150 [[92mINFO[0m]     [g3][r7/8] adapter=0 R_exec=0.0000 true_MI=0.00000 RMI=0.0000 R_total=0.0000 correct=0 tokens=13207
__main__:1150 [[92mINFO[0m]     [g3][r8/8] adapter=0 R_exec=0.0000 true_MI=0.00000 RMI=0.0000 R_total=0.0000 correct=0 tokens=9154
__main__:1167 [[92mINFO[0m]   [g3] group true_MI: mean=0.00000 std=0.00000 max=0.00000 normalized=[0.00 0.00 0.00 0.00 0.00 0.00 0.00 0.00]
tinker_cookbook.utils.ml_log:143 [[92mINFO[0m] Wrote metrics to logs/aws/wave1-rerun/cp26-base-seed3/metrics.jsonl
tinker_cookbook.utils.ml_log:240 [[92mINFO[0m] Logging to: https://wandb.ai/kriaz-msee20seecs-nust/ugttt-rebuttal/runs/j5vhm83n
tinker_cookbook.utils.ml_log:143 [[92mINFO[0m] Wrote metrics to logs/aws/wave1-rerun/cp26-base-seed3/metrics.jsonl
tinker_cookbook.utils.ml_log:240 [[92mINFO[0m] Logging to: https://wandb.ai/kriaz-msee20seecs-nust/ugttt-rebuttal/runs/j5vhm83n
tinker_cookbook.utils.ml_log:143 [[92mINFO[0m] Wrote metrics to logs/aws/wave1-rerun/cp26-base-seed3/metrics.jsonl
tinker_cookbook.utils.ml_log:240 [[92mINFO[0m] Logging to: https://wandb.ai/kriaz-msee20seecs-nust/ugttt-rebuttal/runs/j5vhm83n
tinker_cookbook.utils.ml_log:143 [[92mINFO[0m] Wrote metrics to logs/aws/wave1-rerun/cp26-base-seed3/metrics.jsonl
tinker_cookbook.utils.ml_log:240 [[92mINFO[0m] Logging to: https://wandb.ai/kriaz-msee20seecs-nust/ugttt-rebuttal/runs/j5vhm83n
tinker_cookbook.utils.ml_log:143 [[92mINFO[0m] Wrote metrics to logs/aws/wave1-rerun/cp26-base-seed3/metrics.jsonl
tinker_cookbook.utils.ml_log:240 [[92mINFO[0m] Logging to: https://wandb.ai/kriaz-msee20seecs-nust/ugttt-rebuttal/runs/j5vhm83n
tinker_cookbook.utils.ml_log:143 [[92mINFO[0m] Wrote metrics to logs/aws/wave1-rerun/cp26-base-seed3/metrics.jsonl
tinker_cookbook.utils.ml_log:240 [[92mINFO[0m] Logging to: https://wandb.ai/kriaz-msee20seecs-nust/ugttt-rebuttal/runs/j5vhm83n
tinker_cookbook.utils.ml_log:143 [[92mINFO[0m] Wrote metrics to logs/aws/wave1-rerun/cp26-base-seed3/metrics.jsonl
tinker_cookbook.utils.ml_log:240 [[92mINFO[0m] Logging to: https://wandb.ai/kriaz-msee20seecs-nust/ugttt-rebuttal/runs/j5vhm83n
tinker_cookbook.utils.ml_log:143 [[92mINFO[0m] Wrote metrics to logs/aws/wave1-rerun/cp26-base-seed3/metrics.jsonl
tinker_cookbook.utils.ml_log:240 [[92mINFO[0m] Logging to: https://wandb.ai/kriaz-msee20seecs-nust/ugttt-rebuttal/runs/j5vhm83n
__main__:1949 [[92mINFO[0m]   [3][4/8] KEPT | R_exec=0.6529 (max=2.6178) RMI=0.0000 R_total=0.6529 | 1175.8s | GPU: 18.1/60.9GB
tinker_cookbook.utils.ml_log:143 [[92mINFO[0m] Wrote metrics to logs/aws/wave1-rerun/cp26-base-seed3/metrics.jsonl
tinker_cookbook.utils.ml_log:240 [[92mINFO[0m] Logging to: https://wandb.ai/kriaz-msee20seecs-nust/ugttt-rebuttal/runs/j5vhm83n
tinker_cookbook.rl.ensemble:1082 [[92mINFO[0m]   generate_batch_multi_adapter_two_phase: N=8 phase1_max=26000 streaming_mi=False kv_q=False
tinker_cookbook.rl.ensemble:1270 [[92mINFO[0m]     [gen/p1] step=2048/24112 active=8/8 mi_stopped=0
tinker_cookbook.rl.ensemble:1270 [[92mINFO[0m]     [gen/p1] step=4096/24112 active=8/8 mi_stopped=0
tinker_cookbook.rl.ensemble:1270 [[92mINFO[0m]     [gen/p1] step=6144/24112 active=8/8 mi_stopped=0
tinker_cookbook.rl.ensemble:1270 [[92mINFO[0m]     [gen/p1] step=8192/24112 active=4/8 mi_stopped=0
tinker_cookbook.rl.ensemble:1270 [[92mINFO[0m]     [gen/p1] step=10240/24112 active=2/8 mi_stopped=0
__main__:1078 [[92mINFO[0m]   Group 4: multi-adapter generation 8 seqs in 916.8s
__main__:1108 [[92mINFO[0m]   Group 4: rewards computed in 4.0s
__main__:1150 [[92mINFO[0m]     [g4][r1/8] adapter=0 R_exec=0.0000 true_MI=0.00000 RMI=0.0000 R_total=0.0000 correct=0 tokens=6783
__main__:1150 [[92mINFO[0m]     [g4][r2/8] adapter=0 R_exec=0.0000 true_MI=0.00000 RMI=0.0000 R_total=0.0000 correct=0 tokens=7857
__main__:1150 [[92mINFO[0m]     [g4][r3/8] adapter=0 R_exec=2.6261 true_MI=0.00000 RMI=0.0000 R_total=2.6261 correct=1 tokens=8551
__main__:1150 [[92mINFO[0m]     [g4][r4/8] adapter=0 R_exec=2.6261 true_MI=0.00000 RMI=0.0000 R_total=2.6261 correct=1 tokens=7501
__main__:1150 [[92mINFO[0m]     [g4][r5/8] adapter=0 R_exec=2.6007 true_MI=0.00000 RMI=0.0000 R_total=2.6007 correct=1 tokens=6936
__main__:1150 [[92mINFO[0m]     [g4][r6/8] adapter=0 R_exec=0.0000 true_MI=0.00000 RMI=0.0000 R_total=0.0000 correct=0 tokens=10862
__main__:1150 [[92mINFO[0m]     [g4][r7/8] adapter=0 R_exec=0.0000 true_MI=0.00000 RMI=0.0000 R_total=0.0000 correct=0 tokens=11242
__main__:1150 [[92mINFO[0m]     [g4][r8/8] adapter=0 R_exec=0.0000 true_MI=0.00000 RMI=0.0000 R_total=0.0000 correct=0 tokens=9645
__main__:1167 [[92mINFO[0m]   [g4] group true_MI: mean=0.00000 std=0.00000 max=0.00000 normalized=[0.00 0.00 0.00 0.00 0.00 0.00 0.00 0.00]
tinker_cookbook.utils.ml_log:143 [[92mINFO[0m] Wrote metrics to logs/aws/wave1-rerun/cp26-base-seed3/metrics.jsonl
tinker_cookbook.utils.ml_log:240 [[92mINFO[0m] Logging to: https://wandb.ai/kriaz-msee20seecs-nust/ugttt-rebuttal/runs/j5vhm83n
tinker_cookbook.utils.ml_log:143 [[92mINFO[0m] Wrote metrics to logs/aws/wave1-rerun/cp26-base-seed3/metrics.jsonl
tinker_cookbook.utils.ml_log:240 [[92mINFO[0m] Logging to: https://wandb.ai/kriaz-msee20seecs-nust/ugttt-rebuttal/runs/j5vhm83n
tinker_cookbook.utils.ml_log:143 [[92mINFO[0m] Wrote metrics to logs/aws/wave1-rerun/cp26-base-seed3/metrics.jsonl
tinker_cookbook.utils.ml_log:240 [[92mINFO[0m] Logging to: https://wandb.ai/kriaz-msee20seecs-nust/ugttt-rebuttal/runs/j5vhm83n
tinker_cookbook.utils.ml_log:143 [[92mINFO[0m] Wrote metrics to logs/aws/wave1-rerun/cp26-base-seed3/metrics.jsonl
tinker_cookbook.utils.ml_log:240 [[92mINFO[0m] Logging to: https://wandb.ai/kriaz-msee20seecs-nust/ugttt-rebuttal/runs/j5vhm83n
tinker_cookbook.utils.ml_log:143 [[92mINFO[0m] Wrote metrics to logs/aws/wave1-rerun/cp26-base-seed3/metrics.jsonl
tinker_cookbook.utils.ml_log:240 [[92mINFO[0m] Logging to: https://wandb.ai/kriaz-msee20seecs-nust/ugttt-rebuttal/runs/j5vhm83n
tinker_cookbook.utils.ml_log:143 [[92mINFO[0m] Wrote metrics to logs/aws/wave1-rerun/cp26-base-seed3/metrics.jsonl
tinker_cookbook.utils.ml_log:240 [[92mINFO[0m] Logging to: https://wandb.ai/kriaz-msee20seecs-nust/ugttt-rebuttal/runs/j5vhm83n
tinker_cookbook.utils.ml_log:143 [[92mINFO[0m] Wrote metrics to logs/aws/wave1-rerun/cp26-base-seed3/metrics.jsonl
tinker_cookbook.utils.ml_log:240 [[92mINFO[0m] Logging to: https://wandb.ai/kriaz-msee20seecs-nust/ugttt-rebuttal/runs/j5vhm83n
tinker_cookbook.utils.ml_log:143 [[92mINFO[0m] Wrote metrics to logs/aws/wave1-rerun/cp26-base-seed3/metrics.jsonl
tinker_cookbook.utils.ml_log:240 [[92mINFO[0m] Logging to: https://wandb.ai/kriaz-msee20seecs-nust/ugttt-rebuttal/runs/j5vhm83n
__main__:1949 [[92mINFO[0m]   [3][5/8] KEPT | R_exec=0.9816 (max=2.6261) RMI=0.0000 R_total=0.9816 | 920.9s | GPU: 18.1/60.7GB
tinker_cookbook.utils.ml_log:143 [[92mINFO[0m] Wrote metrics to logs/aws/wave1-rerun/cp26-base-seed3/metrics.jsonl
tinker_cookbook.utils.ml_log:240 [[92mINFO[0m] Logging to: https://wandb.ai/kriaz-msee20seecs-nust/ugttt-rebuttal/runs/j5vhm83n
tinker_cookbook.rl.ensemble:1082 [[92mINFO[0m]   generate_batch_multi_adapter_two_phase: N=8 phase1_max=26000 streaming_mi=False kv_q=False
tinker_cookbook.rl.ensemble:1270 [[92mINFO[0m]     [gen/p1] step=2048/24163 active=8/8 mi_stopped=0
tinker_cookbook.rl.ensemble:1270 [[92mINFO[0m]     [gen/p1] step=4096/24163 active=8/8 mi_stopped=0
tinker_cookbook.rl.ensemble:1270 [[92mINFO[0m]     [gen/p1] step=6144/24163 active=8/8 mi_stopped=0
tinker_cookbook.rl.ensemble:1270 [[92mINFO[0m]     [gen/p1] step=8192/24163 active=6/8 mi_stopped=0
tinker_cookbook.rl.ensemble:1270 [[92mINFO[0m]     [gen/p1] step=10240/24163 active=5/8 mi_stopped=0
tinker_cookbook.rl.ensemble:1270 [[92mINFO[0m]     [gen/p1] step=12288/24163 active=1/8 mi_stopped=0
__main__:1078 [[92mINFO[0m]   Group 5: multi-adapter generation 8 seqs in 1280.3s
__main__:1108 [[92mINFO[0m]   Group 5: rewards computed in 27.2s
__main__:1150 [[92mINFO[0m]     [g5][r1/8] adapter=0 R_exec=2.6065 true_MI=0.00000 RMI=0.0000 R_total=2.6065 correct=1 tokens=11949
__main__:1150 [[92mINFO[0m]     [g5][r2/8] adapter=0 R_exec=2.5787 true_MI=0.00000 RMI=0.0000 R_total=2.5787 correct=1 tokens=13989
__main__:1150 [[92mINFO[0m]     [g5][r3/8] adapter=0 R_exec=0.0000 true_MI=0.00000 RMI=0.0000 R_total=0.0000 correct=0 tokens=8107
__main__:1150 [[92mINFO[0m]     [g5][r4/8] adapter=0 R_exec=2.6208 true_MI=0.00000 RMI=0.0000 R_total=2.6208 correct=1 tokens=10938
__main__:1150 [[92mINFO[0m]     [g5][r5/8] adapter=0 R_exec=2.4865 true_MI=0.00000 RMI=0.0000 R_total=2.4865 correct=1 tokens=11017
__main__:1150 [[92mINFO[0m]     [g5][r6/8] adapter=0 R_exec=0.0000 true_MI=0.00000 RMI=0.0000 R_total=0.0000 correct=0 tokens=10506
__main__:1150 [[92mINFO[0m]     [g5][r7/8] adapter=0 R_exec=2.5377 true_MI=0.00000 RMI=0.0000 R_total=2.5377 correct=1 tokens=8288
__main__:1150 [[92mINFO[0m]     [g5][r8/8] adapter=0 R_exec=0.0000 true_MI=0.00000 RMI=0.0000 R_total=0.0000 correct=0 tokens=8095
__main__:1167 [[92mINFO[0m]   [g5] group true_MI: mean=0.00000 std=0.00000 max=0.00000 normalized=[0.00 0.00 0.00 0.00 0.00 0.00 0.00 0.00]
tinker_cookbook.utils.ml_log:143 [[92mINFO[0m] Wrote metrics to logs/aws/wave1-rerun/cp26-base-seed3/metrics.jsonl
tinker_cookbook.utils.ml_log:240 [[92mINFO[0m] Logging to: https://wandb.ai/kriaz-msee20seecs-nust/ugttt-rebuttal/runs/j5vhm83n
tinker_cookbook.utils.ml_log:143 [[92mINFO[0m] Wrote metrics to logs/aws/wave1-rerun/cp26-base-seed3/metrics.jsonl
tinker_cookbook.utils.ml_log:240 [[92mINFO[0m] Logging to: https://wandb.ai/kriaz-msee20seecs-nust/ugttt-rebuttal/runs/j5vhm83n
tinker_cookbook.utils.ml_log:143 [[92mINFO[0m] Wrote metrics to logs/aws/wave1-rerun/cp26-base-seed3/metrics.jsonl
tinker_cookbook.utils.ml_log:240 [[92mINFO[0m] Logging to: https://wandb.ai/kriaz-msee20seecs-nust/ugttt-rebuttal/runs/j5vhm83n
tinker_cookbook.utils.ml_log:143 [[92mINFO[0m] Wrote metrics to logs/aws/wave1-rerun/cp26-base-seed3/metrics.jsonl
tinker_cookbook.utils.ml_log:240 [[92mINFO[0m] Logging to: https://wandb.ai/kriaz-msee20seecs-nust/ugttt-rebuttal/runs/j5vhm83n
tinker_cookbook.utils.ml_log:143 [[92mINFO[0m] Wrote metrics to logs/aws/wave1-rerun/cp26-base-seed3/metrics.jsonl
tinker_cookbook.utils.ml_log:240 [[92mINFO[0m] Logging to: https://wandb.ai/kriaz-msee20seecs-nust/ugttt-rebuttal/runs/j5vhm83n
tinker_cookbook.utils.ml_log:143 [[92mINFO[0m] Wrote metrics to logs/aws/wave1-rerun/cp26-base-seed3/metrics.jsonl
tinker_cookbook.utils.ml_log:240 [[92mINFO[0m] Logging to: https://wandb.ai/kriaz-msee20seecs-nust/ugttt-rebuttal/runs/j5vhm83n
tinker_cookbook.utils.ml_log:143 [[92mINFO[0m] Wrote metrics to logs/aws/wave1-rerun/cp26-base-seed3/metrics.jsonl
tinker_cookbook.utils.ml_log:240 [[92mINFO[0m] Logging to: https://wandb.ai/kriaz-msee20seecs-nust/ugttt-rebuttal/runs/j5vhm83n
tinker_cookbook.utils.ml_log:143 [[92mINFO[0m] Wrote metrics to logs/aws/wave1-rerun/cp26-base-seed3/metrics.jsonl
tinker_cookbook.utils.ml_log:240 [[92mINFO[0m] Logging to: https://wandb.ai/kriaz-msee20seecs-nust/ugttt-rebuttal/runs/j5vhm83n
__main__:1949 [[92mINFO[0m]   [3][6/8] KEPT | R_exec=1.6038 (max=2.6208) RMI=0.0000 R_total=1.6038 | 1307.6s | GPU: 18.1/60.9GB
tinker_cookbook.utils.ml_log:143 [[92mINFO[0m] Wrote metrics to logs/aws/wave1-rerun/cp26-base-seed3/metrics.jsonl
tinker_cookbook.utils.ml_log:240 [[92mINFO[0m] Logging to: https://wandb.ai/kriaz-msee20seecs-nust/ugttt-rebuttal/runs/j5vhm83n
tinker_cookbook.rl.ensemble:1082 [[92mINFO[0m]   generate_batch_multi_adapter_two_phase: N=8 phase1_max=26000 streaming_mi=False kv_q=False
tinker_cookbook.rl.ensemble:1270 [[92mINFO[0m]     [gen/p1] step=2048/24188 active=8/8 mi_stopped=0
tinker_cookbook.rl.ensemble:1270 [[92mINFO[0m]     [gen/p1] step=4096/24188 active=8/8 mi_stopped=0
tinker_cookbook.rl.ensemble:1270 [[92mINFO[0m]     [gen/p1] step=6144/24188 active=8/8 mi_stopped=0
tinker_cookbook.rl.ensemble:1270 [[92mINFO[0m]     [gen/p1] step=8192/24188 active=8/8 mi_stopped=0
tinker_cookbook.rl.ensemble:1270 [[92mINFO[0m]     [gen/p1] step=10240/24188 active=4/8 mi_stopped=0
tinker_cookbook.rl.ensemble:1270 [[92mINFO[0m]     [gen/p1] step=12288/24188 active=3/8 mi_stopped=0
__main__:1078 [[92mINFO[0m]   Group 6: multi-adapter generation 8 seqs in 1271.4s
__main__:1108 [[92mINFO[0m]   Group 6: rewards computed in 227.7s
__main__:1150 [[92mINFO[0m]     [g6][r1/8] adapter=0 R_exec=2.6266 true_MI=0.00000 RMI=0.0000 R_total=2.6266 correct=1 tokens=13128
__main__:1150 [[92mINFO[0m]     [g6][r2/8] adapter=0 R_exec=0.0000 true_MI=0.00000 RMI=0.0000 R_total=0.0000 correct=0 tokens=8637
__main__:1150 [[92mINFO[0m]     [g6][r3/8] adapter=0 R_exec=2.6047 true_MI=0.00000 RMI=0.0000 R_total=2.6047 correct=1 tokens=9692
__main__:1150 [[92mINFO[0m]     [g6][r4/8] adapter=0 R_exec=0.0000 true_MI=0.00000 RMI=0.0000 R_total=0.0000 correct=0 tokens=12314
__main__:1150 [[92mINFO[0m]     [g6][r5/8] adapter=0 R_exec=2.6104 true_MI=0.00000 RMI=0.0000 R_total=2.6104 correct=1 tokens=9586
__main__:1150 [[92mINFO[0m]     [g6][r6/8] adapter=0 R_exec=0.0000 true_MI=0.00000 RMI=0.0000 R_total=0.0000 correct=0 tokens=10432
__main__:1150 [[92mINFO[0m]     [g6][r7/8] adapter=0 R_exec=2.6245 true_MI=0.00000 RMI=0.0000 R_total=2.6245 correct=1 tokens=9807
__main__:1150 [[92mINFO[0m]     [g6][r8/8] adapter=0 R_exec=0.0000 true_MI=0.00000 RMI=0.0000 R_total=0.0000 correct=0 tokens=13950
__main__:1167 [[92mINFO[0m]   [g6] group true_MI: mean=0.00000 std=0.00000 max=0.00000 normalized=[0.00 0.00 0.00 0.00 0.00 0.00 0.00 0.00]
tinker_cookbook.utils.ml_log:143 [[92mINFO[0m] Wrote metrics to logs/aws/wave1-rerun/cp26-base-seed3/metrics.jsonl
tinker_cookbook.utils.ml_log:240 [[92mINFO[0m] Logging to: https://wandb.ai/kriaz-msee20seecs-nust/ugttt-rebuttal/runs/j5vhm83n
tinker_cookbook.utils.ml_log:143 [[92mINFO[0m] Wrote metrics to logs/aws/wave1-rerun/cp26-base-seed3/metrics.jsonl
tinker_cookbook.utils.ml_log:240 [[92mINFO[0m] Logging to: https://wandb.ai/kriaz-msee20seecs-nust/ugttt-rebuttal/runs/j5vhm83n
tinker_cookbook.utils.ml_log:143 [[92mINFO[0m] Wrote metrics to logs/aws/wave1-rerun/cp26-base-seed3/metrics.jsonl
tinker_cookbook.utils.ml_log:240 [[92mINFO[0m] Logging to: https://wandb.ai/kriaz-msee20seecs-nust/ugttt-rebuttal/runs/j5vhm83n
tinker_cookbook.utils.ml_log:143 [[92mINFO[0m] Wrote metrics to logs/aws/wave1-rerun/cp26-base-seed3/metrics.jsonl
tinker_cookbook.utils.ml_log:240 [[92mINFO[0m] Logging to: https://wandb.ai/kriaz-msee20seecs-nust/ugttt-rebuttal/runs/j5vhm83n
tinker_cookbook.utils.ml_log:143 [[92mINFO[0m] Wrote metrics to logs/aws/wave1-rerun/cp26-base-seed3/metrics.jsonl
tinker_cookbook.utils.ml_log:240 [[92mINFO[0m] Logging to: https://wandb.ai/kriaz-msee20seecs-nust/ugttt-rebuttal/runs/j5vhm83n
tinker_cookbook.utils.ml_log:143 [[92mINFO[0m] Wrote metrics to logs/aws/wave1-rerun/cp26-base-seed3/metrics.jsonl
tinker_cookbook.utils.ml_log:240 [[92mINFO[0m] Logging to: https://wandb.ai/kriaz-msee20seecs-nust/ugttt-rebuttal/runs/j5vhm83n
tinker_cookbook.utils.ml_log:143 [[92mINFO[0m] Wrote metrics to logs/aws/wave1-rerun/cp26-base-seed3/metrics.jsonl
tinker_cookbook.utils.ml_log:240 [[92mINFO[0m] Logging to: https://wandb.ai/kriaz-msee20seecs-nust/ugttt-rebuttal/runs/j5vhm83n
tinker_cookbook.utils.ml_log:143 [[92mINFO[0m] Wrote metrics to logs/aws/wave1-rerun/cp26-base-seed3/metrics.jsonl
tinker_cookbook.utils.ml_log:240 [[92mINFO[0m] Logging to: https://wandb.ai/kriaz-msee20seecs-nust/ugttt-rebuttal/runs/j5vhm83n
__main__:1949 [[92mINFO[0m]   [3][7/8] KEPT | R_exec=1.3083 (max=2.6266) RMI=0.0000 R_total=1.3083 | 1499.1s | GPU: 18.1/60.9GB
tinker_cookbook.utils.ml_log:143 [[92mINFO[0m] Wrote metrics to logs/aws/wave1-rerun/cp26-base-seed3/metrics.jsonl
tinker_cookbook.utils.ml_log:240 [[92mINFO[0m] Logging to: https://wandb.ai/kriaz-msee20seecs-nust/ugttt-rebuttal/runs/j5vhm83n
tinker_cookbook.rl.ensemble:1082 [[92mINFO[0m]   generate_batch_multi_adapter_two_phase: N=8 phase1_max=26000 streaming_mi=False kv_q=False
tinker_cookbook.rl.ensemble:1270 [[92mINFO[0m]     [gen/p1] step=2048/24108 active=8/8 mi_stopped=0
tinker_cookbook.rl.ensemble:1270 [[92mINFO[0m]     [gen/p1] step=4096/24108 active=8/8 mi_stopped=0
tinker_cookbook.rl.ensemble:1270 [[92mINFO[0m]     [gen/p1] step=6144/24108 active=8/8 mi_stopped=0
tinker_cookbook.rl.ensemble:1270 [[92mINFO[0m]     [gen/p1] step=8192/24108 active=7/8 mi_stopped=0
tinker_cookbook.rl.ensemble:1270 [[92mINFO[0m]     [gen/p1] step=10240/24108 active=3/8 mi_stopped=0
tinker_cookbook.rl.ensemble:1270 [[92mINFO[0m]     [gen/p1] step=12288/24108 active=2/8 mi_stopped=0
tinker_cookbook.rl.ensemble:1270 [[92mINFO[0m]     [gen/p1] step=14336/24108 active=1/8 mi_stopped=0
__main__:1078 [[92mINFO[0m]   Group 7: multi-adapter generation 8 seqs in 1459.8s
__main__:1108 [[92mINFO[0m]   Group 7: rewards computed in 8.8s
__main__:1150 [[92mINFO[0m]     [g7][r1/8] adapter=0 R_exec=2.5828 true_MI=0.00000 RMI=0.0000 R_total=2.5828 correct=1 tokens=13005
__main__:1150 [[92mINFO[0m]     [g7][r2/8] adapter=0 R_exec=2.6276 true_MI=0.00000 RMI=0.0000 R_total=2.6276 correct=1 tokens=9013
__main__:1150 [[92mINFO[0m]     [g7][r3/8] adapter=0 R_exec=2.5828 true_MI=0.00000 RMI=0.0000 R_total=2.5828 correct=1 tokens=8643
__main__:1150 [[92mINFO[0m]     [g7][r4/8] adapter=0 R_exec=0.0000 true_MI=0.00000 RMI=0.0000 R_total=0.0000 correct=0 tokens=10210
__main__:1150 [[92mINFO[0m]     [g7][r5/8] adapter=0 R_exec=2.5467 true_MI=0.00000 RMI=0.0000 R_total=2.5467 correct=1 tokens=11997
__main__:1150 [[92mINFO[0m]     [g7][r6/8] adapter=0 R_exec=0.0000 true_MI=0.00000 RMI=0.0000 R_total=0.0000 correct=0 tokens=9353
__main__:1150 [[92mINFO[0m]     [g7][r7/8] adapter=0 R_exec=2.6102 true_MI=0.00000 RMI=0.0000 R_total=2.6102 correct=1 tokens=15274
__main__:1150 [[92mINFO[0m]     [g7][r8/8] adapter=0 R_exec=2.5802 true_MI=0.00000 RMI=0.0000 R_total=2.5802 correct=1 tokens=7749
__main__:1167 [[92mINFO[0m]   [g7] group true_MI: mean=0.00000 std=0.00000 max=0.00000 normalized=[0.00 0.00 0.00 0.00 0.00 0.00 0.00 0.00]
tinker_cookbook.utils.ml_log:143 [[92mINFO[0m] Wrote metrics to logs/aws/wave1-rerun/cp26-base-seed3/metrics.jsonl
tinker_cookbook.utils.ml_log:240 [[92mINFO[0m] Logging to: https://wandb.ai/kriaz-msee20seecs-nust/ugttt-rebuttal/runs/j5vhm83n
tinker_cookbook.utils.ml_log:143 [[92mINFO[0m] Wrote metrics to logs/aws/wave1-rerun/cp26-base-seed3/metrics.jsonl
tinker_cookbook.utils.ml_log:240 [[92mINFO[0m] Logging to: https://wandb.ai/kriaz-msee20seecs-nust/ugttt-rebuttal/runs/j5vhm83n
tinker_cookbook.utils.ml_log:143 [[92mINFO[0m] Wrote metrics to logs/aws/wave1-rerun/cp26-base-seed3/metrics.jsonl
tinker_cookbook.utils.ml_log:240 [[92mINFO[0m] Logging to: https://wandb.ai/kriaz-msee20seecs-nust/ugttt-rebuttal/runs/j5vhm83n
tinker_cookbook.utils.ml_log:143 [[92mINFO[0m] Wrote metrics to logs/aws/wave1-rerun/cp26-base-seed3/metrics.jsonl
tinker_cookbook.utils.ml_log:240 [[92mINFO[0m] Logging to: https://wandb.ai/kriaz-msee20seecs-nust/ugttt-rebuttal/runs/j5vhm83n
tinker_cookbook.utils.ml_log:143 [[92mINFO[0m] Wrote metrics to logs/aws/wave1-rerun/cp26-base-seed3/metrics.jsonl
tinker_cookbook.utils.ml_log:240 [[92mINFO[0m] Logging to: https://wandb.ai/kriaz-msee20seecs-nust/ugttt-rebuttal/runs/j5vhm83n
tinker_cookbook.utils.ml_log:143 [[92mINFO[0m] Wrote metrics to logs/aws/wave1-rerun/cp26-base-seed3/metrics.jsonl
tinker_cookbook.utils.ml_log:240 [[92mINFO[0m] Logging to: https://wandb.ai/kriaz-msee20seecs-nust/ugttt-rebuttal/runs/j5vhm83n
tinker_cookbook.utils.ml_log:143 [[92mINFO[0m] Wrote metrics to logs/aws/wave1-rerun/cp26-base-seed3/metrics.jsonl
tinker_cookbook.utils.ml_log:240 [[92mINFO[0m] Logging to: https://wandb.ai/kriaz-msee20seecs-nust/ugttt-rebuttal/runs/j5vhm83n
tinker_cookbook.utils.ml_log:143 [[92mINFO[0m] Wrote metrics to logs/aws/wave1-rerun/cp26-base-seed3/metrics.jsonl
tinker_cookbook.utils.ml_log:240 [[92mINFO[0m] Logging to: https://wandb.ai/kriaz-msee20seecs-nust/ugttt-rebuttal/runs/j5vhm83n
__main__:1949 [[92mINFO[0m]   [3][8/8] KEPT | R_exec=1.9413 (max=2.6276) RMI=0.0000 R_total=1.9413 | 1468.7s | GPU: 18.1/61.2GB
tinker_cookbook.utils.ml_log:143 [[92mINFO[0m] Wrote metrics to logs/aws/wave1-rerun/cp26-base-seed3/metrics.jsonl
tinker_cookbook.utils.ml_log:240 [[92mINFO[0m] Logging to: https://wandb.ai/kriaz-msee20seecs-nust/ugttt-rebuttal/runs/j5vhm83n
__main__:1988 [[92mINFO[0m] [Epoch 3] Rollout phase done in 9598.1s. Training on 8/8 groups...
tinker_cookbook.utils.ml_log:143 [[92mINFO[0m] Wrote metrics to logs/aws/wave1-rerun/cp26-base-seed3/metrics.jsonl
[BaseRewardTask] Found existing cpu_scheduler actor.[BaseRewardTask] Found existing cpu_scheduler actor.

[BaseRewardTask] Found existing cpu_scheduler actor.[BaseRewardTask] Found existing cpu_scheduler actor.

[BaseRewardTask] Found existing cpu_scheduler actor.
[BaseRewardTask] Found existing cpu_scheduler actor.
[BaseRewardTask] Found existing cpu_scheduler actor.
[BaseRewardTask] Found existing cpu_scheduler actor.
Circle 4 at (0.9212179198832353, 0.07878208010951386) with radius 0.07878208011287426 is outside the unit square
Circle 15 at (0.8651252688845288, 0.4353789734098064) with radius 0.1348747311247627 is outside the unit square
[BaseRewardTask] Found existing cpu_scheduler actor.[BaseRewardTask] Found existing cpu_scheduler actor.
[BaseRewardTask] Found existing cpu_scheduler actor.

[BaseRewardTask] Found existing cpu_scheduler actor.
[BaseRewardTask] Found existing cpu_scheduler actor.[BaseRewardTask] Found existing cpu_scheduler actor.

[BaseRewardTask] Found existing cpu_scheduler actor.
[BaseRewardTask] Found existing cpu_scheduler actor.
Circle 25 at (0.105, 1.0143266739736605) with radius 0.105 is outside the unit square
Circles 0 and 1 overlap: dist=0.28719177439859933, r1+r2=0.287191781418403
[BaseRewardTask] Found existing cpu_scheduler actor.[BaseRewardTask] Found existing cpu_scheduler actor.

[BaseRewardTask] Found existing cpu_scheduler actor.
[BaseRewardTask] Found existing cpu_scheduler actor.[BaseRewardTask] Found existing cpu_scheduler actor.

[BaseRewardTask] Found existing cpu_scheduler actor.[BaseRewardTask] Found existing cpu_scheduler actor.

[BaseRewardTask] Found existing cpu_scheduler actor.
Circles 0 and 2 overlap: dist=0.21245746229998658, r1+r2=0.21245897912432485
Circles 2 and 7 overlap: dist=0.2241667480288807, r1+r2=0.22416674876561155
Circles 0 and 1 overlap: dist=0.20631876178542574, r1+r2=0.20631876464373633
[BaseRewardTask] Found existing cpu_scheduler actor.[BaseRewardTask] Found existing cpu_scheduler actor.
[BaseRewardTask] Found existing cpu_scheduler actor.
[BaseRewardTask] Found existing cpu_scheduler actor.
[BaseRewardTask] Found existing cpu_scheduler actor.

[BaseRewardTask] Found existing cpu_scheduler actor.
[BaseRewardTask] Found existing cpu_scheduler actor.
[BaseRewardTask] Found existing cpu_scheduler actor.
Circle 23 at (0.10467319623605933, 0.8953268037585649) with radius 0.10467319624119745 is outside the unit square
Circles 1 and 2 overlap: dist=0.2660114809978162, r1+r2=0.266011481003385
Circle 11 at (0.9133575147758756, 0.22378245902337154) with radius 0.08664248522523249 is outside the unit square
Circles 1 and 2 overlap: dist=0.266011480998013, r1+r2=0.2660114810030658
Circles 1 and 6 overlap: dist=0.11788628919439337, r1+r2=0.11788628960183767
[BaseRewardTask] Found existing cpu_scheduler actor.[BaseRewardTask] Found existing cpu_scheduler actor.
[BaseRewardTask] Found existing cpu_scheduler actor.
[BaseRewardTask] Found existing cpu_scheduler actor.

[BaseRewardTask] Found existing cpu_scheduler actor.[BaseRewardTask] Found existing cpu_scheduler actor.

[BaseRewardTask] Found existing cpu_scheduler actor.
[BaseRewardTask] Found existing cpu_scheduler actor.
Circle 2 at (0.5496645813078029, 0.04529968780280454) with radius 0.045299687807285216 is outside the unit square
Circle 9 at (0.8744927222961854, 0.28559608866533315) with radius 0.1255072777071759 is outside the unit square
Circles 1 and 6 overlap: dist=0.207463902960183, r1+r2=0.2074726731345404
Circles 0 and 1 overlap: dist=0.18740608771812786, r1+r2=0.18740769446913297
[BaseRewardTask] Found existing cpu_scheduler actor.
[BaseRewardTask] Found existing cpu_scheduler actor.
[BaseRewardTask] Found existing cpu_scheduler actor.
[BaseRewardTask] Found existing cpu_scheduler actor.[BaseRewardTask] Found existing cpu_scheduler actor.

[BaseRewardTask] Found existing cpu_scheduler actor.
[BaseRewardTask] Found existing cpu_scheduler actor.
[BaseRewardTask] Found existing cpu_scheduler actor.
Circle 0 at (0.12, 0.12) with radius 1.0 is outside the unit square
Circle 4 at (0.48561102512275334, 0.9129167395779252) with radius 0.08708326045596629 is outside the unit square
[BaseRewardTask] Found existing cpu_scheduler actor.
[BaseRewardTask] Found existing cpu_scheduler actor.
[BaseRewardTask] Found existing cpu_scheduler actor.
[BaseRewardTask] Found existing cpu_scheduler actor.[BaseRewardTask] Found existing cpu_scheduler actor.

[BaseRewardTask] Found existing cpu_scheduler actor.[BaseRewardTask] Found existing cpu_scheduler actor.

[BaseRewardTask] Found existing cpu_scheduler actor.
Circle 0 at (0.1, 0.1) with radius 1.0 is outside the unit square
Circles 0 and 6 overlap: dist=0.21760335002724643, r1+r2=0.21760335003542658
Circles 0 and 1 overlap: dist=0.2872951772526355, r1+r2=0.28729518147837835
[BaseRewardTask] Found existing cpu_scheduler actor.[BaseRewardTask] Found existing cpu_scheduler actor.
[BaseRewardTask] Found existing cpu_scheduler actor.
[BaseRewardTask] Found existing cpu_scheduler actor.

[BaseRewardTask] Found existing cpu_scheduler actor.
[BaseRewardTask] Found existing cpu_scheduler actor.
[BaseRewardTask] Found existing cpu_scheduler actor.
[BaseRewardTask] Found existing cpu_scheduler actor.
Circles 1 and 2 overlap: dist=0.154967762210267, r1+r2=0.15496776221153608
tinker_cookbook.utils.ml_log:195 [[92mINFO[0m] 
┏━━━━━━━━━━━━━━━━━━━━━━━━━━━━━━━━┳━━━━━━━━━━━━━━┓
┃ Metric                         ┃ Value        ┃
┡━━━━━━━━━━━━━━━━━━━━━━━━━━━━━━━━╇━━━━━━━━━━━━━━┩
│ gpu/memory_allocated_gb        │ 18.092511    │
│ gpu/memory_peak_gb             │ 60.641105    │
│ gpu/memory_reserved_gb         │ 18.121490    │
│ kl_policy_base                 │ 0.015695     │
│ optim/entropy                  │ 0.474317     │
│ optim/kl_sample_train_v1       │ 0.000122     │
│ optim/kl_sample_train_v2       │ 0.000123     │
│ progress/done_frac             │ 0.666667     │
│ progress/epoch                 │ 3            │
│ rollout/groups_attempted       │ 8.000000     │
│ rollout/groups_filtered        │ 0.000000     │
│ rollout/groups_kept            │ 8.000000     │
│ rollout/intra_group_reward_std │ 1.220446     │
│ time/rollout                   │ 9598.121189  │
│ time/total                     │ 9896.308317  │
│ time/train                     │ 298.097818   │
│ train/advantage/max            │ 5.697068     │
│ train/advantage/mean           │ 0.262203     │
│ train/advantage/min            │ -1.000000    │
│ train/advantage/std            │ 1.686799     │
│ train/beta/mean                │ 23.974525    │
│ train/beta/std                 │ 40.160168    │
│ train/correctness/mean         │ 0.484375     │
│ train/correctness/rate         │ 0.484375     │
│ train/ensemble/frac_high_disa… │ 0.000000     │
│ train/ensemble/max_token_disa… │ nan          │
│ train/ensemble/member_logprob… │ 0.000000     │
│ train/ensemble/member_logprob… │ nan          │
│ train/gamma_eff/mean           │ 0.000000     │
│ train/gen/num_tokens/max       │ 15274.000000 │
│ train/gen/num_tokens/mean      │ 10118.953125 │
│ train/gen/num_tokens/std       │ 1856.267167  │
│ train/loss                     │ -0.262163    │
│ train/nnm_loss                 │ 0.000000     │
│ train/nnm_nuclear_norm         │ 0.000000     │
│ train/num_groups               │ 8.000000     │
│ train/num_rollouts             │ 64.000000    │
│ train/num_rollouts_total       │ 64.000000    │
│ train/reward/exec/best         │ 2.627644     │
│ train/reward/exec/max          │ 2.627644     │
│ train/reward/exec/mean         │ 1.258868     │
│ train/reward/exec/min          │ 0.000000     │
│ train/reward/exec/std          │ 1.299016     │
│ train/reward/rmi/max           │ 0.000000     │
│ train/reward/rmi/mean          │ 0.000000     │
│ train/reward/rmi/min           │ 0.000000     │
│ train/reward/rmi/std           │ 0.000000     │
│ train/reward/total/best        │ 2.627644     │
│ train/reward/total/max         │ 2.627644     │
│ train/reward/total/mean        │ 1.258868     │
│ train/reward/total/min         │ 0.000000     │
│ train/reward/total/std         │ 1.299016     │
│ train/streaming_mi/stop_rate   │ 0.000000     │
│ train/streaming_mi/tokens_sav… │ 0.000000     │
│ train/streaming_mi/tokens_sav… │ 0.000000     │
│ train/two_phase/phase1_tokens… │ 10118.953125 │
│ train/two_phase/phase2_tokens… │ 0.000000     │
│ train/two_phase/prefill_rate   │ 0.000000     │
│ train/uncertainty/predictive_… │ 0.000000     │
│ train/uncertainty/predictive_… │ 0.000000     │
│ train/uncertainty/predictive_… │ 0.000000     │
│ train/uncertainty/predictive_… │ 0.000000     │
│ train/uncertainty/predictive_… │ 0.000000     │
│ train/uncertainty/predictive_… │ 0.000000     │
│ train/uncertainty/predictive_… │ 0.000000     │
│ train/uncertainty/predictive_… │ 0.000000     │
│ train/uncertainty/rmi/max      │ 0.000000     │
│ train/uncertainty/rmi/mean     │ 0.000000     │
│ train/uncertainty/rmi/min      │ 0.000000     │
│ train/uncertainty/rmi/std      │ 0.000000     │
│ train/uncertainty/rmi_top7/max │ 0.000000     │
│ train/uncertainty/rmi_top7/me… │ 0.000000     │
│ train/uncertainty/rmi_top7/min │ 0.000000     │
│ train/uncertainty/rmi_top7/std │ 0.000000     │
│ train/uncertainty/top7_mi_cod… │ 0.000000     │
│ train/uncertainty/top7_mi_cod… │ 0.000000     │
│ train/uncertainty/top7_mi_thi… │ 0.000000     │
│ train/uncertainty/top7_mi_thi… │ 0.000000     │
│ train/uncertainty/top7_pct_co… │ 0.000000     │
│ train/uncertainty/top7_pct_co… │ 0.000000     │
│ train/uncertainty/top7_pct_th… │ 1.000000     │
│ train/uncertainty/top7_pct_th… │ 0.000000     │
│ train/uncertainty/true_mi/max  │ 0.000000     │
│ train/uncertainty/true_mi/mean │ 0.000000     │
│ train/uncertainty/true_mi/min  │ 0.000000     │
│ train/uncertainty/true_mi/std  │ 0.000000     │
│ train/uncertainty/variance/max │ nan          │
│ train/uncertainty/variance/me… │ nan          │
│ train/uncertainty/variance/min │ nan          │
│ train/uncertainty/variance/std │ nan          │
│ train/uncertainty/variance_to… │ nan          │
│ train/uncertainty/variance_to… │ nan          │
│ train/uncertainty/variance_to… │ nan          │
│ train/uncertainty/variance_to… │ nan          │
└────────────────────────────────┴──────────────┘
tinker_cookbook.utils.ml_log:240 [[92mINFO[0m] Logging to: https://wandb.ai/kriaz-msee20seecs-nust/ugttt-rebuttal/runs/j5vhm83n
__main__:2062 [[92mINFO[0m] [Epoch 3] R_exec=1.2589 (max=2.6276 best=2.6276) RMI=0.0000 beta=23.97 corr=48.4% loss=-0.2622 groups=8/8 time=9896.3s
__main__:2073 [[92mINFO[0m] Checkpoint saved at epoch 3
__main__:1836 [[92mINFO[0m] [Epoch 4/6] Starting rollout phase: 8 groups × 8 rollouts
tinker_cookbook.rl.ensemble:1082 [[92mINFO[0m]   generate_batch_multi_adapter_two_phase: N=8 phase1_max=26000 streaming_mi=False kv_q=False
tinker_cookbook.rl.ensemble:1270 [[92mINFO[0m]     [gen/p1] step=2048/24129 active=8/8 mi_stopped=0
tinker_cookbook.rl.ensemble:1270 [[92mINFO[0m]     [gen/p1] step=4096/24129 active=8/8 mi_stopped=0
tinker_cookbook.rl.ensemble:1270 [[92mINFO[0m]     [gen/p1] step=6144/24129 active=8/8 mi_stopped=0
tinker_cookbook.rl.ensemble:1270 [[92mINFO[0m]     [gen/p1] step=8192/24129 active=7/8 mi_stopped=0
tinker_cookbook.rl.ensemble:1270 [[92mINFO[0m]     [gen/p1] step=10240/24129 active=3/8 mi_stopped=0
__main__:1078 [[92mINFO[0m]   Group 0: multi-adapter generation 8 seqs in 897.4s
__main__:1108 [[92mINFO[0m]   Group 0: rewards computed in 9.4s
__main__:1150 [[92mINFO[0m]     [g0][r1/8] adapter=0 R_exec=2.5849 true_MI=0.00000 RMI=0.0000 R_total=2.5849 correct=1 tokens=9773
__main__:1150 [[92mINFO[0m]     [g0][r2/8] adapter=0 R_exec=0.0000 true_MI=0.00000 RMI=0.0000 R_total=0.0000 correct=0 tokens=7131
__main__:1150 [[92mINFO[0m]     [g0][r3/8] adapter=0 R_exec=0.0000 true_MI=0.00000 RMI=0.0000 R_total=0.0000 correct=0 tokens=9573
__main__:1150 [[92mINFO[0m]     [g0][r4/8] adapter=0 R_exec=2.5634 true_MI=0.00000 RMI=0.0000 R_total=2.5634 correct=1 tokens=10525
__main__:1150 [[92mINFO[0m]     [g0][r5/8] adapter=0 R_exec=2.6071 true_MI=0.00000 RMI=0.0000 R_total=2.6071 correct=1 tokens=9664
__main__:1150 [[92mINFO[0m]     [g0][r6/8] adapter=0 R_exec=2.6136 true_MI=0.00000 RMI=0.0000 R_total=2.6136 correct=1 tokens=10259
__main__:1150 [[92mINFO[0m]     [g0][r7/8] adapter=0 R_exec=2.6055 true_MI=0.00000 RMI=0.0000 R_total=2.6055 correct=1 tokens=10151
__main__:1150 [[92mINFO[0m]     [g0][r8/8] adapter=0 R_exec=2.6130 true_MI=0.00000 RMI=0.0000 R_total=2.6130 correct=1 tokens=11055
__main__:1167 [[92mINFO[0m]   [g0] group true_MI: mean=0.00000 std=0.00000 max=0.00000 normalized=[0.00 0.00 0.00 0.00 0.00 0.00 0.00 0.00]
tinker_cookbook.utils.ml_log:143 [[92mINFO[0m] Wrote metrics to logs/aws/wave1-rerun/cp26-base-seed3/metrics.jsonl
tinker_cookbook.utils.ml_log:240 [[92mINFO[0m] Logging to: https://wandb.ai/kriaz-msee20seecs-nust/ugttt-rebuttal/runs/j5vhm83n
tinker_cookbook.utils.ml_log:143 [[92mINFO[0m] Wrote metrics to logs/aws/wave1-rerun/cp26-base-seed3/metrics.jsonl
tinker_cookbook.utils.ml_log:240 [[92mINFO[0m] Logging to: https://wandb.ai/kriaz-msee20seecs-nust/ugttt-rebuttal/runs/j5vhm83n
tinker_cookbook.utils.ml_log:143 [[92mINFO[0m] Wrote metrics to logs/aws/wave1-rerun/cp26-base-seed3/metrics.jsonl
tinker_cookbook.utils.ml_log:240 [[92mINFO[0m] Logging to: https://wandb.ai/kriaz-msee20seecs-nust/ugttt-rebuttal/runs/j5vhm83n
tinker_cookbook.utils.ml_log:143 [[92mINFO[0m] Wrote metrics to logs/aws/wave1-rerun/cp26-base-seed3/metrics.jsonl
tinker_cookbook.utils.ml_log:240 [[92mINFO[0m] Logging to: https://wandb.ai/kriaz-msee20seecs-nust/ugttt-rebuttal/runs/j5vhm83n
tinker_cookbook.utils.ml_log:143 [[92mINFO[0m] Wrote metrics to logs/aws/wave1-rerun/cp26-base-seed3/metrics.jsonl
tinker_cookbook.utils.ml_log:240 [[92mINFO[0m] Logging to: https://wandb.ai/kriaz-msee20seecs-nust/ugttt-rebuttal/runs/j5vhm83n
tinker_cookbook.utils.ml_log:143 [[92mINFO[0m] Wrote metrics to logs/aws/wave1-rerun/cp26-base-seed3/metrics.jsonl
tinker_cookbook.utils.ml_log:240 [[92mINFO[0m] Logging to: https://wandb.ai/kriaz-msee20seecs-nust/ugttt-rebuttal/runs/j5vhm83n
tinker_cookbook.utils.ml_log:143 [[92mINFO[0m] Wrote metrics to logs/aws/wave1-rerun/cp26-base-seed3/metrics.jsonl
tinker_cookbook.utils.ml_log:240 [[92mINFO[0m] Logging to: https://wandb.ai/kriaz-msee20seecs-nust/ugttt-rebuttal/runs/j5vhm83n
tinker_cookbook.utils.ml_log:143 [[92mINFO[0m] Wrote metrics to logs/aws/wave1-rerun/cp26-base-seed3/metrics.jsonl
tinker_cookbook.utils.ml_log:240 [[92mINFO[0m] Logging to: https://wandb.ai/kriaz-msee20seecs-nust/ugttt-rebuttal/runs/j5vhm83n
__main__:1949 [[92mINFO[0m]   [4][1/8] KEPT | R_exec=1.9484 (max=2.6136) RMI=0.0000 R_total=1.9484 | 906.8s | GPU: 18.1/60.6GB
tinker_cookbook.utils.ml_log:143 [[92mINFO[0m] Wrote metrics to logs/aws/wave1-rerun/cp26-base-seed3/metrics.jsonl
tinker_cookbook.utils.ml_log:240 [[92mINFO[0m] Logging to: https://wandb.ai/kriaz-msee20seecs-nust/ugttt-rebuttal/runs/j5vhm83n
tinker_cookbook.rl.ensemble:1082 [[92mINFO[0m]   generate_batch_multi_adapter_two_phase: N=8 phase1_max=26000 streaming_mi=False kv_q=False
tinker_cookbook.rl.ensemble:1270 [[92mINFO[0m]     [gen/p1] step=2048/24173 active=8/8 mi_stopped=0
tinker_cookbook.rl.ensemble:1270 [[92mINFO[0m]     [gen/p1] step=4096/24173 active=8/8 mi_stopped=0
tinker_cookbook.rl.ensemble:1270 [[92mINFO[0m]     [gen/p1] step=6144/24173 active=8/8 mi_stopped=0
tinker_cookbook.rl.ensemble:1270 [[92mINFO[0m]     [gen/p1] step=8192/24173 active=8/8 mi_stopped=0
tinker_cookbook.rl.ensemble:1270 [[92mINFO[0m]     [gen/p1] step=10240/24173 active=5/8 mi_stopped=0
tinker_cookbook.rl.ensemble:1270 [[92mINFO[0m]     [gen/p1] step=12288/24173 active=2/8 mi_stopped=0
__main__:1078 [[92mINFO[0m]   Group 1: multi-adapter generation 8 seqs in 1087.5s
__main__:1108 [[92mINFO[0m]   Group 1: rewards computed in 396.4s
__main__:1150 [[92mINFO[0m]     [g1][r1/8] adapter=0 R_exec=2.6078 true_MI=0.00000 RMI=0.0000 R_total=2.6078 correct=1 tokens=12550
__main__:1150 [[92mINFO[0m]     [g1][r2/8] adapter=0 R_exec=2.5596 true_MI=0.00000 RMI=0.0000 R_total=2.5596 correct=1 tokens=9325
__main__:1150 [[92mINFO[0m]     [g1][r3/8] adapter=0 R_exec=0.0000 true_MI=0.00000 RMI=0.0000 R_total=0.0000 correct=0 tokens=9634
__main__:1150 [[92mINFO[0m]     [g1][r4/8] adapter=0 R_exec=0.0000 true_MI=0.00000 RMI=0.0000 R_total=0.0000 correct=0 tokens=10653
__main__:1150 [[92mINFO[0m]     [g1][r5/8] adapter=0 R_exec=2.6180 true_MI=0.00000 RMI=0.0000 R_total=2.6180 correct=1 tokens=11461
__main__:1150 [[92mINFO[0m]     [g1][r6/8] adapter=0 R_exec=2.5771 true_MI=0.00000 RMI=0.0000 R_total=2.5771 correct=1 tokens=10119
__main__:1150 [[92mINFO[0m]     [g1][r7/8] adapter=0 R_exec=2.6126 true_MI=0.00000 RMI=0.0000 R_total=2.6126 correct=1 tokens=10714
__main__:1150 [[92mINFO[0m]     [g1][r8/8] adapter=0 R_exec=0.0000 true_MI=0.00000 RMI=0.0000 R_total=0.0000 correct=0 tokens=12564
__main__:1167 [[92mINFO[0m]   [g1] group true_MI: mean=0.00000 std=0.00000 max=0.00000 normalized=[0.00 0.00 0.00 0.00 0.00 0.00 0.00 0.00]
tinker_cookbook.utils.ml_log:143 [[92mINFO[0m] Wrote metrics to logs/aws/wave1-rerun/cp26-base-seed3/metrics.jsonl
tinker_cookbook.utils.ml_log:240 [[92mINFO[0m] Logging to: https://wandb.ai/kriaz-msee20seecs-nust/ugttt-rebuttal/runs/j5vhm83n
tinker_cookbook.utils.ml_log:143 [[92mINFO[0m] Wrote metrics to logs/aws/wave1-rerun/cp26-base-seed3/metrics.jsonl
tinker_cookbook.utils.ml_log:240 [[92mINFO[0m] Logging to: https://wandb.ai/kriaz-msee20seecs-nust/ugttt-rebuttal/runs/j5vhm83n
tinker_cookbook.utils.ml_log:143 [[92mINFO[0m] Wrote metrics to logs/aws/wave1-rerun/cp26-base-seed3/metrics.jsonl
tinker_cookbook.utils.ml_log:240 [[92mINFO[0m] Logging to: https://wandb.ai/kriaz-msee20seecs-nust/ugttt-rebuttal/runs/j5vhm83n
tinker_cookbook.utils.ml_log:143 [[92mINFO[0m] Wrote metrics to logs/aws/wave1-rerun/cp26-base-seed3/metrics.jsonl
tinker_cookbook.utils.ml_log:240 [[92mINFO[0m] Logging to: https://wandb.ai/kriaz-msee20seecs-nust/ugttt-rebuttal/runs/j5vhm83n
tinker_cookbook.utils.ml_log:143 [[92mINFO[0m] Wrote metrics to logs/aws/wave1-rerun/cp26-base-seed3/metrics.jsonl
tinker_cookbook.utils.ml_log:240 [[92mINFO[0m] Logging to: https://wandb.ai/kriaz-msee20seecs-nust/ugttt-rebuttal/runs/j5vhm83n
tinker_cookbook.utils.ml_log:143 [[92mINFO[0m] Wrote metrics to logs/aws/wave1-rerun/cp26-base-seed3/metrics.jsonl
tinker_cookbook.utils.ml_log:240 [[92mINFO[0m] Logging to: https://wandb.ai/kriaz-msee20seecs-nust/ugttt-rebuttal/runs/j5vhm83n
tinker_cookbook.utils.ml_log:143 [[92mINFO[0m] Wrote metrics to logs/aws/wave1-rerun/cp26-base-seed3/metrics.jsonl
tinker_cookbook.utils.ml_log:240 [[92mINFO[0m] Logging to: https://wandb.ai/kriaz-msee20seecs-nust/ugttt-rebuttal/runs/j5vhm83n
tinker_cookbook.utils.ml_log:143 [[92mINFO[0m] Wrote metrics to logs/aws/wave1-rerun/cp26-base-seed3/metrics.jsonl
tinker_cookbook.utils.ml_log:240 [[92mINFO[0m] Logging to: https://wandb.ai/kriaz-msee20seecs-nust/ugttt-rebuttal/runs/j5vhm83n
__main__:1949 [[92mINFO[0m]   [4][2/8] KEPT | R_exec=1.6219 (max=2.6180) RMI=0.0000 R_total=1.6219 | 1483.9s | GPU: 18.1/60.7GB
tinker_cookbook.utils.ml_log:143 [[92mINFO[0m] Wrote metrics to logs/aws/wave1-rerun/cp26-base-seed3/metrics.jsonl
tinker_cookbook.utils.ml_log:240 [[92mINFO[0m] Logging to: https://wandb.ai/kriaz-msee20seecs-nust/ugttt-rebuttal/runs/j5vhm83n
tinker_cookbook.rl.ensemble:1082 [[92mINFO[0m]   generate_batch_multi_adapter_two_phase: N=8 phase1_max=26000 streaming_mi=False kv_q=False
tinker_cookbook.rl.ensemble:1270 [[92mINFO[0m]     [gen/p1] step=2048/24086 active=8/8 mi_stopped=0
tinker_cookbook.rl.ensemble:1270 [[92mINFO[0m]     [gen/p1] step=4096/24086 active=8/8 mi_stopped=0
tinker_cookbook.rl.ensemble:1270 [[92mINFO[0m]     [gen/p1] step=6144/24086 active=8/8 mi_stopped=0
tinker_cookbook.rl.ensemble:1270 [[92mINFO[0m]     [gen/p1] step=8192/24086 active=7/8 mi_stopped=0
tinker_cookbook.rl.ensemble:1270 [[92mINFO[0m]     [gen/p1] step=10240/24086 active=5/8 mi_stopped=0
tinker_cookbook.rl.ensemble:1270 [[92mINFO[0m]     [gen/p1] step=12288/24086 active=1/8 mi_stopped=0
__main__:1078 [[92mINFO[0m]   Group 2: multi-adapter generation 8 seqs in 1090.9s
__main__:1108 [[92mINFO[0m]   Group 2: rewards computed in 6.9s
__main__:1150 [[92mINFO[0m]     [g2][r1/8] adapter=0 R_exec=0.0000 true_MI=0.00000 RMI=0.0000 R_total=0.0000 correct=0 tokens=9584
__main__:1150 [[92mINFO[0m]     [g2][r2/8] adapter=0 R_exec=0.0000 true_MI=0.00000 RMI=0.0000 R_total=0.0000 correct=0 tokens=7151
__main__:1150 [[92mINFO[0m]     [g2][r3/8] adapter=0 R_exec=0.0000 true_MI=0.00000 RMI=0.0000 R_total=0.0000 correct=0 tokens=10816
__main__:1150 [[92mINFO[0m]     [g2][r4/8] adapter=0 R_exec=0.0000 true_MI=0.00000 RMI=0.0000 R_total=0.0000 correct=0 tokens=12576
__main__:1150 [[92mINFO[0m]     [g2][r5/8] adapter=0 R_exec=2.6235 true_MI=0.00000 RMI=0.0000 R_total=2.6235 correct=1 tokens=10477
__main__:1150 [[92mINFO[0m]     [g2][r6/8] adapter=0 R_exec=0.0000 true_MI=0.00000 RMI=0.0000 R_total=0.0000 correct=0 tokens=10472
__main__:1150 [[92mINFO[0m]     [g2][r7/8] adapter=0 R_exec=0.0000 true_MI=0.00000 RMI=0.0000 R_total=0.0000 correct=0 tokens=9177
__main__:1150 [[92mINFO[0m]     [g2][r8/8] adapter=0 R_exec=0.0000 true_MI=0.00000 RMI=0.0000 R_total=0.0000 correct=0 tokens=10787
__main__:1167 [[92mINFO[0m]   [g2] group true_MI: mean=0.00000 std=0.00000 max=0.00000 normalized=[0.00 0.00 0.00 0.00 0.00 0.00 0.00 0.00]
tinker_cookbook.utils.ml_log:143 [[92mINFO[0m] Wrote metrics to logs/aws/wave1-rerun/cp26-base-seed3/metrics.jsonl
tinker_cookbook.utils.ml_log:240 [[92mINFO[0m] Logging to: https://wandb.ai/kriaz-msee20seecs-nust/ugttt-rebuttal/runs/j5vhm83n
tinker_cookbook.utils.ml_log:143 [[92mINFO[0m] Wrote metrics to logs/aws/wave1-rerun/cp26-base-seed3/metrics.jsonl
tinker_cookbook.utils.ml_log:240 [[92mINFO[0m] Logging to: https://wandb.ai/kriaz-msee20seecs-nust/ugttt-rebuttal/runs/j5vhm83n
tinker_cookbook.utils.ml_log:143 [[92mINFO[0m] Wrote metrics to logs/aws/wave1-rerun/cp26-base-seed3/metrics.jsonl
tinker_cookbook.utils.ml_log:240 [[92mINFO[0m] Logging to: https://wandb.ai/kriaz-msee20seecs-nust/ugttt-rebuttal/runs/j5vhm83n
tinker_cookbook.utils.ml_log:143 [[92mINFO[0m] Wrote metrics to logs/aws/wave1-rerun/cp26-base-seed3/metrics.jsonl
tinker_cookbook.utils.ml_log:240 [[92mINFO[0m] Logging to: https://wandb.ai/kriaz-msee20seecs-nust/ugttt-rebuttal/runs/j5vhm83n
tinker_cookbook.utils.ml_log:143 [[92mINFO[0m] Wrote metrics to logs/aws/wave1-rerun/cp26-base-seed3/metrics.jsonl
tinker_cookbook.utils.ml_log:240 [[92mINFO[0m] Logging to: https://wandb.ai/kriaz-msee20seecs-nust/ugttt-rebuttal/runs/j5vhm83n
tinker_cookbook.utils.ml_log:143 [[92mINFO[0m] Wrote metrics to logs/aws/wave1-rerun/cp26-base-seed3/metrics.jsonl
tinker_cookbook.utils.ml_log:240 [[92mINFO[0m] Logging to: https://wandb.ai/kriaz-msee20seecs-nust/ugttt-rebuttal/runs/j5vhm83n
tinker_cookbook.utils.ml_log:143 [[92mINFO[0m] Wrote metrics to logs/aws/wave1-rerun/cp26-base-seed3/metrics.jsonl
tinker_cookbook.utils.ml_log:240 [[92mINFO[0m] Logging to: https://wandb.ai/kriaz-msee20seecs-nust/ugttt-rebuttal/runs/j5vhm83n
tinker_cookbook.utils.ml_log:143 [[92mINFO[0m] Wrote metrics to logs/aws/wave1-rerun/cp26-base-seed3/metrics.jsonl
tinker_cookbook.utils.ml_log:240 [[92mINFO[0m] Logging to: https://wandb.ai/kriaz-msee20seecs-nust/ugttt-rebuttal/runs/j5vhm83n
__main__:1949 [[92mINFO[0m]   [4][3/8] KEPT | R_exec=0.3279 (max=2.6235) RMI=0.0000 R_total=0.3279 | 1097.9s | GPU: 18.1/60.9GB
tinker_cookbook.utils.ml_log:143 [[92mINFO[0m] Wrote metrics to logs/aws/wave1-rerun/cp26-base-seed3/metrics.jsonl
tinker_cookbook.utils.ml_log:240 [[92mINFO[0m] Logging to: https://wandb.ai/kriaz-msee20seecs-nust/ugttt-rebuttal/runs/j5vhm83n
tinker_cookbook.rl.ensemble:1082 [[92mINFO[0m]   generate_batch_multi_adapter_two_phase: N=8 phase1_max=26000 streaming_mi=False kv_q=False
tinker_cookbook.rl.ensemble:1270 [[92mINFO[0m]     [gen/p1] step=2048/24064 active=8/8 mi_stopped=0
tinker_cookbook.rl.ensemble:1270 [[92mINFO[0m]     [gen/p1] step=4096/24064 active=8/8 mi_stopped=0
tinker_cookbook.rl.ensemble:1270 [[92mINFO[0m]     [gen/p1] step=6144/24064 active=8/8 mi_stopped=0
tinker_cookbook.rl.ensemble:1270 [[92mINFO[0m]     [gen/p1] step=8192/24064 active=7/8 mi_stopped=0
tinker_cookbook.rl.ensemble:1270 [[92mINFO[0m]     [gen/p1] step=10240/24064 active=2/8 mi_stopped=0
__main__:1078 [[92mINFO[0m]   Group 3: multi-adapter generation 8 seqs in 1011.3s
__main__:1108 [[92mINFO[0m]   Group 3: rewards computed in 2.8s
__main__:1150 [[92mINFO[0m]     [g3][r1/8] adapter=0 R_exec=2.6278 true_MI=0.00000 RMI=0.0000 R_total=2.6278 correct=1 tokens=8876
__main__:1150 [[92mINFO[0m]     [g3][r2/8] adapter=0 R_exec=2.5534 true_MI=0.00000 RMI=0.0000 R_total=2.5534 correct=1 tokens=7203
__main__:1150 [[92mINFO[0m]     [g3][r3/8] adapter=0 R_exec=0.0000 true_MI=0.00000 RMI=0.0000 R_total=0.0000 correct=0 tokens=11684
__main__:1150 [[92mINFO[0m]     [g3][r4/8] adapter=0 R_exec=0.0000 true_MI=0.00000 RMI=0.0000 R_total=0.0000 correct=0 tokens=11884
__main__:1150 [[92mINFO[0m]     [g3][r5/8] adapter=0 R_exec=2.6245 true_MI=0.00000 RMI=0.0000 R_total=2.6245 correct=1 tokens=8222
__main__:1150 [[92mINFO[0m]     [g3][r6/8] adapter=0 R_exec=0.0000 true_MI=0.00000 RMI=0.0000 R_total=0.0000 correct=0 tokens=9321
__main__:1150 [[92mINFO[0m]     [g3][r7/8] adapter=0 R_exec=0.0000 true_MI=0.00000 RMI=0.0000 R_total=0.0000 correct=0 tokens=10216
__main__:1150 [[92mINFO[0m]     [g3][r8/8] adapter=0 R_exec=2.6259 true_MI=0.00000 RMI=0.0000 R_total=2.6259 correct=1 tokens=9582
__main__:1167 [[92mINFO[0m]   [g3] group true_MI: mean=0.00000 std=0.00000 max=0.00000 normalized=[0.00 0.00 0.00 0.00 0.00 0.00 0.00 0.00]
tinker_cookbook.utils.ml_log:143 [[92mINFO[0m] Wrote metrics to logs/aws/wave1-rerun/cp26-base-seed3/metrics.jsonl
tinker_cookbook.utils.ml_log:240 [[92mINFO[0m] Logging to: https://wandb.ai/kriaz-msee20seecs-nust/ugttt-rebuttal/runs/j5vhm83n
tinker_cookbook.utils.ml_log:143 [[92mINFO[0m] Wrote metrics to logs/aws/wave1-rerun/cp26-base-seed3/metrics.jsonl
tinker_cookbook.utils.ml_log:240 [[92mINFO[0m] Logging to: https://wandb.ai/kriaz-msee20seecs-nust/ugttt-rebuttal/runs/j5vhm83n
tinker_cookbook.utils.ml_log:143 [[92mINFO[0m] Wrote metrics to logs/aws/wave1-rerun/cp26-base-seed3/metrics.jsonl
tinker_cookbook.utils.ml_log:240 [[92mINFO[0m] Logging to: https://wandb.ai/kriaz-msee20seecs-nust/ugttt-rebuttal/runs/j5vhm83n
tinker_cookbook.utils.ml_log:143 [[92mINFO[0m] Wrote metrics to logs/aws/wave1-rerun/cp26-base-seed3/metrics.jsonl
tinker_cookbook.utils.ml_log:240 [[92mINFO[0m] Logging to: https://wandb.ai/kriaz-msee20seecs-nust/ugttt-rebuttal/runs/j5vhm83n
tinker_cookbook.utils.ml_log:143 [[92mINFO[0m] Wrote metrics to logs/aws/wave1-rerun/cp26-base-seed3/metrics.jsonl
tinker_cookbook.utils.ml_log:240 [[92mINFO[0m] Logging to: https://wandb.ai/kriaz-msee20seecs-nust/ugttt-rebuttal/runs/j5vhm83n
tinker_cookbook.utils.ml_log:143 [[92mINFO[0m] Wrote metrics to logs/aws/wave1-rerun/cp26-base-seed3/metrics.jsonl
tinker_cookbook.utils.ml_log:240 [[92mINFO[0m] Logging to: https://wandb.ai/kriaz-msee20seecs-nust/ugttt-rebuttal/runs/j5vhm83n
tinker_cookbook.utils.ml_log:143 [[92mINFO[0m] Wrote metrics to logs/aws/wave1-rerun/cp26-base-seed3/metrics.jsonl
tinker_cookbook.utils.ml_log:240 [[92mINFO[0m] Logging to: https://wandb.ai/kriaz-msee20seecs-nust/ugttt-rebuttal/runs/j5vhm83n
tinker_cookbook.utils.ml_log:143 [[92mINFO[0m] Wrote metrics to logs/aws/wave1-rerun/cp26-base-seed3/metrics.jsonl
tinker_cookbook.utils.ml_log:240 [[92mINFO[0m] Logging to: https://wandb.ai/kriaz-msee20seecs-nust/ugttt-rebuttal/runs/j5vhm83n
__main__:1949 [[92mINFO[0m]   [4][4/8] KEPT | R_exec=1.3040 (max=2.6278) RMI=0.0000 R_total=1.3040 | 1014.2s | GPU: 18.1/60.8GB
tinker_cookbook.utils.ml_log:143 [[92mINFO[0m] Wrote metrics to logs/aws/wave1-rerun/cp26-base-seed3/metrics.jsonl
tinker_cookbook.utils.ml_log:240 [[92mINFO[0m] Logging to: https://wandb.ai/kriaz-msee20seecs-nust/ugttt-rebuttal/runs/j5vhm83n
tinker_cookbook.rl.ensemble:1082 [[92mINFO[0m]   generate_batch_multi_adapter_two_phase: N=8 phase1_max=26000 streaming_mi=False kv_q=False
tinker_cookbook.rl.ensemble:1270 [[92mINFO[0m]     [gen/p1] step=2048/24125 active=8/8 mi_stopped=0
tinker_cookbook.rl.ensemble:1270 [[92mINFO[0m]     [gen/p1] step=4096/24125 active=8/8 mi_stopped=0
tinker_cookbook.rl.ensemble:1270 [[92mINFO[0m]     [gen/p1] step=6144/24125 active=8/8 mi_stopped=0
tinker_cookbook.rl.ensemble:1270 [[92mINFO[0m]     [gen/p1] step=8192/24125 active=5/8 mi_stopped=0
tinker_cookbook.rl.ensemble:1270 [[92mINFO[0m]     [gen/p1] step=10240/24125 active=1/8 mi_stopped=0
__main__:1078 [[92mINFO[0m]   Group 4: multi-adapter generation 8 seqs in 1017.2s
__main__:1108 [[92mINFO[0m]   Group 4: rewards computed in 57.2s
__main__:1150 [[92mINFO[0m]     [g4][r1/8] adapter=0 R_exec=0.0000 true_MI=0.00000 RMI=0.0000 R_total=0.0000 correct=0 tokens=7881
__main__:1150 [[92mINFO[0m]     [g4][r2/8] adapter=0 R_exec=0.0000 true_MI=0.00000 RMI=0.0000 R_total=0.0000 correct=0 tokens=7516
__main__:1150 [[92mINFO[0m]     [g4][r3/8] adapter=0 R_exec=0.0000 true_MI=0.00000 RMI=0.0000 R_total=0.0000 correct=0 tokens=10069
__main__:1150 [[92mINFO[0m]     [g4][r4/8] adapter=0 R_exec=0.0000 true_MI=0.00000 RMI=0.0000 R_total=0.0000 correct=0 tokens=7667
__main__:1150 [[92mINFO[0m]     [g4][r5/8] adapter=0 R_exec=2.6198 true_MI=0.00000 RMI=0.0000 R_total=2.6198 correct=1 tokens=12010
__main__:1150 [[92mINFO[0m]     [g4][r6/8] adapter=0 R_exec=0.0000 true_MI=0.00000 RMI=0.0000 R_total=0.0000 correct=0 tokens=8310
__main__:1150 [[92mINFO[0m]     [g4][r7/8] adapter=0 R_exec=2.6198 true_MI=0.00000 RMI=0.0000 R_total=2.6198 correct=1 tokens=8360
__main__:1150 [[92mINFO[0m]     [g4][r8/8] adapter=0 R_exec=0.0000 true_MI=0.00000 RMI=0.0000 R_total=0.0000 correct=0 tokens=8393
__main__:1167 [[92mINFO[0m]   [g4] group true_MI: mean=0.00000 std=0.00000 max=0.00000 normalized=[0.00 0.00 0.00 0.00 0.00 0.00 0.00 0.00]
tinker_cookbook.utils.ml_log:143 [[92mINFO[0m] Wrote metrics to logs/aws/wave1-rerun/cp26-base-seed3/metrics.jsonl
tinker_cookbook.utils.ml_log:240 [[92mINFO[0m] Logging to: https://wandb.ai/kriaz-msee20seecs-nust/ugttt-rebuttal/runs/j5vhm83n
tinker_cookbook.utils.ml_log:143 [[92mINFO[0m] Wrote metrics to logs/aws/wave1-rerun/cp26-base-seed3/metrics.jsonl
tinker_cookbook.utils.ml_log:240 [[92mINFO[0m] Logging to: https://wandb.ai/kriaz-msee20seecs-nust/ugttt-rebuttal/runs/j5vhm83n
tinker_cookbook.utils.ml_log:143 [[92mINFO[0m] Wrote metrics to logs/aws/wave1-rerun/cp26-base-seed3/metrics.jsonl
tinker_cookbook.utils.ml_log:240 [[92mINFO[0m] Logging to: https://wandb.ai/kriaz-msee20seecs-nust/ugttt-rebuttal/runs/j5vhm83n
tinker_cookbook.utils.ml_log:143 [[92mINFO[0m] Wrote metrics to logs/aws/wave1-rerun/cp26-base-seed3/metrics.jsonl
tinker_cookbook.utils.ml_log:240 [[92mINFO[0m] Logging to: https://wandb.ai/kriaz-msee20seecs-nust/ugttt-rebuttal/runs/j5vhm83n
tinker_cookbook.utils.ml_log:143 [[92mINFO[0m] Wrote metrics to logs/aws/wave1-rerun/cp26-base-seed3/metrics.jsonl
tinker_cookbook.utils.ml_log:240 [[92mINFO[0m] Logging to: https://wandb.ai/kriaz-msee20seecs-nust/ugttt-rebuttal/runs/j5vhm83n
tinker_cookbook.utils.ml_log:143 [[92mINFO[0m] Wrote metrics to logs/aws/wave1-rerun/cp26-base-seed3/metrics.jsonl
tinker_cookbook.utils.ml_log:240 [[92mINFO[0m] Logging to: https://wandb.ai/kriaz-msee20seecs-nust/ugttt-rebuttal/runs/j5vhm83n
tinker_cookbook.utils.ml_log:143 [[92mINFO[0m] Wrote metrics to logs/aws/wave1-rerun/cp26-base-seed3/metrics.jsonl
tinker_cookbook.utils.ml_log:240 [[92mINFO[0m] Logging to: https://wandb.ai/kriaz-msee20seecs-nust/ugttt-rebuttal/runs/j5vhm83n
tinker_cookbook.utils.ml_log:143 [[92mINFO[0m] Wrote metrics to logs/aws/wave1-rerun/cp26-base-seed3/metrics.jsonl
tinker_cookbook.utils.ml_log:240 [[92mINFO[0m] Logging to: https://wandb.ai/kriaz-msee20seecs-nust/ugttt-rebuttal/runs/j5vhm83n
__main__:1949 [[92mINFO[0m]   [4][5/8] KEPT | R_exec=0.6550 (max=2.6198) RMI=0.0000 R_total=0.6550 | 1074.4s | GPU: 18.1/60.7GB
tinker_cookbook.utils.ml_log:143 [[92mINFO[0m] Wrote metrics to logs/aws/wave1-rerun/cp26-base-seed3/metrics.jsonl
tinker_cookbook.utils.ml_log:240 [[92mINFO[0m] Logging to: https://wandb.ai/kriaz-msee20seecs-nust/ugttt-rebuttal/runs/j5vhm83n
tinker_cookbook.rl.ensemble:1082 [[92mINFO[0m]   generate_batch_multi_adapter_two_phase: N=8 phase1_max=26000 streaming_mi=False kv_q=False
tinker_cookbook.rl.ensemble:1270 [[92mINFO[0m]     [gen/p1] step=2048/24151 active=8/8 mi_stopped=0
tinker_cookbook.rl.ensemble:1270 [[92mINFO[0m]     [gen/p1] step=4096/24151 active=8/8 mi_stopped=0
tinker_cookbook.rl.ensemble:1270 [[92mINFO[0m]     [gen/p1] step=6144/24151 active=8/8 mi_stopped=0
tinker_cookbook.rl.ensemble:1270 [[92mINFO[0m]     [gen/p1] step=8192/24151 active=7/8 mi_stopped=0
tinker_cookbook.rl.ensemble:1270 [[92mINFO[0m]     [gen/p1] step=10240/24151 active=3/8 mi_stopped=0
__main__:1078 [[92mINFO[0m]   Group 5: multi-adapter generation 8 seqs in 1033.6s
__main__:1108 [[92mINFO[0m]   Group 5: rewards computed in 4.3s
__main__:1150 [[92mINFO[0m]     [g5][r1/8] adapter=0 R_exec=2.6211 true_MI=0.00000 RMI=0.0000 R_total=2.6211 correct=1 tokens=9577
__main__:1150 [[92mINFO[0m]     [g5][r2/8] adapter=0 R_exec=2.5912 true_MI=0.00000 RMI=0.0000 R_total=2.5912 correct=1 tokens=8501
__main__:1150 [[92mINFO[0m]     [g5][r3/8] adapter=0 R_exec=2.6173 true_MI=0.00000 RMI=0.0000 R_total=2.6173 correct=1 tokens=10302
__main__:1150 [[92mINFO[0m]     [g5][r4/8] adapter=0 R_exec=2.6005 true_MI=0.00000 RMI=0.0000 R_total=2.6005 correct=1 tokens=11422
__main__:1150 [[92mINFO[0m]     [g5][r5/8] adapter=0 R_exec=0.0000 true_MI=0.00000 RMI=0.0000 R_total=0.0000 correct=0 tokens=9327
__main__:1150 [[92mINFO[0m]     [g5][r6/8] adapter=0 R_exec=0.0000 true_MI=0.00000 RMI=0.0000 R_total=0.0000 correct=0 tokens=8639
__main__:1150 [[92mINFO[0m]     [g5][r7/8] adapter=0 R_exec=0.0000 true_MI=0.00000 RMI=0.0000 R_total=0.0000 correct=0 tokens=7568
__main__:1150 [[92mINFO[0m]     [g5][r8/8] adapter=0 R_exec=2.6013 true_MI=0.00000 RMI=0.0000 R_total=2.6013 correct=1 tokens=12152
__main__:1167 [[92mINFO[0m]   [g5] group true_MI: mean=0.00000 std=0.00000 max=0.00000 normalized=[0.00 0.00 0.00 0.00 0.00 0.00 0.00 0.00]
tinker_cookbook.utils.ml_log:143 [[92mINFO[0m] Wrote metrics to logs/aws/wave1-rerun/cp26-base-seed3/metrics.jsonl
tinker_cookbook.utils.ml_log:240 [[92mINFO[0m] Logging to: https://wandb.ai/kriaz-msee20seecs-nust/ugttt-rebuttal/runs/j5vhm83n
tinker_cookbook.utils.ml_log:143 [[92mINFO[0m] Wrote metrics to logs/aws/wave1-rerun/cp26-base-seed3/metrics.jsonl
tinker_cookbook.utils.ml_log:240 [[92mINFO[0m] Logging to: https://wandb.ai/kriaz-msee20seecs-nust/ugttt-rebuttal/runs/j5vhm83n
tinker_cookbook.utils.ml_log:143 [[92mINFO[0m] Wrote metrics to logs/aws/wave1-rerun/cp26-base-seed3/metrics.jsonl
tinker_cookbook.utils.ml_log:240 [[92mINFO[0m] Logging to: https://wandb.ai/kriaz-msee20seecs-nust/ugttt-rebuttal/runs/j5vhm83n
tinker_cookbook.utils.ml_log:143 [[92mINFO[0m] Wrote metrics to logs/aws/wave1-rerun/cp26-base-seed3/metrics.jsonl
tinker_cookbook.utils.ml_log:240 [[92mINFO[0m] Logging to: https://wandb.ai/kriaz-msee20seecs-nust/ugttt-rebuttal/runs/j5vhm83n
tinker_cookbook.utils.ml_log:143 [[92mINFO[0m] Wrote metrics to logs/aws/wave1-rerun/cp26-base-seed3/metrics.jsonl
tinker_cookbook.utils.ml_log:240 [[92mINFO[0m] Logging to: https://wandb.ai/kriaz-msee20seecs-nust/ugttt-rebuttal/runs/j5vhm83n
tinker_cookbook.utils.ml_log:143 [[92mINFO[0m] Wrote metrics to logs/aws/wave1-rerun/cp26-base-seed3/metrics.jsonl
tinker_cookbook.utils.ml_log:240 [[92mINFO[0m] Logging to: https://wandb.ai/kriaz-msee20seecs-nust/ugttt-rebuttal/runs/j5vhm83n
tinker_cookbook.utils.ml_log:143 [[92mINFO[0m] Wrote metrics to logs/aws/wave1-rerun/cp26-base-seed3/metrics.jsonl
tinker_cookbook.utils.ml_log:240 [[92mINFO[0m] Logging to: https://wandb.ai/kriaz-msee20seecs-nust/ugttt-rebuttal/runs/j5vhm83n
tinker_cookbook.utils.ml_log:143 [[92mINFO[0m] Wrote metrics to logs/aws/wave1-rerun/cp26-base-seed3/metrics.jsonl
tinker_cookbook.utils.ml_log:240 [[92mINFO[0m] Logging to: https://wandb.ai/kriaz-msee20seecs-nust/ugttt-rebuttal/runs/j5vhm83n
__main__:1949 [[92mINFO[0m]   [4][6/8] KEPT | R_exec=1.6289 (max=2.6211) RMI=0.0000 R_total=1.6289 | 1037.9s | GPU: 18.1/60.7GB
tinker_cookbook.utils.ml_log:143 [[92mINFO[0m] Wrote metrics to logs/aws/wave1-rerun/cp26-base-seed3/metrics.jsonl
tinker_cookbook.utils.ml_log:240 [[92mINFO[0m] Logging to: https://wandb.ai/kriaz-msee20seecs-nust/ugttt-rebuttal/runs/j5vhm83n
tinker_cookbook.rl.ensemble:1082 [[92mINFO[0m]   generate_batch_multi_adapter_two_phase: N=8 phase1_max=26000 streaming_mi=False kv_q=False
tinker_cookbook.rl.ensemble:1270 [[92mINFO[0m]     [gen/p1] step=2048/24005 active=8/8 mi_stopped=0
tinker_cookbook.rl.ensemble:1270 [[92mINFO[0m]     [gen/p1] step=4096/24005 active=8/8 mi_stopped=0
tinker_cookbook.rl.ensemble:1270 [[92mINFO[0m]     [gen/p1] step=6144/24005 active=8/8 mi_stopped=0
tinker_cookbook.rl.ensemble:1270 [[92mINFO[0m]     [gen/p1] step=8192/24005 active=5/8 mi_stopped=0
tinker_cookbook.rl.ensemble:1270 [[92mINFO[0m]     [gen/p1] step=10240/24005 active=1/8 mi_stopped=0
__main__:1078 [[92mINFO[0m]   Group 6: multi-adapter generation 8 seqs in 827.0s
__main__:1108 [[92mINFO[0m]   Group 6: rewards computed in 6.4s
__main__:1150 [[92mINFO[0m]     [g6][r1/8] adapter=0 R_exec=2.6075 true_MI=0.00000 RMI=0.0000 R_total=2.6075 correct=1 tokens=8758
__main__:1150 [[92mINFO[0m]     [g6][r2/8] adapter=0 R_exec=2.5949 true_MI=0.00000 RMI=0.0000 R_total=2.5949 correct=1 tokens=8017
__main__:1150 [[92mINFO[0m]     [g6][r3/8] adapter=0 R_exec=2.6146 true_MI=0.00000 RMI=0.0000 R_total=2.6146 correct=1 tokens=7907
__main__:1150 [[92mINFO[0m]     [g6][r4/8] adapter=0 R_exec=0.0000 true_MI=0.00000 RMI=0.0000 R_total=0.0000 correct=0 tokens=9524
__main__:1150 [[92mINFO[0m]     [g6][r5/8] adapter=0 R_exec=2.5876 true_MI=0.00000 RMI=0.0000 R_total=2.5876 correct=1 tokens=6866
__main__:1150 [[92mINFO[0m]     [g6][r6/8] adapter=0 R_exec=0.0000 true_MI=0.00000 RMI=0.0000 R_total=0.0000 correct=0 tokens=10362
__main__:1150 [[92mINFO[0m]     [g6][r7/8] adapter=0 R_exec=2.5714 true_MI=0.00000 RMI=0.0000 R_total=2.5714 correct=1 tokens=10141
__main__:1150 [[92mINFO[0m]     [g6][r8/8] adapter=0 R_exec=2.5282 true_MI=0.00000 RMI=0.0000 R_total=2.5282 correct=1 tokens=10159
__main__:1167 [[92mINFO[0m]   [g6] group true_MI: mean=0.00000 std=0.00000 max=0.00000 normalized=[0.00 0.00 0.00 0.00 0.00 0.00 0.00 0.00]
tinker_cookbook.utils.ml_log:143 [[92mINFO[0m] Wrote metrics to logs/aws/wave1-rerun/cp26-base-seed3/metrics.jsonl
tinker_cookbook.utils.ml_log:240 [[92mINFO[0m] Logging to: https://wandb.ai/kriaz-msee20seecs-nust/ugttt-rebuttal/runs/j5vhm83n
tinker_cookbook.utils.ml_log:143 [[92mINFO[0m] Wrote metrics to logs/aws/wave1-rerun/cp26-base-seed3/metrics.jsonl
tinker_cookbook.utils.ml_log:240 [[92mINFO[0m] Logging to: https://wandb.ai/kriaz-msee20seecs-nust/ugttt-rebuttal/runs/j5vhm83n
tinker_cookbook.utils.ml_log:143 [[92mINFO[0m] Wrote metrics to logs/aws/wave1-rerun/cp26-base-seed3/metrics.jsonl
tinker_cookbook.utils.ml_log:240 [[92mINFO[0m] Logging to: https://wandb.ai/kriaz-msee20seecs-nust/ugttt-rebuttal/runs/j5vhm83n
tinker_cookbook.utils.ml_log:143 [[92mINFO[0m] Wrote metrics to logs/aws/wave1-rerun/cp26-base-seed3/metrics.jsonl
tinker_cookbook.utils.ml_log:240 [[92mINFO[0m] Logging to: https://wandb.ai/kriaz-msee20seecs-nust/ugttt-rebuttal/runs/j5vhm83n
tinker_cookbook.utils.ml_log:143 [[92mINFO[0m] Wrote metrics to logs/aws/wave1-rerun/cp26-base-seed3/metrics.jsonl
tinker_cookbook.utils.ml_log:240 [[92mINFO[0m] Logging to: https://wandb.ai/kriaz-msee20seecs-nust/ugttt-rebuttal/runs/j5vhm83n
tinker_cookbook.utils.ml_log:143 [[92mINFO[0m] Wrote metrics to logs/aws/wave1-rerun/cp26-base-seed3/metrics.jsonl
tinker_cookbook.utils.ml_log:240 [[92mINFO[0m] Logging to: https://wandb.ai/kriaz-msee20seecs-nust/ugttt-rebuttal/runs/j5vhm83n
tinker_cookbook.utils.ml_log:143 [[92mINFO[0m] Wrote metrics to logs/aws/wave1-rerun/cp26-base-seed3/metrics.jsonl
tinker_cookbook.utils.ml_log:240 [[92mINFO[0m] Logging to: https://wandb.ai/kriaz-msee20seecs-nust/ugttt-rebuttal/runs/j5vhm83n
tinker_cookbook.utils.ml_log:143 [[92mINFO[0m] Wrote metrics to logs/aws/wave1-rerun/cp26-base-seed3/metrics.jsonl
tinker_cookbook.utils.ml_log:240 [[92mINFO[0m] Logging to: https://wandb.ai/kriaz-msee20seecs-nust/ugttt-rebuttal/runs/j5vhm83n
__main__:1949 [[92mINFO[0m]   [4][7/8] KEPT | R_exec=1.9380 (max=2.6146) RMI=0.0000 R_total=1.9380 | 833.4s | GPU: 18.1/60.8GB
tinker_cookbook.utils.ml_log:143 [[92mINFO[0m] Wrote metrics to logs/aws/wave1-rerun/cp26-base-seed3/metrics.jsonl
tinker_cookbook.utils.ml_log:240 [[92mINFO[0m] Logging to: https://wandb.ai/kriaz-msee20seecs-nust/ugttt-rebuttal/runs/j5vhm83n
tinker_cookbook.rl.ensemble:1082 [[92mINFO[0m]   generate_batch_multi_adapter_two_phase: N=8 phase1_max=26000 streaming_mi=False kv_q=False
tinker_cookbook.rl.ensemble:1270 [[92mINFO[0m]     [gen/p1] step=2048/24076 active=8/8 mi_stopped=0
tinker_cookbook.rl.ensemble:1270 [[92mINFO[0m]     [gen/p1] step=4096/24076 active=8/8 mi_stopped=0
tinker_cookbook.rl.ensemble:1270 [[92mINFO[0m]     [gen/p1] step=6144/24076 active=8/8 mi_stopped=0
tinker_cookbook.rl.ensemble:1270 [[92mINFO[0m]     [gen/p1] step=8192/24076 active=5/8 mi_stopped=0
tinker_cookbook.rl.ensemble:1270 [[92mINFO[0m]     [gen/p1] step=10240/24076 active=3/8 mi_stopped=0
__main__:1078 [[92mINFO[0m]   Group 7: multi-adapter generation 8 seqs in 995.1s
__main__:1108 [[92mINFO[0m]   Group 7: rewards computed in 15.0s
__main__:1150 [[92mINFO[0m]     [g7][r1/8] adapter=0 R_exec=0.0000 true_MI=0.00000 RMI=0.0000 R_total=0.0000 correct=0 tokens=11745
__main__:1150 [[92mINFO[0m]     [g7][r2/8] adapter=0 R_exec=0.0000 true_MI=0.00000 RMI=0.0000 R_total=0.0000 correct=0 tokens=11811
__main__:1150 [[92mINFO[0m]     [g7][r3/8] adapter=0 R_exec=0.0000 true_MI=0.00000 RMI=0.0000 R_total=0.0000 correct=0 tokens=7364
__main__:1150 [[92mINFO[0m]     [g7][r4/8] adapter=0 R_exec=0.0000 true_MI=0.00000 RMI=0.0000 R_total=0.0000 correct=0 tokens=9455
__main__:1150 [[92mINFO[0m]     [g7][r5/8] adapter=0 R_exec=2.5812 true_MI=0.00000 RMI=0.0000 R_total=2.5812 correct=1 tokens=7974
__main__:1150 [[92mINFO[0m]     [g7][r6/8] adapter=0 R_exec=2.6023 true_MI=0.00000 RMI=0.0000 R_total=2.6023 correct=1 tokens=7947
__main__:1150 [[92mINFO[0m]     [g7][r7/8] adapter=0 R_exec=0.0000 true_MI=0.00000 RMI=0.0000 R_total=0.0000 correct=0 tokens=11290
__main__:1150 [[92mINFO[0m]     [g7][r8/8] adapter=0 R_exec=0.0000 true_MI=0.00000 RMI=0.0000 R_total=0.0000 correct=0 tokens=8572
__main__:1167 [[92mINFO[0m]   [g7] group true_MI: mean=0.00000 std=0.00000 max=0.00000 normalized=[0.00 0.00 0.00 0.00 0.00 0.00 0.00 0.00]
tinker_cookbook.utils.ml_log:143 [[92mINFO[0m] Wrote metrics to logs/aws/wave1-rerun/cp26-base-seed3/metrics.jsonl
tinker_cookbook.utils.ml_log:240 [[92mINFO[0m] Logging to: https://wandb.ai/kriaz-msee20seecs-nust/ugttt-rebuttal/runs/j5vhm83n
tinker_cookbook.utils.ml_log:143 [[92mINFO[0m] Wrote metrics to logs/aws/wave1-rerun/cp26-base-seed3/metrics.jsonl
tinker_cookbook.utils.ml_log:240 [[92mINFO[0m] Logging to: https://wandb.ai/kriaz-msee20seecs-nust/ugttt-rebuttal/runs/j5vhm83n
tinker_cookbook.utils.ml_log:143 [[92mINFO[0m] Wrote metrics to logs/aws/wave1-rerun/cp26-base-seed3/metrics.jsonl
tinker_cookbook.utils.ml_log:240 [[92mINFO[0m] Logging to: https://wandb.ai/kriaz-msee20seecs-nust/ugttt-rebuttal/runs/j5vhm83n
tinker_cookbook.utils.ml_log:143 [[92mINFO[0m] Wrote metrics to logs/aws/wave1-rerun/cp26-base-seed3/metrics.jsonl
tinker_cookbook.utils.ml_log:240 [[92mINFO[0m] Logging to: https://wandb.ai/kriaz-msee20seecs-nust/ugttt-rebuttal/runs/j5vhm83n
tinker_cookbook.utils.ml_log:143 [[92mINFO[0m] Wrote metrics to logs/aws/wave1-rerun/cp26-base-seed3/metrics.jsonl
tinker_cookbook.utils.ml_log:240 [[92mINFO[0m] Logging to: https://wandb.ai/kriaz-msee20seecs-nust/ugttt-rebuttal/runs/j5vhm83n
tinker_cookbook.utils.ml_log:143 [[92mINFO[0m] Wrote metrics to logs/aws/wave1-rerun/cp26-base-seed3/metrics.jsonl
tinker_cookbook.utils.ml_log:240 [[92mINFO[0m] Logging to: https://wandb.ai/kriaz-msee20seecs-nust/ugttt-rebuttal/runs/j5vhm83n
tinker_cookbook.utils.ml_log:143 [[92mINFO[0m] Wrote metrics to logs/aws/wave1-rerun/cp26-base-seed3/metrics.jsonl
tinker_cookbook.utils.ml_log:240 [[92mINFO[0m] Logging to: https://wandb.ai/kriaz-msee20seecs-nust/ugttt-rebuttal/runs/j5vhm83n
tinker_cookbook.utils.ml_log:143 [[92mINFO[0m] Wrote metrics to logs/aws/wave1-rerun/cp26-base-seed3/metrics.jsonl
tinker_cookbook.utils.ml_log:240 [[92mINFO[0m] Logging to: https://wandb.ai/kriaz-msee20seecs-nust/ugttt-rebuttal/runs/j5vhm83n
__main__:1949 [[92mINFO[0m]   [4][8/8] KEPT | R_exec=0.6479 (max=2.6023) RMI=0.0000 R_total=0.6479 | 1010.2s | GPU: 18.1/60.8GB
tinker_cookbook.utils.ml_log:143 [[92mINFO[0m] Wrote metrics to logs/aws/wave1-rerun/cp26-base-seed3/metrics.jsonl
tinker_cookbook.utils.ml_log:240 [[92mINFO[0m] Logging to: https://wandb.ai/kriaz-msee20seecs-nust/ugttt-rebuttal/runs/j5vhm83n
__main__:1988 [[92mINFO[0m] [Epoch 4] Rollout phase done in 8460.2s. Training on 8/8 groups...
tinker_cookbook.utils.ml_log:143 [[92mINFO[0m] Wrote metrics to logs/aws/wave1-rerun/cp26-base-seed3/metrics.jsonl
[BaseRewardTask] Found existing cpu_scheduler actor.
[BaseRewardTask] Found existing cpu_scheduler actor.
[BaseRewardTask] Found existing cpu_scheduler actor.
[BaseRewardTask] Found existing cpu_scheduler actor.
[BaseRewardTask] Found existing cpu_scheduler actor.[BaseRewardTask] Found existing cpu_scheduler actor.
[BaseRewardTask] Found existing cpu_scheduler actor.
[BaseRewardTask] Found existing cpu_scheduler actor.

Circles 0 and 1 overlap: dist=0.13808208714110307, r1+r2=0.13808211915361057
[BaseRewardTask] Found existing cpu_scheduler actor.
[BaseRewardTask] Found existing cpu_scheduler actor.
[BaseRewardTask] Found existing cpu_scheduler actor.[BaseRewardTask] Found existing cpu_scheduler actor.
[BaseRewardTask] Found existing cpu_scheduler actor.
[BaseRewardTask] Found existing cpu_scheduler actor.
[BaseRewardTask] Found existing cpu_scheduler actor.

[BaseRewardTask] Found existing cpu_scheduler actor.
Circles 10 and 11 overlap: dist=0.20163562196815205, r1+r2=0.20163562197834467
Circles 0 and 1 overlap: dist=0.22481168045741903, r1+r2=0.22481168066702178
[BaseRewardTask] Found existing cpu_scheduler actor.
[BaseRewardTask] Found existing cpu_scheduler actor.
[BaseRewardTask] Found existing cpu_scheduler actor.[BaseRewardTask] Found existing cpu_scheduler actor.

[BaseRewardTask] Found existing cpu_scheduler actor.
[BaseRewardTask] Found existing cpu_scheduler actor.
[BaseRewardTask] Found existing cpu_scheduler actor.
[BaseRewardTask] Found existing cpu_scheduler actor.
Circle 5 at (0.10022400086308902, 0.2411443879074822) with radius 0.10022400086418798 is outside the unit square
Circle 1 at (0.32635316640524276, 0.10539321446902905) with radius 0.10539321447096715 is outside the unit square
Circle 9 at (0.874492722290638, 0.28559608866705805) with radius 0.12550727771044962 is outside the unit square
Circles 0 and 1 overlap: dist=0.2107266246413086, r1+r2=0.21073069206687747
Circles 2 and 7 overlap: dist=0.23979559453053437, r1+r2=0.23979559456966976
[BaseRewardTask] Found existing cpu_scheduler actor.
[BaseRewardTask] Found existing cpu_scheduler actor.
[BaseRewardTask] Found existing cpu_scheduler actor.
[BaseRewardTask] Found existing cpu_scheduler actor.
[BaseRewardTask] Found existing cpu_scheduler actor.
[BaseRewardTask] Found existing cpu_scheduler actor.
[BaseRewardTask] Found existing cpu_scheduler actor.
[BaseRewardTask] Found existing cpu_scheduler actor.
Circles 13 and 17 overlap: dist=0.20699778368913663, r1+r2=0.20699778369371208
Circle 23 at (0.6497431738901712, 0.8974479980204408) with radius 0.10255200198090442 is outside the unit square
Circle 5 at (0.9101832193325905, 0.6262874261541053) with radius 0.08981678066844742 is outside the unit square
[BaseRewardTask] Found existing cpu_scheduler actor.
[BaseRewardTask] Found existing cpu_scheduler actor.
[BaseRewardTask] Found existing cpu_scheduler actor.
[BaseRewardTask] Found existing cpu_scheduler actor.
[BaseRewardTask] Found existing cpu_scheduler actor.[BaseRewardTask] Found existing cpu_scheduler actor.

[BaseRewardTask] Found existing cpu_scheduler actor.
[BaseRewardTask] Found existing cpu_scheduler actor.
Circle 4 at (0.9322510052786446, 0.06774899472806074) with radius 0.06774899472853371 is outside the unit square
Circle 1 at (0.32635316640524276, 0.10539321446902905) with radius 0.10539321447096715 is outside the unit square
Circles 0 and 6 overlap: dist=0.08660254037844388, r1+r2=0.1
Circles 0 and 5 overlap: dist=0.14433756729740643, r1+r2=0.16666666666666666
[BaseRewardTask] Found existing cpu_scheduler actor.
[BaseRewardTask] Found existing cpu_scheduler actor.
[BaseRewardTask] Found existing cpu_scheduler actor.
[BaseRewardTask] Found existing cpu_scheduler actor.
[BaseRewardTask] Found existing cpu_scheduler actor.[BaseRewardTask] Found existing cpu_scheduler actor.

[BaseRewardTask] Found existing cpu_scheduler actor.
[BaseRewardTask] Found existing cpu_scheduler actor.
Circle 0 at (0.08214929821384898, 0.08234423701437368) with radius 0.08512691447958784 is outside the unit square
Circles 0 and 1 overlap: dist=0.17643517398659703, r1+r2=0.1764680007183742
Circles 5 and 9 overlap: dist=0.17087351354033548, r1+r2=0.17087351354254393
[BaseRewardTask] Found existing cpu_scheduler actor.
[BaseRewardTask] Found existing cpu_scheduler actor.[BaseRewardTask] Found existing cpu_scheduler actor.

[BaseRewardTask] Found existing cpu_scheduler actor.
[BaseRewardTask] Found existing cpu_scheduler actor.
[BaseRewardTask] Found existing cpu_scheduler actor.[BaseRewardTask] Found existing cpu_scheduler actor.

[BaseRewardTask] Found existing cpu_scheduler actor.
Circle 0 at (0.02, 0.02) with radius 1.0 is outside the unit square
[BaseRewardTask] Found existing cpu_scheduler actor.
[BaseRewardTask] Found existing cpu_scheduler actor.
[BaseRewardTask] Found existing cpu_scheduler actor.[BaseRewardTask] Found existing cpu_scheduler actor.

[BaseRewardTask] Found existing cpu_scheduler actor.[BaseRewardTask] Found existing cpu_scheduler actor.

[BaseRewardTask] Found existing cpu_scheduler actor.
[BaseRewardTask] Found existing cpu_scheduler actor.
Circles 21 and 22 overlap: dist=0.2762049890446315, r1+r2=0.27620498904592133
Circles 0 and 4 overlap: dist=0.18282447468647584, r1+r2=0.1828244746898874
Circles 0 and 1 overlap: dist=0.2481145884643397, r1+r2=0.24811459161912458
Circles 14 and 18 overlap: dist=0.23294042707053034, r1+r2=0.23294042707209622
tinker_cookbook.utils.ml_log:195 [[92mINFO[0m] 
┏━━━━━━━━━━━━━━━━━━━━━━━━━━━━━━━━┳━━━━━━━━━━━━━━┓
┃ Metric                         ┃ Value        ┃
┡━━━━━━━━━━━━━━━━━━━━━━━━━━━━━━━━╇━━━━━━━━━━━━━━┩
│ gpu/memory_allocated_gb        │ 18.092511    │
│ gpu/memory_peak_gb             │ 60.641105    │
│ gpu/memory_reserved_gb         │ 18.121490    │
│ kl_policy_base                 │ 0.016501     │
│ optim/entropy                  │ 0.505688     │
│ optim/kl_sample_train_v1       │ 0.000082     │
│ optim/kl_sample_train_v2       │ 0.000125     │
│ progress/done_frac             │ 0.833333     │
│ progress/epoch                 │ 4            │
│ rollout/groups_attempted       │ 8.000000     │
│ rollout/groups_filtered        │ 0.000000     │
│ rollout/groups_kept            │ 8.000000     │
│ rollout/intra_group_reward_std │ 1.148867     │
│ time/rollout                   │ 8460.237065  │
│ time/total                     │ 8745.846567  │
│ time/train                     │ 285.525024   │
│ train/advantage/max            │ 10.768045    │
│ train/advantage/mean           │ 0.338490     │
│ train/advantage/min            │ -1.000000    │
│ train/advantage/std            │ 2.016887     │
│ train/beta/mean                │ 33.769585    │
│ train/beta/std                 │ 37.165329    │
│ train/correctness/mean         │ 0.484375     │
│ train/correctness/rate         │ 0.484375     │
│ train/ensemble/frac_high_disa… │ 0.000000     │
│ train/ensemble/max_token_disa… │ nan          │
│ train/ensemble/member_logprob… │ 0.000000     │
│ train/ensemble/member_logprob… │ nan          │
│ train/gamma_eff/mean           │ 0.000000     │
│ train/gen/num_tokens/max       │ 12576.000000 │
│ train/gen/num_tokens/mean      │ 9668.203125  │
│ train/gen/num_tokens/std       │ 1519.435002  │
│ train/loss                     │ -0.338502    │
│ train/nnm_loss                 │ 0.000000     │
│ train/nnm_nuclear_norm         │ 0.000000     │
│ train/num_groups               │ 8.000000     │
│ train/num_rollouts             │ 64.000000    │
│ train/num_rollouts_total       │ 64.000000    │
│ train/reward/exec/best         │ 2.627829     │
│ train/reward/exec/max          │ 2.627829     │
│ train/reward/exec/mean         │ 1.259007     │
│ train/reward/exec/min          │ 0.000000     │
│ train/reward/exec/std          │ 1.299093     │
│ train/reward/rmi/max           │ 0.000000     │
│ train/reward/rmi/mean          │ 0.000000     │
│ train/reward/rmi/min           │ 0.000000     │
│ train/reward/rmi/std           │ 0.000000     │
│ train/reward/total/best        │ 2.627829     │
│ train/reward/total/max         │ 2.627829     │
│ train/reward/total/mean        │ 1.259007     │
│ train/reward/total/min         │ 0.000000     │
│ train/reward/total/std         │ 1.299093     │
│ train/streaming_mi/stop_rate   │ 0.000000     │
│ train/streaming_mi/tokens_sav… │ 0.000000     │
│ train/streaming_mi/tokens_sav… │ 0.000000     │
│ train/two_phase/phase1_tokens… │ 9668.203125  │
│ train/two_phase/phase2_tokens… │ 0.000000     │
│ train/two_phase/prefill_rate   │ 0.000000     │
│ train/uncertainty/predictive_… │ 0.000000     │
│ train/uncertainty/predictive_… │ 0.000000     │
│ train/uncertainty/predictive_… │ 0.000000     │
│ train/uncertainty/predictive_… │ 0.000000     │
│ train/uncertainty/predictive_… │ 0.000000     │
│ train/uncertainty/predictive_… │ 0.000000     │
│ train/uncertainty/predictive_… │ 0.000000     │
│ train/uncertainty/predictive_… │ 0.000000     │
│ train/uncertainty/rmi/max      │ 0.000000     │
│ train/uncertainty/rmi/mean     │ 0.000000     │
│ train/uncertainty/rmi/min      │ 0.000000     │
│ train/uncertainty/rmi/std      │ 0.000000     │
│ train/uncertainty/rmi_top7/max │ 0.000000     │
│ train/uncertainty/rmi_top7/me… │ 0.000000     │
│ train/uncertainty/rmi_top7/min │ 0.000000     │
│ train/uncertainty/rmi_top7/std │ 0.000000     │
│ train/uncertainty/top7_mi_cod… │ 0.000000     │
│ train/uncertainty/top7_mi_cod… │ 0.000000     │
│ train/uncertainty/top7_mi_thi… │ 0.000000     │
│ train/uncertainty/top7_mi_thi… │ 0.000000     │
│ train/uncertainty/top7_pct_co… │ 0.000000     │
│ train/uncertainty/top7_pct_co… │ 0.000000     │
│ train/uncertainty/top7_pct_th… │ 1.000000     │
│ train/uncertainty/top7_pct_th… │ 0.000000     │
│ train/uncertainty/true_mi/max  │ 0.000000     │
│ train/uncertainty/true_mi/mean │ 0.000000     │
│ train/uncertainty/true_mi/min  │ 0.000000     │
│ train/uncertainty/true_mi/std  │ 0.000000     │
│ train/uncertainty/variance/max │ nan          │
│ train/uncertainty/variance/me… │ nan          │
│ train/uncertainty/variance/min │ nan          │
│ train/uncertainty/variance/std │ nan          │
│ train/uncertainty/variance_to… │ nan          │
│ train/uncertainty/variance_to… │ nan          │
│ train/uncertainty/variance_to… │ nan          │
│ train/uncertainty/variance_to… │ nan          │
└────────────────────────────────┴──────────────┘
tinker_cookbook.utils.ml_log:240 [[92mINFO[0m] Logging to: https://wandb.ai/kriaz-msee20seecs-nust/ugttt-rebuttal/runs/j5vhm83n
__main__:2062 [[92mINFO[0m] [Epoch 4] R_exec=1.2590 (max=2.6278 best=2.6278) RMI=0.0000 beta=33.77 corr=48.4% loss=-0.3385 groups=8/8 time=8745.8s
__main__:1836 [[92mINFO[0m] [Epoch 5/6] Starting rollout phase: 8 groups × 8 rollouts
tinker_cookbook.rl.ensemble:1082 [[92mINFO[0m]   generate_batch_multi_adapter_two_phase: N=8 phase1_max=26000 streaming_mi=False kv_q=False
tinker_cookbook.rl.ensemble:1270 [[92mINFO[0m]     [gen/p1] step=2048/24025 active=8/8 mi_stopped=0
tinker_cookbook.rl.ensemble:1270 [[92mINFO[0m]     [gen/p1] step=4096/24025 active=8/8 mi_stopped=0
tinker_cookbook.rl.ensemble:1270 [[92mINFO[0m]     [gen/p1] step=6144/24025 active=8/8 mi_stopped=0
tinker_cookbook.rl.ensemble:1270 [[92mINFO[0m]     [gen/p1] step=8192/24025 active=7/8 mi_stopped=0
tinker_cookbook.rl.ensemble:1270 [[92mINFO[0m]     [gen/p1] step=10240/24025 active=2/8 mi_stopped=0
__main__:1078 [[92mINFO[0m]   Group 0: multi-adapter generation 8 seqs in 963.9s
__main__:1108 [[92mINFO[0m]   Group 0: rewards computed in 16.5s
__main__:1150 [[92mINFO[0m]     [g0][r1/8] adapter=0 R_exec=2.6181 true_MI=0.00000 RMI=0.0000 R_total=2.6181 correct=1 tokens=9837
__main__:1150 [[92mINFO[0m]     [g0][r2/8] adapter=0 R_exec=0.0000 true_MI=0.00000 RMI=0.0000 R_total=0.0000 correct=0 tokens=11167
__main__:1150 [[92mINFO[0m]     [g0][r3/8] adapter=0 R_exec=2.5497 true_MI=0.00000 RMI=0.0000 R_total=2.5497 correct=1 tokens=8847
__main__:1150 [[92mINFO[0m]     [g0][r4/8] adapter=0 R_exec=2.6154 true_MI=0.00000 RMI=0.0000 R_total=2.6154 correct=1 tokens=8484
__main__:1150 [[92mINFO[0m]     [g0][r5/8] adapter=0 R_exec=2.5426 true_MI=0.00000 RMI=0.0000 R_total=2.5426 correct=1 tokens=8738
__main__:1150 [[92mINFO[0m]     [g0][r6/8] adapter=0 R_exec=0.0000 true_MI=0.00000 RMI=0.0000 R_total=0.0000 correct=0 tokens=11535
__main__:1150 [[92mINFO[0m]     [g0][r7/8] adapter=0 R_exec=0.0000 true_MI=0.00000 RMI=0.0000 R_total=0.0000 correct=0 tokens=7431
__main__:1150 [[92mINFO[0m]     [g0][r8/8] adapter=0 R_exec=2.6178 true_MI=0.00000 RMI=0.0000 R_total=2.6178 correct=1 tokens=8428
__main__:1167 [[92mINFO[0m]   [g0] group true_MI: mean=0.00000 std=0.00000 max=0.00000 normalized=[0.00 0.00 0.00 0.00 0.00 0.00 0.00 0.00]
tinker_cookbook.utils.ml_log:143 [[92mINFO[0m] Wrote metrics to logs/aws/wave1-rerun/cp26-base-seed3/metrics.jsonl
tinker_cookbook.utils.ml_log:240 [[92mINFO[0m] Logging to: https://wandb.ai/kriaz-msee20seecs-nust/ugttt-rebuttal/runs/j5vhm83n
tinker_cookbook.utils.ml_log:143 [[92mINFO[0m] Wrote metrics to logs/aws/wave1-rerun/cp26-base-seed3/metrics.jsonl
tinker_cookbook.utils.ml_log:240 [[92mINFO[0m] Logging to: https://wandb.ai/kriaz-msee20seecs-nust/ugttt-rebuttal/runs/j5vhm83n
tinker_cookbook.utils.ml_log:143 [[92mINFO[0m] Wrote metrics to logs/aws/wave1-rerun/cp26-base-seed3/metrics.jsonl
tinker_cookbook.utils.ml_log:240 [[92mINFO[0m] Logging to: https://wandb.ai/kriaz-msee20seecs-nust/ugttt-rebuttal/runs/j5vhm83n
tinker_cookbook.utils.ml_log:143 [[92mINFO[0m] Wrote metrics to logs/aws/wave1-rerun/cp26-base-seed3/metrics.jsonl
tinker_cookbook.utils.ml_log:240 [[92mINFO[0m] Logging to: https://wandb.ai/kriaz-msee20seecs-nust/ugttt-rebuttal/runs/j5vhm83n
tinker_cookbook.utils.ml_log:143 [[92mINFO[0m] Wrote metrics to logs/aws/wave1-rerun/cp26-base-seed3/metrics.jsonl
tinker_cookbook.utils.ml_log:240 [[92mINFO[0m] Logging to: https://wandb.ai/kriaz-msee20seecs-nust/ugttt-rebuttal/runs/j5vhm83n
tinker_cookbook.utils.ml_log:143 [[92mINFO[0m] Wrote metrics to logs/aws/wave1-rerun/cp26-base-seed3/metrics.jsonl
tinker_cookbook.utils.ml_log:240 [[92mINFO[0m] Logging to: https://wandb.ai/kriaz-msee20seecs-nust/ugttt-rebuttal/runs/j5vhm83n
tinker_cookbook.utils.ml_log:143 [[92mINFO[0m] Wrote metrics to logs/aws/wave1-rerun/cp26-base-seed3/metrics.jsonl
tinker_cookbook.utils.ml_log:240 [[92mINFO[0m] Logging to: https://wandb.ai/kriaz-msee20seecs-nust/ugttt-rebuttal/runs/j5vhm83n
tinker_cookbook.utils.ml_log:143 [[92mINFO[0m] Wrote metrics to logs/aws/wave1-rerun/cp26-base-seed3/metrics.jsonl
tinker_cookbook.utils.ml_log:240 [[92mINFO[0m] Logging to: https://wandb.ai/kriaz-msee20seecs-nust/ugttt-rebuttal/runs/j5vhm83n
__main__:1949 [[92mINFO[0m]   [5][1/8] KEPT | R_exec=1.6179 (max=2.6181) RMI=0.0000 R_total=1.6179 | 980.4s | GPU: 18.1/60.9GB
tinker_cookbook.utils.ml_log:143 [[92mINFO[0m] Wrote metrics to logs/aws/wave1-rerun/cp26-base-seed3/metrics.jsonl
tinker_cookbook.utils.ml_log:240 [[92mINFO[0m] Logging to: https://wandb.ai/kriaz-msee20seecs-nust/ugttt-rebuttal/runs/j5vhm83n
tinker_cookbook.rl.ensemble:1082 [[92mINFO[0m]   generate_batch_multi_adapter_two_phase: N=8 phase1_max=26000 streaming_mi=False kv_q=False
tinker_cookbook.rl.ensemble:1270 [[92mINFO[0m]     [gen/p1] step=2048/24166 active=8/8 mi_stopped=0
tinker_cookbook.rl.ensemble:1270 [[92mINFO[0m]     [gen/p1] step=4096/24166 active=8/8 mi_stopped=0
tinker_cookbook.rl.ensemble:1270 [[92mINFO[0m]     [gen/p1] step=6144/24166 active=8/8 mi_stopped=0
tinker_cookbook.rl.ensemble:1270 [[92mINFO[0m]     [gen/p1] step=8192/24166 active=7/8 mi_stopped=0
tinker_cookbook.rl.ensemble:1270 [[92mINFO[0m]     [gen/p1] step=10240/24166 active=2/8 mi_stopped=0
__main__:1078 [[92mINFO[0m]   Group 1: multi-adapter generation 8 seqs in 871.4s
__main__:1108 [[92mINFO[0m]   Group 1: rewards computed in 41.6s
__main__:1150 [[92mINFO[0m]     [g1][r1/8] adapter=0 R_exec=0.0000 true_MI=0.00000 RMI=0.0000 R_total=0.0000 correct=0 tokens=10776
__main__:1150 [[92mINFO[0m]     [g1][r2/8] adapter=0 R_exec=2.6249 true_MI=0.00000 RMI=0.0000 R_total=2.6249 correct=1 tokens=10759
__main__:1150 [[92mINFO[0m]     [g1][r3/8] adapter=0 R_exec=0.0000 true_MI=0.00000 RMI=0.0000 R_total=0.0000 correct=0 tokens=8301
__main__:1150 [[92mINFO[0m]     [g1][r4/8] adapter=0 R_exec=2.6045 true_MI=0.00000 RMI=0.0000 R_total=2.6045 correct=1 tokens=7696
__main__:1150 [[92mINFO[0m]     [g1][r5/8] adapter=0 R_exec=2.6249 true_MI=0.00000 RMI=0.0000 R_total=2.6249 correct=1 tokens=8622
__main__:1150 [[92mINFO[0m]     [g1][r6/8] adapter=0 R_exec=0.0000 true_MI=0.00000 RMI=0.0000 R_total=0.0000 correct=0 tokens=8805
__main__:1150 [[92mINFO[0m]     [g1][r7/8] adapter=0 R_exec=2.5843 true_MI=0.00000 RMI=0.0000 R_total=2.5843 correct=1 tokens=9995
__main__:1150 [[92mINFO[0m]     [g1][r8/8] adapter=0 R_exec=0.0000 true_MI=0.00000 RMI=0.0000 R_total=0.0000 correct=0 tokens=9273
__main__:1167 [[92mINFO[0m]   [g1] group true_MI: mean=0.00000 std=0.00000 max=0.00000 normalized=[0.00 0.00 0.00 0.00 0.00 0.00 0.00 0.00]
tinker_cookbook.utils.ml_log:143 [[92mINFO[0m] Wrote metrics to logs/aws/wave1-rerun/cp26-base-seed3/metrics.jsonl
tinker_cookbook.utils.ml_log:240 [[92mINFO[0m] Logging to: https://wandb.ai/kriaz-msee20seecs-nust/ugttt-rebuttal/runs/j5vhm83n
tinker_cookbook.utils.ml_log:143 [[92mINFO[0m] Wrote metrics to logs/aws/wave1-rerun/cp26-base-seed3/metrics.jsonl
tinker_cookbook.utils.ml_log:240 [[92mINFO[0m] Logging to: https://wandb.ai/kriaz-msee20seecs-nust/ugttt-rebuttal/runs/j5vhm83n
tinker_cookbook.utils.ml_log:143 [[92mINFO[0m] Wrote metrics to logs/aws/wave1-rerun/cp26-base-seed3/metrics.jsonl
tinker_cookbook.utils.ml_log:240 [[92mINFO[0m] Logging to: https://wandb.ai/kriaz-msee20seecs-nust/ugttt-rebuttal/runs/j5vhm83n
tinker_cookbook.utils.ml_log:143 [[92mINFO[0m] Wrote metrics to logs/aws/wave1-rerun/cp26-base-seed3/metrics.jsonl
tinker_cookbook.utils.ml_log:240 [[92mINFO[0m] Logging to: https://wandb.ai/kriaz-msee20seecs-nust/ugttt-rebuttal/runs/j5vhm83n
tinker_cookbook.utils.ml_log:143 [[92mINFO[0m] Wrote metrics to logs/aws/wave1-rerun/cp26-base-seed3/metrics.jsonl
tinker_cookbook.utils.ml_log:240 [[92mINFO[0m] Logging to: https://wandb.ai/kriaz-msee20seecs-nust/ugttt-rebuttal/runs/j5vhm83n
tinker_cookbook.utils.ml_log:143 [[92mINFO[0m] Wrote metrics to logs/aws/wave1-rerun/cp26-base-seed3/metrics.jsonl
tinker_cookbook.utils.ml_log:240 [[92mINFO[0m] Logging to: https://wandb.ai/kriaz-msee20seecs-nust/ugttt-rebuttal/runs/j5vhm83n
tinker_cookbook.utils.ml_log:143 [[92mINFO[0m] Wrote metrics to logs/aws/wave1-rerun/cp26-base-seed3/metrics.jsonl
tinker_cookbook.utils.ml_log:240 [[92mINFO[0m] Logging to: https://wandb.ai/kriaz-msee20seecs-nust/ugttt-rebuttal/runs/j5vhm83n
tinker_cookbook.utils.ml_log:143 [[92mINFO[0m] Wrote metrics to logs/aws/wave1-rerun/cp26-base-seed3/metrics.jsonl
tinker_cookbook.utils.ml_log:240 [[92mINFO[0m] Logging to: https://wandb.ai/kriaz-msee20seecs-nust/ugttt-rebuttal/runs/j5vhm83n
__main__:1949 [[92mINFO[0m]   [5][2/8] KEPT | R_exec=1.3048 (max=2.6249) RMI=0.0000 R_total=1.3048 | 913.0s | GPU: 18.1/60.5GB
tinker_cookbook.utils.ml_log:143 [[92mINFO[0m] Wrote metrics to logs/aws/wave1-rerun/cp26-base-seed3/metrics.jsonl
tinker_cookbook.utils.ml_log:240 [[92mINFO[0m] Logging to: https://wandb.ai/kriaz-msee20seecs-nust/ugttt-rebuttal/runs/j5vhm83n
tinker_cookbook.rl.ensemble:1082 [[92mINFO[0m]   generate_batch_multi_adapter_two_phase: N=8 phase1_max=26000 streaming_mi=False kv_q=False
tinker_cookbook.rl.ensemble:1270 [[92mINFO[0m]     [gen/p1] step=2048/24165 active=8/8 mi_stopped=0
tinker_cookbook.rl.ensemble:1270 [[92mINFO[0m]     [gen/p1] step=4096/24165 active=8/8 mi_stopped=0
tinker_cookbook.rl.ensemble:1270 [[92mINFO[0m]     [gen/p1] step=6144/24165 active=8/8 mi_stopped=0
tinker_cookbook.rl.ensemble:1270 [[92mINFO[0m]     [gen/p1] step=8192/24165 active=7/8 mi_stopped=0
tinker_cookbook.rl.ensemble:1270 [[92mINFO[0m]     [gen/p1] step=10240/24165 active=4/8 mi_stopped=0
tinker_cookbook.rl.ensemble:1270 [[92mINFO[0m]     [gen/p1] step=12288/24165 active=1/8 mi_stopped=0
__main__:1078 [[92mINFO[0m]   Group 2: multi-adapter generation 8 seqs in 1147.9s
__main__:1108 [[92mINFO[0m]   Group 2: rewards computed in 6.0s
__main__:1150 [[92mINFO[0m]     [g2][r1/8] adapter=0 R_exec=0.0000 true_MI=0.00000 RMI=0.0000 R_total=0.0000 correct=0 tokens=10108
__main__:1150 [[92mINFO[0m]     [g2][r2/8] adapter=0 R_exec=0.0000 true_MI=0.00000 RMI=0.0000 R_total=0.0000 correct=0 tokens=12111
__main__:1150 [[92mINFO[0m]     [g2][r3/8] adapter=0 R_exec=0.0000 true_MI=0.00000 RMI=0.0000 R_total=0.0000 correct=0 tokens=13087
__main__:1150 [[92mINFO[0m]     [g2][r4/8] adapter=0 R_exec=2.5555 true_MI=0.00000 RMI=0.0000 R_total=2.5555 correct=1 tokens=9728
__main__:1150 [[92mINFO[0m]     [g2][r5/8] adapter=0 R_exec=2.6196 true_MI=0.00000 RMI=0.0000 R_total=2.6196 correct=1 tokens=11999
__main__:1150 [[92mINFO[0m]     [g2][r6/8] adapter=0 R_exec=0.0000 true_MI=0.00000 RMI=0.0000 R_total=0.0000 correct=0 tokens=11121
__main__:1150 [[92mINFO[0m]     [g2][r7/8] adapter=0 R_exec=0.0000 true_MI=0.00000 RMI=0.0000 R_total=0.0000 correct=0 tokens=8066
__main__:1150 [[92mINFO[0m]     [g2][r8/8] adapter=0 R_exec=0.0000 true_MI=0.00000 RMI=0.0000 R_total=0.0000 correct=0 tokens=9967
__main__:1167 [[92mINFO[0m]   [g2] group true_MI: mean=0.00000 std=0.00000 max=0.00000 normalized=[0.00 0.00 0.00 0.00 0.00 0.00 0.00 0.00]
tinker_cookbook.utils.ml_log:143 [[92mINFO[0m] Wrote metrics to logs/aws/wave1-rerun/cp26-base-seed3/metrics.jsonl
tinker_cookbook.utils.ml_log:240 [[92mINFO[0m] Logging to: https://wandb.ai/kriaz-msee20seecs-nust/ugttt-rebuttal/runs/j5vhm83n
tinker_cookbook.utils.ml_log:143 [[92mINFO[0m] Wrote metrics to logs/aws/wave1-rerun/cp26-base-seed3/metrics.jsonl
tinker_cookbook.utils.ml_log:240 [[92mINFO[0m] Logging to: https://wandb.ai/kriaz-msee20seecs-nust/ugttt-rebuttal/runs/j5vhm83n
tinker_cookbook.utils.ml_log:143 [[92mINFO[0m] Wrote metrics to logs/aws/wave1-rerun/cp26-base-seed3/metrics.jsonl
tinker_cookbook.utils.ml_log:240 [[92mINFO[0m] Logging to: https://wandb.ai/kriaz-msee20seecs-nust/ugttt-rebuttal/runs/j5vhm83n
tinker_cookbook.utils.ml_log:143 [[92mINFO[0m] Wrote metrics to logs/aws/wave1-rerun/cp26-base-seed3/metrics.jsonl
tinker_cookbook.utils.ml_log:240 [[92mINFO[0m] Logging to: https://wandb.ai/kriaz-msee20seecs-nust/ugttt-rebuttal/runs/j5vhm83n
tinker_cookbook.utils.ml_log:143 [[92mINFO[0m] Wrote metrics to logs/aws/wave1-rerun/cp26-base-seed3/metrics.jsonl
tinker_cookbook.utils.ml_log:240 [[92mINFO[0m] Logging to: https://wandb.ai/kriaz-msee20seecs-nust/ugttt-rebuttal/runs/j5vhm83n
tinker_cookbook.utils.ml_log:143 [[92mINFO[0m] Wrote metrics to logs/aws/wave1-rerun/cp26-base-seed3/metrics.jsonl
tinker_cookbook.utils.ml_log:240 [[92mINFO[0m] Logging to: https://wandb.ai/kriaz-msee20seecs-nust/ugttt-rebuttal/runs/j5vhm83n
tinker_cookbook.utils.ml_log:143 [[92mINFO[0m] Wrote metrics to logs/aws/wave1-rerun/cp26-base-seed3/metrics.jsonl
tinker_cookbook.utils.ml_log:240 [[92mINFO[0m] Logging to: https://wandb.ai/kriaz-msee20seecs-nust/ugttt-rebuttal/runs/j5vhm83n
tinker_cookbook.utils.ml_log:143 [[92mINFO[0m] Wrote metrics to logs/aws/wave1-rerun/cp26-base-seed3/metrics.jsonl
tinker_cookbook.utils.ml_log:240 [[92mINFO[0m] Logging to: https://wandb.ai/kriaz-msee20seecs-nust/ugttt-rebuttal/runs/j5vhm83n
__main__:1949 [[92mINFO[0m]   [5][3/8] KEPT | R_exec=0.6469 (max=2.6196) RMI=0.0000 R_total=0.6469 | 1154.1s | GPU: 18.1/60.8GB
tinker_cookbook.utils.ml_log:143 [[92mINFO[0m] Wrote metrics to logs/aws/wave1-rerun/cp26-base-seed3/metrics.jsonl
tinker_cookbook.utils.ml_log:240 [[92mINFO[0m] Logging to: https://wandb.ai/kriaz-msee20seecs-nust/ugttt-rebuttal/runs/j5vhm83n
tinker_cookbook.rl.ensemble:1082 [[92mINFO[0m]   generate_batch_multi_adapter_two_phase: N=8 phase1_max=26000 streaming_mi=False kv_q=False
tinker_cookbook.rl.ensemble:1270 [[92mINFO[0m]     [gen/p1] step=2048/24118 active=8/8 mi_stopped=0
tinker_cookbook.rl.ensemble:1270 [[92mINFO[0m]     [gen/p1] step=4096/24118 active=8/8 mi_stopped=0
tinker_cookbook.rl.ensemble:1270 [[92mINFO[0m]     [gen/p1] step=6144/24118 active=8/8 mi_stopped=0
tinker_cookbook.rl.ensemble:1270 [[92mINFO[0m]     [gen/p1] step=8192/24118 active=5/8 mi_stopped=0
tinker_cookbook.rl.ensemble:1270 [[92mINFO[0m]     [gen/p1] step=10240/24118 active=2/8 mi_stopped=0
__main__:1078 [[92mINFO[0m]   Group 3: multi-adapter generation 8 seqs in 934.2s
__main__:1108 [[92mINFO[0m]   Group 3: rewards computed in 5.5s
__main__:1150 [[92mINFO[0m]     [g3][r1/8] adapter=0 R_exec=0.0000 true_MI=0.00000 RMI=0.0000 R_total=0.0000 correct=0 tokens=7807
__main__:1150 [[92mINFO[0m]     [g3][r2/8] adapter=0 R_exec=2.6211 true_MI=0.00000 RMI=0.0000 R_total=2.6211 correct=1 tokens=7843
__main__:1150 [[92mINFO[0m]     [g3][r3/8] adapter=0 R_exec=0.0000 true_MI=0.00000 RMI=0.0000 R_total=0.0000 correct=0 tokens=7551
__main__:1150 [[92mINFO[0m]     [g3][r4/8] adapter=0 R_exec=2.6178 true_MI=0.00000 RMI=0.0000 R_total=2.6178 correct=1 tokens=10632
__main__:1150 [[92mINFO[0m]     [g3][r5/8] adapter=0 R_exec=2.6173 true_MI=0.00000 RMI=0.0000 R_total=2.6173 correct=1 tokens=9219
__main__:1150 [[92mINFO[0m]     [g3][r6/8] adapter=0 R_exec=0.0000 true_MI=0.00000 RMI=0.0000 R_total=0.0000 correct=0 tokens=9850
__main__:1150 [[92mINFO[0m]     [g3][r7/8] adapter=0 R_exec=0.0000 true_MI=0.00000 RMI=0.0000 R_total=0.0000 correct=0 tokens=8486
__main__:1150 [[92mINFO[0m]     [g3][r8/8] adapter=0 R_exec=0.0000 true_MI=0.00000 RMI=0.0000 R_total=0.0000 correct=0 tokens=11360
__main__:1167 [[92mINFO[0m]   [g3] group true_MI: mean=0.00000 std=0.00000 max=0.00000 normalized=[0.00 0.00 0.00 0.00 0.00 0.00 0.00 0.00]
tinker_cookbook.utils.ml_log:143 [[92mINFO[0m] Wrote metrics to logs/aws/wave1-rerun/cp26-base-seed3/metrics.jsonl
tinker_cookbook.utils.ml_log:240 [[92mINFO[0m] Logging to: https://wandb.ai/kriaz-msee20seecs-nust/ugttt-rebuttal/runs/j5vhm83n
tinker_cookbook.utils.ml_log:143 [[92mINFO[0m] Wrote metrics to logs/aws/wave1-rerun/cp26-base-seed3/metrics.jsonl
tinker_cookbook.utils.ml_log:240 [[92mINFO[0m] Logging to: https://wandb.ai/kriaz-msee20seecs-nust/ugttt-rebuttal/runs/j5vhm83n
tinker_cookbook.utils.ml_log:143 [[92mINFO[0m] Wrote metrics to logs/aws/wave1-rerun/cp26-base-seed3/metrics.jsonl
tinker_cookbook.utils.ml_log:240 [[92mINFO[0m] Logging to: https://wandb.ai/kriaz-msee20seecs-nust/ugttt-rebuttal/runs/j5vhm83n
tinker_cookbook.utils.ml_log:143 [[92mINFO[0m] Wrote metrics to logs/aws/wave1-rerun/cp26-base-seed3/metrics.jsonl
tinker_cookbook.utils.ml_log:240 [[92mINFO[0m] Logging to: https://wandb.ai/kriaz-msee20seecs-nust/ugttt-rebuttal/runs/j5vhm83n
tinker_cookbook.utils.ml_log:143 [[92mINFO[0m] Wrote metrics to logs/aws/wave1-rerun/cp26-base-seed3/metrics.jsonl
tinker_cookbook.utils.ml_log:240 [[92mINFO[0m] Logging to: https://wandb.ai/kriaz-msee20seecs-nust/ugttt-rebuttal/runs/j5vhm83n
tinker_cookbook.utils.ml_log:143 [[92mINFO[0m] Wrote metrics to logs/aws/wave1-rerun/cp26-base-seed3/metrics.jsonl
tinker_cookbook.utils.ml_log:240 [[92mINFO[0m] Logging to: https://wandb.ai/kriaz-msee20seecs-nust/ugttt-rebuttal/runs/j5vhm83n
tinker_cookbook.utils.ml_log:143 [[92mINFO[0m] Wrote metrics to logs/aws/wave1-rerun/cp26-base-seed3/metrics.jsonl
tinker_cookbook.utils.ml_log:240 [[92mINFO[0m] Logging to: https://wandb.ai/kriaz-msee20seecs-nust/ugttt-rebuttal/runs/j5vhm83n
tinker_cookbook.utils.ml_log:143 [[92mINFO[0m] Wrote metrics to logs/aws/wave1-rerun/cp26-base-seed3/metrics.jsonl
tinker_cookbook.utils.ml_log:240 [[92mINFO[0m] Logging to: https://wandb.ai/kriaz-msee20seecs-nust/ugttt-rebuttal/runs/j5vhm83n
__main__:1949 [[92mINFO[0m]   [5][4/8] KEPT | R_exec=0.9820 (max=2.6211) RMI=0.0000 R_total=0.9820 | 939.7s | GPU: 18.1/60.7GB
tinker_cookbook.utils.ml_log:143 [[92mINFO[0m] Wrote metrics to logs/aws/wave1-rerun/cp26-base-seed3/metrics.jsonl
tinker_cookbook.utils.ml_log:240 [[92mINFO[0m] Logging to: https://wandb.ai/kriaz-msee20seecs-nust/ugttt-rebuttal/runs/j5vhm83n
tinker_cookbook.rl.ensemble:1082 [[92mINFO[0m]   generate_batch_multi_adapter_two_phase: N=8 phase1_max=26000 streaming_mi=False kv_q=False
tinker_cookbook.rl.ensemble:1270 [[92mINFO[0m]     [gen/p1] step=2048/24180 active=8/8 mi_stopped=0
tinker_cookbook.rl.ensemble:1270 [[92mINFO[0m]     [gen/p1] step=4096/24180 active=8/8 mi_stopped=0
tinker_cookbook.rl.ensemble:1270 [[92mINFO[0m]     [gen/p1] step=6144/24180 active=8/8 mi_stopped=0
tinker_cookbook.rl.ensemble:1270 [[92mINFO[0m]     [gen/p1] step=8192/24180 active=8/8 mi_stopped=0
tinker_cookbook.rl.ensemble:1270 [[92mINFO[0m]     [gen/p1] step=10240/24180 active=6/8 mi_stopped=0
tinker_cookbook.rl.ensemble:1270 [[92mINFO[0m]     [gen/p1] step=12288/24180 active=1/8 mi_stopped=0
tinker_cookbook.rl.ensemble:1270 [[92mINFO[0m]     [gen/p1] step=14336/24180 active=1/8 mi_stopped=0
__main__:1078 [[92mINFO[0m]   Group 4: multi-adapter generation 8 seqs in 1599.0s
__main__:1108 [[92mINFO[0m]   Group 4: rewards computed in 381.5s
__main__:1150 [[92mINFO[0m]     [g4][r1/8] adapter=0 R_exec=2.5869 true_MI=0.00000 RMI=0.0000 R_total=2.5869 correct=1 tokens=10511
__main__:1150 [[92mINFO[0m]     [g4][r2/8] adapter=0 R_exec=2.5771 true_MI=0.00000 RMI=0.0000 R_total=2.5771 correct=1 tokens=11075
__main__:1150 [[92mINFO[0m]     [g4][r3/8] adapter=0 R_exec=0.0000 true_MI=0.00000 RMI=0.0000 R_total=0.0000 correct=0 tokens=9945
__main__:1150 [[92mINFO[0m]     [g4][r4/8] adapter=0 R_exec=2.6180 true_MI=0.00000 RMI=0.0000 R_total=2.6180 correct=1 tokens=16196
__main__:1150 [[92mINFO[0m]     [g4][r5/8] adapter=0 R_exec=2.6105 true_MI=0.00000 RMI=0.0000 R_total=2.6105 correct=1 tokens=10963
__main__:1150 [[92mINFO[0m]     [g4][r6/8] adapter=0 R_exec=2.6231 true_MI=0.00000 RMI=0.0000 R_total=2.6231 correct=1 tokens=11927
__main__:1150 [[92mINFO[0m]     [g4][r7/8] adapter=0 R_exec=0.0000 true_MI=0.00000 RMI=0.0000 R_total=0.0000 correct=0 tokens=12229
__main__:1150 [[92mINFO[0m]     [g4][r8/8] adapter=0 R_exec=0.0000 true_MI=0.00000 RMI=0.0000 R_total=0.0000 correct=0 tokens=9464
__main__:1167 [[92mINFO[0m]   [g4] group true_MI: mean=0.00000 std=0.00000 max=0.00000 normalized=[0.00 0.00 0.00 0.00 0.00 0.00 0.00 0.00]
tinker_cookbook.utils.ml_log:143 [[92mINFO[0m] Wrote metrics to logs/aws/wave1-rerun/cp26-base-seed3/metrics.jsonl
tinker_cookbook.utils.ml_log:240 [[92mINFO[0m] Logging to: https://wandb.ai/kriaz-msee20seecs-nust/ugttt-rebuttal/runs/j5vhm83n
tinker_cookbook.utils.ml_log:143 [[92mINFO[0m] Wrote metrics to logs/aws/wave1-rerun/cp26-base-seed3/metrics.jsonl
tinker_cookbook.utils.ml_log:240 [[92mINFO[0m] Logging to: https://wandb.ai/kriaz-msee20seecs-nust/ugttt-rebuttal/runs/j5vhm83n
tinker_cookbook.utils.ml_log:143 [[92mINFO[0m] Wrote metrics to logs/aws/wave1-rerun/cp26-base-seed3/metrics.jsonl
tinker_cookbook.utils.ml_log:240 [[92mINFO[0m] Logging to: https://wandb.ai/kriaz-msee20seecs-nust/ugttt-rebuttal/runs/j5vhm83n
tinker_cookbook.utils.ml_log:143 [[92mINFO[0m] Wrote metrics to logs/aws/wave1-rerun/cp26-base-seed3/metrics.jsonl
tinker_cookbook.utils.ml_log:240 [[92mINFO[0m] Logging to: https://wandb.ai/kriaz-msee20seecs-nust/ugttt-rebuttal/runs/j5vhm83n
tinker_cookbook.utils.ml_log:143 [[92mINFO[0m] Wrote metrics to logs/aws/wave1-rerun/cp26-base-seed3/metrics.jsonl
tinker_cookbook.utils.ml_log:240 [[92mINFO[0m] Logging to: https://wandb.ai/kriaz-msee20seecs-nust/ugttt-rebuttal/runs/j5vhm83n
tinker_cookbook.utils.ml_log:143 [[92mINFO[0m] Wrote metrics to logs/aws/wave1-rerun/cp26-base-seed3/metrics.jsonl
tinker_cookbook.utils.ml_log:240 [[92mINFO[0m] Logging to: https://wandb.ai/kriaz-msee20seecs-nust/ugttt-rebuttal/runs/j5vhm83n
tinker_cookbook.utils.ml_log:143 [[92mINFO[0m] Wrote metrics to logs/aws/wave1-rerun/cp26-base-seed3/metrics.jsonl
tinker_cookbook.utils.ml_log:240 [[92mINFO[0m] Logging to: https://wandb.ai/kriaz-msee20seecs-nust/ugttt-rebuttal/runs/j5vhm83n
tinker_cookbook.utils.ml_log:143 [[92mINFO[0m] Wrote metrics to logs/aws/wave1-rerun/cp26-base-seed3/metrics.jsonl
tinker_cookbook.utils.ml_log:240 [[92mINFO[0m] Logging to: https://wandb.ai/kriaz-msee20seecs-nust/ugttt-rebuttal/runs/j5vhm83n
__main__:1949 [[92mINFO[0m]   [5][5/8] KEPT | R_exec=1.6270 (max=2.6231) RMI=0.0000 R_total=1.6270 | 1980.5s | GPU: 18.1/61.2GB
tinker_cookbook.utils.ml_log:143 [[92mINFO[0m] Wrote metrics to logs/aws/wave1-rerun/cp26-base-seed3/metrics.jsonl
tinker_cookbook.utils.ml_log:240 [[92mINFO[0m] Logging to: https://wandb.ai/kriaz-msee20seecs-nust/ugttt-rebuttal/runs/j5vhm83n
tinker_cookbook.rl.ensemble:1082 [[92mINFO[0m]   generate_batch_multi_adapter_two_phase: N=8 phase1_max=26000 streaming_mi=False kv_q=False
tinker_cookbook.rl.ensemble:1270 [[92mINFO[0m]     [gen/p1] step=2048/24080 active=8/8 mi_stopped=0
tinker_cookbook.rl.ensemble:1270 [[92mINFO[0m]     [gen/p1] step=4096/24080 active=8/8 mi_stopped=0
tinker_cookbook.rl.ensemble:1270 [[92mINFO[0m]     [gen/p1] step=6144/24080 active=8/8 mi_stopped=0
tinker_cookbook.rl.ensemble:1270 [[92mINFO[0m]     [gen/p1] step=8192/24080 active=7/8 mi_stopped=0
tinker_cookbook.rl.ensemble:1270 [[92mINFO[0m]     [gen/p1] step=10240/24080 active=3/8 mi_stopped=0
tinker_cookbook.rl.ensemble:1270 [[92mINFO[0m]     [gen/p1] step=12288/24080 active=1/8 mi_stopped=0
__main__:1078 [[92mINFO[0m]   Group 5: multi-adapter generation 8 seqs in 1228.0s
__main__:1108 [[92mINFO[0m]   Group 5: rewards computed in 12.2s
__main__:1150 [[92mINFO[0m]     [g5][r1/8] adapter=0 R_exec=0.0000 true_MI=0.00000 RMI=0.0000 R_total=0.0000 correct=0 tokens=10497
__main__:1150 [[92mINFO[0m]     [g5][r2/8] adapter=0 R_exec=2.4478 true_MI=0.00000 RMI=0.0000 R_total=2.4478 correct=1 tokens=13633
__main__:1150 [[92mINFO[0m]     [g5][r3/8] adapter=0 R_exec=0.0000 true_MI=0.00000 RMI=0.0000 R_total=0.0000 correct=0 tokens=9803
__main__:1150 [[92mINFO[0m]     [g5][r4/8] adapter=0 R_exec=2.6081 true_MI=0.00000 RMI=0.0000 R_total=2.6081 correct=1 tokens=8736
__main__:1150 [[92mINFO[0m]     [g5][r5/8] adapter=0 R_exec=0.0000 true_MI=0.00000 RMI=0.0000 R_total=0.0000 correct=0 tokens=8056
__main__:1150 [[92mINFO[0m]     [g5][r6/8] adapter=0 R_exec=2.5963 true_MI=0.00000 RMI=0.0000 R_total=2.5963 correct=1 tokens=12213
__main__:1150 [[92mINFO[0m]     [g5][r7/8] adapter=0 R_exec=2.5602 true_MI=0.00000 RMI=0.0000 R_total=2.5602 correct=1 tokens=9287
__main__:1150 [[92mINFO[0m]     [g5][r8/8] adapter=0 R_exec=0.0000 true_MI=0.00000 RMI=0.0000 R_total=0.0000 correct=0 tokens=8387
__main__:1167 [[92mINFO[0m]   [g5] group true_MI: mean=0.00000 std=0.00000 max=0.00000 normalized=[0.00 0.00 0.00 0.00 0.00 0.00 0.00 0.00]
tinker_cookbook.utils.ml_log:143 [[92mINFO[0m] Wrote metrics to logs/aws/wave1-rerun/cp26-base-seed3/metrics.jsonl
tinker_cookbook.utils.ml_log:240 [[92mINFO[0m] Logging to: https://wandb.ai/kriaz-msee20seecs-nust/ugttt-rebuttal/runs/j5vhm83n
tinker_cookbook.utils.ml_log:143 [[92mINFO[0m] Wrote metrics to logs/aws/wave1-rerun/cp26-base-seed3/metrics.jsonl
tinker_cookbook.utils.ml_log:240 [[92mINFO[0m] Logging to: https://wandb.ai/kriaz-msee20seecs-nust/ugttt-rebuttal/runs/j5vhm83n
tinker_cookbook.utils.ml_log:143 [[92mINFO[0m] Wrote metrics to logs/aws/wave1-rerun/cp26-base-seed3/metrics.jsonl
tinker_cookbook.utils.ml_log:240 [[92mINFO[0m] Logging to: https://wandb.ai/kriaz-msee20seecs-nust/ugttt-rebuttal/runs/j5vhm83n
tinker_cookbook.utils.ml_log:143 [[92mINFO[0m] Wrote metrics to logs/aws/wave1-rerun/cp26-base-seed3/metrics.jsonl
tinker_cookbook.utils.ml_log:240 [[92mINFO[0m] Logging to: https://wandb.ai/kriaz-msee20seecs-nust/ugttt-rebuttal/runs/j5vhm83n
tinker_cookbook.utils.ml_log:143 [[92mINFO[0m] Wrote metrics to logs/aws/wave1-rerun/cp26-base-seed3/metrics.jsonl
tinker_cookbook.utils.ml_log:240 [[92mINFO[0m] Logging to: https://wandb.ai/kriaz-msee20seecs-nust/ugttt-rebuttal/runs/j5vhm83n
tinker_cookbook.utils.ml_log:143 [[92mINFO[0m] Wrote metrics to logs/aws/wave1-rerun/cp26-base-seed3/metrics.jsonl
tinker_cookbook.utils.ml_log:240 [[92mINFO[0m] Logging to: https://wandb.ai/kriaz-msee20seecs-nust/ugttt-rebuttal/runs/j5vhm83n
tinker_cookbook.utils.ml_log:143 [[92mINFO[0m] Wrote metrics to logs/aws/wave1-rerun/cp26-base-seed3/metrics.jsonl
tinker_cookbook.utils.ml_log:240 [[92mINFO[0m] Logging to: https://wandb.ai/kriaz-msee20seecs-nust/ugttt-rebuttal/runs/j5vhm83n
tinker_cookbook.utils.ml_log:143 [[92mINFO[0m] Wrote metrics to logs/aws/wave1-rerun/cp26-base-seed3/metrics.jsonl
tinker_cookbook.utils.ml_log:240 [[92mINFO[0m] Logging to: https://wandb.ai/kriaz-msee20seecs-nust/ugttt-rebuttal/runs/j5vhm83n
__main__:1949 [[92mINFO[0m]   [5][6/8] KEPT | R_exec=1.2766 (max=2.6081) RMI=0.0000 R_total=1.2766 | 1240.3s | GPU: 18.1/61.0GB
tinker_cookbook.utils.ml_log:143 [[92mINFO[0m] Wrote metrics to logs/aws/wave1-rerun/cp26-base-seed3/metrics.jsonl
tinker_cookbook.utils.ml_log:240 [[92mINFO[0m] Logging to: https://wandb.ai/kriaz-msee20seecs-nust/ugttt-rebuttal/runs/j5vhm83n
tinker_cookbook.rl.ensemble:1082 [[92mINFO[0m]   generate_batch_multi_adapter_two_phase: N=8 phase1_max=26000 streaming_mi=False kv_q=False
tinker_cookbook.rl.ensemble:1270 [[92mINFO[0m]     [gen/p1] step=2048/24322 active=8/8 mi_stopped=0
tinker_cookbook.rl.ensemble:1270 [[92mINFO[0m]     [gen/p1] step=4096/24322 active=8/8 mi_stopped=0
tinker_cookbook.rl.ensemble:1270 [[92mINFO[0m]     [gen/p1] step=6144/24322 active=8/8 mi_stopped=0
tinker_cookbook.rl.ensemble:1270 [[92mINFO[0m]     [gen/p1] step=8192/24322 active=6/8 mi_stopped=0
tinker_cookbook.rl.ensemble:1270 [[92mINFO[0m]     [gen/p1] step=10240/24322 active=2/8 mi_stopped=0
__main__:1078 [[92mINFO[0m]   Group 6: multi-adapter generation 8 seqs in 853.1s
__main__:1108 [[92mINFO[0m]   Group 6: rewards computed in 113.8s
__main__:1150 [[92mINFO[0m]     [g6][r1/8] adapter=0 R_exec=2.6224 true_MI=0.00000 RMI=0.0000 R_total=2.6224 correct=1 tokens=10011
__main__:1150 [[92mINFO[0m]     [g6][r2/8] adapter=0 R_exec=0.0000 true_MI=0.00000 RMI=0.0000 R_total=0.0000 correct=0 tokens=8991
__main__:1150 [[92mINFO[0m]     [g6][r3/8] adapter=0 R_exec=2.5831 true_MI=0.00000 RMI=0.0000 R_total=2.5831 correct=1 tokens=7919
__main__:1150 [[92mINFO[0m]     [g6][r4/8] adapter=0 R_exec=2.5831 true_MI=0.00000 RMI=0.0000 R_total=2.5831 correct=1 tokens=10543
__main__:1150 [[92mINFO[0m]     [g6][r5/8] adapter=0 R_exec=2.6198 true_MI=0.00000 RMI=0.0000 R_total=2.6198 correct=1 tokens=10801
__main__:1150 [[92mINFO[0m]     [g6][r6/8] adapter=0 R_exec=0.0000 true_MI=0.00000 RMI=0.0000 R_total=0.0000 correct=0 tokens=9054
__main__:1150 [[92mINFO[0m]     [g6][r7/8] adapter=0 R_exec=2.5831 true_MI=0.00000 RMI=0.0000 R_total=2.5831 correct=1 tokens=7735
__main__:1150 [[92mINFO[0m]     [g6][r8/8] adapter=0 R_exec=0.0000 true_MI=0.00000 RMI=0.0000 R_total=0.0000 correct=0 tokens=9701
__main__:1167 [[92mINFO[0m]   [g6] group true_MI: mean=0.00000 std=0.00000 max=0.00000 normalized=[0.00 0.00 0.00 0.00 0.00 0.00 0.00 0.00]
tinker_cookbook.utils.ml_log:143 [[92mINFO[0m] Wrote metrics to logs/aws/wave1-rerun/cp26-base-seed3/metrics.jsonl
tinker_cookbook.utils.ml_log:240 [[92mINFO[0m] Logging to: https://wandb.ai/kriaz-msee20seecs-nust/ugttt-rebuttal/runs/j5vhm83n
tinker_cookbook.utils.ml_log:143 [[92mINFO[0m] Wrote metrics to logs/aws/wave1-rerun/cp26-base-seed3/metrics.jsonl
tinker_cookbook.utils.ml_log:240 [[92mINFO[0m] Logging to: https://wandb.ai/kriaz-msee20seecs-nust/ugttt-rebuttal/runs/j5vhm83n
tinker_cookbook.utils.ml_log:143 [[92mINFO[0m] Wrote metrics to logs/aws/wave1-rerun/cp26-base-seed3/metrics.jsonl
tinker_cookbook.utils.ml_log:240 [[92mINFO[0m] Logging to: https://wandb.ai/kriaz-msee20seecs-nust/ugttt-rebuttal/runs/j5vhm83n
tinker_cookbook.utils.ml_log:143 [[92mINFO[0m] Wrote metrics to logs/aws/wave1-rerun/cp26-base-seed3/metrics.jsonl
tinker_cookbook.utils.ml_log:240 [[92mINFO[0m] Logging to: https://wandb.ai/kriaz-msee20seecs-nust/ugttt-rebuttal/runs/j5vhm83n
tinker_cookbook.utils.ml_log:143 [[92mINFO[0m] Wrote metrics to logs/aws/wave1-rerun/cp26-base-seed3/metrics.jsonl
tinker_cookbook.utils.ml_log:240 [[92mINFO[0m] Logging to: https://wandb.ai/kriaz-msee20seecs-nust/ugttt-rebuttal/runs/j5vhm83n
tinker_cookbook.utils.ml_log:143 [[92mINFO[0m] Wrote metrics to logs/aws/wave1-rerun/cp26-base-seed3/metrics.jsonl
tinker_cookbook.utils.ml_log:240 [[92mINFO[0m] Logging to: https://wandb.ai/kriaz-msee20seecs-nust/ugttt-rebuttal/runs/j5vhm83n
tinker_cookbook.utils.ml_log:143 [[92mINFO[0m] Wrote metrics to logs/aws/wave1-rerun/cp26-base-seed3/metrics.jsonl
tinker_cookbook.utils.ml_log:240 [[92mINFO[0m] Logging to: https://wandb.ai/kriaz-msee20seecs-nust/ugttt-rebuttal/runs/j5vhm83n
tinker_cookbook.utils.ml_log:143 [[92mINFO[0m] Wrote metrics to logs/aws/wave1-rerun/cp26-base-seed3/metrics.jsonl
tinker_cookbook.utils.ml_log:240 [[92mINFO[0m] Logging to: https://wandb.ai/kriaz-msee20seecs-nust/ugttt-rebuttal/runs/j5vhm83n
__main__:1949 [[92mINFO[0m]   [5][7/8] KEPT | R_exec=1.6239 (max=2.6224) RMI=0.0000 R_total=1.6239 | 967.0s | GPU: 18.1/60.7GB
tinker_cookbook.utils.ml_log:143 [[92mINFO[0m] Wrote metrics to logs/aws/wave1-rerun/cp26-base-seed3/metrics.jsonl
tinker_cookbook.utils.ml_log:240 [[92mINFO[0m] Logging to: https://wandb.ai/kriaz-msee20seecs-nust/ugttt-rebuttal/runs/j5vhm83n
tinker_cookbook.rl.ensemble:1082 [[92mINFO[0m]   generate_batch_multi_adapter_two_phase: N=8 phase1_max=26000 streaming_mi=False kv_q=False
tinker_cookbook.rl.ensemble:1270 [[92mINFO[0m]     [gen/p1] step=2048/23931 active=8/8 mi_stopped=0
tinker_cookbook.rl.ensemble:1270 [[92mINFO[0m]     [gen/p1] step=4096/23931 active=8/8 mi_stopped=0
tinker_cookbook.rl.ensemble:1270 [[92mINFO[0m]     [gen/p1] step=6144/23931 active=8/8 mi_stopped=0
tinker_cookbook.rl.ensemble:1270 [[92mINFO[0m]     [gen/p1] step=8192/23931 active=6/8 mi_stopped=0
tinker_cookbook.rl.ensemble:1270 [[92mINFO[0m]     [gen/p1] step=10240/23931 active=1/8 mi_stopped=0
__main__:1078 [[92mINFO[0m]   Group 7: multi-adapter generation 8 seqs in 866.0s
__main__:1108 [[92mINFO[0m]   Group 7: rewards computed in 6.5s
__main__:1150 [[92mINFO[0m]     [g7][r1/8] adapter=0 R_exec=2.5699 true_MI=0.00000 RMI=0.0000 R_total=2.5699 correct=1 tokens=6880
__main__:1150 [[92mINFO[0m]     [g7][r2/8] adapter=0 R_exec=2.5576 true_MI=0.00000 RMI=0.0000 R_total=2.5576 correct=1 tokens=8479
__main__:1150 [[92mINFO[0m]     [g7][r3/8] adapter=0 R_exec=0.0000 true_MI=0.00000 RMI=0.0000 R_total=0.0000 correct=0 tokens=7148
__main__:1150 [[92mINFO[0m]     [g7][r4/8] adapter=0 R_exec=0.0000 true_MI=0.00000 RMI=0.0000 R_total=0.0000 correct=0 tokens=10687
__main__:1150 [[92mINFO[0m]     [g7][r5/8] adapter=0 R_exec=2.6124 true_MI=0.00000 RMI=0.0000 R_total=2.6124 correct=1 tokens=8915
__main__:1150 [[92mINFO[0m]     [g7][r6/8] adapter=0 R_exec=2.6231 true_MI=0.00000 RMI=0.0000 R_total=2.6231 correct=1 tokens=9801
__main__:1150 [[92mINFO[0m]     [g7][r7/8] adapter=0 R_exec=2.5880 true_MI=0.00000 RMI=0.0000 R_total=2.5880 correct=1 tokens=9254
__main__:1150 [[92mINFO[0m]     [g7][r8/8] adapter=0 R_exec=2.5506 true_MI=0.00000 RMI=0.0000 R_total=2.5506 correct=1 tokens=9847
__main__:1167 [[92mINFO[0m]   [g7] group true_MI: mean=0.00000 std=0.00000 max=0.00000 normalized=[0.00 0.00 0.00 0.00 0.00 0.00 0.00 0.00]
tinker_cookbook.utils.ml_log:143 [[92mINFO[0m] Wrote metrics to logs/aws/wave1-rerun/cp26-base-seed3/metrics.jsonl
tinker_cookbook.utils.ml_log:240 [[92mINFO[0m] Logging to: https://wandb.ai/kriaz-msee20seecs-nust/ugttt-rebuttal/runs/j5vhm83n
tinker_cookbook.utils.ml_log:143 [[92mINFO[0m] Wrote metrics to logs/aws/wave1-rerun/cp26-base-seed3/metrics.jsonl
tinker_cookbook.utils.ml_log:240 [[92mINFO[0m] Logging to: https://wandb.ai/kriaz-msee20seecs-nust/ugttt-rebuttal/runs/j5vhm83n
tinker_cookbook.utils.ml_log:143 [[92mINFO[0m] Wrote metrics to logs/aws/wave1-rerun/cp26-base-seed3/metrics.jsonl
tinker_cookbook.utils.ml_log:240 [[92mINFO[0m] Logging to: https://wandb.ai/kriaz-msee20seecs-nust/ugttt-rebuttal/runs/j5vhm83n
tinker_cookbook.utils.ml_log:143 [[92mINFO[0m] Wrote metrics to logs/aws/wave1-rerun/cp26-base-seed3/metrics.jsonl
tinker_cookbook.utils.ml_log:240 [[92mINFO[0m] Logging to: https://wandb.ai/kriaz-msee20seecs-nust/ugttt-rebuttal/runs/j5vhm83n
tinker_cookbook.utils.ml_log:143 [[92mINFO[0m] Wrote metrics to logs/aws/wave1-rerun/cp26-base-seed3/metrics.jsonl
tinker_cookbook.utils.ml_log:240 [[92mINFO[0m] Logging to: https://wandb.ai/kriaz-msee20seecs-nust/ugttt-rebuttal/runs/j5vhm83n
tinker_cookbook.utils.ml_log:143 [[92mINFO[0m] Wrote metrics to logs/aws/wave1-rerun/cp26-base-seed3/metrics.jsonl
tinker_cookbook.utils.ml_log:240 [[92mINFO[0m] Logging to: https://wandb.ai/kriaz-msee20seecs-nust/ugttt-rebuttal/runs/j5vhm83n
tinker_cookbook.utils.ml_log:143 [[92mINFO[0m] Wrote metrics to logs/aws/wave1-rerun/cp26-base-seed3/metrics.jsonl
tinker_cookbook.utils.ml_log:240 [[92mINFO[0m] Logging to: https://wandb.ai/kriaz-msee20seecs-nust/ugttt-rebuttal/runs/j5vhm83n
tinker_cookbook.utils.ml_log:143 [[92mINFO[0m] Wrote metrics to logs/aws/wave1-rerun/cp26-base-seed3/metrics.jsonl
tinker_cookbook.utils.ml_log:240 [[92mINFO[0m] Logging to: https://wandb.ai/kriaz-msee20seecs-nust/ugttt-rebuttal/runs/j5vhm83n
__main__:1949 [[92mINFO[0m]   [5][8/8] KEPT | R_exec=1.9377 (max=2.6231) RMI=0.0000 R_total=1.9377 | 872.6s | GPU: 18.1/61.0GB
tinker_cookbook.utils.ml_log:143 [[92mINFO[0m] Wrote metrics to logs/aws/wave1-rerun/cp26-base-seed3/metrics.jsonl
tinker_cookbook.utils.ml_log:240 [[92mINFO[0m] Logging to: https://wandb.ai/kriaz-msee20seecs-nust/ugttt-rebuttal/runs/j5vhm83n
__main__:1988 [[92mINFO[0m] [Epoch 5] Rollout phase done in 9049.1s. Training on 8/8 groups...
tinker_cookbook.utils.ml_log:143 [[92mINFO[0m] Wrote metrics to logs/aws/wave1-rerun/cp26-base-seed3/metrics.jsonl
[BaseRewardTask] Found existing cpu_scheduler actor.[BaseRewardTask] Found existing cpu_scheduler actor.

[BaseRewardTask] Found existing cpu_scheduler actor.[BaseRewardTask] Found existing cpu_scheduler actor.
[BaseRewardTask] Found existing cpu_scheduler actor.

[BaseRewardTask] Found existing cpu_scheduler actor.
[BaseRewardTask] Found existing cpu_scheduler actor.
[BaseRewardTask] Found existing cpu_scheduler actor.
Circles 2 and 3 overlap: dist=0.2539063851104692, r1+r2=0.2539063851121309
[BaseRewardTask] Found existing cpu_scheduler actor.
[BaseRewardTask] Found existing cpu_scheduler actor.
[BaseRewardTask] Found existing cpu_scheduler actor.
[BaseRewardTask] Found existing cpu_scheduler actor.
[BaseRewardTask] Found existing cpu_scheduler actor.[BaseRewardTask] Found existing cpu_scheduler actor.
[BaseRewardTask] Found existing cpu_scheduler actor.

[BaseRewardTask] Found existing cpu_scheduler actor.
Circle 23 at (0.8450148076047884, 0.8450148076070818) with radius 0.15498519239532255 is outside the unit square
Circles 4 and 10 overlap: dist=0.17482531672407, r1+r2=0.17482531672547502
Circle 0 at (0.0, 0.0) with radius 1.0 is outside the unit square
[BaseRewardTask] Found existing cpu_scheduler actor.
[BaseRewardTask] Found existing cpu_scheduler actor.
[BaseRewardTask] Found existing cpu_scheduler actor.
[BaseRewardTask] Found existing cpu_scheduler actor.
[BaseRewardTask] Found existing cpu_scheduler actor.[BaseRewardTask] Found existing cpu_scheduler actor.

[BaseRewardTask] Found existing cpu_scheduler actor.
[BaseRewardTask] Found existing cpu_scheduler actor.
Circles 0 and 1 overlap: dist=0.1965441898146218, r1+r2=0.19654418981838323
Circle 0 at (0.10639545494389066, 0.10639545493938227) with radius 0.10639545494925148 is outside the unit square
Circle 9 at (0.8749857790337575, 0.2843307003338739) with radius 0.125014220970274 is outside the unit square
Circle 0 at (0.08274464578276579, 0.08274464578116296) with radius 0.08274464578281912 is outside the unit square
Circles 0 and 1 overlap: dist=0.22909578880415557, r1+r2=0.2290957918525774
Circles 0 and 1 overlap: dist=0.30542094022898175, r1+r2=0.3054233670899891
[BaseRewardTask] Found existing cpu_scheduler actor.[BaseRewardTask] Found existing cpu_scheduler actor.

[BaseRewardTask] Found existing cpu_scheduler actor.
[BaseRewardTask] Found existing cpu_scheduler actor.[BaseRewardTask] Found existing cpu_scheduler actor.

[BaseRewardTask] Found existing cpu_scheduler actor.
[BaseRewardTask] Found existing cpu_scheduler actor.[BaseRewardTask] Found existing cpu_scheduler actor.

Circles 0 and 1 overlap: dist=0.22263201201462335, r1+r2=0.22358036297082992
Circles 8 and 14 overlap: dist=0.1673429633247829, r1+r2=0.16734296332957155
Circles 15 and 20 overlap: dist=0.19954884117616764, r1+r2=0.19954884117745617
Circles 0 and 4 overlap: dist=0.1945222573171876, r1+r2=0.19452480614331402
[BaseRewardTask] Found existing cpu_scheduler actor.
[BaseRewardTask] Found existing cpu_scheduler actor.[BaseRewardTask] Found existing cpu_scheduler actor.
[BaseRewardTask] Found existing cpu_scheduler actor.
[BaseRewardTask] Found existing cpu_scheduler actor.
[BaseRewardTask] Found existing cpu_scheduler actor.
[BaseRewardTask] Found existing cpu_scheduler actor.

[BaseRewardTask] Found existing cpu_scheduler actor.
Circle 4 at (0.8770857848700855, 0.12291421515012595) with radius 0.12291421515405912 is outside the unit square
[BaseRewardTask] Found existing cpu_scheduler actor.
[BaseRewardTask] Found existing cpu_scheduler actor.
[BaseRewardTask] Found existing cpu_scheduler actor.[BaseRewardTask] Found existing cpu_scheduler actor.
[BaseRewardTask] Found existing cpu_scheduler actor.
[BaseRewardTask] Found existing cpu_scheduler actor.
[BaseRewardTask] Found existing cpu_scheduler actor.

[BaseRewardTask] Found existing cpu_scheduler actor.
Circles 0 and 1 overlap: dist=0.26407161444448, r1+r2=0.2640716159323764
Circles 0 and 5 overlap: dist=0.21414103619818048, r1+r2=0.21414103637011322
Circles 0 and 5 overlap: dist=0.21414103619818048, r1+r2=0.21414103637011322
Circles 0 and 5 overlap: dist=0.21414103619818048, r1+r2=0.21414103637011322
[BaseRewardTask] Found existing cpu_scheduler actor.
[BaseRewardTask] Found existing cpu_scheduler actor.
[BaseRewardTask] Found existing cpu_scheduler actor.[BaseRewardTask] Found existing cpu_scheduler actor.
[BaseRewardTask] Found existing cpu_scheduler actor.

[BaseRewardTask] Found existing cpu_scheduler actor.
[BaseRewardTask] Found existing cpu_scheduler actor.
[BaseRewardTask] Found existing cpu_scheduler actor.
Circle 0 at (0.11223506905454497, 0.11367782398802609) with radius 0.1188224264657102 is outside the unit square
Circle 0 at (0.08333333333333406, 0.08333333333333542) with radius 0.13560221014605842 is outside the unit square
Circles 2 and 7 overlap: dist=0.2241667480288807, r1+r2=0.22416674876561155
[BaseRewardTask] Found existing cpu_scheduler actor.
[BaseRewardTask] Found existing cpu_scheduler actor.
[BaseRewardTask] Found existing cpu_scheduler actor.
[BaseRewardTask] Found existing cpu_scheduler actor.[BaseRewardTask] Found existing cpu_scheduler actor.
[BaseRewardTask] Found existing cpu_scheduler actor.
[BaseRewardTask] Found existing cpu_scheduler actor.

[BaseRewardTask] Found existing cpu_scheduler actor.
Circle 1 has negative radius -358015075.2110399
Circles 0 and 1 overlap: dist=0.308780923706409, r1+r2=0.3087809261258586
tinker_cookbook.utils.ml_log:195 [[92mINFO[0m] 
┏━━━━━━━━━━━━━━━━━━━━━━━━━━━━━━━━┳━━━━━━━━━━━━━━┓
┃ Metric                         ┃ Value        ┃
┡━━━━━━━━━━━━━━━━━━━━━━━━━━━━━━━━╇━━━━━━━━━━━━━━┩
│ gpu/memory_allocated_gb        │ 18.092511    │
│ gpu/memory_peak_gb             │ 60.641105    │
│ gpu/memory_reserved_gb         │ 18.121490    │
│ kl_policy_base                 │ 0.022343     │
│ optim/entropy                  │ 0.519897     │
│ optim/kl_sample_train_v1       │ 0.000133     │
│ optim/kl_sample_train_v2       │ 0.000123     │
│ progress/done_frac             │ 1.000000     │
│ progress/epoch                 │ 5            │
│ rollout/groups_attempted       │ 8.000000     │
│ rollout/groups_filtered        │ 0.000000     │
│ rollout/groups_kept            │ 8.000000     │
│ rollout/intra_group_reward_std │ 1.232675     │
│ time/rollout                   │ 9049.105577  │
│ time/total                     │ 9337.189881  │
│ time/train                     │ 287.980931   │
│ train/advantage/max            │ 4.612171     │
│ train/advantage/mean           │ 0.249100     │
│ train/advantage/min            │ -1.000000    │
│ train/advantage/std            │ 1.632855     │
│ train/beta/mean                │ 19.042856    │
│ train/beta/std                 │ 17.825180    │
│ train/correctness/mean         │ 0.531250     │
│ train/correctness/rate         │ 0.531250     │
│ train/ensemble/frac_high_disa… │ 0.000000     │
│ train/ensemble/max_token_disa… │ nan          │
│ train/ensemble/member_logprob… │ 0.000000     │
│ train/ensemble/member_logprob… │ nan          │
│ train/gamma_eff/mean           │ 0.000000     │
│ train/gen/num_tokens/max       │ 16196.000000 │
│ train/gen/num_tokens/mean      │ 9786.203125  │
│ train/gen/num_tokens/std       │ 1693.110047  │
│ train/loss                     │ -0.249146    │
│ train/nnm_loss                 │ 0.000000     │
│ train/nnm_nuclear_norm         │ 0.000000     │
│ train/num_groups               │ 8.000000     │
│ train/num_rollouts             │ 64.000000    │
│ train/num_rollouts_total       │ 64.000000    │
│ train/reward/exec/best         │ 2.627829     │
│ train/reward/exec/max          │ 2.624893     │
│ train/reward/exec/mean         │ 1.377103     │
│ train/reward/exec/min          │ 0.000000     │
│ train/reward/exec/std          │ 1.293828     │
│ train/reward/rmi/max           │ 0.000000     │
│ train/reward/rmi/mean          │ 0.000000     │
│ train/reward/rmi/min           │ 0.000000     │
│ train/reward/rmi/std           │ 0.000000     │
│ train/reward/total/best        │ 2.627829     │
│ train/reward/total/max         │ 2.624893     │
│ train/reward/total/mean        │ 1.377103     │
│ train/reward/total/min         │ 0.000000     │
│ train/reward/total/std         │ 1.293828     │
│ train/streaming_mi/stop_rate   │ 0.000000     │
│ train/streaming_mi/tokens_sav… │ 0.000000     │
│ train/streaming_mi/tokens_sav… │ 0.000000     │
│ train/two_phase/phase1_tokens… │ 9786.203125  │
│ train/two_phase/phase2_tokens… │ 0.000000     │
│ train/two_phase/prefill_rate   │ 0.000000     │
│ train/uncertainty/predictive_… │ 0.000000     │
│ train/uncertainty/predictive_… │ 0.000000     │
│ train/uncertainty/predictive_… │ 0.000000     │
│ train/uncertainty/predictive_… │ 0.000000     │
│ train/uncertainty/predictive_… │ 0.000000     │
│ train/uncertainty/predictive_… │ 0.000000     │
│ train/uncertainty/predictive_… │ 0.000000     │
│ train/uncertainty/predictive_… │ 0.000000     │
│ train/uncertainty/rmi/max      │ 0.000000     │
│ train/uncertainty/rmi/mean     │ 0.000000     │
│ train/uncertainty/rmi/min      │ 0.000000     │
│ train/uncertainty/rmi/std      │ 0.000000     │
│ train/uncertainty/rmi_top7/max │ 0.000000     │
│ train/uncertainty/rmi_top7/me… │ 0.000000     │
│ train/uncertainty/rmi_top7/min │ 0.000000     │
│ train/uncertainty/rmi_top7/std │ 0.000000     │
│ train/uncertainty/top7_mi_cod… │ 0.000000     │
│ train/uncertainty/top7_mi_cod… │ 0.000000     │
│ train/uncertainty/top7_mi_thi… │ 0.000000     │
│ train/uncertainty/top7_mi_thi… │ 0.000000     │
│ train/uncertainty/top7_pct_co… │ 0.000000     │
│ train/uncertainty/top7_pct_co… │ 0.000000     │
│ train/uncertainty/top7_pct_th… │ 1.000000     │
│ train/uncertainty/top7_pct_th… │ 0.000000     │
│ train/uncertainty/true_mi/max  │ 0.000000     │
│ train/uncertainty/true_mi/mean │ 0.000000     │
│ train/uncertainty/true_mi/min  │ 0.000000     │
│ train/uncertainty/true_mi/std  │ 0.000000     │
│ train/uncertainty/variance/max │ nan          │
│ train/uncertainty/variance/me… │ nan          │
│ train/uncertainty/variance/min │ nan          │
│ train/uncertainty/variance/std │ nan          │
│ train/uncertainty/variance_to… │ nan          │
│ train/uncertainty/variance_to… │ nan          │
│ train/uncertainty/variance_to… │ nan          │
│ train/uncertainty/variance_to… │ nan          │
└────────────────────────────────┴──────────────┘
tinker_cookbook.utils.ml_log:240 [[92mINFO[0m] Logging to: https://wandb.ai/kriaz-msee20seecs-nust/ugttt-rebuttal/runs/j5vhm83n
__main__:2062 [[92mINFO[0m] [Epoch 5] R_exec=1.3771 (max=2.6249 best=2.6278) RMI=0.0000 beta=19.04 corr=53.1% loss=-0.2491 groups=8/8 time=9337.2s
__main__:2073 [[92mINFO[0m] Checkpoint saved at epoch 5
wandb: updating run metadata
wandb: uploading data
wandb: 
wandb: Run history:
wandb:  gpu/memory_allocated_gb ▁▁▁▁▁▁▁█████████████████████████████████
wandb:       gpu/memory_peak_gb ▁▇████
wandb:   gpu/memory_reserved_gb ██████▁███████▁█████▁███████▁█████▁████▁
wandb:           kl_policy_base ▁▂▄▆▆█
wandb:            optim/entropy ▁▄▅▆▇█
wandb: optim/kl_sample_train_v1 █▆▆▅▁▆
wandb: optim/kl_sample_train_v2 ▆█▂▁▁▁
wandb:       progress/done_frac ▁▂▄▅▇█
wandb:           progress/epoch ▁▁▁▁▁▁▁▁▁▁▁▁▂▂▂▂▂▂▂▂▄▄▄▄▄▄▅▅▅▅▅▅▅▅▇▇▇▇▇█
wandb:     rollout/_global_step ▁▁▂▂▂▂▂▂▃▃▃▃▃▃▃▄▄▅▅▅▅▅▅▅▆▆▆▆▆▆▇▇▇▇▇▇▇▇██
wandb:                     +126 ...
wandb: 
wandb: Run summary:
wandb:  gpu/memory_allocated_gb 18.09251
wandb:       gpu/memory_peak_gb 60.6411
wandb:   gpu/memory_reserved_gb 18.12149
wandb:           kl_policy_base 0.02234
wandb:            optim/entropy 0.5199
wandb: optim/kl_sample_train_v1 0.00013
wandb: optim/kl_sample_train_v2 0.00012
wandb:       progress/done_frac 1
wandb:           progress/epoch 5
wandb:     rollout/_global_step 383
wandb:                     +126 ...
wandb: 
wandb: 🚀 View run cp26-base-seed3 at: https://wandb.ai/kriaz-msee20seecs-nust/ugttt-rebuttal/runs/j5vhm83n
wandb: ⭐️ View project at: https://wandb.ai/kriaz-msee20seecs-nust/ugttt-rebuttal
wandb: Synced 5 W&B file(s), 0 media file(s), 0 artifact file(s) and 0 other file(s)
wandb: Find logs at: ./logs/aws/wave1-rerun/cp26-base-seed3/wandb/run-20260728_071534-j5vhm83n/logs
__main__:2082 [[92mINFO[0m] Training complete
[W728 23:40:08.818832884 AllocatorConfig.cpp:28] Warning: PYTORCH_CUDA_ALLOC_CONF is deprecated, use PYTORCH_ALLOC_CONF instead (function operator())
