tinker_cookbook.utils.ml_log:525 [INFO] Logging to: logs/aws/wave4/ahc039-base
__main__:1657 [INFO] Active loggers: ['JsonLogger', 'PrettyPrintLogger', 'WandbLogger']
__main__:1690 [INFO] Loading base model: Qwen/Qwen3-8B (fp16)
root:227 [INFO] Loading model with precision - fp16
root:255 [INFO] loading llama compatible model - qwen3
root:49 [INFO] Adapter ensemble_0 without lr_scheduler.
tinker_cookbook.rl.ensemble:123 [INFO] Initialized 1 LoRA ensemble members (rank=16)
__main__:1779 [INFO] Training: 6 epochs, 8 groups/batch × 8 rollouts/group, K=1 adapters, γ=0.0
__main__:1784 [INFO] Parallelism: batched generation (8 seqs/batch), threaded rewards (8 workers), batched ensemble scoring
__main__:1807 [INFO] Two-phase sampling enabled: phase1_max=26000, context_window=32768, prefill_len=22, stop_ids=[151645]
__main__:1836 [INFO] [Epoch 0/6] Starting rollout phase: 8 groups × 8 rollouts
tinker_cookbook.rl.ensemble:1082 [INFO]   generate_batch_multi_adapter_two_phase: N=8 phase1_max=26000 streaming_mi=False kv_q=False
tinker_cookbook.rl.ensemble:1270 [INFO]     [gen/p1] step=2048/24800 active=8/8 mi_stopped=0
tinker_cookbook.rl.ensemble:1270 [INFO]     [gen/p1] step=4096/24800 active=8/8 mi_stopped=0
tinker_cookbook.rl.ensemble:1270 [INFO]     [gen/p1] step=6144/24800 active=8/8 mi_stopped=0
tinker_cookbook.rl.ensemble:1270 [INFO]     [gen/p1] step=8192/24800 active=8/8 mi_stopped=0
tinker_cookbook.rl.ensemble:1270 [INFO]     [gen/p1] step=10240/24800 active=8/8 mi_stopped=0
tinker_cookbook.rl.ensemble:1270 [INFO]     [gen/p1] step=12288/24800 active=8/8 mi_stopped=0
tinker_cookbook.rl.ensemble:1270 [INFO]     [gen/p1] step=14336/24800 active=6/8 mi_stopped=0
tinker_cookbook.rl.ensemble:1270 [INFO]     [gen/p1] step=16384/24800 active=4/8 mi_stopped=0
tinker_cookbook.rl.ensemble:1270 [INFO]     [gen/p1] step=18432/24800 active=1/8 mi_stopped=0
__main__:1078 [INFO]   Group 0: multi-adapter generation 8 seqs in 2089.3s
__main__:1108 [INFO]   Group 0: rewards computed in 60.0s
__main__:1150 [INFO]     [g0][r1/8] adapter=0 R_exec=0.0947 true_MI=0.00000 RMI=0.0000 R_total=0.0947 correct=1 tokens=15659
__main__:1150 [INFO]     [g0][r2/8] adapter=0 R_exec=0.0000 true_MI=0.00000 RMI=0.0000 R_total=0.0000 correct=0 tokens=16724
__main__:1150 [INFO]     [g0][r3/8] adapter=0 R_exec=0.0954 true_MI=0.00000 RMI=0.0000 R_total=0.0954 correct=1 tokens=14499
__main__:1150 [INFO]     [g0][r4/8] adapter=0 R_exec=0.0947 true_MI=0.00000 RMI=0.0000 R_total=0.0947 correct=1 tokens=17718
__main__:1150 [INFO]     [g0][r5/8] adapter=0 R_exec=0.3195 true_MI=0.00000 RMI=0.0000 R_total=0.3195 correct=1 tokens=19655
__main__:1150 [INFO]     [g0][r6/8] adapter=0 R_exec=0.0947 true_MI=0.00000 RMI=0.0000 R_total=0.0947 correct=1 tokens=14042
__main__:1150 [INFO]     [g0][r7/8] adapter=0 R_exec=1.0169 true_MI=0.00000 RMI=0.0000 R_total=1.0169 correct=1 tokens=17523
__main__:1150 [INFO]     [g0][r8/8] adapter=0 R_exec=0.0947 true_MI=0.00000 RMI=0.0000 R_total=0.0947 correct=1 tokens=13394
__main__:1167 [INFO]   [g0] group true_MI: mean=0.00000 std=0.00000 max=0.00000 normalized=[0.00 0.00 0.00 0.00 0.00 0.00 0.00 0.00]
tinker_cookbook.utils.ml_log:143 [INFO] Wrote metrics to logs/aws/wave4/ahc039-base/metrics.jsonl
tinker_cookbook.utils.ml_log:240 [INFO] Logging to: https://wandb.ai/kriaz-msee20seecs-nust/ugttt-rebuttal/runs/y6y1mt4y
tinker_cookbook.utils.ml_log:143 [INFO] Wrote metrics to logs/aws/wave4/ahc039-base/metrics.jsonl
tinker_cookbook.utils.ml_log:240 [INFO] Logging to: https://wandb.ai/kriaz-msee20seecs-nust/ugttt-rebuttal/runs/y6y1mt4y
tinker_cookbook.utils.ml_log:143 [INFO] Wrote metrics to logs/aws/wave4/ahc039-base/metrics.jsonl
tinker_cookbook.utils.ml_log:240 [INFO] Logging to: https://wandb.ai/kriaz-msee20seecs-nust/ugttt-rebuttal/runs/y6y1mt4y
tinker_cookbook.utils.ml_log:143 [INFO] Wrote metrics to logs/aws/wave4/ahc039-base/metrics.jsonl
tinker_cookbook.utils.ml_log:240 [INFO] Logging to: https://wandb.ai/kriaz-msee20seecs-nust/ugttt-rebuttal/runs/y6y1mt4y
tinker_cookbook.utils.ml_log:143 [INFO] Wrote metrics to logs/aws/wave4/ahc039-base/metrics.jsonl
tinker_cookbook.utils.ml_log:240 [INFO] Logging to: https://wandb.ai/kriaz-msee20seecs-nust/ugttt-rebuttal/runs/y6y1mt4y
tinker_cookbook.utils.ml_log:143 [INFO] Wrote metrics to logs/aws/wave4/ahc039-base/metrics.jsonl
tinker_cookbook.utils.ml_log:240 [INFO] Logging to: https://wandb.ai/kriaz-msee20seecs-nust/ugttt-rebuttal/runs/y6y1mt4y
tinker_cookbook.utils.ml_log:143 [INFO] Wrote metrics to logs/aws/wave4/ahc039-base/metrics.jsonl
tinker_cookbook.utils.ml_log:240 [INFO] Logging to: https://wandb.ai/kriaz-msee20seecs-nust/ugttt-rebuttal/runs/y6y1mt4y
tinker_cookbook.utils.ml_log:143 [INFO] Wrote metrics to logs/aws/wave4/ahc039-base/metrics.jsonl
tinker_cookbook.utils.ml_log:240 [INFO] Logging to: https://wandb.ai/kriaz-msee20seecs-nust/ugttt-rebuttal/runs/y6y1mt4y
__main__:1949 [INFO]   [0][1/8] KEPT | R_exec=0.2263 (max=1.0169) RMI=0.0000 R_total=0.2263 | 2149.4s | GPU: 18.0/61.2GB
tinker_cookbook.utils.ml_log:143 [INFO] Wrote metrics to logs/aws/wave4/ahc039-base/metrics.jsonl
tinker_cookbook.utils.ml_log:240 [INFO] Logging to: https://wandb.ai/kriaz-msee20seecs-nust/ugttt-rebuttal/runs/y6y1mt4y
tinker_cookbook.rl.ensemble:1082 [INFO]   generate_batch_multi_adapter_two_phase: N=8 phase1_max=26000 streaming_mi=False kv_q=False
tinker_cookbook.rl.ensemble:1270 [INFO]     [gen/p1] step=2048/24800 active=8/8 mi_stopped=0
tinker_cookbook.rl.ensemble:1270 [INFO]     [gen/p1] step=4096/24800 active=8/8 mi_stopped=0
tinker_cookbook.rl.ensemble:1270 [INFO]     [gen/p1] step=6144/24800 active=8/8 mi_stopped=0
tinker_cookbook.rl.ensemble:1270 [INFO]     [gen/p1] step=8192/24800 active=8/8 mi_stopped=0
tinker_cookbook.rl.ensemble:1270 [INFO]     [gen/p1] step=10240/24800 active=8/8 mi_stopped=0
tinker_cookbook.rl.ensemble:1270 [INFO]     [gen/p1] step=12288/24800 active=8/8 mi_stopped=0
tinker_cookbook.rl.ensemble:1270 [INFO]     [gen/p1] step=14336/24800 active=6/8 mi_stopped=0
tinker_cookbook.rl.ensemble:1270 [INFO]     [gen/p1] step=16384/24800 active=3/8 mi_stopped=0
tinker_cookbook.rl.ensemble:1270 [INFO]     [gen/p1] step=18432/24800 active=1/8 mi_stopped=0
__main__:1078 [INFO]   Group 1: multi-adapter generation 8 seqs in 2013.3s
__main__:1108 [INFO]   Group 1: rewards computed in 274.4s
__main__:1150 [INFO]     [g1][r1/8] adapter=0 R_exec=1.0169 true_MI=0.00000 RMI=0.0000 R_total=1.0169 correct=1 tokens=16531
__main__:1150 [INFO]     [g1][r2/8] adapter=0 R_exec=0.0947 true_MI=0.00000 RMI=0.0000 R_total=0.0947 correct=1 tokens=14980
__main__:1150 [INFO]     [g1][r3/8] adapter=0 R_exec=0.0335 true_MI=0.00000 RMI=0.0000 R_total=0.0335 correct=1 tokens=15997
__main__:1150 [INFO]     [g1][r4/8] adapter=0 R_exec=1.0169 true_MI=0.00000 RMI=0.0000 R_total=1.0169 correct=1 tokens=17992
__main__:1150 [INFO]     [g1][r5/8] adapter=0 R_exec=0.0947 true_MI=0.00000 RMI=0.0000 R_total=0.0947 correct=1 tokens=13463
__main__:1150 [INFO]     [g1][r6/8] adapter=0 R_exec=1.0166 true_MI=0.00000 RMI=0.0000 R_total=1.0166 correct=1 tokens=19217
__main__:1150 [INFO]     [g1][r7/8] adapter=0 R_exec=1.0169 true_MI=0.00000 RMI=0.0000 R_total=1.0169 correct=1 tokens=15232
__main__:1150 [INFO]     [g1][r8/8] adapter=0 R_exec=0.0947 true_MI=0.00000 RMI=0.0000 R_total=0.0947 correct=1 tokens=13544
__main__:1167 [INFO]   [g1] group true_MI: mean=0.00000 std=0.00000 max=0.00000 normalized=[0.00 0.00 0.00 0.00 0.00 0.00 0.00 0.00]
tinker_cookbook.utils.ml_log:143 [INFO] Wrote metrics to logs/aws/wave4/ahc039-base/metrics.jsonl
tinker_cookbook.utils.ml_log:240 [INFO] Logging to: https://wandb.ai/kriaz-msee20seecs-nust/ugttt-rebuttal/runs/y6y1mt4y
tinker_cookbook.utils.ml_log:143 [INFO] Wrote metrics to logs/aws/wave4/ahc039-base/metrics.jsonl
tinker_cookbook.utils.ml_log:240 [INFO] Logging to: https://wandb.ai/kriaz-msee20seecs-nust/ugttt-rebuttal/runs/y6y1mt4y
tinker_cookbook.utils.ml_log:143 [INFO] Wrote metrics to logs/aws/wave4/ahc039-base/metrics.jsonl
tinker_cookbook.utils.ml_log:240 [INFO] Logging to: https://wandb.ai/kriaz-msee20seecs-nust/ugttt-rebuttal/runs/y6y1mt4y
tinker_cookbook.utils.ml_log:143 [INFO] Wrote metrics to logs/aws/wave4/ahc039-base/metrics.jsonl
tinker_cookbook.utils.ml_log:240 [INFO] Logging to: https://wandb.ai/kriaz-msee20seecs-nust/ugttt-rebuttal/runs/y6y1mt4y
tinker_cookbook.utils.ml_log:143 [INFO] Wrote metrics to logs/aws/wave4/ahc039-base/metrics.jsonl
tinker_cookbook.utils.ml_log:240 [INFO] Logging to: https://wandb.ai/kriaz-msee20seecs-nust/ugttt-rebuttal/runs/y6y1mt4y
tinker_cookbook.utils.ml_log:143 [INFO] Wrote metrics to logs/aws/wave4/ahc039-base/metrics.jsonl
tinker_cookbook.utils.ml_log:240 [INFO] Logging to: https://wandb.ai/kriaz-msee20seecs-nust/ugttt-rebuttal/runs/y6y1mt4y
tinker_cookbook.utils.ml_log:143 [INFO] Wrote metrics to logs/aws/wave4/ahc039-base/metrics.jsonl
tinker_cookbook.utils.ml_log:240 [INFO] Logging to: https://wandb.ai/kriaz-msee20seecs-nust/ugttt-rebuttal/runs/y6y1mt4y
tinker_cookbook.utils.ml_log:143 [INFO] Wrote metrics to logs/aws/wave4/ahc039-base/metrics.jsonl
tinker_cookbook.utils.ml_log:240 [INFO] Logging to: https://wandb.ai/kriaz-msee20seecs-nust/ugttt-rebuttal/runs/y6y1mt4y
__main__:1949 [INFO]   [0][2/8] KEPT | R_exec=0.5481 (max=1.0169) RMI=0.0000 R_total=0.5481 | 2287.8s | GPU: 18.0/61.2GB
tinker_cookbook.utils.ml_log:143 [INFO] Wrote metrics to logs/aws/wave4/ahc039-base/metrics.jsonl
tinker_cookbook.utils.ml_log:240 [INFO] Logging to: https://wandb.ai/kriaz-msee20seecs-nust/ugttt-rebuttal/runs/y6y1mt4y
tinker_cookbook.rl.ensemble:1082 [INFO]   generate_batch_multi_adapter_two_phase: N=8 phase1_max=26000 streaming_mi=False kv_q=False
tinker_cookbook.rl.ensemble:1270 [INFO]     [gen/p1] step=2048/24800 active=8/8 mi_stopped=0
tinker_cookbook.rl.ensemble:1270 [INFO]     [gen/p1] step=4096/24800 active=8/8 mi_stopped=0
tinker_cookbook.rl.ensemble:1270 [INFO]     [gen/p1] step=6144/24800 active=8/8 mi_stopped=0
tinker_cookbook.rl.ensemble:1270 [INFO]     [gen/p1] step=8192/24800 active=8/8 mi_stopped=0
tinker_cookbook.rl.ensemble:1270 [INFO]     [gen/p1] step=10240/24800 active=8/8 mi_stopped=0
tinker_cookbook.rl.ensemble:1270 [INFO]     [gen/p1] step=12288/24800 active=7/8 mi_stopped=0
tinker_cookbook.rl.ensemble:1270 [INFO]     [gen/p1] step=14336/24800 active=7/8 mi_stopped=0
tinker_cookbook.rl.ensemble:1270 [INFO]     [gen/p1] step=16384/24800 active=5/8 mi_stopped=0
tinker_cookbook.rl.ensemble:1270 [INFO]     [gen/p1] step=18432/24800 active=1/8 mi_stopped=0
__main__:1078 [INFO]   Group 2: multi-adapter generation 8 seqs in 1917.3s
__main__:1108 [INFO]   Group 2: rewards computed in 41.6s
__main__:1150 [INFO]     [g2][r1/8] adapter=0 R_exec=1.0169 true_MI=0.00000 RMI=0.0000 R_total=1.0169 correct=1 tokens=18636
__main__:1150 [INFO]     [g2][r2/8] adapter=0 R_exec=0.0947 true_MI=0.00000 RMI=0.0000 R_total=0.0947 correct=1 tokens=10322
__main__:1150 [INFO]     [g2][r3/8] adapter=0 R_exec=0.0523 true_MI=0.00000 RMI=0.0000 R_total=0.0523 correct=1 tokens=17971
__main__:1150 [INFO]     [g2][r4/8] adapter=0 R_exec=0.0947 true_MI=0.00000 RMI=0.0000 R_total=0.0947 correct=1 tokens=16647
__main__:1150 [INFO]     [g2][r5/8] adapter=0 R_exec=0.0947 true_MI=0.00000 RMI=0.0000 R_total=0.0947 correct=1 tokens=16602
__main__:1150 [INFO]     [g2][r6/8] adapter=0 R_exec=0.0000 true_MI=0.00000 RMI=0.0000 R_total=0.0000 correct=0 tokens=17944
__main__:1150 [INFO]     [g2][r7/8] adapter=0 R_exec=0.0947 true_MI=0.00000 RMI=0.0000 R_total=0.0947 correct=1 tokens=14566
__main__:1150 [INFO]     [g2][r8/8] adapter=0 R_exec=0.0947 true_MI=0.00000 RMI=0.0000 R_total=0.0947 correct=1 tokens=15902
__main__:1167 [INFO]   [g2] group true_MI: mean=0.00000 std=0.00000 max=0.00000 normalized=[0.00 0.00 0.00 0.00 0.00 0.00 0.00 0.00]
tinker_cookbook.utils.ml_log:143 [INFO] Wrote metrics to logs/aws/wave4/ahc039-base/metrics.jsonl
tinker_cookbook.utils.ml_log:240 [INFO] Logging to: https://wandb.ai/kriaz-msee20seecs-nust/ugttt-rebuttal/runs/y6y1mt4y
tinker_cookbook.utils.ml_log:143 [INFO] Wrote metrics to logs/aws/wave4/ahc039-base/metrics.jsonl
tinker_cookbook.utils.ml_log:240 [INFO] Logging to: https://wandb.ai/kriaz-msee20seecs-nust/ugttt-rebuttal/runs/y6y1mt4y
tinker_cookbook.utils.ml_log:143 [INFO] Wrote metrics to logs/aws/wave4/ahc039-base/metrics.jsonl
tinker_cookbook.utils.ml_log:240 [INFO] Logging to: https://wandb.ai/kriaz-msee20seecs-nust/ugttt-rebuttal/runs/y6y1mt4y
tinker_cookbook.utils.ml_log:143 [INFO] Wrote metrics to logs/aws/wave4/ahc039-base/metrics.jsonl
tinker_cookbook.utils.ml_log:240 [INFO] Logging to: https://wandb.ai/kriaz-msee20seecs-nust/ugttt-rebuttal/runs/y6y1mt4y
tinker_cookbook.utils.ml_log:143 [INFO] Wrote metrics to logs/aws/wave4/ahc039-base/metrics.jsonl
tinker_cookbook.utils.ml_log:240 [INFO] Logging to: https://wandb.ai/kriaz-msee20seecs-nust/ugttt-rebuttal/runs/y6y1mt4y
tinker_cookbook.utils.ml_log:143 [INFO] Wrote metrics to logs/aws/wave4/ahc039-base/metrics.jsonl
tinker_cookbook.utils.ml_log:240 [INFO] Logging to: https://wandb.ai/kriaz-msee20seecs-nust/ugttt-rebuttal/runs/y6y1mt4y
tinker_cookbook.utils.ml_log:143 [INFO] Wrote metrics to logs/aws/wave4/ahc039-base/metrics.jsonl
tinker_cookbook.utils.ml_log:240 [INFO] Logging to: https://wandb.ai/kriaz-msee20seecs-nust/ugttt-rebuttal/runs/y6y1mt4y
tinker_cookbook.utils.ml_log:143 [INFO] Wrote metrics to logs/aws/wave4/ahc039-base/metrics.jsonl
tinker_cookbook.utils.ml_log:240 [INFO] Logging to: https://wandb.ai/kriaz-msee20seecs-nust/ugttt-rebuttal/runs/y6y1mt4y
__main__:1949 [INFO]   [0][3/8] KEPT | R_exec=0.1928 (max=1.0169) RMI=0.0000 R_total=0.1928 | 1959.1s | GPU: 18.0/61.1GB
tinker_cookbook.utils.ml_log:143 [INFO] Wrote metrics to logs/aws/wave4/ahc039-base/metrics.jsonl
tinker_cookbook.utils.ml_log:240 [INFO] Logging to: https://wandb.ai/kriaz-msee20seecs-nust/ugttt-rebuttal/runs/y6y1mt4y
tinker_cookbook.rl.ensemble:1082 [INFO]   generate_batch_multi_adapter_two_phase: N=8 phase1_max=26000 streaming_mi=False kv_q=False
tinker_cookbook.rl.ensemble:1270 [INFO]     [gen/p1] step=2048/24800 active=8/8 mi_stopped=0
tinker_cookbook.rl.ensemble:1270 [INFO]     [gen/p1] step=4096/24800 active=8/8 mi_stopped=0
tinker_cookbook.rl.ensemble:1270 [INFO]     [gen/p1] step=6144/24800 active=8/8 mi_stopped=0
tinker_cookbook.rl.ensemble:1270 [INFO]     [gen/p1] step=8192/24800 active=8/8 mi_stopped=0
tinker_cookbook.rl.ensemble:1270 [INFO]     [gen/p1] step=10240/24800 active=7/8 mi_stopped=0
tinker_cookbook.rl.ensemble:1270 [INFO]     [gen/p1] step=12288/24800 active=6/8 mi_stopped=0
tinker_cookbook.rl.ensemble:1270 [INFO]     [gen/p1] step=14336/24800 active=5/8 mi_stopped=0
tinker_cookbook.rl.ensemble:1270 [INFO]     [gen/p1] step=16384/24800 active=4/8 mi_stopped=0
tinker_cookbook.rl.ensemble:1270 [INFO]     [gen/p1] step=18432/24800 active=2/8 mi_stopped=0
tinker_cookbook.rl.ensemble:1270 [INFO]     [gen/p1] step=20480/24800 active=1/8 mi_stopped=0
__main__:1078 [INFO]   Group 3: multi-adapter generation 8 seqs in 2342.7s
__main__:1108 [INFO]   Group 3: rewards computed in 113.2s
__main__:1150 [INFO]     [g3][r1/8] adapter=0 R_exec=0.0947 true_MI=0.00000 RMI=0.0000 R_total=0.0947 correct=1 tokens=18543
__main__:1150 [INFO]     [g3][r2/8] adapter=0 R_exec=0.0947 true_MI=0.00000 RMI=0.0000 R_total=0.0947 correct=1 tokens=15989
__main__:1150 [INFO]     [g3][r3/8] adapter=0 R_exec=0.0000 true_MI=0.00000 RMI=0.0000 R_total=0.0000 correct=0 tokens=21058
__main__:1150 [INFO]     [g3][r4/8] adapter=0 R_exec=0.0947 true_MI=0.00000 RMI=0.0000 R_total=0.0947 correct=1 tokens=12087
__main__:1150 [INFO]     [g3][r5/8] adapter=0 R_exec=0.0947 true_MI=0.00000 RMI=0.0000 R_total=0.0947 correct=1 tokens=16472
__main__:1150 [INFO]     [g3][r6/8] adapter=0 R_exec=0.0947 true_MI=0.00000 RMI=0.0000 R_total=0.0947 correct=1 tokens=9040
__main__:1150 [INFO]     [g3][r7/8] adapter=0 R_exec=0.0000 true_MI=0.00000 RMI=0.0000 R_total=0.0000 correct=0 tokens=18292
__main__:1150 [INFO]     [g3][r8/8] adapter=0 R_exec=0.0947 true_MI=0.00000 RMI=0.0000 R_total=0.0947 correct=1 tokens=14271
__main__:1167 [INFO]   [g3] group true_MI: mean=0.00000 std=0.00000 max=0.00000 normalized=[0.00 0.00 0.00 0.00 0.00 0.00 0.00 0.00]
tinker_cookbook.utils.ml_log:143 [INFO] Wrote metrics to logs/aws/wave4/ahc039-base/metrics.jsonl
tinker_cookbook.utils.ml_log:240 [INFO] Logging to: https://wandb.ai/kriaz-msee20seecs-nust/ugttt-rebuttal/runs/y6y1mt4y
tinker_cookbook.utils.ml_log:143 [INFO] Wrote metrics to logs/aws/wave4/ahc039-base/metrics.jsonl
tinker_cookbook.utils.ml_log:240 [INFO] Logging to: https://wandb.ai/kriaz-msee20seecs-nust/ugttt-rebuttal/runs/y6y1mt4y
tinker_cookbook.utils.ml_log:143 [INFO] Wrote metrics to logs/aws/wave4/ahc039-base/metrics.jsonl
tinker_cookbook.utils.ml_log:240 [INFO] Logging to: https://wandb.ai/kriaz-msee20seecs-nust/ugttt-rebuttal/runs/y6y1mt4y
tinker_cookbook.utils.ml_log:143 [INFO] Wrote metrics to logs/aws/wave4/ahc039-base/metrics.jsonl
tinker_cookbook.utils.ml_log:240 [INFO] Logging to: https://wandb.ai/kriaz-msee20seecs-nust/ugttt-rebuttal/runs/y6y1mt4y
tinker_cookbook.utils.ml_log:143 [INFO] Wrote metrics to logs/aws/wave4/ahc039-base/metrics.jsonl
tinker_cookbook.utils.ml_log:240 [INFO] Logging to: https://wandb.ai/kriaz-msee20seecs-nust/ugttt-rebuttal/runs/y6y1mt4y
tinker_cookbook.utils.ml_log:143 [INFO] Wrote metrics to logs/aws/wave4/ahc039-base/metrics.jsonl
tinker_cookbook.utils.ml_log:240 [INFO] Logging to: https://wandb.ai/kriaz-msee20seecs-nust/ugttt-rebuttal/runs/y6y1mt4y
tinker_cookbook.utils.ml_log:143 [INFO] Wrote metrics to logs/aws/wave4/ahc039-base/metrics.jsonl
tinker_cookbook.utils.ml_log:240 [INFO] Logging to: https://wandb.ai/kriaz-msee20seecs-nust/ugttt-rebuttal/runs/y6y1mt4y
tinker_cookbook.utils.ml_log:143 [INFO] Wrote metrics to logs/aws/wave4/ahc039-base/metrics.jsonl
tinker_cookbook.utils.ml_log:240 [INFO] Logging to: https://wandb.ai/kriaz-msee20seecs-nust/ugttt-rebuttal/runs/y6y1mt4y
__main__:1949 [INFO]   [0][4/8] KEPT | R_exec=0.0710 (max=0.0947) RMI=0.0000 R_total=0.0710 | 2455.9s | GPU: 18.0/61.4GB
tinker_cookbook.utils.ml_log:143 [INFO] Wrote metrics to logs/aws/wave4/ahc039-base/metrics.jsonl
tinker_cookbook.utils.ml_log:240 [INFO] Logging to: https://wandb.ai/kriaz-msee20seecs-nust/ugttt-rebuttal/runs/y6y1mt4y
tinker_cookbook.rl.ensemble:1082 [INFO]   generate_batch_multi_adapter_two_phase: N=8 phase1_max=26000 streaming_mi=False kv_q=False
tinker_cookbook.rl.ensemble:1270 [INFO]     [gen/p1] step=2048/24800 active=8/8 mi_stopped=0
tinker_cookbook.rl.ensemble:1270 [INFO]     [gen/p1] step=4096/24800 active=8/8 mi_stopped=0
tinker_cookbook.rl.ensemble:1270 [INFO]     [gen/p1] step=6144/24800 active=8/8 mi_stopped=0
tinker_cookbook.rl.ensemble:1270 [INFO]     [gen/p1] step=8192/24800 active=8/8 mi_stopped=0
tinker_cookbook.rl.ensemble:1270 [INFO]     [gen/p1] step=10240/24800 active=8/8 mi_stopped=0
tinker_cookbook.rl.ensemble:1270 [INFO]     [gen/p1] step=12288/24800 active=8/8 mi_stopped=0
tinker_cookbook.rl.ensemble:1270 [INFO]     [gen/p1] step=14336/24800 active=6/8 mi_stopped=0
tinker_cookbook.rl.ensemble:1270 [INFO]     [gen/p1] step=16384/24800 active=5/8 mi_stopped=0
__main__:1078 [INFO]   Group 4: multi-adapter generation 8 seqs in 1864.3s
__main__:1108 [INFO]   Group 4: rewards computed in 18.6s
__main__:1150 [INFO]     [g4][r1/8] adapter=0 R_exec=0.0000 true_MI=0.00000 RMI=0.0000 R_total=0.0000 correct=0 tokens=18303
__main__:1150 [INFO]     [g4][r2/8] adapter=0 R_exec=0.0947 true_MI=0.00000 RMI=0.0000 R_total=0.0947 correct=1 tokens=16894
__main__:1150 [INFO]     [g4][r3/8] adapter=0 R_exec=0.0947 true_MI=0.00000 RMI=0.0000 R_total=0.0947 correct=1 tokens=15972
__main__:1150 [INFO]     [g4][r4/8] adapter=0 R_exec=0.0000 true_MI=0.00000 RMI=0.0000 R_total=0.0000 correct=0 tokens=17921
__main__:1150 [INFO]     [g4][r5/8] adapter=0 R_exec=0.0947 true_MI=0.00000 RMI=0.0000 R_total=0.0947 correct=1 tokens=13245
__main__:1150 [INFO]     [g4][r6/8] adapter=0 R_exec=0.0947 true_MI=0.00000 RMI=0.0000 R_total=0.0947 correct=1 tokens=13516
__main__:1150 [INFO]     [g4][r7/8] adapter=0 R_exec=0.9095 true_MI=0.00000 RMI=0.0000 R_total=0.9095 correct=1 tokens=18070
__main__:1150 [INFO]     [g4][r8/8] adapter=0 R_exec=0.0000 true_MI=0.00000 RMI=0.0000 R_total=0.0000 correct=0 tokens=16848
__main__:1167 [INFO]   [g4] group true_MI: mean=0.00000 std=0.00000 max=0.00000 normalized=[0.00 0.00 0.00 0.00 0.00 0.00 0.00 0.00]
tinker_cookbook.utils.ml_log:143 [INFO] Wrote metrics to logs/aws/wave4/ahc039-base/metrics.jsonl
tinker_cookbook.utils.ml_log:240 [INFO] Logging to: https://wandb.ai/kriaz-msee20seecs-nust/ugttt-rebuttal/runs/y6y1mt4y
tinker_cookbook.utils.ml_log:143 [INFO] Wrote metrics to logs/aws/wave4/ahc039-base/metrics.jsonl
tinker_cookbook.utils.ml_log:240 [INFO] Logging to: https://wandb.ai/kriaz-msee20seecs-nust/ugttt-rebuttal/runs/y6y1mt4y
tinker_cookbook.utils.ml_log:143 [INFO] Wrote metrics to logs/aws/wave4/ahc039-base/metrics.jsonl
tinker_cookbook.utils.ml_log:240 [INFO] Logging to: https://wandb.ai/kriaz-msee20seecs-nust/ugttt-rebuttal/runs/y6y1mt4y
tinker_cookbook.utils.ml_log:143 [INFO] Wrote metrics to logs/aws/wave4/ahc039-base/metrics.jsonl
tinker_cookbook.utils.ml_log:240 [INFO] Logging to: https://wandb.ai/kriaz-msee20seecs-nust/ugttt-rebuttal/runs/y6y1mt4y
tinker_cookbook.utils.ml_log:143 [INFO] Wrote metrics to logs/aws/wave4/ahc039-base/metrics.jsonl
tinker_cookbook.utils.ml_log:240 [INFO] Logging to: https://wandb.ai/kriaz-msee20seecs-nust/ugttt-rebuttal/runs/y6y1mt4y
tinker_cookbook.utils.ml_log:143 [INFO] Wrote metrics to logs/aws/wave4/ahc039-base/metrics.jsonl
tinker_cookbook.utils.ml_log:240 [INFO] Logging to: https://wandb.ai/kriaz-msee20seecs-nust/ugttt-rebuttal/runs/y6y1mt4y
tinker_cookbook.utils.ml_log:143 [INFO] Wrote metrics to logs/aws/wave4/ahc039-base/metrics.jsonl
tinker_cookbook.utils.ml_log:240 [INFO] Logging to: https://wandb.ai/kriaz-msee20seecs-nust/ugttt-rebuttal/runs/y6y1mt4y
tinker_cookbook.utils.ml_log:143 [INFO] Wrote metrics to logs/aws/wave4/ahc039-base/metrics.jsonl
tinker_cookbook.utils.ml_log:240 [INFO] Logging to: https://wandb.ai/kriaz-msee20seecs-nust/ugttt-rebuttal/runs/y6y1mt4y
__main__:1949 [INFO]   [0][5/8] KEPT | R_exec=0.1610 (max=0.9095) RMI=0.0000 R_total=0.1610 | 1882.9s | GPU: 18.0/61.1GB
tinker_cookbook.utils.ml_log:143 [INFO] Wrote metrics to logs/aws/wave4/ahc039-base/metrics.jsonl
tinker_cookbook.utils.ml_log:240 [INFO] Logging to: https://wandb.ai/kriaz-msee20seecs-nust/ugttt-rebuttal/runs/y6y1mt4y
tinker_cookbook.rl.ensemble:1082 [INFO]   generate_batch_multi_adapter_two_phase: N=8 phase1_max=26000 streaming_mi=False kv_q=False
tinker_cookbook.rl.ensemble:1270 [INFO]     [gen/p1] step=2048/24800 active=8/8 mi_stopped=0
tinker_cookbook.rl.ensemble:1270 [INFO]     [gen/p1] step=4096/24800 active=8/8 mi_stopped=0
tinker_cookbook.rl.ensemble:1270 [INFO]     [gen/p1] step=6144/24800 active=8/8 mi_stopped=0
tinker_cookbook.rl.ensemble:1270 [INFO]     [gen/p1] step=8192/24800 active=8/8 mi_stopped=0
tinker_cookbook.rl.ensemble:1270 [INFO]     [gen/p1] step=10240/24800 active=8/8 mi_stopped=0
tinker_cookbook.rl.ensemble:1270 [INFO]     [gen/p1] step=12288/24800 active=8/8 mi_stopped=0
tinker_cookbook.rl.ensemble:1270 [INFO]     [gen/p1] step=14336/24800 active=6/8 mi_stopped=0
tinker_cookbook.rl.ensemble:1270 [INFO]     [gen/p1] step=16384/24800 active=4/8 mi_stopped=0
tinker_cookbook.rl.ensemble:1270 [INFO]     [gen/p1] step=18432/24800 active=2/8 mi_stopped=0
tinker_cookbook.rl.ensemble:1270 [INFO]     [gen/p1] step=20480/24800 active=1/8 mi_stopped=0
__main__:1078 [INFO]   Group 5: multi-adapter generation 8 seqs in 2534.5s
__main__:1108 [INFO]   Group 5: rewards computed in 187.0s
__main__:1150 [INFO]     [g5][r1/8] adapter=0 R_exec=0.1519 true_MI=0.00000 RMI=0.0000 R_total=0.1519 correct=1 tokens=13306
__main__:1150 [INFO]     [g5][r2/8] adapter=0 R_exec=0.0000 true_MI=0.00000 RMI=0.0000 R_total=0.0000 correct=0 tokens=22089
__main__:1150 [INFO]     [g5][r3/8] adapter=0 R_exec=0.1519 true_MI=0.00000 RMI=0.0000 R_total=0.1519 correct=1 tokens=14097
__main__:1150 [INFO]     [g5][r4/8] adapter=0 R_exec=1.0169 true_MI=0.00000 RMI=0.0000 R_total=1.0169 correct=1 tokens=14597
__main__:1150 [INFO]     [g5][r5/8] adapter=0 R_exec=1.0169 true_MI=0.00000 RMI=0.0000 R_total=1.0169 correct=1 tokens=19862
__main__:1150 [INFO]     [g5][r6/8] adapter=0 R_exec=0.8472 true_MI=0.00000 RMI=0.0000 R_total=0.8472 correct=1 tokens=18378
__main__:1150 [INFO]     [g5][r7/8] adapter=0 R_exec=1.0169 true_MI=0.00000 RMI=0.0000 R_total=1.0169 correct=1 tokens=16545
__main__:1150 [INFO]     [g5][r8/8] adapter=0 R_exec=0.0013 true_MI=0.00000 RMI=0.0000 R_total=0.0013 correct=1 tokens=15661
__main__:1167 [INFO]   [g5] group true_MI: mean=0.00000 std=0.00000 max=0.00000 normalized=[0.00 0.00 0.00 0.00 0.00 0.00 0.00 0.00]
tinker_cookbook.utils.ml_log:143 [INFO] Wrote metrics to logs/aws/wave4/ahc039-base/metrics.jsonl
tinker_cookbook.utils.ml_log:240 [INFO] Logging to: https://wandb.ai/kriaz-msee20seecs-nust/ugttt-rebuttal/runs/y6y1mt4y
tinker_cookbook.utils.ml_log:143 [INFO] Wrote metrics to logs/aws/wave4/ahc039-base/metrics.jsonl
tinker_cookbook.utils.ml_log:240 [INFO] Logging to: https://wandb.ai/kriaz-msee20seecs-nust/ugttt-rebuttal/runs/y6y1mt4y
tinker_cookbook.utils.ml_log:143 [INFO] Wrote metrics to logs/aws/wave4/ahc039-base/metrics.jsonl
tinker_cookbook.utils.ml_log:240 [INFO] Logging to: https://wandb.ai/kriaz-msee20seecs-nust/ugttt-rebuttal/runs/y6y1mt4y
tinker_cookbook.utils.ml_log:143 [INFO] Wrote metrics to logs/aws/wave4/ahc039-base/metrics.jsonl
tinker_cookbook.utils.ml_log:240 [INFO] Logging to: https://wandb.ai/kriaz-msee20seecs-nust/ugttt-rebuttal/runs/y6y1mt4y
tinker_cookbook.utils.ml_log:143 [INFO] Wrote metrics to logs/aws/wave4/ahc039-base/metrics.jsonl
tinker_cookbook.utils.ml_log:240 [INFO] Logging to: https://wandb.ai/kriaz-msee20seecs-nust/ugttt-rebuttal/runs/y6y1mt4y
tinker_cookbook.utils.ml_log:143 [INFO] Wrote metrics to logs/aws/wave4/ahc039-base/metrics.jsonl
tinker_cookbook.utils.ml_log:240 [INFO] Logging to: https://wandb.ai/kriaz-msee20seecs-nust/ugttt-rebuttal/runs/y6y1mt4y
tinker_cookbook.utils.ml_log:143 [INFO] Wrote metrics to logs/aws/wave4/ahc039-base/metrics.jsonl
tinker_cookbook.utils.ml_log:240 [INFO] Logging to: https://wandb.ai/kriaz-msee20seecs-nust/ugttt-rebuttal/runs/y6y1mt4y
tinker_cookbook.utils.ml_log:143 [INFO] Wrote metrics to logs/aws/wave4/ahc039-base/metrics.jsonl
tinker_cookbook.utils.ml_log:240 [INFO] Logging to: https://wandb.ai/kriaz-msee20seecs-nust/ugttt-rebuttal/runs/y6y1mt4y
__main__:1949 [INFO]   [0][6/8] KEPT | R_exec=0.5254 (max=1.0169) RMI=0.0000 R_total=0.5254 | 2721.6s | GPU: 18.0/61.6GB
tinker_cookbook.utils.ml_log:143 [INFO] Wrote metrics to logs/aws/wave4/ahc039-base/metrics.jsonl
tinker_cookbook.utils.ml_log:240 [INFO] Logging to: https://wandb.ai/kriaz-msee20seecs-nust/ugttt-rebuttal/runs/y6y1mt4y
tinker_cookbook.rl.ensemble:1082 [INFO]   generate_batch_multi_adapter_two_phase: N=8 phase1_max=26000 streaming_mi=False kv_q=False
tinker_cookbook.rl.ensemble:1270 [INFO]     [gen/p1] step=2048/24800 active=8/8 mi_stopped=0
tinker_cookbook.rl.ensemble:1270 [INFO]     [gen/p1] step=4096/24800 active=8/8 mi_stopped=0
tinker_cookbook.rl.ensemble:1270 [INFO]     [gen/p1] step=6144/24800 active=8/8 mi_stopped=0
tinker_cookbook.rl.ensemble:1270 [INFO]     [gen/p1] step=8192/24800 active=8/8 mi_stopped=0
tinker_cookbook.rl.ensemble:1270 [INFO]     [gen/p1] step=10240/24800 active=8/8 mi_stopped=0
tinker_cookbook.rl.ensemble:1270 [INFO]     [gen/p1] step=12288/24800 active=8/8 mi_stopped=0
tinker_cookbook.rl.ensemble:1270 [INFO]     [gen/p1] step=14336/24800 active=6/8 mi_stopped=0
tinker_cookbook.rl.ensemble:1270 [INFO]     [gen/p1] step=16384/24800 active=3/8 mi_stopped=0
__main__:1078 [INFO]   Group 6: multi-adapter generation 8 seqs in 1794.5s
__main__:1108 [INFO]   Group 6: rewards computed in 82.7s
__main__:1150 [INFO]     [g6][r1/8] adapter=0 R_exec=0.0947 true_MI=0.00000 RMI=0.0000 R_total=0.0947 correct=1 tokens=13983
__main__:1150 [INFO]     [g6][r2/8] adapter=0 R_exec=0.0947 true_MI=0.00000 RMI=0.0000 R_total=0.0947 correct=1 tokens=14513
__main__:1150 [INFO]     [g6][r3/8] adapter=0 R_exec=0.8118 true_MI=0.00000 RMI=0.0000 R_total=0.8118 correct=1 tokens=17908
__main__:1150 [INFO]     [g6][r4/8] adapter=0 R_exec=0.0947 true_MI=0.00000 RMI=0.0000 R_total=0.0947 correct=1 tokens=17344
__main__:1150 [INFO]     [g6][r5/8] adapter=0 R_exec=1.2361 true_MI=0.00000 RMI=0.0000 R_total=1.2361 correct=1 tokens=16219
__main__:1150 [INFO]     [g6][r6/8] adapter=0 R_exec=0.0947 true_MI=0.00000 RMI=0.0000 R_total=0.0947 correct=1 tokens=17153
__main__:1150 [INFO]     [g6][r7/8] adapter=0 R_exec=0.0947 true_MI=0.00000 RMI=0.0000 R_total=0.0947 correct=1 tokens=13920
__main__:1150 [INFO]     [g6][r8/8] adapter=0 R_exec=0.0014 true_MI=0.00000 RMI=0.0000 R_total=0.0014 correct=1 tokens=14771
__main__:1167 [INFO]   [g6] group true_MI: mean=0.00000 std=0.00000 max=0.00000 normalized=[0.00 0.00 0.00 0.00 0.00 0.00 0.00 0.00]
tinker_cookbook.utils.ml_log:143 [INFO] Wrote metrics to logs/aws/wave4/ahc039-base/metrics.jsonl
tinker_cookbook.utils.ml_log:240 [INFO] Logging to: https://wandb.ai/kriaz-msee20seecs-nust/ugttt-rebuttal/runs/y6y1mt4y
tinker_cookbook.utils.ml_log:143 [INFO] Wrote metrics to logs/aws/wave4/ahc039-base/metrics.jsonl
tinker_cookbook.utils.ml_log:240 [INFO] Logging to: https://wandb.ai/kriaz-msee20seecs-nust/ugttt-rebuttal/runs/y6y1mt4y
tinker_cookbook.utils.ml_log:143 [INFO] Wrote metrics to logs/aws/wave4/ahc039-base/metrics.jsonl
tinker_cookbook.utils.ml_log:240 [INFO] Logging to: https://wandb.ai/kriaz-msee20seecs-nust/ugttt-rebuttal/runs/y6y1mt4y
tinker_cookbook.utils.ml_log:143 [INFO] Wrote metrics to logs/aws/wave4/ahc039-base/metrics.jsonl
tinker_cookbook.utils.ml_log:240 [INFO] Logging to: https://wandb.ai/kriaz-msee20seecs-nust/ugttt-rebuttal/runs/y6y1mt4y
tinker_cookbook.utils.ml_log:143 [INFO] Wrote metrics to logs/aws/wave4/ahc039-base/metrics.jsonl
tinker_cookbook.utils.ml_log:240 [INFO] Logging to: https://wandb.ai/kriaz-msee20seecs-nust/ugttt-rebuttal/runs/y6y1mt4y
tinker_cookbook.utils.ml_log:143 [INFO] Wrote metrics to logs/aws/wave4/ahc039-base/metrics.jsonl
tinker_cookbook.utils.ml_log:240 [INFO] Logging to: https://wandb.ai/kriaz-msee20seecs-nust/ugttt-rebuttal/runs/y6y1mt4y
tinker_cookbook.utils.ml_log:143 [INFO] Wrote metrics to logs/aws/wave4/ahc039-base/metrics.jsonl
tinker_cookbook.utils.ml_log:240 [INFO] Logging to: https://wandb.ai/kriaz-msee20seecs-nust/ugttt-rebuttal/runs/y6y1mt4y
tinker_cookbook.utils.ml_log:143 [INFO] Wrote metrics to logs/aws/wave4/ahc039-base/metrics.jsonl
tinker_cookbook.utils.ml_log:240 [INFO] Logging to: https://wandb.ai/kriaz-msee20seecs-nust/ugttt-rebuttal/runs/y6y1mt4y
__main__:1949 [INFO]   [0][7/8] KEPT | R_exec=0.3153 (max=1.2361) RMI=0.0000 R_total=0.3153 | 1877.3s | GPU: 18.0/61.0GB
tinker_cookbook.utils.ml_log:143 [INFO] Wrote metrics to logs/aws/wave4/ahc039-base/metrics.jsonl
tinker_cookbook.utils.ml_log:240 [INFO] Logging to: https://wandb.ai/kriaz-msee20seecs-nust/ugttt-rebuttal/runs/y6y1mt4y
tinker_cookbook.rl.ensemble:1082 [INFO]   generate_batch_multi_adapter_two_phase: N=8 phase1_max=26000 streaming_mi=False kv_q=False
tinker_cookbook.rl.ensemble:1270 [INFO]     [gen/p1] step=2048/24800 active=8/8 mi_stopped=0
tinker_cookbook.rl.ensemble:1270 [INFO]     [gen/p1] step=4096/24800 active=8/8 mi_stopped=0
tinker_cookbook.rl.ensemble:1270 [INFO]     [gen/p1] step=6144/24800 active=8/8 mi_stopped=0
tinker_cookbook.rl.ensemble:1270 [INFO]     [gen/p1] step=8192/24800 active=8/8 mi_stopped=0
tinker_cookbook.rl.ensemble:1270 [INFO]     [gen/p1] step=10240/24800 active=8/8 mi_stopped=0
tinker_cookbook.rl.ensemble:1270 [INFO]     [gen/p1] step=12288/24800 active=8/8 mi_stopped=0
tinker_cookbook.rl.ensemble:1270 [INFO]     [gen/p1] step=14336/24800 active=7/8 mi_stopped=0
tinker_cookbook.rl.ensemble:1270 [INFO]     [gen/p1] step=16384/24800 active=3/8 mi_stopped=0
tinker_cookbook.rl.ensemble:1270 [INFO]     [gen/p1] step=18432/24800 active=2/8 mi_stopped=0
tinker_cookbook.rl.ensemble:1270 [INFO]     [gen/p1] step=20480/24800 active=1/8 mi_stopped=0
__main__:1078 [INFO]   Group 7: multi-adapter generation 8 seqs in 2332.6s
__main__:1108 [INFO]   Group 7: rewards computed in 121.0s
__main__:1150 [INFO]     [g7][r1/8] adapter=0 R_exec=1.0169 true_MI=0.00000 RMI=0.0000 R_total=1.0169 correct=1 tokens=17053
__main__:1150 [INFO]     [g7][r2/8] adapter=0 R_exec=1.0169 true_MI=0.00000 RMI=0.0000 R_total=1.0169 correct=1 tokens=20457
__main__:1150 [INFO]     [g7][r3/8] adapter=0 R_exec=0.0947 true_MI=0.00000 RMI=0.0000 R_total=0.0947 correct=1 tokens=13461
__main__:1150 [INFO]     [g7][r4/8] adapter=0 R_exec=1.0169 true_MI=0.00000 RMI=0.0000 R_total=1.0169 correct=1 tokens=20984
__main__:1150 [INFO]     [g7][r5/8] adapter=0 R_exec=0.0947 true_MI=0.00000 RMI=0.0000 R_total=0.0947 correct=1 tokens=15001
__main__:1150 [INFO]     [g7][r6/8] adapter=0 R_exec=0.0947 true_MI=0.00000 RMI=0.0000 R_total=0.0947 correct=1 tokens=16120
__main__:1150 [INFO]     [g7][r7/8] adapter=0 R_exec=0.0947 true_MI=0.00000 RMI=0.0000 R_total=0.0947 correct=1 tokens=15139
__main__:1150 [INFO]     [g7][r8/8] adapter=0 R_exec=0.0947 true_MI=0.00000 RMI=0.0000 R_total=0.0947 correct=1 tokens=14540
__main__:1167 [INFO]   [g7] group true_MI: mean=0.00000 std=0.00000 max=0.00000 normalized=[0.00 0.00 0.00 0.00 0.00 0.00 0.00 0.00]
tinker_cookbook.utils.ml_log:143 [INFO] Wrote metrics to logs/aws/wave4/ahc039-base/metrics.jsonl
tinker_cookbook.utils.ml_log:240 [INFO] Logging to: https://wandb.ai/kriaz-msee20seecs-nust/ugttt-rebuttal/runs/y6y1mt4y
tinker_cookbook.utils.ml_log:143 [INFO] Wrote metrics to logs/aws/wave4/ahc039-base/metrics.jsonl
tinker_cookbook.utils.ml_log:240 [INFO] Logging to: https://wandb.ai/kriaz-msee20seecs-nust/ugttt-rebuttal/runs/y6y1mt4y
tinker_cookbook.utils.ml_log:143 [INFO] Wrote metrics to logs/aws/wave4/ahc039-base/metrics.jsonl
tinker_cookbook.utils.ml_log:240 [INFO] Logging to: https://wandb.ai/kriaz-msee20seecs-nust/ugttt-rebuttal/runs/y6y1mt4y
tinker_cookbook.utils.ml_log:143 [INFO] Wrote metrics to logs/aws/wave4/ahc039-base/metrics.jsonl
tinker_cookbook.utils.ml_log:240 [INFO] Logging to: https://wandb.ai/kriaz-msee20seecs-nust/ugttt-rebuttal/runs/y6y1mt4y
tinker_cookbook.utils.ml_log:143 [INFO] Wrote metrics to logs/aws/wave4/ahc039-base/metrics.jsonl
tinker_cookbook.utils.ml_log:240 [INFO] Logging to: https://wandb.ai/kriaz-msee20seecs-nust/ugttt-rebuttal/runs/y6y1mt4y
tinker_cookbook.utils.ml_log:143 [INFO] Wrote metrics to logs/aws/wave4/ahc039-base/metrics.jsonl
tinker_cookbook.utils.ml_log:240 [INFO] Logging to: https://wandb.ai/kriaz-msee20seecs-nust/ugttt-rebuttal/runs/y6y1mt4y
tinker_cookbook.utils.ml_log:143 [INFO] Wrote metrics to logs/aws/wave4/ahc039-base/metrics.jsonl
tinker_cookbook.utils.ml_log:240 [INFO] Logging to: https://wandb.ai/kriaz-msee20seecs-nust/ugttt-rebuttal/runs/y6y1mt4y
tinker_cookbook.utils.ml_log:143 [INFO] Wrote metrics to logs/aws/wave4/ahc039-base/metrics.jsonl
tinker_cookbook.utils.ml_log:240 [INFO] Logging to: https://wandb.ai/kriaz-msee20seecs-nust/ugttt-rebuttal/runs/y6y1mt4y
__main__:1949 [INFO]   [0][8/8] KEPT | R_exec=0.4405 (max=1.0169) RMI=0.0000 R_total=0.4405 | 2453.7s | GPU: 18.0/61.4GB
tinker_cookbook.utils.ml_log:143 [INFO] Wrote metrics to logs/aws/wave4/ahc039-base/metrics.jsonl
tinker_cookbook.utils.ml_log:240 [INFO] Logging to: https://wandb.ai/kriaz-msee20seecs-nust/ugttt-rebuttal/runs/y6y1mt4y
__main__:1988 [INFO] [Epoch 0] Rollout phase done in 17789.3s. Training on 8/8 groups...
tinker_cookbook.utils.ml_log:143 [INFO] Wrote metrics to logs/aws/wave4/ahc039-base/metrics.jsonl
tinker_cookbook.utils.ml_log:195 [INFO] 
┏━━━━━━━━━━━━━━━━━━━━━━━━━━━━━━━━┳━━━━━━━━━━━━━━━┓
┃ Metric                         ┃ Value         ┃
┡━━━━━━━━━━━━━━━━━━━━━━━━━━━━━━━━╇━━━━━━━━━━━━━━━┩
│ gpu/memory_allocated_gb        │ 18.092511     │
│ gpu/memory_peak_gb             │ 60.661390     │
│ gpu/memory_reserved_gb         │ 18.140365     │
│ kl_policy_base                 │ 0.002703      │
│ optim/entropy                  │ 0.489150      │
│ optim/kl_sample_train_v1       │ 0.000106      │
│ optim/kl_sample_train_v2       │ 0.000103      │
│ progress/done_frac             │ 0.166667      │
│ progress/epoch                 │ 0             │
│ rollout/groups_attempted       │ 8.000000      │
│ rollout/groups_filtered        │ 0.000000      │
│ rollout/groups_kept            │ 8.000000      │
│ rollout/intra_group_reward_std │ 0.343166      │
│ time/rollout                   │ 17789.283207  │
│ time/total                     │ 18258.335741  │
│ time/train                     │ 468.953210    │
│ train/advantage/max            │ 10.740452     │
│ train/advantage/mean           │ 0.455930      │
│ train/advantage/min            │ -1.000000     │
│ train/advantage/std            │ 2.490037      │
│ train/beta/mean                │ 131076.505267 │
│ train/beta/std                 │ 346782.213043 │
│ train/correctness/mean         │ 0.875000      │
│ train/correctness/rate         │ 0.875000      │
│ train/ensemble/frac_high_disa… │ 0.000000      │
│ train/ensemble/max_token_disa… │ nan           │
│ train/ensemble/member_logprob… │ 0.000000      │
│ train/ensemble/member_logprob… │ nan           │
│ train/gamma_eff/mean           │ 0.000000      │
│ train/gen/num_tokens/max       │ 22089.000000  │
│ train/gen/num_tokens/mean      │ 16162.218750  │
│ train/gen/num_tokens/std       │ 2461.198847   │
│ train/loss                     │ -0.455945     │
│ train/nnm_loss                 │ 0.000000      │
│ train/nnm_nuclear_norm         │ 0.000000      │
│ train/num_groups               │ 8.000000      │
│ train/num_rollouts             │ 64.000000     │
│ train/num_rollouts_total       │ 64.000000     │
│ train/reward/exec/best         │ 1.236124      │
│ train/reward/exec/max          │ 1.236124      │
│ train/reward/exec/mean         │ 0.310060      │
│ train/reward/exec/min          │ 0.000000      │
│ train/reward/exec/std          │ 0.403787      │
│ train/reward/rmi/max           │ 0.000000      │
│ train/reward/rmi/mean          │ 0.000000      │
│ train/reward/rmi/min           │ 0.000000      │
│ train/reward/rmi/std           │ 0.000000      │
│ train/reward/total/best        │ 1.236124      │
│ train/reward/total/max         │ 1.236124      │
│ train/reward/total/mean        │ 0.310060      │
│ train/reward/total/min         │ 0.000000      │
│ train/reward/total/std         │ 0.403787      │
│ train/streaming_mi/stop_rate   │ 0.000000      │
│ train/streaming_mi/tokens_sav… │ 0.000000      │
│ train/streaming_mi/tokens_sav… │ 0.000000      │
│ train/two_phase/phase1_tokens… │ 16162.218750  │
│ train/two_phase/phase2_tokens… │ 0.000000      │
│ train/two_phase/prefill_rate   │ 0.000000      │
│ train/uncertainty/predictive_… │ 0.000000      │
│ train/uncertainty/predictive_… │ 0.000000      │
│ train/uncertainty/predictive_… │ 0.000000      │
│ train/uncertainty/predictive_… │ 0.000000      │
│ train/uncertainty/predictive_… │ 0.000000      │
│ train/uncertainty/predictive_… │ 0.000000      │
│ train/uncertainty/predictive_… │ 0.000000      │
│ train/uncertainty/predictive_… │ 0.000000      │
│ train/uncertainty/rmi/max      │ 0.000000      │
│ train/uncertainty/rmi/mean     │ 0.000000      │
│ train/uncertainty/rmi/min      │ 0.000000      │
│ train/uncertainty/rmi/std      │ 0.000000      │
│ train/uncertainty/rmi_top7/max │ 0.000000      │
│ train/uncertainty/rmi_top7/me… │ 0.000000      │
│ train/uncertainty/rmi_top7/min │ 0.000000      │
│ train/uncertainty/rmi_top7/std │ 0.000000      │
│ train/uncertainty/top7_mi_cod… │ 0.000000      │
│ train/uncertainty/top7_mi_cod… │ 0.000000      │
│ train/uncertainty/top7_mi_thi… │ 0.000000      │
│ train/uncertainty/top7_mi_thi… │ 0.000000      │
│ train/uncertainty/top7_pct_co… │ 0.000000      │
│ train/uncertainty/top7_pct_co… │ 0.000000      │
│ train/uncertainty/top7_pct_th… │ 1.000000      │
│ train/uncertainty/top7_pct_th… │ 0.000000      │
│ train/uncertainty/true_mi/max  │ 0.000000      │
│ train/uncertainty/true_mi/mean │ 0.000000      │
│ train/uncertainty/true_mi/min  │ 0.000000      │
│ train/uncertainty/true_mi/std  │ 0.000000      │
│ train/uncertainty/variance/max │ nan           │
│ train/uncertainty/variance/me… │ nan           │
│ train/uncertainty/variance/min │ nan           │
│ train/uncertainty/variance/std │ nan           │
│ train/uncertainty/variance_to… │ nan           │
│ train/uncertainty/variance_to… │ nan           │
│ train/uncertainty/variance_to… │ nan           │
│ train/uncertainty/variance_to… │ nan           │
└────────────────────────────────┴───────────────┘
tinker_cookbook.utils.ml_log:240 [INFO] Logging to: https://wandb.ai/kriaz-msee20seecs-nust/ugttt-rebuttal/runs/y6y1mt4y
__main__:2062 [INFO] [Epoch 0] R_exec=0.3101 (max=1.2361 best=1.2361) RMI=0.0000 beta=131076.51 corr=87.5% loss=-0.4559 groups=8/8 time=18258.3s
__main__:2073 [INFO] Checkpoint saved at epoch 0
__main__:1836 [INFO] [Epoch 1/6] Starting rollout phase: 8 groups × 8 rollouts
tinker_cookbook.rl.ensemble:1082 [INFO]   generate_batch_multi_adapter_two_phase: N=8 phase1_max=26000 streaming_mi=False kv_q=False
tinker_cookbook.rl.ensemble:1270 [INFO]     [gen/p1] step=2048/23244 active=8/8 mi_stopped=0
tinker_cookbook.rl.ensemble:1270 [INFO]     [gen/p1] step=4096/23244 active=8/8 mi_stopped=0
tinker_cookbook.rl.ensemble:1270 [INFO]     [gen/p1] step=6144/23244 active=8/8 mi_stopped=0
tinker_cookbook.rl.ensemble:1270 [INFO]     [gen/p1] step=8192/23244 active=8/8 mi_stopped=0
tinker_cookbook.rl.ensemble:1270 [INFO]     [gen/p1] step=10240/23244 active=8/8 mi_stopped=0
tinker_cookbook.rl.ensemble:1270 [INFO]     [gen/p1] step=12288/23244 active=8/8 mi_stopped=0
tinker_cookbook.rl.ensemble:1270 [INFO]     [gen/p1] step=14336/23244 active=8/8 mi_stopped=0
tinker_cookbook.rl.ensemble:1270 [INFO]     [gen/p1] step=16384/23244 active=6/8 mi_stopped=0
tinker_cookbook.rl.ensemble:1270 [INFO]     [gen/p1] step=18432/23244 active=3/8 mi_stopped=0
tinker_cookbook.rl.ensemble:1270 [INFO]     [gen/p1] step=20480/23244 active=1/8 mi_stopped=0
__main__:1078 [INFO]   Group 0: multi-adapter generation 8 seqs in 2672.0s
__main__:1108 [INFO]   Group 0: rewards computed in 440.6s
__main__:1150 [INFO]     [g0][r1/8] adapter=0 R_exec=0.0000 true_MI=0.00000 RMI=0.0000 R_total=0.0000 correct=0 tokens=21613
__main__:1150 [INFO]     [g0][r2/8] adapter=0 R_exec=1.0974 true_MI=0.00000 RMI=0.0000 R_total=1.0974 correct=1 tokens=16133
__main__:1150 [INFO]     [g0][r3/8] adapter=0 R_exec=0.0000 true_MI=0.00000 RMI=0.0000 R_total=0.0000 correct=0 tokens=17866
__main__:1150 [INFO]     [g0][r4/8] adapter=0 R_exec=1.2516 true_MI=0.00000 RMI=0.0000 R_total=1.2516 correct=1 tokens=14407
__main__:1150 [INFO]     [g0][r5/8] adapter=0 R_exec=1.0391 true_MI=0.00000 RMI=0.0000 R_total=1.0391 correct=1 tokens=18823
__main__:1150 [INFO]     [g0][r6/8] adapter=0 R_exec=0.0000 true_MI=0.00000 RMI=0.0000 R_total=0.0000 correct=0 tokens=18240
__main__:1150 [INFO]     [g0][r7/8] adapter=0 R_exec=0.0000 true_MI=0.00000 RMI=0.0000 R_total=0.0000 correct=0 tokens=20243
__main__:1150 [INFO]     [g0][r8/8] adapter=0 R_exec=1.0884 true_MI=0.00000 RMI=0.0000 R_total=1.0884 correct=1 tokens=17351
__main__:1167 [INFO]   [g0] group true_MI: mean=0.00000 std=0.00000 max=0.00000 normalized=[0.00 0.00 0.00 0.00 0.00 0.00 0.00 0.00]
tinker_cookbook.utils.ml_log:143 [INFO] Wrote metrics to logs/aws/wave4/ahc039-base/metrics.jsonl
tinker_cookbook.utils.ml_log:240 [INFO] Logging to: https://wandb.ai/kriaz-msee20seecs-nust/ugttt-rebuttal/runs/y6y1mt4y
tinker_cookbook.utils.ml_log:143 [INFO] Wrote metrics to logs/aws/wave4/ahc039-base/metrics.jsonl
tinker_cookbook.utils.ml_log:240 [INFO] Logging to: https://wandb.ai/kriaz-msee20seecs-nust/ugttt-rebuttal/runs/y6y1mt4y
tinker_cookbook.utils.ml_log:143 [INFO] Wrote metrics to logs/aws/wave4/ahc039-base/metrics.jsonl
tinker_cookbook.utils.ml_log:240 [INFO] Logging to: https://wandb.ai/kriaz-msee20seecs-nust/ugttt-rebuttal/runs/y6y1mt4y
tinker_cookbook.utils.ml_log:143 [INFO] Wrote metrics to logs/aws/wave4/ahc039-base/metrics.jsonl
tinker_cookbook.utils.ml_log:240 [INFO] Logging to: https://wandb.ai/kriaz-msee20seecs-nust/ugttt-rebuttal/runs/y6y1mt4y
tinker_cookbook.utils.ml_log:143 [INFO] Wrote metrics to logs/aws/wave4/ahc039-base/metrics.jsonl
tinker_cookbook.utils.ml_log:240 [INFO] Logging to: https://wandb.ai/kriaz-msee20seecs-nust/ugttt-rebuttal/runs/y6y1mt4y
tinker_cookbook.utils.ml_log:143 [INFO] Wrote metrics to logs/aws/wave4/ahc039-base/metrics.jsonl
tinker_cookbook.utils.ml_log:240 [INFO] Logging to: https://wandb.ai/kriaz-msee20seecs-nust/ugttt-rebuttal/runs/y6y1mt4y
tinker_cookbook.utils.ml_log:143 [INFO] Wrote metrics to logs/aws/wave4/ahc039-base/metrics.jsonl
tinker_cookbook.utils.ml_log:240 [INFO] Logging to: https://wandb.ai/kriaz-msee20seecs-nust/ugttt-rebuttal/runs/y6y1mt4y
tinker_cookbook.utils.ml_log:143 [INFO] Wrote metrics to logs/aws/wave4/ahc039-base/metrics.jsonl
tinker_cookbook.utils.ml_log:240 [INFO] Logging to: https://wandb.ai/kriaz-msee20seecs-nust/ugttt-rebuttal/runs/y6y1mt4y
__main__:1949 [INFO]   [1][1/8] KEPT | R_exec=0.5596 (max=1.2516) RMI=0.0000 R_total=0.5596 | 3112.8s | GPU: 18.1/62.8GB
tinker_cookbook.utils.ml_log:143 [INFO] Wrote metrics to logs/aws/wave4/ahc039-base/metrics.jsonl
tinker_cookbook.utils.ml_log:240 [INFO] Logging to: https://wandb.ai/kriaz-msee20seecs-nust/ugttt-rebuttal/runs/y6y1mt4y
tinker_cookbook.rl.ensemble:1082 [INFO]   generate_batch_multi_adapter_two_phase: N=8 phase1_max=26000 streaming_mi=False kv_q=False
tinker_cookbook.rl.ensemble:1270 [INFO]     [gen/p1] step=2048/23199 active=8/8 mi_stopped=0
tinker_cookbook.rl.ensemble:1270 [INFO]     [gen/p1] step=4096/23199 active=8/8 mi_stopped=0
tinker_cookbook.rl.ensemble:1270 [INFO]     [gen/p1] step=6144/23199 active=8/8 mi_stopped=0
tinker_cookbook.rl.ensemble:1270 [INFO]     [gen/p1] step=8192/23199 active=8/8 mi_stopped=0
tinker_cookbook.rl.ensemble:1270 [INFO]     [gen/p1] step=10240/23199 active=8/8 mi_stopped=0
tinker_cookbook.rl.ensemble:1270 [INFO]     [gen/p1] step=12288/23199 active=8/8 mi_stopped=0
tinker_cookbook.rl.ensemble:1270 [INFO]     [gen/p1] step=14336/23199 active=7/8 mi_stopped=0
tinker_cookbook.rl.ensemble:1270 [INFO]     [gen/p1] step=16384/23199 active=5/8 mi_stopped=0
tinker_cookbook.rl.ensemble:1270 [INFO]     [gen/p1] step=18432/23199 active=2/8 mi_stopped=0
__main__:1078 [INFO]   Group 1: multi-adapter generation 8 seqs in 2122.8s
__main__:1108 [INFO]   Group 1: rewards computed in 261.7s
__main__:1150 [INFO]     [g1][r1/8] adapter=0 R_exec=1.1893 true_MI=0.00000 RMI=0.0000 R_total=1.1893 correct=1 tokens=17699
__main__:1150 [INFO]     [g1][r2/8] adapter=0 R_exec=0.0947 true_MI=0.00000 RMI=0.0000 R_total=0.0947 correct=1 tokens=16029
__main__:1150 [INFO]     [g1][r3/8] adapter=0 R_exec=1.0100 true_MI=0.00000 RMI=0.0000 R_total=1.0100 correct=1 tokens=18673
__main__:1150 [INFO]     [g1][r4/8] adapter=0 R_exec=1.1181 true_MI=0.00000 RMI=0.0000 R_total=1.1181 correct=1 tokens=13567
__main__:1150 [INFO]     [g1][r5/8] adapter=0 R_exec=1.1893 true_MI=0.00000 RMI=0.0000 R_total=1.1893 correct=1 tokens=15392
__main__:1150 [INFO]     [g1][r6/8] adapter=0 R_exec=1.1893 true_MI=0.00000 RMI=0.0000 R_total=1.1893 correct=1 tokens=17411
__main__:1150 [INFO]     [g1][r7/8] adapter=0 R_exec=0.0000 true_MI=0.00000 RMI=0.0000 R_total=0.0000 correct=0 tokens=18454
__main__:1150 [INFO]     [g1][r8/8] adapter=0 R_exec=0.0947 true_MI=0.00000 RMI=0.0000 R_total=0.0947 correct=1 tokens=17617
__main__:1167 [INFO]   [g1] group true_MI: mean=0.00000 std=0.00000 max=0.00000 normalized=[0.00 0.00 0.00 0.00 0.00 0.00 0.00 0.00]
tinker_cookbook.utils.ml_log:143 [INFO] Wrote metrics to logs/aws/wave4/ahc039-base/metrics.jsonl
tinker_cookbook.utils.ml_log:240 [INFO] Logging to: https://wandb.ai/kriaz-msee20seecs-nust/ugttt-rebuttal/runs/y6y1mt4y
tinker_cookbook.utils.ml_log:143 [INFO] Wrote metrics to logs/aws/wave4/ahc039-base/metrics.jsonl
tinker_cookbook.utils.ml_log:240 [INFO] Logging to: https://wandb.ai/kriaz-msee20seecs-nust/ugttt-rebuttal/runs/y6y1mt4y
tinker_cookbook.utils.ml_log:143 [INFO] Wrote metrics to logs/aws/wave4/ahc039-base/metrics.jsonl
tinker_cookbook.utils.ml_log:240 [INFO] Logging to: https://wandb.ai/kriaz-msee20seecs-nust/ugttt-rebuttal/runs/y6y1mt4y
tinker_cookbook.utils.ml_log:143 [INFO] Wrote metrics to logs/aws/wave4/ahc039-base/metrics.jsonl
tinker_cookbook.utils.ml_log:240 [INFO] Logging to: https://wandb.ai/kriaz-msee20seecs-nust/ugttt-rebuttal/runs/y6y1mt4y
tinker_cookbook.utils.ml_log:143 [INFO] Wrote metrics to logs/aws/wave4/ahc039-base/metrics.jsonl
tinker_cookbook.utils.ml_log:240 [INFO] Logging to: https://wandb.ai/kriaz-msee20seecs-nust/ugttt-rebuttal/runs/y6y1mt4y
tinker_cookbook.utils.ml_log:143 [INFO] Wrote metrics to logs/aws/wave4/ahc039-base/metrics.jsonl
tinker_cookbook.utils.ml_log:240 [INFO] Logging to: https://wandb.ai/kriaz-msee20seecs-nust/ugttt-rebuttal/runs/y6y1mt4y
tinker_cookbook.utils.ml_log:143 [INFO] Wrote metrics to logs/aws/wave4/ahc039-base/metrics.jsonl
tinker_cookbook.utils.ml_log:240 [INFO] Logging to: https://wandb.ai/kriaz-msee20seecs-nust/ugttt-rebuttal/runs/y6y1mt4y
tinker_cookbook.utils.ml_log:143 [INFO] Wrote metrics to logs/aws/wave4/ahc039-base/metrics.jsonl
tinker_cookbook.utils.ml_log:240 [INFO] Logging to: https://wandb.ai/kriaz-msee20seecs-nust/ugttt-rebuttal/runs/y6y1mt4y
__main__:1949 [INFO]   [1][2/8] KEPT | R_exec=0.7357 (max=1.1893) RMI=0.0000 R_total=0.7357 | 2384.6s | GPU: 18.1/62.5GB
tinker_cookbook.utils.ml_log:143 [INFO] Wrote metrics to logs/aws/wave4/ahc039-base/metrics.jsonl
tinker_cookbook.utils.ml_log:240 [INFO] Logging to: https://wandb.ai/kriaz-msee20seecs-nust/ugttt-rebuttal/runs/y6y1mt4y
tinker_cookbook.rl.ensemble:1082 [INFO]   generate_batch_multi_adapter_two_phase: N=8 phase1_max=26000 streaming_mi=False kv_q=False
tinker_cookbook.rl.ensemble:1270 [INFO]     [gen/p1] step=2048/23508 active=8/8 mi_stopped=0
tinker_cookbook.rl.ensemble:1270 [INFO]     [gen/p1] step=4096/23508 active=8/8 mi_stopped=0
tinker_cookbook.rl.ensemble:1270 [INFO]     [gen/p1] step=6144/23508 active=8/8 mi_stopped=0
tinker_cookbook.rl.ensemble:1270 [INFO]     [gen/p1] step=8192/23508 active=8/8 mi_stopped=0
tinker_cookbook.rl.ensemble:1270 [INFO]     [gen/p1] step=10240/23508 active=8/8 mi_stopped=0
tinker_cookbook.rl.ensemble:1270 [INFO]     [gen/p1] step=12288/23508 active=8/8 mi_stopped=0
tinker_cookbook.rl.ensemble:1270 [INFO]     [gen/p1] step=14336/23508 active=8/8 mi_stopped=0
tinker_cookbook.rl.ensemble:1270 [INFO]     [gen/p1] step=16384/23508 active=4/8 mi_stopped=0
__main__:1078 [INFO]   Group 2: multi-adapter generation 8 seqs in 1826.1s
__main__:1108 [INFO]   Group 2: rewards computed in 183.9s
__main__:1150 [INFO]     [g2][r1/8] adapter=0 R_exec=1.0169 true_MI=0.00000 RMI=0.0000 R_total=1.0169 correct=1 tokens=17032
__main__:1150 [INFO]     [g2][r2/8] adapter=0 R_exec=1.0169 true_MI=0.00000 RMI=0.0000 R_total=1.0169 correct=1 tokens=14831
__main__:1150 [INFO]     [g2][r3/8] adapter=0 R_exec=1.0169 true_MI=0.00000 RMI=0.0000 R_total=1.0169 correct=1 tokens=15576
__main__:1150 [INFO]     [g2][r4/8] adapter=0 R_exec=0.0000 true_MI=0.00000 RMI=0.0000 R_total=0.0000 correct=0 tokens=15954
__main__:1150 [INFO]     [g2][r5/8] adapter=0 R_exec=1.2532 true_MI=0.00000 RMI=0.0000 R_total=1.2532 correct=1 tokens=17163
__main__:1150 [INFO]     [g2][r6/8] adapter=0 R_exec=0.0000 true_MI=0.00000 RMI=0.0000 R_total=0.0000 correct=0 tokens=17108
__main__:1150 [INFO]     [g2][r7/8] adapter=0 R_exec=1.0169 true_MI=0.00000 RMI=0.0000 R_total=1.0169 correct=1 tokens=16474
__main__:1150 [INFO]     [g2][r8/8] adapter=0 R_exec=1.0169 true_MI=0.00000 RMI=0.0000 R_total=1.0169 correct=1 tokens=15126
__main__:1167 [INFO]   [g2] group true_MI: mean=0.00000 std=0.00000 max=0.00000 normalized=[0.00 0.00 0.00 0.00 0.00 0.00 0.00 0.00]
tinker_cookbook.utils.ml_log:143 [INFO] Wrote metrics to logs/aws/wave4/ahc039-base/metrics.jsonl
tinker_cookbook.utils.ml_log:240 [INFO] Logging to: https://wandb.ai/kriaz-msee20seecs-nust/ugttt-rebuttal/runs/y6y1mt4y
tinker_cookbook.utils.ml_log:143 [INFO] Wrote metrics to logs/aws/wave4/ahc039-base/metrics.jsonl
tinker_cookbook.utils.ml_log:240 [INFO] Logging to: https://wandb.ai/kriaz-msee20seecs-nust/ugttt-rebuttal/runs/y6y1mt4y
tinker_cookbook.utils.ml_log:143 [INFO] Wrote metrics to logs/aws/wave4/ahc039-base/metrics.jsonl
tinker_cookbook.utils.ml_log:240 [INFO] Logging to: https://wandb.ai/kriaz-msee20seecs-nust/ugttt-rebuttal/runs/y6y1mt4y
tinker_cookbook.utils.ml_log:143 [INFO] Wrote metrics to logs/aws/wave4/ahc039-base/metrics.jsonl
tinker_cookbook.utils.ml_log:240 [INFO] Logging to: https://wandb.ai/kriaz-msee20seecs-nust/ugttt-rebuttal/runs/y6y1mt4y
tinker_cookbook.utils.ml_log:143 [INFO] Wrote metrics to logs/aws/wave4/ahc039-base/metrics.jsonl
tinker_cookbook.utils.ml_log:240 [INFO] Logging to: https://wandb.ai/kriaz-msee20seecs-nust/ugttt-rebuttal/runs/y6y1mt4y
tinker_cookbook.utils.ml_log:143 [INFO] Wrote metrics to logs/aws/wave4/ahc039-base/metrics.jsonl
tinker_cookbook.utils.ml_log:240 [INFO] Logging to: https://wandb.ai/kriaz-msee20seecs-nust/ugttt-rebuttal/runs/y6y1mt4y
tinker_cookbook.utils.ml_log:143 [INFO] Wrote metrics to logs/aws/wave4/ahc039-base/metrics.jsonl
tinker_cookbook.utils.ml_log:240 [INFO] Logging to: https://wandb.ai/kriaz-msee20seecs-nust/ugttt-rebuttal/runs/y6y1mt4y
tinker_cookbook.utils.ml_log:143 [INFO] Wrote metrics to logs/aws/wave4/ahc039-base/metrics.jsonl
tinker_cookbook.utils.ml_log:240 [INFO] Logging to: https://wandb.ai/kriaz-msee20seecs-nust/ugttt-rebuttal/runs/y6y1mt4y
__main__:1949 [INFO]   [1][3/8] KEPT | R_exec=0.7922 (max=1.2532) RMI=0.0000 R_total=0.7922 | 2010.1s | GPU: 18.1/62.2GB
tinker_cookbook.utils.ml_log:143 [INFO] Wrote metrics to logs/aws/wave4/ahc039-base/metrics.jsonl
tinker_cookbook.utils.ml_log:240 [INFO] Logging to: https://wandb.ai/kriaz-msee20seecs-nust/ugttt-rebuttal/runs/y6y1mt4y
tinker_cookbook.rl.ensemble:1082 [INFO]   generate_batch_multi_adapter_two_phase: N=8 phase1_max=26000 streaming_mi=False kv_q=False
tinker_cookbook.rl.ensemble:1270 [INFO]     [gen/p1] step=2048/23179 active=8/8 mi_stopped=0
tinker_cookbook.rl.ensemble:1270 [INFO]     [gen/p1] step=4096/23179 active=8/8 mi_stopped=0
tinker_cookbook.rl.ensemble:1270 [INFO]     [gen/p1] step=6144/23179 active=8/8 mi_stopped=0
tinker_cookbook.rl.ensemble:1270 [INFO]     [gen/p1] step=8192/23179 active=8/8 mi_stopped=0
tinker_cookbook.rl.ensemble:1270 [INFO]     [gen/p1] step=10240/23179 active=8/8 mi_stopped=0
tinker_cookbook.rl.ensemble:1270 [INFO]     [gen/p1] step=12288/23179 active=8/8 mi_stopped=0
tinker_cookbook.rl.ensemble:1270 [INFO]     [gen/p1] step=14336/23179 active=7/8 mi_stopped=0
tinker_cookbook.rl.ensemble:1270 [INFO]     [gen/p1] step=16384/23179 active=6/8 mi_stopped=0
tinker_cookbook.rl.ensemble:1270 [INFO]     [gen/p1] step=18432/23179 active=3/8 mi_stopped=0
tinker_cookbook.rl.ensemble:1270 [INFO]     [gen/p1] step=20480/23179 active=2/8 mi_stopped=0
__main__:1078 [INFO]   Group 3: multi-adapter generation 8 seqs in 2695.1s
__main__:1108 [INFO]   Group 3: rewards computed in 238.3s
__main__:1150 [INFO]     [g3][r1/8] adapter=0 R_exec=0.0947 true_MI=0.00000 RMI=0.0000 R_total=0.0947 correct=1 tokens=15251
__main__:1150 [INFO]     [g3][r2/8] adapter=0 R_exec=1.1187 true_MI=0.00000 RMI=0.0000 R_total=1.1187 correct=1 tokens=20770
__main__:1150 [INFO]     [g3][r3/8] adapter=0 R_exec=0.0000 true_MI=0.00000 RMI=0.0000 R_total=0.0000 correct=0 tokens=17757
__main__:1150 [INFO]     [g3][r4/8] adapter=0 R_exec=1.1893 true_MI=0.00000 RMI=0.0000 R_total=1.1893 correct=1 tokens=18657
__main__:1150 [INFO]     [g3][r5/8] adapter=0 R_exec=1.0169 true_MI=0.00000 RMI=0.0000 R_total=1.0169 correct=1 tokens=13148
__main__:1150 [INFO]     [g3][r6/8] adapter=0 R_exec=1.1893 true_MI=0.00000 RMI=0.0000 R_total=1.1893 correct=1 tokens=18428
__main__:1150 [INFO]     [g3][r7/8] adapter=0 R_exec=1.0269 true_MI=0.00000 RMI=0.0000 R_total=1.0269 correct=1 tokens=16426
__main__:1150 [INFO]     [g3][r8/8] adapter=0 R_exec=0.0000 true_MI=0.00000 RMI=0.0000 R_total=0.0000 correct=0 tokens=21673
__main__:1167 [INFO]   [g3] group true_MI: mean=0.00000 std=0.00000 max=0.00000 normalized=[0.00 0.00 0.00 0.00 0.00 0.00 0.00 0.00]
tinker_cookbook.utils.ml_log:143 [INFO] Wrote metrics to logs/aws/wave4/ahc039-base/metrics.jsonl
tinker_cookbook.utils.ml_log:240 [INFO] Logging to: https://wandb.ai/kriaz-msee20seecs-nust/ugttt-rebuttal/runs/y6y1mt4y
tinker_cookbook.utils.ml_log:143 [INFO] Wrote metrics to logs/aws/wave4/ahc039-base/metrics.jsonl
tinker_cookbook.utils.ml_log:240 [INFO] Logging to: https://wandb.ai/kriaz-msee20seecs-nust/ugttt-rebuttal/runs/y6y1mt4y
tinker_cookbook.utils.ml_log:143 [INFO] Wrote metrics to logs/aws/wave4/ahc039-base/metrics.jsonl
tinker_cookbook.utils.ml_log:240 [INFO] Logging to: https://wandb.ai/kriaz-msee20seecs-nust/ugttt-rebuttal/runs/y6y1mt4y
tinker_cookbook.utils.ml_log:143 [INFO] Wrote metrics to logs/aws/wave4/ahc039-base/metrics.jsonl
tinker_cookbook.utils.ml_log:240 [INFO] Logging to: https://wandb.ai/kriaz-msee20seecs-nust/ugttt-rebuttal/runs/y6y1mt4y
tinker_cookbook.utils.ml_log:143 [INFO] Wrote metrics to logs/aws/wave4/ahc039-base/metrics.jsonl
tinker_cookbook.utils.ml_log:240 [INFO] Logging to: https://wandb.ai/kriaz-msee20seecs-nust/ugttt-rebuttal/runs/y6y1mt4y
tinker_cookbook.utils.ml_log:143 [INFO] Wrote metrics to logs/aws/wave4/ahc039-base/metrics.jsonl
tinker_cookbook.utils.ml_log:240 [INFO] Logging to: https://wandb.ai/kriaz-msee20seecs-nust/ugttt-rebuttal/runs/y6y1mt4y
tinker_cookbook.utils.ml_log:143 [INFO] Wrote metrics to logs/aws/wave4/ahc039-base/metrics.jsonl
tinker_cookbook.utils.ml_log:240 [INFO] Logging to: https://wandb.ai/kriaz-msee20seecs-nust/ugttt-rebuttal/runs/y6y1mt4y
tinker_cookbook.utils.ml_log:143 [INFO] Wrote metrics to logs/aws/wave4/ahc039-base/metrics.jsonl
tinker_cookbook.utils.ml_log:240 [INFO] Logging to: https://wandb.ai/kriaz-msee20seecs-nust/ugttt-rebuttal/runs/y6y1mt4y
__main__:1949 [INFO]   [1][4/8] KEPT | R_exec=0.7045 (max=1.1893) RMI=0.0000 R_total=0.7045 | 2933.5s | GPU: 18.1/63.0GB
tinker_cookbook.utils.ml_log:143 [INFO] Wrote metrics to logs/aws/wave4/ahc039-base/metrics.jsonl
tinker_cookbook.utils.ml_log:240 [INFO] Logging to: https://wandb.ai/kriaz-msee20seecs-nust/ugttt-rebuttal/runs/y6y1mt4y
tinker_cookbook.rl.ensemble:1082 [INFO]   generate_batch_multi_adapter_two_phase: N=8 phase1_max=26000 streaming_mi=False kv_q=False
tinker_cookbook.rl.ensemble:1270 [INFO]     [gen/p1] step=2048/23498 active=8/8 mi_stopped=0
tinker_cookbook.rl.ensemble:1270 [INFO]     [gen/p1] step=4096/23498 active=8/8 mi_stopped=0
tinker_cookbook.rl.ensemble:1270 [INFO]     [gen/p1] step=6144/23498 active=8/8 mi_stopped=0
tinker_cookbook.rl.ensemble:1270 [INFO]     [gen/p1] step=8192/23498 active=8/8 mi_stopped=0
tinker_cookbook.rl.ensemble:1270 [INFO]     [gen/p1] step=10240/23498 active=8/8 mi_stopped=0
tinker_cookbook.rl.ensemble:1270 [INFO]     [gen/p1] step=12288/23498 active=8/8 mi_stopped=0
tinker_cookbook.rl.ensemble:1270 [INFO]     [gen/p1] step=14336/23498 active=8/8 mi_stopped=0
tinker_cookbook.rl.ensemble:1270 [INFO]     [gen/p1] step=16384/23498 active=4/8 mi_stopped=0
tinker_cookbook.rl.ensemble:1270 [INFO]     [gen/p1] step=18432/23498 active=1/8 mi_stopped=0
__main__:1078 [INFO]   Group 4: multi-adapter generation 8 seqs in 2162.9s
__main__:1108 [INFO]   Group 4: rewards computed in 372.8s
__main__:1150 [INFO]     [g4][r1/8] adapter=0 R_exec=0.0000 true_MI=0.00000 RMI=0.0000 R_total=0.0000 correct=0 tokens=15431
__main__:1150 [INFO]     [g4][r2/8] adapter=0 R_exec=1.1893 true_MI=0.00000 RMI=0.0000 R_total=1.1893 correct=1 tokens=14499
__main__:1150 [INFO]     [g4][r3/8] adapter=0 R_exec=1.1893 true_MI=0.00000 RMI=0.0000 R_total=1.1893 correct=1 tokens=17679
__main__:1150 [INFO]     [g4][r4/8] adapter=0 R_exec=0.0947 true_MI=0.00000 RMI=0.0000 R_total=0.0947 correct=1 tokens=14512
__main__:1150 [INFO]     [g4][r5/8] adapter=0 R_exec=1.1893 true_MI=0.00000 RMI=0.0000 R_total=1.1893 correct=1 tokens=16981
__main__:1150 [INFO]     [g4][r6/8] adapter=0 R_exec=1.2132 true_MI=0.00000 RMI=0.0000 R_total=1.2132 correct=1 tokens=19118
__main__:1150 [INFO]     [g4][r7/8] adapter=0 R_exec=1.0764 true_MI=0.00000 RMI=0.0000 R_total=1.0764 correct=1 tokens=15822
__main__:1150 [INFO]     [g4][r8/8] adapter=0 R_exec=1.0169 true_MI=0.00000 RMI=0.0000 R_total=1.0169 correct=1 tokens=17367
__main__:1167 [INFO]   [g4] group true_MI: mean=0.00000 std=0.00000 max=0.00000 normalized=[0.00 0.00 0.00 0.00 0.00 0.00 0.00 0.00]
tinker_cookbook.utils.ml_log:143 [INFO] Wrote metrics to logs/aws/wave4/ahc039-base/metrics.jsonl
tinker_cookbook.utils.ml_log:240 [INFO] Logging to: https://wandb.ai/kriaz-msee20seecs-nust/ugttt-rebuttal/runs/y6y1mt4y
tinker_cookbook.utils.ml_log:143 [INFO] Wrote metrics to logs/aws/wave4/ahc039-base/metrics.jsonl
tinker_cookbook.utils.ml_log:240 [INFO] Logging to: https://wandb.ai/kriaz-msee20seecs-nust/ugttt-rebuttal/runs/y6y1mt4y
tinker_cookbook.utils.ml_log:143 [INFO] Wrote metrics to logs/aws/wave4/ahc039-base/metrics.jsonl
tinker_cookbook.utils.ml_log:240 [INFO] Logging to: https://wandb.ai/kriaz-msee20seecs-nust/ugttt-rebuttal/runs/y6y1mt4y
tinker_cookbook.utils.ml_log:143 [INFO] Wrote metrics to logs/aws/wave4/ahc039-base/metrics.jsonl
tinker_cookbook.utils.ml_log:240 [INFO] Logging to: https://wandb.ai/kriaz-msee20seecs-nust/ugttt-rebuttal/runs/y6y1mt4y
tinker_cookbook.utils.ml_log:143 [INFO] Wrote metrics to logs/aws/wave4/ahc039-base/metrics.jsonl
tinker_cookbook.utils.ml_log:240 [INFO] Logging to: https://wandb.ai/kriaz-msee20seecs-nust/ugttt-rebuttal/runs/y6y1mt4y
tinker_cookbook.utils.ml_log:143 [INFO] Wrote metrics to logs/aws/wave4/ahc039-base/metrics.jsonl
tinker_cookbook.utils.ml_log:240 [INFO] Logging to: https://wandb.ai/kriaz-msee20seecs-nust/ugttt-rebuttal/runs/y6y1mt4y
tinker_cookbook.utils.ml_log:143 [INFO] Wrote metrics to logs/aws/wave4/ahc039-base/metrics.jsonl
tinker_cookbook.utils.ml_log:240 [INFO] Logging to: https://wandb.ai/kriaz-msee20seecs-nust/ugttt-rebuttal/runs/y6y1mt4y
tinker_cookbook.utils.ml_log:143 [INFO] Wrote metrics to logs/aws/wave4/ahc039-base/metrics.jsonl
tinker_cookbook.utils.ml_log:240 [INFO] Logging to: https://wandb.ai/kriaz-msee20seecs-nust/ugttt-rebuttal/runs/y6y1mt4y
__main__:1949 [INFO]   [1][5/8] KEPT | R_exec=0.8711 (max=1.2132) RMI=0.0000 R_total=0.8711 | 2535.8s | GPU: 18.1/62.4GB
tinker_cookbook.utils.ml_log:143 [INFO] Wrote metrics to logs/aws/wave4/ahc039-base/metrics.jsonl
tinker_cookbook.utils.ml_log:240 [INFO] Logging to: https://wandb.ai/kriaz-msee20seecs-nust/ugttt-rebuttal/runs/y6y1mt4y
tinker_cookbook.rl.ensemble:1082 [INFO]   generate_batch_multi_adapter_two_phase: N=8 phase1_max=26000 streaming_mi=False kv_q=False
tinker_cookbook.rl.ensemble:1270 [INFO]     [gen/p1] step=2048/23029 active=8/8 mi_stopped=0
tinker_cookbook.rl.ensemble:1270 [INFO]     [gen/p1] step=4096/23029 active=8/8 mi_stopped=0
tinker_cookbook.rl.ensemble:1270 [INFO]     [gen/p1] step=6144/23029 active=8/8 mi_stopped=0
tinker_cookbook.rl.ensemble:1270 [INFO]     [gen/p1] step=8192/23029 active=8/8 mi_stopped=0
tinker_cookbook.rl.ensemble:1270 [INFO]     [gen/p1] step=10240/23029 active=8/8 mi_stopped=0
tinker_cookbook.rl.ensemble:1270 [INFO]     [gen/p1] step=12288/23029 active=8/8 mi_stopped=0
tinker_cookbook.rl.ensemble:1270 [INFO]     [gen/p1] step=14336/23029 active=7/8 mi_stopped=0
tinker_cookbook.rl.ensemble:1270 [INFO]     [gen/p1] step=16384/23029 active=5/8 mi_stopped=0
tinker_cookbook.rl.ensemble:1270 [INFO]     [gen/p1] step=18432/23029 active=2/8 mi_stopped=0
__main__:1078 [INFO]   Group 5: multi-adapter generation 8 seqs in 2328.7s
__main__:1108 [INFO]   Group 5: rewards computed in 293.7s
__main__:1150 [INFO]     [g5][r1/8] adapter=0 R_exec=1.0169 true_MI=0.00000 RMI=0.0000 R_total=1.0169 correct=1 tokens=17160
__main__:1150 [INFO]     [g5][r2/8] adapter=0 R_exec=1.0169 true_MI=0.00000 RMI=0.0000 R_total=1.0169 correct=1 tokens=16775
__main__:1150 [INFO]     [g5][r3/8] adapter=0 R_exec=1.0169 true_MI=0.00000 RMI=0.0000 R_total=1.0169 correct=1 tokens=14582
__main__:1150 [INFO]     [g5][r4/8] adapter=0 R_exec=1.2161 true_MI=0.00000 RMI=0.0000 R_total=1.2161 correct=1 tokens=19676
__main__:1150 [INFO]     [g5][r5/8] adapter=0 R_exec=1.2361 true_MI=0.00000 RMI=0.0000 R_total=1.2361 correct=1 tokens=19533
__main__:1150 [INFO]     [g5][r6/8] adapter=0 R_exec=1.1893 true_MI=0.00000 RMI=0.0000 R_total=1.1893 correct=1 tokens=14845
__main__:1150 [INFO]     [g5][r7/8] adapter=0 R_exec=1.0169 true_MI=0.00000 RMI=0.0000 R_total=1.0169 correct=1 tokens=12486
__main__:1150 [INFO]     [g5][r8/8] adapter=0 R_exec=1.1893 true_MI=0.00000 RMI=0.0000 R_total=1.1893 correct=1 tokens=18385
__main__:1167 [INFO]   [g5] group true_MI: mean=0.00000 std=0.00000 max=0.00000 normalized=[0.00 0.00 0.00 0.00 0.00 0.00 0.00 0.00]
tinker_cookbook.utils.ml_log:143 [INFO] Wrote metrics to logs/aws/wave4/ahc039-base/metrics.jsonl
tinker_cookbook.utils.ml_log:240 [INFO] Logging to: https://wandb.ai/kriaz-msee20seecs-nust/ugttt-rebuttal/runs/y6y1mt4y
tinker_cookbook.utils.ml_log:143 [INFO] Wrote metrics to logs/aws/wave4/ahc039-base/metrics.jsonl
tinker_cookbook.utils.ml_log:240 [INFO] Logging to: https://wandb.ai/kriaz-msee20seecs-nust/ugttt-rebuttal/runs/y6y1mt4y
tinker_cookbook.utils.ml_log:143 [INFO] Wrote metrics to logs/aws/wave4/ahc039-base/metrics.jsonl
tinker_cookbook.utils.ml_log:240 [INFO] Logging to: https://wandb.ai/kriaz-msee20seecs-nust/ugttt-rebuttal/runs/y6y1mt4y
tinker_cookbook.utils.ml_log:143 [INFO] Wrote metrics to logs/aws/wave4/ahc039-base/metrics.jsonl
tinker_cookbook.utils.ml_log:240 [INFO] Logging to: https://wandb.ai/kriaz-msee20seecs-nust/ugttt-rebuttal/runs/y6y1mt4y
tinker_cookbook.utils.ml_log:143 [INFO] Wrote metrics to logs/aws/wave4/ahc039-base/metrics.jsonl
tinker_cookbook.utils.ml_log:240 [INFO] Logging to: https://wandb.ai/kriaz-msee20seecs-nust/ugttt-rebuttal/runs/y6y1mt4y
tinker_cookbook.utils.ml_log:143 [INFO] Wrote metrics to logs/aws/wave4/ahc039-base/metrics.jsonl
tinker_cookbook.utils.ml_log:240 [INFO] Logging to: https://wandb.ai/kriaz-msee20seecs-nust/ugttt-rebuttal/runs/y6y1mt4y
tinker_cookbook.utils.ml_log:143 [INFO] Wrote metrics to logs/aws/wave4/ahc039-base/metrics.jsonl
tinker_cookbook.utils.ml_log:240 [INFO] Logging to: https://wandb.ai/kriaz-msee20seecs-nust/ugttt-rebuttal/runs/y6y1mt4y
tinker_cookbook.utils.ml_log:143 [INFO] Wrote metrics to logs/aws/wave4/ahc039-base/metrics.jsonl
tinker_cookbook.utils.ml_log:240 [INFO] Logging to: https://wandb.ai/kriaz-msee20seecs-nust/ugttt-rebuttal/runs/y6y1mt4y
__main__:1949 [INFO]   [1][6/8] KEPT | R_exec=1.1123 (max=1.2361) RMI=0.0000 R_total=1.1123 | 2622.5s | GPU: 18.1/63.0GB
tinker_cookbook.utils.ml_log:143 [INFO] Wrote metrics to logs/aws/wave4/ahc039-base/metrics.jsonl
tinker_cookbook.utils.ml_log:240 [INFO] Logging to: https://wandb.ai/kriaz-msee20seecs-nust/ugttt-rebuttal/runs/y6y1mt4y
tinker_cookbook.rl.ensemble:1082 [INFO]   generate_batch_multi_adapter_two_phase: N=8 phase1_max=26000 streaming_mi=False kv_q=False
tinker_cookbook.rl.ensemble:1270 [INFO]     [gen/p1] step=2048/23134 active=8/8 mi_stopped=0
tinker_cookbook.rl.ensemble:1270 [INFO]     [gen/p1] step=4096/23134 active=8/8 mi_stopped=0
tinker_cookbook.rl.ensemble:1270 [INFO]     [gen/p1] step=6144/23134 active=8/8 mi_stopped=0
tinker_cookbook.rl.ensemble:1270 [INFO]     [gen/p1] step=8192/23134 active=8/8 mi_stopped=0
tinker_cookbook.rl.ensemble:1270 [INFO]     [gen/p1] step=10240/23134 active=8/8 mi_stopped=0
tinker_cookbook.rl.ensemble:1270 [INFO]     [gen/p1] step=12288/23134 active=8/8 mi_stopped=0
tinker_cookbook.rl.ensemble:1270 [INFO]     [gen/p1] step=14336/23134 active=8/8 mi_stopped=0
tinker_cookbook.rl.ensemble:1270 [INFO]     [gen/p1] step=16384/23134 active=6/8 mi_stopped=0
tinker_cookbook.rl.ensemble:1270 [INFO]     [gen/p1] step=18432/23134 active=4/8 mi_stopped=0
tinker_cookbook.rl.ensemble:1270 [INFO]     [gen/p1] step=20480/23134 active=1/8 mi_stopped=0
__main__:1078 [INFO]   Group 6: multi-adapter generation 8 seqs in 2869.8s
__main__:1108 [INFO]   Group 6: rewards computed in 276.4s
__main__:1150 [INFO]     [g6][r1/8] adapter=0 R_exec=1.1893 true_MI=0.00000 RMI=0.0000 R_total=1.1893 correct=1 tokens=20071
__main__:1150 [INFO]     [g6][r2/8] adapter=0 R_exec=1.0169 true_MI=0.00000 RMI=0.0000 R_total=1.0169 correct=1 tokens=19893
__main__:1150 [INFO]     [g6][r3/8] adapter=0 R_exec=1.2662 true_MI=0.00000 RMI=0.0000 R_total=1.2662 correct=1 tokens=19062
__main__:1150 [INFO]     [g6][r4/8] adapter=0 R_exec=1.0452 true_MI=0.00000 RMI=0.0000 R_total=1.0452 correct=1 tokens=22511
__main__:1150 [INFO]     [g6][r5/8] adapter=0 R_exec=0.0947 true_MI=0.00000 RMI=0.0000 R_total=0.0947 correct=1 tokens=17395
__main__:1150 [INFO]     [g6][r6/8] adapter=0 R_exec=1.2532 true_MI=0.00000 RMI=0.0000 R_total=1.2532 correct=1 tokens=15734
__main__:1150 [INFO]     [g6][r7/8] adapter=0 R_exec=0.0000 true_MI=0.00000 RMI=0.0000 R_total=0.0000 correct=0 tokens=16703
__main__:1150 [INFO]     [g6][r8/8] adapter=0 R_exec=0.0947 true_MI=0.00000 RMI=0.0000 R_total=0.0947 correct=1 tokens=14686
__main__:1167 [INFO]   [g6] group true_MI: mean=0.00000 std=0.00000 max=0.00000 normalized=[0.00 0.00 0.00 0.00 0.00 0.00 0.00 0.00]
tinker_cookbook.utils.ml_log:143 [INFO] Wrote metrics to logs/aws/wave4/ahc039-base/metrics.jsonl
tinker_cookbook.utils.ml_log:240 [INFO] Logging to: https://wandb.ai/kriaz-msee20seecs-nust/ugttt-rebuttal/runs/y6y1mt4y
tinker_cookbook.utils.ml_log:143 [INFO] Wrote metrics to logs/aws/wave4/ahc039-base/metrics.jsonl
tinker_cookbook.utils.ml_log:240 [INFO] Logging to: https://wandb.ai/kriaz-msee20seecs-nust/ugttt-rebuttal/runs/y6y1mt4y
tinker_cookbook.utils.ml_log:143 [INFO] Wrote metrics to logs/aws/wave4/ahc039-base/metrics.jsonl
tinker_cookbook.utils.ml_log:240 [INFO] Logging to: https://wandb.ai/kriaz-msee20seecs-nust/ugttt-rebuttal/runs/y6y1mt4y
tinker_cookbook.utils.ml_log:143 [INFO] Wrote metrics to logs/aws/wave4/ahc039-base/metrics.jsonl
tinker_cookbook.utils.ml_log:240 [INFO] Logging to: https://wandb.ai/kriaz-msee20seecs-nust/ugttt-rebuttal/runs/y6y1mt4y
tinker_cookbook.utils.ml_log:143 [INFO] Wrote metrics to logs/aws/wave4/ahc039-base/metrics.jsonl
tinker_cookbook.utils.ml_log:240 [INFO] Logging to: https://wandb.ai/kriaz-msee20seecs-nust/ugttt-rebuttal/runs/y6y1mt4y
tinker_cookbook.utils.ml_log:143 [INFO] Wrote metrics to logs/aws/wave4/ahc039-base/metrics.jsonl
tinker_cookbook.utils.ml_log:240 [INFO] Logging to: https://wandb.ai/kriaz-msee20seecs-nust/ugttt-rebuttal/runs/y6y1mt4y
tinker_cookbook.utils.ml_log:143 [INFO] Wrote metrics to logs/aws/wave4/ahc039-base/metrics.jsonl
tinker_cookbook.utils.ml_log:240 [INFO] Logging to: https://wandb.ai/kriaz-msee20seecs-nust/ugttt-rebuttal/runs/y6y1mt4y
tinker_cookbook.utils.ml_log:143 [INFO] Wrote metrics to logs/aws/wave4/ahc039-base/metrics.jsonl
tinker_cookbook.utils.ml_log:240 [INFO] Logging to: https://wandb.ai/kriaz-msee20seecs-nust/ugttt-rebuttal/runs/y6y1mt4y
__main__:1949 [INFO]   [1][7/8] KEPT | R_exec=0.7450 (max=1.2662) RMI=0.0000 R_total=0.7450 | 3146.3s | GPU: 18.1/63.1GB
tinker_cookbook.utils.ml_log:143 [INFO] Wrote metrics to logs/aws/wave4/ahc039-base/metrics.jsonl
tinker_cookbook.utils.ml_log:240 [INFO] Logging to: https://wandb.ai/kriaz-msee20seecs-nust/ugttt-rebuttal/runs/y6y1mt4y
tinker_cookbook.rl.ensemble:1082 [INFO]   generate_batch_multi_adapter_two_phase: N=8 phase1_max=26000 streaming_mi=False kv_q=False
tinker_cookbook.rl.ensemble:1270 [INFO]     [gen/p1] step=2048/23153 active=8/8 mi_stopped=0
tinker_cookbook.rl.ensemble:1270 [INFO]     [gen/p1] step=4096/23153 active=8/8 mi_stopped=0
tinker_cookbook.rl.ensemble:1270 [INFO]     [gen/p1] step=6144/23153 active=8/8 mi_stopped=0
tinker_cookbook.rl.ensemble:1270 [INFO]     [gen/p1] step=8192/23153 active=8/8 mi_stopped=0
tinker_cookbook.rl.ensemble:1270 [INFO]     [gen/p1] step=10240/23153 active=8/8 mi_stopped=0
tinker_cookbook.rl.ensemble:1270 [INFO]     [gen/p1] step=12288/23153 active=8/8 mi_stopped=0
tinker_cookbook.rl.ensemble:1270 [INFO]     [gen/p1] step=14336/23153 active=7/8 mi_stopped=0
tinker_cookbook.rl.ensemble:1270 [INFO]     [gen/p1] step=16384/23153 active=6/8 mi_stopped=0
tinker_cookbook.rl.ensemble:1270 [INFO]     [gen/p1] step=18432/23153 active=3/8 mi_stopped=0
__main__:1078 [INFO]   Group 7: multi-adapter generation 8 seqs in 2428.8s
__main__:1108 [INFO]   Group 7: rewards computed in 218.2s
__main__:1150 [INFO]     [g7][r1/8] adapter=0 R_exec=0.0000 true_MI=0.00000 RMI=0.0000 R_total=0.0000 correct=0 tokens=18036
__main__:1150 [INFO]     [g7][r2/8] adapter=0 R_exec=0.0000 true_MI=0.00000 RMI=0.0000 R_total=0.0000 correct=0 tokens=16093
__main__:1150 [INFO]     [g7][r3/8] adapter=0 R_exec=1.0169 true_MI=0.00000 RMI=0.0000 R_total=1.0169 correct=1 tokens=19053
__main__:1150 [INFO]     [g7][r4/8] adapter=0 R_exec=0.0907 true_MI=0.00000 RMI=0.0000 R_total=0.0907 correct=1 tokens=17915
__main__:1150 [INFO]     [g7][r5/8] adapter=0 R_exec=0.0000 true_MI=0.00000 RMI=0.0000 R_total=0.0000 correct=0 tokens=13722
__main__:1150 [INFO]     [g7][r6/8] adapter=0 R_exec=1.0169 true_MI=0.00000 RMI=0.0000 R_total=1.0169 correct=1 tokens=17525
__main__:1150 [INFO]     [g7][r7/8] adapter=0 R_exec=1.2530 true_MI=0.00000 RMI=0.0000 R_total=1.2530 correct=1 tokens=20266
__main__:1150 [INFO]     [g7][r8/8] adapter=0 R_exec=1.0169 true_MI=0.00000 RMI=0.0000 R_total=1.0169 correct=1 tokens=18717
__main__:1167 [INFO]   [g7] group true_MI: mean=0.00000 std=0.00000 max=0.00000 normalized=[0.00 0.00 0.00 0.00 0.00 0.00 0.00 0.00]
tinker_cookbook.utils.ml_log:143 [INFO] Wrote metrics to logs/aws/wave4/ahc039-base/metrics.jsonl
tinker_cookbook.utils.ml_log:240 [INFO] Logging to: https://wandb.ai/kriaz-msee20seecs-nust/ugttt-rebuttal/runs/y6y1mt4y
tinker_cookbook.utils.ml_log:143 [INFO] Wrote metrics to logs/aws/wave4/ahc039-base/metrics.jsonl
tinker_cookbook.utils.ml_log:240 [INFO] Logging to: https://wandb.ai/kriaz-msee20seecs-nust/ugttt-rebuttal/runs/y6y1mt4y
tinker_cookbook.utils.ml_log:143 [INFO] Wrote metrics to logs/aws/wave4/ahc039-base/metrics.jsonl
tinker_cookbook.utils.ml_log:240 [INFO] Logging to: https://wandb.ai/kriaz-msee20seecs-nust/ugttt-rebuttal/runs/y6y1mt4y
tinker_cookbook.utils.ml_log:143 [INFO] Wrote metrics to logs/aws/wave4/ahc039-base/metrics.jsonl
tinker_cookbook.utils.ml_log:240 [INFO] Logging to: https://wandb.ai/kriaz-msee20seecs-nust/ugttt-rebuttal/runs/y6y1mt4y
tinker_cookbook.utils.ml_log:143 [INFO] Wrote metrics to logs/aws/wave4/ahc039-base/metrics.jsonl
tinker_cookbook.utils.ml_log:240 [INFO] Logging to: https://wandb.ai/kriaz-msee20seecs-nust/ugttt-rebuttal/runs/y6y1mt4y
tinker_cookbook.utils.ml_log:143 [INFO] Wrote metrics to logs/aws/wave4/ahc039-base/metrics.jsonl
tinker_cookbook.utils.ml_log:240 [INFO] Logging to: https://wandb.ai/kriaz-msee20seecs-nust/ugttt-rebuttal/runs/y6y1mt4y
tinker_cookbook.utils.ml_log:143 [INFO] Wrote metrics to logs/aws/wave4/ahc039-base/metrics.jsonl
tinker_cookbook.utils.ml_log:240 [INFO] Logging to: https://wandb.ai/kriaz-msee20seecs-nust/ugttt-rebuttal/runs/y6y1mt4y
tinker_cookbook.utils.ml_log:143 [INFO] Wrote metrics to logs/aws/wave4/ahc039-base/metrics.jsonl
tinker_cookbook.utils.ml_log:240 [INFO] Logging to: https://wandb.ai/kriaz-msee20seecs-nust/ugttt-rebuttal/runs/y6y1mt4y
__main__:1949 [INFO]   [1][8/8] KEPT | R_exec=0.5493 (max=1.2530) RMI=0.0000 R_total=0.5493 | 2647.1s | GPU: 18.1/62.8GB
tinker_cookbook.utils.ml_log:143 [INFO] Wrote metrics to logs/aws/wave4/ahc039-base/metrics.jsonl
tinker_cookbook.utils.ml_log:240 [INFO] Logging to: https://wandb.ai/kriaz-msee20seecs-nust/ugttt-rebuttal/runs/y6y1mt4y
__main__:1988 [INFO] [Epoch 1] Rollout phase done in 21394.4s. Training on 8/8 groups...
tinker_cookbook.utils.ml_log:143 [INFO] Wrote metrics to logs/aws/wave4/ahc039-base/metrics.jsonl
tinker_cookbook.utils.ml_log:195 [INFO] 
┏━━━━━━━━━━━━━━━━━━━━━━━━━━━━━━━━┳━━━━━━━━━━━━━━┓
┃ Metric                         ┃ Value        ┃
┡━━━━━━━━━━━━━━━━━━━━━━━━━━━━━━━━╇━━━━━━━━━━━━━━┩
│ gpu/memory_allocated_gb        │ 18.092511    │
│ gpu/memory_peak_gb             │ 62.433617    │
│ gpu/memory_reserved_gb         │ 18.140365    │
│ kl_policy_base                 │ 0.002774     │
│ optim/entropy                  │ 0.464891     │
│ optim/kl_sample_train_v1       │ 0.000115     │
│ optim/kl_sample_train_v2       │ 0.000115     │
│ progress/done_frac             │ 0.333333     │
│ progress/epoch                 │ 1            │
│ rollout/groups_attempted       │ 8.000000     │
│ rollout/groups_filtered        │ 0.000000     │
│ rollout/groups_kept            │ 8.000000     │
│ rollout/intra_group_reward_std │ 0.465036     │
│ time/rollout                   │ 21394.376472 │
│ time/total                     │ 21949.588582 │
│ time/train                     │ 555.099428   │
│ train/advantage/max            │ 8.072015     │
│ train/advantage/mean           │ 0.279205     │
│ train/advantage/min            │ -1.000000    │
│ train/advantage/std            │ 1.808155     │
│ train/beta/mean                │ 12.162717    │
│ train/beta/std                 │ 7.931632     │
│ train/correctness/mean         │ 0.781250     │
│ train/correctness/rate         │ 0.781250     │
│ train/ensemble/frac_high_disa… │ 0.000000     │
│ train/ensemble/max_token_disa… │ nan          │
│ train/ensemble/member_logprob… │ 0.000000     │
│ train/ensemble/member_logprob… │ nan          │
│ train/gamma_eff/mean           │ 0.000000     │
│ train/gen/num_tokens/max       │ 22511.000000 │
│ train/gen/num_tokens/mean      │ 17236.328125 │
│ train/gen/num_tokens/std       │ 2139.689018  │
│ train/loss                     │ -0.279194    │
│ train/nnm_loss                 │ 0.000000     │
│ train/nnm_nuclear_norm         │ 0.000000     │
│ train/num_groups               │ 8.000000     │
│ train/num_rollouts             │ 64.000000    │
│ train/num_rollouts_total       │ 64.000000    │
│ train/reward/exec/best         │ 1.266227     │
│ train/reward/exec/max          │ 1.266227     │
│ train/reward/exec/mean         │ 0.758693     │
│ train/reward/exec/min          │ 0.000000     │
│ train/reward/exec/std          │ 0.514567     │
│ train/reward/rmi/max           │ 0.000000     │
│ train/reward/rmi/mean          │ 0.000000     │
│ train/reward/rmi/min           │ 0.000000     │
│ train/reward/rmi/std           │ 0.000000     │
│ train/reward/total/best        │ 1.266227     │
│ train/reward/total/max         │ 1.266227     │
│ train/reward/total/mean        │ 0.758693     │
│ train/reward/total/min         │ 0.000000     │
│ train/reward/total/std         │ 0.514567     │
│ train/streaming_mi/stop_rate   │ 0.000000     │
│ train/streaming_mi/tokens_sav… │ 0.000000     │
│ train/streaming_mi/tokens_sav… │ 0.000000     │
│ train/two_phase/phase1_tokens… │ 17236.328125 │
│ train/two_phase/phase2_tokens… │ 0.000000     │
│ train/two_phase/prefill_rate   │ 0.000000     │
│ train/uncertainty/predictive_… │ 0.000000     │
│ train/uncertainty/predictive_… │ 0.000000     │
│ train/uncertainty/predictive_… │ 0.000000     │
│ train/uncertainty/predictive_… │ 0.000000     │
│ train/uncertainty/predictive_… │ 0.000000     │
│ train/uncertainty/predictive_… │ 0.000000     │
│ train/uncertainty/predictive_… │ 0.000000     │
│ train/uncertainty/predictive_… │ 0.000000     │
│ train/uncertainty/rmi/max      │ 0.000000     │
│ train/uncertainty/rmi/mean     │ 0.000000     │
│ train/uncertainty/rmi/min      │ 0.000000     │
│ train/uncertainty/rmi/std      │ 0.000000     │
│ train/uncertainty/rmi_top7/max │ 0.000000     │
│ train/uncertainty/rmi_top7/me… │ 0.000000     │
│ train/uncertainty/rmi_top7/min │ 0.000000     │
│ train/uncertainty/rmi_top7/std │ 0.000000     │
│ train/uncertainty/top7_mi_cod… │ 0.000000     │
│ train/uncertainty/top7_mi_cod… │ 0.000000     │
│ train/uncertainty/top7_mi_thi… │ 0.000000     │
│ train/uncertainty/top7_mi_thi… │ 0.000000     │
│ train/uncertainty/top7_pct_co… │ 0.000000     │
│ train/uncertainty/top7_pct_co… │ 0.000000     │
│ train/uncertainty/top7_pct_th… │ 1.000000     │
│ train/uncertainty/top7_pct_th… │ 0.000000     │
│ train/uncertainty/true_mi/max  │ 0.000000     │
│ train/uncertainty/true_mi/mean │ 0.000000     │
│ train/uncertainty/true_mi/min  │ 0.000000     │
│ train/uncertainty/true_mi/std  │ 0.000000     │
│ train/uncertainty/variance/max │ nan          │
│ train/uncertainty/variance/me… │ nan          │
│ train/uncertainty/variance/min │ nan          │
│ train/uncertainty/variance/std │ nan          │
│ train/uncertainty/variance_to… │ nan          │
│ train/uncertainty/variance_to… │ nan          │
│ train/uncertainty/variance_to… │ nan          │
│ train/uncertainty/variance_to… │ nan          │
└────────────────────────────────┴──────────────┘
tinker_cookbook.utils.ml_log:240 [INFO] Logging to: https://wandb.ai/kriaz-msee20seecs-nust/ugttt-rebuttal/runs/y6y1mt4y
__main__:2062 [INFO] [Epoch 1] R_exec=0.7587 (max=1.2662 best=1.2662) RMI=0.0000 beta=12.16 corr=78.1% loss=-0.2792 groups=8/8 time=21949.6s
__main__:2073 [INFO] Checkpoint saved at epoch 1
__main__:1836 [INFO] [Epoch 2/6] Starting rollout phase: 8 groups × 8 rollouts
tinker_cookbook.rl.ensemble:1082 [INFO]   generate_batch_multi_adapter_two_phase: N=8 phase1_max=26000 streaming_mi=False kv_q=False
tinker_cookbook.rl.ensemble:1270 [INFO]     [gen/p1] step=2048/21978 active=8/8 mi_stopped=0
tinker_cookbook.rl.ensemble:1270 [INFO]     [gen/p1] step=4096/21978 active=8/8 mi_stopped=0
tinker_cookbook.rl.ensemble:1270 [INFO]     [gen/p1] step=6144/21978 active=8/8 mi_stopped=0
tinker_cookbook.rl.ensemble:1270 [INFO]     [gen/p1] step=8192/21978 active=8/8 mi_stopped=0
tinker_cookbook.rl.ensemble:1270 [INFO]     [gen/p1] step=10240/21978 active=8/8 mi_stopped=0
tinker_cookbook.rl.ensemble:1270 [INFO]     [gen/p1] step=12288/21978 active=8/8 mi_stopped=0
tinker_cookbook.rl.ensemble:1270 [INFO]     [gen/p1] step=14336/21978 active=8/8 mi_stopped=0
tinker_cookbook.rl.ensemble:1270 [INFO]     [gen/p1] step=16384/21978 active=7/8 mi_stopped=0
tinker_cookbook.rl.ensemble:1270 [INFO]     [gen/p1] step=18432/21978 active=5/8 mi_stopped=0
tinker_cookbook.rl.ensemble:1270 [INFO]     [gen/p1] step=20480/21978 active=3/8 mi_stopped=0
__main__:1078 [INFO]   Group 0: multi-adapter generation 8 seqs in 3497.7s
__main__:1108 [INFO]   Group 0: rewards computed in 215.9s
__main__:1150 [INFO]     [g0][r1/8] adapter=0 R_exec=1.2361 true_MI=0.00000 RMI=0.0000 R_total=1.2361 correct=1 tokens=15907
__main__:1150 [INFO]     [g0][r2/8] adapter=0 R_exec=0.0947 true_MI=0.00000 RMI=0.0000 R_total=0.0947 correct=1 tokens=18205
__main__:1150 [INFO]     [g0][r3/8] adapter=0 R_exec=1.2361 true_MI=0.00000 RMI=0.0000 R_total=1.2361 correct=1 tokens=16870
__main__:1150 [INFO]     [g0][r4/8] adapter=0 R_exec=1.2361 true_MI=0.00000 RMI=0.0000 R_total=1.2361 correct=1 tokens=18715
__main__:1150 [INFO]     [g0][r5/8] adapter=0 R_exec=0.0000 true_MI=0.00000 RMI=0.0000 R_total=0.0000 correct=0 tokens=23127 p1=21978 p2=1127
__main__:1150 [INFO]     [g0][r6/8] adapter=0 R_exec=0.0947 true_MI=0.00000 RMI=0.0000 R_total=0.0947 correct=1 tokens=24506 p1=21978 p2=2506
__main__:1150 [INFO]     [g0][r7/8] adapter=0 R_exec=0.7878 true_MI=0.00000 RMI=0.0000 R_total=0.7878 correct=1 tokens=18654
__main__:1150 [INFO]     [g0][r8/8] adapter=0 R_exec=0.0000 true_MI=0.00000 RMI=0.0000 R_total=0.0000 correct=0 tokens=20884
__main__:1167 [INFO]   [g0] group true_MI: mean=0.00000 std=0.00000 max=0.00000 normalized=[0.00 0.00 0.00 0.00 0.00 0.00 0.00 0.00]
tinker_cookbook.utils.ml_log:143 [INFO] Wrote metrics to logs/aws/wave4/ahc039-base/metrics.jsonl
tinker_cookbook.utils.ml_log:240 [INFO] Logging to: https://wandb.ai/kriaz-msee20seecs-nust/ugttt-rebuttal/runs/y6y1mt4y
tinker_cookbook.utils.ml_log:143 [INFO] Wrote metrics to logs/aws/wave4/ahc039-base/metrics.jsonl
tinker_cookbook.utils.ml_log:240 [INFO] Logging to: https://wandb.ai/kriaz-msee20seecs-nust/ugttt-rebuttal/runs/y6y1mt4y
tinker_cookbook.utils.ml_log:143 [INFO] Wrote metrics to logs/aws/wave4/ahc039-base/metrics.jsonl
tinker_cookbook.utils.ml_log:240 [INFO] Logging to: https://wandb.ai/kriaz-msee20seecs-nust/ugttt-rebuttal/runs/y6y1mt4y
tinker_cookbook.utils.ml_log:143 [INFO] Wrote metrics to logs/aws/wave4/ahc039-base/metrics.jsonl
tinker_cookbook.utils.ml_log:240 [INFO] Logging to: https://wandb.ai/kriaz-msee20seecs-nust/ugttt-rebuttal/runs/y6y1mt4y
tinker_cookbook.utils.ml_log:143 [INFO] Wrote metrics to logs/aws/wave4/ahc039-base/metrics.jsonl
tinker_cookbook.utils.ml_log:240 [INFO] Logging to: https://wandb.ai/kriaz-msee20seecs-nust/ugttt-rebuttal/runs/y6y1mt4y
tinker_cookbook.utils.ml_log:143 [INFO] Wrote metrics to logs/aws/wave4/ahc039-base/metrics.jsonl
tinker_cookbook.utils.ml_log:240 [INFO] Logging to: https://wandb.ai/kriaz-msee20seecs-nust/ugttt-rebuttal/runs/y6y1mt4y
tinker_cookbook.utils.ml_log:143 [INFO] Wrote metrics to logs/aws/wave4/ahc039-base/metrics.jsonl
tinker_cookbook.utils.ml_log:240 [INFO] Logging to: https://wandb.ai/kriaz-msee20seecs-nust/ugttt-rebuttal/runs/y6y1mt4y
tinker_cookbook.utils.ml_log:143 [INFO] Wrote metrics to logs/aws/wave4/ahc039-base/metrics.jsonl
tinker_cookbook.utils.ml_log:240 [INFO] Logging to: https://wandb.ai/kriaz-msee20seecs-nust/ugttt-rebuttal/runs/y6y1mt4y
__main__:1949 [INFO]   [2][1/8] KEPT | R_exec=0.5857 (max=1.2361) RMI=0.0000 R_total=0.5857 | 3713.7s | GPU: 18.1/64.8GB
tinker_cookbook.utils.ml_log:143 [INFO] Wrote metrics to logs/aws/wave4/ahc039-base/metrics.jsonl
tinker_cookbook.utils.ml_log:240 [INFO] Logging to: https://wandb.ai/kriaz-msee20seecs-nust/ugttt-rebuttal/runs/y6y1mt4y
tinker_cookbook.rl.ensemble:1082 [INFO]   generate_batch_multi_adapter_two_phase: N=8 phase1_max=26000 streaming_mi=False kv_q=False
tinker_cookbook.rl.ensemble:1270 [INFO]     [gen/p1] step=2048/23189 active=8/8 mi_stopped=0
tinker_cookbook.rl.ensemble:1270 [INFO]     [gen/p1] step=4096/23189 active=8/8 mi_stopped=0
tinker_cookbook.rl.ensemble:1270 [INFO]     [gen/p1] step=6144/23189 active=8/8 mi_stopped=0
tinker_cookbook.rl.ensemble:1270 [INFO]     [gen/p1] step=8192/23189 active=8/8 mi_stopped=0
tinker_cookbook.rl.ensemble:1270 [INFO]     [gen/p1] step=10240/23189 active=8/8 mi_stopped=0
tinker_cookbook.rl.ensemble:1270 [INFO]     [gen/p1] step=12288/23189 active=8/8 mi_stopped=0
tinker_cookbook.rl.ensemble:1270 [INFO]     [gen/p1] step=14336/23189 active=8/8 mi_stopped=0
tinker_cookbook.rl.ensemble:1270 [INFO]     [gen/p1] step=16384/23189 active=5/8 mi_stopped=0
tinker_cookbook.rl.ensemble:1270 [INFO]     [gen/p1] step=18432/23189 active=1/8 mi_stopped=0
tinker_cookbook.rl.ensemble:1270 [INFO]     [gen/p1] step=20480/23189 active=1/8 mi_stopped=0
__main__:1078 [INFO]   Group 1: multi-adapter generation 8 seqs in 2536.2s
__main__:1108 [INFO]   Group 1: rewards computed in 255.9s
__main__:1150 [INFO]     [g1][r1/8] adapter=0 R_exec=1.0169 true_MI=0.00000 RMI=0.0000 R_total=1.0169 correct=1 tokens=14806
__main__:1150 [INFO]     [g1][r2/8] adapter=0 R_exec=1.0169 true_MI=0.00000 RMI=0.0000 R_total=1.0169 correct=1 tokens=20890
__main__:1150 [INFO]     [g1][r3/8] adapter=0 R_exec=0.0000 true_MI=0.00000 RMI=0.0000 R_total=0.0000 correct=0 tokens=15057
__main__:1150 [INFO]     [g1][r4/8] adapter=0 R_exec=1.2532 true_MI=0.00000 RMI=0.0000 R_total=1.2532 correct=1 tokens=17357
__main__:1150 [INFO]     [g1][r5/8] adapter=0 R_exec=1.2531 true_MI=0.00000 RMI=0.0000 R_total=1.2531 correct=1 tokens=16987
__main__:1150 [INFO]     [g1][r6/8] adapter=0 R_exec=0.0947 true_MI=0.00000 RMI=0.0000 R_total=0.0947 correct=1 tokens=17385
__main__:1150 [INFO]     [g1][r7/8] adapter=0 R_exec=0.0947 true_MI=0.00000 RMI=0.0000 R_total=0.0947 correct=1 tokens=17799
__main__:1150 [INFO]     [g1][r8/8] adapter=0 R_exec=0.0000 true_MI=0.00000 RMI=0.0000 R_total=0.0000 correct=0 tokens=15267
__main__:1167 [INFO]   [g1] group true_MI: mean=0.00000 std=0.00000 max=0.00000 normalized=[0.00 0.00 0.00 0.00 0.00 0.00 0.00 0.00]
tinker_cookbook.utils.ml_log:143 [INFO] Wrote metrics to logs/aws/wave4/ahc039-base/metrics.jsonl
tinker_cookbook.utils.ml_log:240 [INFO] Logging to: https://wandb.ai/kriaz-msee20seecs-nust/ugttt-rebuttal/runs/y6y1mt4y
tinker_cookbook.utils.ml_log:143 [INFO] Wrote metrics to logs/aws/wave4/ahc039-base/metrics.jsonl
tinker_cookbook.utils.ml_log:240 [INFO] Logging to: https://wandb.ai/kriaz-msee20seecs-nust/ugttt-rebuttal/runs/y6y1mt4y
tinker_cookbook.utils.ml_log:143 [INFO] Wrote metrics to logs/aws/wave4/ahc039-base/metrics.jsonl
tinker_cookbook.utils.ml_log:240 [INFO] Logging to: https://wandb.ai/kriaz-msee20seecs-nust/ugttt-rebuttal/runs/y6y1mt4y
tinker_cookbook.utils.ml_log:143 [INFO] Wrote metrics to logs/aws/wave4/ahc039-base/metrics.jsonl
tinker_cookbook.utils.ml_log:240 [INFO] Logging to: https://wandb.ai/kriaz-msee20seecs-nust/ugttt-rebuttal/runs/y6y1mt4y
tinker_cookbook.utils.ml_log:143 [INFO] Wrote metrics to logs/aws/wave4/ahc039-base/metrics.jsonl
tinker_cookbook.utils.ml_log:240 [INFO] Logging to: https://wandb.ai/kriaz-msee20seecs-nust/ugttt-rebuttal/runs/y6y1mt4y
tinker_cookbook.utils.ml_log:143 [INFO] Wrote metrics to logs/aws/wave4/ahc039-base/metrics.jsonl
tinker_cookbook.utils.ml_log:240 [INFO] Logging to: https://wandb.ai/kriaz-msee20seecs-nust/ugttt-rebuttal/runs/y6y1mt4y
tinker_cookbook.utils.ml_log:143 [INFO] Wrote metrics to logs/aws/wave4/ahc039-base/metrics.jsonl
tinker_cookbook.utils.ml_log:240 [INFO] Logging to: https://wandb.ai/kriaz-msee20seecs-nust/ugttt-rebuttal/runs/y6y1mt4y
tinker_cookbook.utils.ml_log:143 [INFO] Wrote metrics to logs/aws/wave4/ahc039-base/metrics.jsonl
tinker_cookbook.utils.ml_log:240 [INFO] Logging to: https://wandb.ai/kriaz-msee20seecs-nust/ugttt-rebuttal/runs/y6y1mt4y
__main__:1949 [INFO]   [2][2/8] KEPT | R_exec=0.5912 (max=1.2532) RMI=0.0000 R_total=0.5912 | 2792.2s | GPU: 18.1/62.8GB
tinker_cookbook.utils.ml_log:143 [INFO] Wrote metrics to logs/aws/wave4/ahc039-base/metrics.jsonl
tinker_cookbook.utils.ml_log:240 [INFO] Logging to: https://wandb.ai/kriaz-msee20seecs-nust/ugttt-rebuttal/runs/y6y1mt4y
tinker_cookbook.rl.ensemble:1082 [INFO]   generate_batch_multi_adapter_two_phase: N=8 phase1_max=26000 streaming_mi=False kv_q=False
tinker_cookbook.rl.ensemble:1270 [INFO]     [gen/p1] step=2048/23015 active=8/8 mi_stopped=0
tinker_cookbook.rl.ensemble:1270 [INFO]     [gen/p1] step=4096/23015 active=8/8 mi_stopped=0
tinker_cookbook.rl.ensemble:1270 [INFO]     [gen/p1] step=6144/23015 active=8/8 mi_stopped=0
tinker_cookbook.rl.ensemble:1270 [INFO]     [gen/p1] step=8192/23015 active=8/8 mi_stopped=0
tinker_cookbook.rl.ensemble:1270 [INFO]     [gen/p1] step=10240/23015 active=8/8 mi_stopped=0
tinker_cookbook.rl.ensemble:1270 [INFO]     [gen/p1] step=12288/23015 active=7/8 mi_stopped=0
tinker_cookbook.rl.ensemble:1270 [INFO]     [gen/p1] step=14336/23015 active=7/8 mi_stopped=0
tinker_cookbook.rl.ensemble:1270 [INFO]     [gen/p1] step=16384/23015 active=5/8 mi_stopped=0
tinker_cookbook.rl.ensemble:1270 [INFO]     [gen/p1] step=18432/23015 active=3/8 mi_stopped=0
__main__:1078 [INFO]   Group 2: multi-adapter generation 8 seqs in 2306.5s
__main__:1108 [INFO]   Group 2: rewards computed in 259.1s
__main__:1150 [INFO]     [g2][r1/8] adapter=0 R_exec=1.2532 true_MI=0.00000 RMI=0.0000 R_total=1.2532 correct=1 tokens=12223
__main__:1150 [INFO]     [g2][r2/8] adapter=0 R_exec=1.2532 true_MI=0.00000 RMI=0.0000 R_total=1.2532 correct=1 tokens=15056
__main__:1150 [INFO]     [g2][r3/8] adapter=0 R_exec=1.2532 true_MI=0.00000 RMI=0.0000 R_total=1.2532 correct=1 tokens=19107
__main__:1150 [INFO]     [g2][r4/8] adapter=0 R_exec=1.2530 true_MI=0.00000 RMI=0.0000 R_total=1.2530 correct=1 tokens=18665
__main__:1150 [INFO]     [g2][r5/8] adapter=0 R_exec=0.0000 true_MI=0.00000 RMI=0.0000 R_total=0.0000 correct=0 tokens=15952
__main__:1150 [INFO]     [g2][r6/8] adapter=0 R_exec=1.2532 true_MI=0.00000 RMI=0.0000 R_total=1.2532 correct=1 tokens=16426
__main__:1150 [INFO]     [g2][r7/8] adapter=0 R_exec=0.0000 true_MI=0.00000 RMI=0.0000 R_total=0.0000 correct=0 tokens=17158
__main__:1150 [INFO]     [g2][r8/8] adapter=0 R_exec=1.0169 true_MI=0.00000 RMI=0.0000 R_total=1.0169 correct=1 tokens=19544
__main__:1167 [INFO]   [g2] group true_MI: mean=0.00000 std=0.00000 max=0.00000 normalized=[0.00 0.00 0.00 0.00 0.00 0.00 0.00 0.00]
tinker_cookbook.utils.ml_log:143 [INFO] Wrote metrics to logs/aws/wave4/ahc039-base/metrics.jsonl
tinker_cookbook.utils.ml_log:240 [INFO] Logging to: https://wandb.ai/kriaz-msee20seecs-nust/ugttt-rebuttal/runs/y6y1mt4y
tinker_cookbook.utils.ml_log:143 [INFO] Wrote metrics to logs/aws/wave4/ahc039-base/metrics.jsonl
tinker_cookbook.utils.ml_log:240 [INFO] Logging to: https://wandb.ai/kriaz-msee20seecs-nust/ugttt-rebuttal/runs/y6y1mt4y
tinker_cookbook.utils.ml_log:143 [INFO] Wrote metrics to logs/aws/wave4/ahc039-base/metrics.jsonl
tinker_cookbook.utils.ml_log:240 [INFO] Logging to: https://wandb.ai/kriaz-msee20seecs-nust/ugttt-rebuttal/runs/y6y1mt4y
tinker_cookbook.utils.ml_log:143 [INFO] Wrote metrics to logs/aws/wave4/ahc039-base/metrics.jsonl
tinker_cookbook.utils.ml_log:240 [INFO] Logging to: https://wandb.ai/kriaz-msee20seecs-nust/ugttt-rebuttal/runs/y6y1mt4y
tinker_cookbook.utils.ml_log:143 [INFO] Wrote metrics to logs/aws/wave4/ahc039-base/metrics.jsonl
tinker_cookbook.utils.ml_log:240 [INFO] Logging to: https://wandb.ai/kriaz-msee20seecs-nust/ugttt-rebuttal/runs/y6y1mt4y
tinker_cookbook.utils.ml_log:143 [INFO] Wrote metrics to logs/aws/wave4/ahc039-base/metrics.jsonl
tinker_cookbook.utils.ml_log:240 [INFO] Logging to: https://wandb.ai/kriaz-msee20seecs-nust/ugttt-rebuttal/runs/y6y1mt4y
tinker_cookbook.utils.ml_log:143 [INFO] Wrote metrics to logs/aws/wave4/ahc039-base/metrics.jsonl
tinker_cookbook.utils.ml_log:240 [INFO] Logging to: https://wandb.ai/kriaz-msee20seecs-nust/ugttt-rebuttal/runs/y6y1mt4y
tinker_cookbook.utils.ml_log:143 [INFO] Wrote metrics to logs/aws/wave4/ahc039-base/metrics.jsonl
tinker_cookbook.utils.ml_log:240 [INFO] Logging to: https://wandb.ai/kriaz-msee20seecs-nust/ugttt-rebuttal/runs/y6y1mt4y
__main__:1949 [INFO]   [2][3/8] KEPT | R_exec=0.9103 (max=1.2532) RMI=0.0000 R_total=0.9103 | 2565.7s | GPU: 18.1/63.0GB
tinker_cookbook.utils.ml_log:143 [INFO] Wrote metrics to logs/aws/wave4/ahc039-base/metrics.jsonl
tinker_cookbook.utils.ml_log:240 [INFO] Logging to: https://wandb.ai/kriaz-msee20seecs-nust/ugttt-rebuttal/runs/y6y1mt4y
tinker_cookbook.rl.ensemble:1082 [INFO]   generate_batch_multi_adapter_two_phase: N=8 phase1_max=26000 streaming_mi=False kv_q=False
tinker_cookbook.rl.ensemble:1270 [INFO]     [gen/p1] step=2048/23081 active=8/8 mi_stopped=0
tinker_cookbook.rl.ensemble:1270 [INFO]     [gen/p1] step=4096/23081 active=8/8 mi_stopped=0
tinker_cookbook.rl.ensemble:1270 [INFO]     [gen/p1] step=6144/23081 active=8/8 mi_stopped=0
tinker_cookbook.rl.ensemble:1270 [INFO]     [gen/p1] step=8192/23081 active=8/8 mi_stopped=0
tinker_cookbook.rl.ensemble:1270 [INFO]     [gen/p1] step=10240/23081 active=8/8 mi_stopped=0
tinker_cookbook.rl.ensemble:1270 [INFO]     [gen/p1] step=12288/23081 active=8/8 mi_stopped=0
tinker_cookbook.rl.ensemble:1270 [INFO]     [gen/p1] step=14336/23081 active=7/8 mi_stopped=0
tinker_cookbook.rl.ensemble:1270 [INFO]     [gen/p1] step=16384/23081 active=6/8 mi_stopped=0
tinker_cookbook.rl.ensemble:1270 [INFO]     [gen/p1] step=18432/23081 active=5/8 mi_stopped=0
tinker_cookbook.rl.ensemble:1270 [INFO]     [gen/p1] step=20480/23081 active=1/8 mi_stopped=0
__main__:1078 [INFO]   Group 3: multi-adapter generation 8 seqs in 2553.1s
__main__:1108 [INFO]   Group 3: rewards computed in 113.9s
__main__:1150 [INFO]     [g3][r1/8] adapter=0 R_exec=0.2157 true_MI=0.00000 RMI=0.0000 R_total=0.2157 correct=1 tokens=20228
__main__:1150 [INFO]     [g3][r2/8] adapter=0 R_exec=1.1347 true_MI=0.00000 RMI=0.0000 R_total=1.1347 correct=1 tokens=20023
__main__:1150 [INFO]     [g3][r3/8] adapter=0 R_exec=0.0000 true_MI=0.00000 RMI=0.0000 R_total=0.0000 correct=0 tokens=15645
__main__:1150 [INFO]     [g3][r4/8] adapter=0 R_exec=0.0947 true_MI=0.00000 RMI=0.0000 R_total=0.0947 correct=1 tokens=18618
__main__:1150 [INFO]     [g3][r5/8] adapter=0 R_exec=1.2530 true_MI=0.00000 RMI=0.0000 R_total=1.2530 correct=1 tokens=13556
__main__:1150 [INFO]     [g3][r6/8] adapter=0 R_exec=0.2023 true_MI=0.00000 RMI=0.0000 R_total=0.2023 correct=1 tokens=20874
__main__:1150 [INFO]     [g3][r7/8] adapter=0 R_exec=1.2530 true_MI=0.00000 RMI=0.0000 R_total=1.2530 correct=1 tokens=18653
__main__:1150 [INFO]     [g3][r8/8] adapter=0 R_exec=1.2530 true_MI=0.00000 RMI=0.0000 R_total=1.2530 correct=1 tokens=16548
__main__:1167 [INFO]   [g3] group true_MI: mean=0.00000 std=0.00000 max=0.00000 normalized=[0.00 0.00 0.00 0.00 0.00 0.00 0.00 0.00]
tinker_cookbook.utils.ml_log:143 [INFO] Wrote metrics to logs/aws/wave4/ahc039-base/metrics.jsonl
tinker_cookbook.utils.ml_log:240 [INFO] Logging to: https://wandb.ai/kriaz-msee20seecs-nust/ugttt-rebuttal/runs/y6y1mt4y
tinker_cookbook.utils.ml_log:143 [INFO] Wrote metrics to logs/aws/wave4/ahc039-base/metrics.jsonl
tinker_cookbook.utils.ml_log:240 [INFO] Logging to: https://wandb.ai/kriaz-msee20seecs-nust/ugttt-rebuttal/runs/y6y1mt4y
tinker_cookbook.utils.ml_log:143 [INFO] Wrote metrics to logs/aws/wave4/ahc039-base/metrics.jsonl
tinker_cookbook.utils.ml_log:240 [INFO] Logging to: https://wandb.ai/kriaz-msee20seecs-nust/ugttt-rebuttal/runs/y6y1mt4y
tinker_cookbook.utils.ml_log:143 [INFO] Wrote metrics to logs/aws/wave4/ahc039-base/metrics.jsonl
tinker_cookbook.utils.ml_log:240 [INFO] Logging to: https://wandb.ai/kriaz-msee20seecs-nust/ugttt-rebuttal/runs/y6y1mt4y
tinker_cookbook.utils.ml_log:143 [INFO] Wrote metrics to logs/aws/wave4/ahc039-base/metrics.jsonl
tinker_cookbook.utils.ml_log:240 [INFO] Logging to: https://wandb.ai/kriaz-msee20seecs-nust/ugttt-rebuttal/runs/y6y1mt4y
tinker_cookbook.utils.ml_log:143 [INFO] Wrote metrics to logs/aws/wave4/ahc039-base/metrics.jsonl
tinker_cookbook.utils.ml_log:240 [INFO] Logging to: https://wandb.ai/kriaz-msee20seecs-nust/ugttt-rebuttal/runs/y6y1mt4y
tinker_cookbook.utils.ml_log:143 [INFO] Wrote metrics to logs/aws/wave4/ahc039-base/metrics.jsonl
tinker_cookbook.utils.ml_log:240 [INFO] Logging to: https://wandb.ai/kriaz-msee20seecs-nust/ugttt-rebuttal/runs/y6y1mt4y
tinker_cookbook.utils.ml_log:143 [INFO] Wrote metrics to logs/aws/wave4/ahc039-base/metrics.jsonl
tinker_cookbook.utils.ml_log:240 [INFO] Logging to: https://wandb.ai/kriaz-msee20seecs-nust/ugttt-rebuttal/runs/y6y1mt4y
__main__:1949 [INFO]   [2][4/8] KEPT | R_exec=0.6758 (max=1.2530) RMI=0.0000 R_total=0.6758 | 2667.0s | GPU: 18.1/63.1GB
tinker_cookbook.utils.ml_log:143 [INFO] Wrote metrics to logs/aws/wave4/ahc039-base/metrics.jsonl
tinker_cookbook.utils.ml_log:240 [INFO] Logging to: https://wandb.ai/kriaz-msee20seecs-nust/ugttt-rebuttal/runs/y6y1mt4y
tinker_cookbook.rl.ensemble:1082 [INFO]   generate_batch_multi_adapter_two_phase: N=8 phase1_max=26000 streaming_mi=False kv_q=False
tinker_cookbook.rl.ensemble:1270 [INFO]     [gen/p1] step=2048/22938 active=8/8 mi_stopped=0
tinker_cookbook.rl.ensemble:1270 [INFO]     [gen/p1] step=4096/22938 active=8/8 mi_stopped=0
tinker_cookbook.rl.ensemble:1270 [INFO]     [gen/p1] step=6144/22938 active=8/8 mi_stopped=0
tinker_cookbook.rl.ensemble:1270 [INFO]     [gen/p1] step=8192/22938 active=8/8 mi_stopped=0
tinker_cookbook.rl.ensemble:1270 [INFO]     [gen/p1] step=10240/22938 active=8/8 mi_stopped=0
tinker_cookbook.rl.ensemble:1270 [INFO]     [gen/p1] step=12288/22938 active=8/8 mi_stopped=0
tinker_cookbook.rl.ensemble:1270 [INFO]     [gen/p1] step=14336/22938 active=5/8 mi_stopped=0
tinker_cookbook.rl.ensemble:1270 [INFO]     [gen/p1] step=16384/22938 active=3/8 mi_stopped=0
tinker_cookbook.rl.ensemble:1270 [INFO]     [gen/p1] step=18432/22938 active=1/8 mi_stopped=0
__main__:1078 [INFO]   Group 4: multi-adapter generation 8 seqs in 2132.6s
__main__:1108 [INFO]   Group 4: rewards computed in 259.5s
__main__:1150 [INFO]     [g4][r1/8] adapter=0 R_exec=1.2530 true_MI=0.00000 RMI=0.0000 R_total=1.2530 correct=1 tokens=14284
__main__:1150 [INFO]     [g4][r2/8] adapter=0 R_exec=0.1688 true_MI=0.00000 RMI=0.0000 R_total=0.1688 correct=1 tokens=18243
__main__:1150 [INFO]     [g4][r3/8] adapter=0 R_exec=1.2131 true_MI=0.00000 RMI=0.0000 R_total=1.2131 correct=1 tokens=14331
__main__:1150 [INFO]     [g4][r4/8] adapter=0 R_exec=1.2524 true_MI=0.00000 RMI=0.0000 R_total=1.2524 correct=1 tokens=13662
__main__:1150 [INFO]     [g4][r5/8] adapter=0 R_exec=1.2530 true_MI=0.00000 RMI=0.0000 R_total=1.2530 correct=1 tokens=18547
__main__:1150 [INFO]     [g4][r6/8] adapter=0 R_exec=0.0968 true_MI=0.00000 RMI=0.0000 R_total=0.0968 correct=1 tokens=16476
__main__:1150 [INFO]     [g4][r7/8] adapter=0 R_exec=1.2516 true_MI=0.00000 RMI=0.0000 R_total=1.2516 correct=1 tokens=16010
__main__:1150 [INFO]     [g4][r8/8] adapter=0 R_exec=0.0000 true_MI=0.00000 RMI=0.0000 R_total=0.0000 correct=0 tokens=15977
__main__:1167 [INFO]   [g4] group true_MI: mean=0.00000 std=0.00000 max=0.00000 normalized=[0.00 0.00 0.00 0.00 0.00 0.00 0.00 0.00]
tinker_cookbook.utils.ml_log:143 [INFO] Wrote metrics to logs/aws/wave4/ahc039-base/metrics.jsonl
tinker_cookbook.utils.ml_log:240 [INFO] Logging to: https://wandb.ai/kriaz-msee20seecs-nust/ugttt-rebuttal/runs/y6y1mt4y
tinker_cookbook.utils.ml_log:143 [INFO] Wrote metrics to logs/aws/wave4/ahc039-base/metrics.jsonl
tinker_cookbook.utils.ml_log:240 [INFO] Logging to: https://wandb.ai/kriaz-msee20seecs-nust/ugttt-rebuttal/runs/y6y1mt4y
tinker_cookbook.utils.ml_log:143 [INFO] Wrote metrics to logs/aws/wave4/ahc039-base/metrics.jsonl
tinker_cookbook.utils.ml_log:240 [INFO] Logging to: https://wandb.ai/kriaz-msee20seecs-nust/ugttt-rebuttal/runs/y6y1mt4y
tinker_cookbook.utils.ml_log:143 [INFO] Wrote metrics to logs/aws/wave4/ahc039-base/metrics.jsonl
tinker_cookbook.utils.ml_log:240 [INFO] Logging to: https://wandb.ai/kriaz-msee20seecs-nust/ugttt-rebuttal/runs/y6y1mt4y
tinker_cookbook.utils.ml_log:143 [INFO] Wrote metrics to logs/aws/wave4/ahc039-base/metrics.jsonl
tinker_cookbook.utils.ml_log:240 [INFO] Logging to: https://wandb.ai/kriaz-msee20seecs-nust/ugttt-rebuttal/runs/y6y1mt4y
tinker_cookbook.utils.ml_log:143 [INFO] Wrote metrics to logs/aws/wave4/ahc039-base/metrics.jsonl
tinker_cookbook.utils.ml_log:240 [INFO] Logging to: https://wandb.ai/kriaz-msee20seecs-nust/ugttt-rebuttal/runs/y6y1mt4y
tinker_cookbook.utils.ml_log:143 [INFO] Wrote metrics to logs/aws/wave4/ahc039-base/metrics.jsonl
tinker_cookbook.utils.ml_log:240 [INFO] Logging to: https://wandb.ai/kriaz-msee20seecs-nust/ugttt-rebuttal/runs/y6y1mt4y
tinker_cookbook.utils.ml_log:143 [INFO] Wrote metrics to logs/aws/wave4/ahc039-base/metrics.jsonl
tinker_cookbook.utils.ml_log:240 [INFO] Logging to: https://wandb.ai/kriaz-msee20seecs-nust/ugttt-rebuttal/runs/y6y1mt4y
__main__:1949 [INFO]   [2][5/8] KEPT | R_exec=0.8111 (max=1.2530) RMI=0.0000 R_total=0.8111 | 2392.2s | GPU: 18.1/63.0GB
tinker_cookbook.utils.ml_log:143 [INFO] Wrote metrics to logs/aws/wave4/ahc039-base/metrics.jsonl
tinker_cookbook.utils.ml_log:240 [INFO] Logging to: https://wandb.ai/kriaz-msee20seecs-nust/ugttt-rebuttal/runs/y6y1mt4y
tinker_cookbook.rl.ensemble:1082 [INFO]   generate_batch_multi_adapter_two_phase: N=8 phase1_max=26000 streaming_mi=False kv_q=False
tinker_cookbook.rl.ensemble:1270 [INFO]     [gen/p1] step=2048/23547 active=8/8 mi_stopped=0
tinker_cookbook.rl.ensemble:1270 [INFO]     [gen/p1] step=4096/23547 active=8/8 mi_stopped=0
tinker_cookbook.rl.ensemble:1270 [INFO]     [gen/p1] step=6144/23547 active=8/8 mi_stopped=0
tinker_cookbook.rl.ensemble:1270 [INFO]     [gen/p1] step=8192/23547 active=8/8 mi_stopped=0
tinker_cookbook.rl.ensemble:1270 [INFO]     [gen/p1] step=10240/23547 active=8/8 mi_stopped=0
tinker_cookbook.rl.ensemble:1270 [INFO]     [gen/p1] step=12288/23547 active=8/8 mi_stopped=0
tinker_cookbook.rl.ensemble:1270 [INFO]     [gen/p1] step=14336/23547 active=8/8 mi_stopped=0
tinker_cookbook.rl.ensemble:1270 [INFO]     [gen/p1] step=16384/23547 active=3/8 mi_stopped=0
tinker_cookbook.rl.ensemble:1270 [INFO]     [gen/p1] step=18432/23547 active=3/8 mi_stopped=0
tinker_cookbook.rl.ensemble:1270 [INFO]     [gen/p1] step=20480/23547 active=1/8 mi_stopped=0
__main__:1078 [INFO]   Group 5: multi-adapter generation 8 seqs in 2569.5s
__main__:1108 [INFO]   Group 5: rewards computed in 258.0s
__main__:1150 [INFO]     [g5][r1/8] adapter=0 R_exec=1.2361 true_MI=0.00000 RMI=0.0000 R_total=1.2361 correct=1 tokens=15426
__main__:1150 [INFO]     [g5][r2/8] adapter=0 R_exec=1.0169 true_MI=0.00000 RMI=0.0000 R_total=1.0169 correct=1 tokens=19817
__main__:1150 [INFO]     [g5][r3/8] adapter=0 R_exec=1.2532 true_MI=0.00000 RMI=0.0000 R_total=1.2532 correct=1 tokens=15147
__main__:1150 [INFO]     [g5][r4/8] adapter=0 R_exec=0.0000 true_MI=0.00000 RMI=0.0000 R_total=0.0000 correct=0 tokens=21321
__main__:1150 [INFO]     [g5][r5/8] adapter=0 R_exec=1.2558 true_MI=0.00000 RMI=0.0000 R_total=1.2558 correct=1 tokens=19963
__main__:1150 [INFO]     [g5][r6/8] adapter=0 R_exec=1.0385 true_MI=0.00000 RMI=0.0000 R_total=1.0385 correct=1 tokens=15401
__main__:1150 [INFO]     [g5][r7/8] adapter=0 R_exec=1.2396 true_MI=0.00000 RMI=0.0000 R_total=1.2396 correct=1 tokens=14692
__main__:1150 [INFO]     [g5][r8/8] adapter=0 R_exec=0.0000 true_MI=0.00000 RMI=0.0000 R_total=0.0000 correct=0 tokens=15544
__main__:1167 [INFO]   [g5] group true_MI: mean=0.00000 std=0.00000 max=0.00000 normalized=[0.00 0.00 0.00 0.00 0.00 0.00 0.00 0.00]
tinker_cookbook.utils.ml_log:143 [INFO] Wrote metrics to logs/aws/wave4/ahc039-base/metrics.jsonl
tinker_cookbook.utils.ml_log:240 [INFO] Logging to: https://wandb.ai/kriaz-msee20seecs-nust/ugttt-rebuttal/runs/y6y1mt4y
tinker_cookbook.utils.ml_log:143 [INFO] Wrote metrics to logs/aws/wave4/ahc039-base/metrics.jsonl
tinker_cookbook.utils.ml_log:240 [INFO] Logging to: https://wandb.ai/kriaz-msee20seecs-nust/ugttt-rebuttal/runs/y6y1mt4y
tinker_cookbook.utils.ml_log:143 [INFO] Wrote metrics to logs/aws/wave4/ahc039-base/metrics.jsonl
tinker_cookbook.utils.ml_log:240 [INFO] Logging to: https://wandb.ai/kriaz-msee20seecs-nust/ugttt-rebuttal/runs/y6y1mt4y
tinker_cookbook.utils.ml_log:143 [INFO] Wrote metrics to logs/aws/wave4/ahc039-base/metrics.jsonl
tinker_cookbook.utils.ml_log:240 [INFO] Logging to: https://wandb.ai/kriaz-msee20seecs-nust/ugttt-rebuttal/runs/y6y1mt4y
tinker_cookbook.utils.ml_log:143 [INFO] Wrote metrics to logs/aws/wave4/ahc039-base/metrics.jsonl
tinker_cookbook.utils.ml_log:240 [INFO] Logging to: https://wandb.ai/kriaz-msee20seecs-nust/ugttt-rebuttal/runs/y6y1mt4y
tinker_cookbook.utils.ml_log:143 [INFO] Wrote metrics to logs/aws/wave4/ahc039-base/metrics.jsonl
tinker_cookbook.utils.ml_log:240 [INFO] Logging to: https://wandb.ai/kriaz-msee20seecs-nust/ugttt-rebuttal/runs/y6y1mt4y
tinker_cookbook.utils.ml_log:143 [INFO] Wrote metrics to logs/aws/wave4/ahc039-base/metrics.jsonl
tinker_cookbook.utils.ml_log:240 [INFO] Logging to: https://wandb.ai/kriaz-msee20seecs-nust/ugttt-rebuttal/runs/y6y1mt4y
tinker_cookbook.utils.ml_log:143 [INFO] Wrote metrics to logs/aws/wave4/ahc039-base/metrics.jsonl
tinker_cookbook.utils.ml_log:240 [INFO] Logging to: https://wandb.ai/kriaz-msee20seecs-nust/ugttt-rebuttal/runs/y6y1mt4y
__main__:1949 [INFO]   [2][6/8] KEPT | R_exec=0.8800 (max=1.2558) RMI=0.0000 R_total=0.8800 | 2827.6s | GPU: 18.1/62.6GB
tinker_cookbook.utils.ml_log:143 [INFO] Wrote metrics to logs/aws/wave4/ahc039-base/metrics.jsonl
tinker_cookbook.utils.ml_log:240 [INFO] Logging to: https://wandb.ai/kriaz-msee20seecs-nust/ugttt-rebuttal/runs/y6y1mt4y
tinker_cookbook.rl.ensemble:1082 [INFO]   generate_batch_multi_adapter_two_phase: N=8 phase1_max=26000 streaming_mi=False kv_q=False
tinker_cookbook.rl.ensemble:1270 [INFO]     [gen/p1] step=2048/22127 active=8/8 mi_stopped=0
tinker_cookbook.rl.ensemble:1270 [INFO]     [gen/p1] step=4096/22127 active=8/8 mi_stopped=0
tinker_cookbook.rl.ensemble:1270 [INFO]     [gen/p1] step=6144/22127 active=8/8 mi_stopped=0
tinker_cookbook.rl.ensemble:1270 [INFO]     [gen/p1] step=8192/22127 active=8/8 mi_stopped=0
tinker_cookbook.rl.ensemble:1270 [INFO]     [gen/p1] step=10240/22127 active=8/8 mi_stopped=0
tinker_cookbook.rl.ensemble:1270 [INFO]     [gen/p1] step=12288/22127 active=8/8 mi_stopped=0
tinker_cookbook.rl.ensemble:1270 [INFO]     [gen/p1] step=14336/22127 active=8/8 mi_stopped=0
tinker_cookbook.rl.ensemble:1270 [INFO]     [gen/p1] step=16384/22127 active=6/8 mi_stopped=0
tinker_cookbook.rl.ensemble:1270 [INFO]     [gen/p1] step=18432/22127 active=4/8 mi_stopped=0
tinker_cookbook.rl.ensemble:1270 [INFO]     [gen/p1] step=20480/22127 active=1/8 mi_stopped=0
__main__:1078 [INFO]   Group 6: multi-adapter generation 8 seqs in 2631.7s
__main__:1108 [INFO]   Group 6: rewards computed in 578.0s
__main__:1150 [INFO]     [g6][r1/8] adapter=0 R_exec=0.0000 true_MI=0.00000 RMI=0.0000 R_total=0.0000 correct=0 tokens=17389
__main__:1150 [INFO]     [g6][r2/8] adapter=0 R_exec=1.2361 true_MI=0.00000 RMI=0.0000 R_total=1.2361 correct=1 tokens=14606
__main__:1150 [INFO]     [g6][r3/8] adapter=0 R_exec=0.0000 true_MI=0.00000 RMI=0.0000 R_total=0.0000 correct=0 tokens=19287
__main__:1150 [INFO]     [g6][r4/8] adapter=0 R_exec=0.0000 true_MI=0.00000 RMI=0.0000 R_total=0.0000 correct=0 tokens=17116
__main__:1150 [INFO]     [g6][r5/8] adapter=0 R_exec=0.0000 true_MI=0.00000 RMI=0.0000 R_total=0.0000 correct=0 tokens=19683
__main__:1150 [INFO]     [g6][r6/8] adapter=0 R_exec=1.2361 true_MI=0.00000 RMI=0.0000 R_total=1.2361 correct=1 tokens=19863
__main__:1150 [INFO]     [g6][r7/8] adapter=0 R_exec=0.0000 true_MI=0.00000 RMI=0.0000 R_total=0.0000 correct=0 tokens=20574
__main__:1150 [INFO]     [g6][r8/8] adapter=0 R_exec=1.0169 true_MI=0.00000 RMI=0.0000 R_total=1.0169 correct=1 tokens=15696
__main__:1167 [INFO]   [g6] group true_MI: mean=0.00000 std=0.00000 max=0.00000 normalized=[0.00 0.00 0.00 0.00 0.00 0.00 0.00 0.00]
tinker_cookbook.utils.ml_log:143 [INFO] Wrote metrics to logs/aws/wave4/ahc039-base/metrics.jsonl
tinker_cookbook.utils.ml_log:240 [INFO] Logging to: https://wandb.ai/kriaz-msee20seecs-nust/ugttt-rebuttal/runs/y6y1mt4y
tinker_cookbook.utils.ml_log:143 [INFO] Wrote metrics to logs/aws/wave4/ahc039-base/metrics.jsonl
tinker_cookbook.utils.ml_log:240 [INFO] Logging to: https://wandb.ai/kriaz-msee20seecs-nust/ugttt-rebuttal/runs/y6y1mt4y
tinker_cookbook.utils.ml_log:143 [INFO] Wrote metrics to logs/aws/wave4/ahc039-base/metrics.jsonl
tinker_cookbook.utils.ml_log:240 [INFO] Logging to: https://wandb.ai/kriaz-msee20seecs-nust/ugttt-rebuttal/runs/y6y1mt4y
tinker_cookbook.utils.ml_log:143 [INFO] Wrote metrics to logs/aws/wave4/ahc039-base/metrics.jsonl
tinker_cookbook.utils.ml_log:240 [INFO] Logging to: https://wandb.ai/kriaz-msee20seecs-nust/ugttt-rebuttal/runs/y6y1mt4y
tinker_cookbook.utils.ml_log:143 [INFO] Wrote metrics to logs/aws/wave4/ahc039-base/metrics.jsonl
tinker_cookbook.utils.ml_log:240 [INFO] Logging to: https://wandb.ai/kriaz-msee20seecs-nust/ugttt-rebuttal/runs/y6y1mt4y
tinker_cookbook.utils.ml_log:143 [INFO] Wrote metrics to logs/aws/wave4/ahc039-base/metrics.jsonl
tinker_cookbook.utils.ml_log:240 [INFO] Logging to: https://wandb.ai/kriaz-msee20seecs-nust/ugttt-rebuttal/runs/y6y1mt4y
tinker_cookbook.utils.ml_log:143 [INFO] Wrote metrics to logs/aws/wave4/ahc039-base/metrics.jsonl
tinker_cookbook.utils.ml_log:240 [INFO] Logging to: https://wandb.ai/kriaz-msee20seecs-nust/ugttt-rebuttal/runs/y6y1mt4y
tinker_cookbook.utils.ml_log:143 [INFO] Wrote metrics to logs/aws/wave4/ahc039-base/metrics.jsonl
tinker_cookbook.utils.ml_log:240 [INFO] Logging to: https://wandb.ai/kriaz-msee20seecs-nust/ugttt-rebuttal/runs/y6y1mt4y
__main__:1949 [INFO]   [2][7/8] KEPT | R_exec=0.4361 (max=1.2361) RMI=0.0000 R_total=0.4361 | 3209.8s | GPU: 18.1/64.0GB
tinker_cookbook.utils.ml_log:143 [INFO] Wrote metrics to logs/aws/wave4/ahc039-base/metrics.jsonl
tinker_cookbook.utils.ml_log:240 [INFO] Logging to: https://wandb.ai/kriaz-msee20seecs-nust/ugttt-rebuttal/runs/y6y1mt4y
tinker_cookbook.rl.ensemble:1082 [INFO]   generate_batch_multi_adapter_two_phase: N=8 phase1_max=26000 streaming_mi=False kv_q=False
tinker_cookbook.rl.ensemble:1270 [INFO]     [gen/p1] step=2048/23005 active=8/8 mi_stopped=0
tinker_cookbook.rl.ensemble:1270 [INFO]     [gen/p1] step=4096/23005 active=8/8 mi_stopped=0
tinker_cookbook.rl.ensemble:1270 [INFO]     [gen/p1] step=6144/23005 active=8/8 mi_stopped=0
tinker_cookbook.rl.ensemble:1270 [INFO]     [gen/p1] step=8192/23005 active=8/8 mi_stopped=0
tinker_cookbook.rl.ensemble:1270 [INFO]     [gen/p1] step=10240/23005 active=8/8 mi_stopped=0
tinker_cookbook.rl.ensemble:1270 [INFO]     [gen/p1] step=12288/23005 active=7/8 mi_stopped=0
tinker_cookbook.rl.ensemble:1270 [INFO]     [gen/p1] step=14336/23005 active=3/8 mi_stopped=0
tinker_cookbook.rl.ensemble:1270 [INFO]     [gen/p1] step=16384/23005 active=1/8 mi_stopped=0
__main__:1078 [INFO]   Group 7: multi-adapter generation 8 seqs in 1779.3s
__main__:1108 [INFO]   Group 7: rewards computed in 438.9s
__main__:1150 [INFO]     [g7][r1/8] adapter=0 R_exec=0.0000 true_MI=0.00000 RMI=0.0000 R_total=0.0000 correct=0 tokens=15199
__main__:1150 [INFO]     [g7][r2/8] adapter=0 R_exec=0.0000 true_MI=0.00000 RMI=0.0000 R_total=0.0000 correct=0 tokens=13014
__main__:1150 [INFO]     [g7][r3/8] adapter=0 R_exec=0.0000 true_MI=0.00000 RMI=0.0000 R_total=0.0000 correct=0 tokens=12951
__main__:1150 [INFO]     [g7][r4/8] adapter=0 R_exec=0.0000 true_MI=0.00000 RMI=0.0000 R_total=0.0000 correct=0 tokens=16543
__main__:1150 [INFO]     [g7][r5/8] adapter=0 R_exec=0.0000 true_MI=0.00000 RMI=0.0000 R_total=0.0000 correct=0 tokens=14286
__main__:1150 [INFO]     [g7][r6/8] adapter=0 R_exec=0.0000 true_MI=0.00000 RMI=0.0000 R_total=0.0000 correct=0 tokens=15449
__main__:1150 [INFO]     [g7][r7/8] adapter=0 R_exec=0.0000 true_MI=0.00000 RMI=0.0000 R_total=0.0000 correct=0 tokens=13987
__main__:1150 [INFO]     [g7][r8/8] adapter=0 R_exec=0.0000 true_MI=0.00000 RMI=0.0000 R_total=0.0000 correct=0 tokens=10925
__main__:1167 [INFO]   [g7] group true_MI: mean=0.00000 std=0.00000 max=0.00000 normalized=[0.00 0.00 0.00 0.00 0.00 0.00 0.00 0.00]
tinker_cookbook.utils.ml_log:143 [INFO] Wrote metrics to logs/aws/wave4/ahc039-base/metrics.jsonl
tinker_cookbook.utils.ml_log:240 [INFO] Logging to: https://wandb.ai/kriaz-msee20seecs-nust/ugttt-rebuttal/runs/y6y1mt4y
tinker_cookbook.utils.ml_log:143 [INFO] Wrote metrics to logs/aws/wave4/ahc039-base/metrics.jsonl
tinker_cookbook.utils.ml_log:240 [INFO] Logging to: https://wandb.ai/kriaz-msee20seecs-nust/ugttt-rebuttal/runs/y6y1mt4y
tinker_cookbook.utils.ml_log:143 [INFO] Wrote metrics to logs/aws/wave4/ahc039-base/metrics.jsonl
tinker_cookbook.utils.ml_log:240 [INFO] Logging to: https://wandb.ai/kriaz-msee20seecs-nust/ugttt-rebuttal/runs/y6y1mt4y
tinker_cookbook.utils.ml_log:143 [INFO] Wrote metrics to logs/aws/wave4/ahc039-base/metrics.jsonl
tinker_cookbook.utils.ml_log:240 [INFO] Logging to: https://wandb.ai/kriaz-msee20seecs-nust/ugttt-rebuttal/runs/y6y1mt4y
tinker_cookbook.utils.ml_log:143 [INFO] Wrote metrics to logs/aws/wave4/ahc039-base/metrics.jsonl
tinker_cookbook.utils.ml_log:240 [INFO] Logging to: https://wandb.ai/kriaz-msee20seecs-nust/ugttt-rebuttal/runs/y6y1mt4y
tinker_cookbook.utils.ml_log:143 [INFO] Wrote metrics to logs/aws/wave4/ahc039-base/metrics.jsonl
tinker_cookbook.utils.ml_log:240 [INFO] Logging to: https://wandb.ai/kriaz-msee20seecs-nust/ugttt-rebuttal/runs/y6y1mt4y
tinker_cookbook.utils.ml_log:143 [INFO] Wrote metrics to logs/aws/wave4/ahc039-base/metrics.jsonl
tinker_cookbook.utils.ml_log:240 [INFO] Logging to: https://wandb.ai/kriaz-msee20seecs-nust/ugttt-rebuttal/runs/y6y1mt4y
tinker_cookbook.utils.ml_log:143 [INFO] Wrote metrics to logs/aws/wave4/ahc039-base/metrics.jsonl
tinker_cookbook.utils.ml_log:240 [INFO] Logging to: https://wandb.ai/kriaz-msee20seecs-nust/ugttt-rebuttal/runs/y6y1mt4y
__main__:1949 [INFO]   [2][8/8] FILTERED | R_exec=0.0000 (max=0.0000) RMI=0.0000 R_total=0.0000 | 2218.3s | GPU: 18.1/62.6GB
tinker_cookbook.utils.ml_log:143 [INFO] Wrote metrics to logs/aws/wave4/ahc039-base/metrics.jsonl
tinker_cookbook.utils.ml_log:240 [INFO] Logging to: https://wandb.ai/kriaz-msee20seecs-nust/ugttt-rebuttal/runs/y6y1mt4y
__main__:1988 [INFO] [Epoch 2] Rollout phase done in 22388.2s. Training on 7/8 groups...
tinker_cookbook.utils.ml_log:143 [INFO] Wrote metrics to logs/aws/wave4/ahc039-base/metrics.jsonl
tinker_cookbook.utils.ml_log:195 [INFO] 
┏━━━━━━━━━━━━━━━━━━━━━━━━━━━━━━━━┳━━━━━━━━━━━━━━┓
┃ Metric                         ┃ Value        ┃
┡━━━━━━━━━━━━━━━━━━━━━━━━━━━━━━━━╇━━━━━━━━━━━━━━┩
│ gpu/memory_allocated_gb        │ 18.092511    │
│ gpu/memory_peak_gb             │ 63.795396    │
│ gpu/memory_reserved_gb         │ 18.140365    │
│ kl_policy_base                 │ 0.002706     │
│ optim/entropy                  │ 0.457574     │
│ optim/kl_sample_train_v1       │ 0.000102     │
│ optim/kl_sample_train_v2       │ 0.000099     │
│ progress/done_frac             │ 0.500000     │
│ progress/epoch                 │ 2            │
│ rollout/groups_attempted       │ 8.000000     │
│ rollout/groups_filtered        │ 1.000000     │
│ rollout/groups_kept            │ 7.000000     │
│ rollout/intra_group_reward_std │ 0.547872     │
│ time/rollout                   │ 22388.208186 │
│ time/total                     │ 22894.385296 │
│ time/train                     │ 506.050971   │
│ train/advantage/max            │ 2.904352     │
│ train/advantage/mean           │ 0.206358     │
│ train/advantage/min            │ -1.000000    │
│ train/advantage/std            │ 1.435517     │
│ train/beta/mean                │ 15170.790766 │
│ train/beta/std                 │ 37081.785396 │
│ train/correctness/mean         │ 0.732143     │
│ train/correctness/rate         │ 0.732143     │
│ train/ensemble/frac_high_disa… │ 0.000000     │
│ train/ensemble/max_token_disa… │ nan          │
│ train/ensemble/member_logprob… │ 0.000000     │
│ train/ensemble/member_logprob… │ nan          │
│ train/gamma_eff/mean           │ 0.000000     │
│ train/gen/num_tokens/max       │ 24506.000000 │
│ train/gen/num_tokens/mean      │ 17495.482143 │
│ train/gen/num_tokens/std       │ 2503.311942  │
│ train/loss                     │ -0.206347    │
│ train/nnm_loss                 │ 0.000000     │
│ train/nnm_nuclear_norm         │ 0.000000     │
│ train/num_groups               │ 7.000000     │
│ train/num_rollouts             │ 56.000000    │
│ train/num_rollouts_total       │ 56.000000    │
│ train/reward/exec/best         │ 1.266227     │
│ train/reward/exec/max          │ 1.255773     │
│ train/reward/exec/mean         │ 0.698596     │
│ train/reward/exec/min          │ 0.000000     │
│ train/reward/exec/std          │ 0.571611     │
│ train/reward/rmi/max           │ 0.000000     │
│ train/reward/rmi/mean          │ 0.000000     │
│ train/reward/rmi/min           │ 0.000000     │
│ train/reward/rmi/std           │ 0.000000     │
│ train/reward/total/best        │ 1.266227     │
│ train/reward/total/max         │ 1.255773     │
│ train/reward/total/mean        │ 0.698596     │
│ train/reward/total/min         │ 0.000000     │
│ train/reward/total/std         │ 0.571611     │
│ train/streaming_mi/stop_rate   │ 0.000000     │
│ train/streaming_mi/tokens_sav… │ 0.000000     │
│ train/streaming_mi/tokens_sav… │ 0.000000     │
│ train/two_phase/phase1_tokens… │ 17429.821429 │
│ train/two_phase/phase2_tokens… │ 64.875000    │
│ train/two_phase/prefill_rate   │ 0.035714     │
│ train/uncertainty/predictive_… │ 0.000000     │
│ train/uncertainty/predictive_… │ 0.000000     │
│ train/uncertainty/predictive_… │ 0.000000     │
│ train/uncertainty/predictive_… │ 0.000000     │
│ train/uncertainty/predictive_… │ 0.000000     │
│ train/uncertainty/predictive_… │ 0.000000     │
│ train/uncertainty/predictive_… │ 0.000000     │
│ train/uncertainty/predictive_… │ 0.000000     │
│ train/uncertainty/rmi/max      │ 0.000000     │
│ train/uncertainty/rmi/mean     │ 0.000000     │
│ train/uncertainty/rmi/min      │ 0.000000     │
│ train/uncertainty/rmi/std      │ 0.000000     │
│ train/uncertainty/rmi_top7/max │ 0.000000     │
│ train/uncertainty/rmi_top7/me… │ 0.000000     │
│ train/uncertainty/rmi_top7/min │ 0.000000     │
│ train/uncertainty/rmi_top7/std │ 0.000000     │
│ train/uncertainty/top7_mi_cod… │ 0.000000     │
│ train/uncertainty/top7_mi_cod… │ 0.000000     │
│ train/uncertainty/top7_mi_thi… │ 0.000000     │
│ train/uncertainty/top7_mi_thi… │ 0.000000     │
│ train/uncertainty/top7_pct_co… │ 0.000000     │
│ train/uncertainty/top7_pct_co… │ 0.000000     │
│ train/uncertainty/top7_pct_th… │ 1.000000     │
│ train/uncertainty/top7_pct_th… │ 0.000000     │
│ train/uncertainty/true_mi/max  │ 0.000000     │
│ train/uncertainty/true_mi/mean │ 0.000000     │
│ train/uncertainty/true_mi/min  │ 0.000000     │
│ train/uncertainty/true_mi/std  │ 0.000000     │
│ train/uncertainty/variance/max │ nan          │
│ train/uncertainty/variance/me… │ nan          │
│ train/uncertainty/variance/min │ nan          │
│ train/uncertainty/variance/std │ nan          │
│ train/uncertainty/variance_to… │ nan          │
│ train/uncertainty/variance_to… │ nan          │
│ train/uncertainty/variance_to… │ nan          │
│ train/uncertainty/variance_to… │ nan          │
└────────────────────────────────┴──────────────┘
tinker_cookbook.utils.ml_log:240 [INFO] Logging to: https://wandb.ai/kriaz-msee20seecs-nust/ugttt-rebuttal/runs/y6y1mt4y
__main__:2062 [INFO] [Epoch 2] R_exec=0.6986 (max=1.2558 best=1.2662) RMI=0.0000 beta=15170.79 corr=73.2% loss=-0.2063 groups=7/8 time=22894.4s
__main__:2073 [INFO] Checkpoint saved at epoch 2
__main__:1836 [INFO] [Epoch 3/6] Starting rollout phase: 8 groups × 8 rollouts
tinker_cookbook.rl.ensemble:1082 [INFO]   generate_batch_multi_adapter_two_phase: N=8 phase1_max=26000 streaming_mi=False kv_q=False
tinker_cookbook.rl.ensemble:1270 [INFO]     [gen/p1] step=2048/22695 active=8/8 mi_stopped=0
tinker_cookbook.rl.ensemble:1270 [INFO]     [gen/p1] step=4096/22695 active=8/8 mi_stopped=0
tinker_cookbook.rl.ensemble:1270 [INFO]     [gen/p1] step=6144/22695 active=8/8 mi_stopped=0
tinker_cookbook.rl.ensemble:1270 [INFO]     [gen/p1] step=8192/22695 active=8/8 mi_stopped=0
tinker_cookbook.rl.ensemble:1270 [INFO]     [gen/p1] step=10240/22695 active=8/8 mi_stopped=0
tinker_cookbook.rl.ensemble:1270 [INFO]     [gen/p1] step=12288/22695 active=8/8 mi_stopped=0
tinker_cookbook.rl.ensemble:1270 [INFO]     [gen/p1] step=14336/22695 active=5/8 mi_stopped=0
tinker_cookbook.rl.ensemble:1270 [INFO]     [gen/p1] step=16384/22695 active=2/8 mi_stopped=0
__main__:1078 [INFO]   Group 0: multi-adapter generation 8 seqs in 2143.7s
__main__:1108 [INFO]   Group 0: rewards computed in 270.0s
__main__:1150 [INFO]     [g0][r1/8] adapter=0 R_exec=1.2361 true_MI=0.00000 RMI=0.0000 R_total=1.2361 correct=1 tokens=16068
__main__:1150 [INFO]     [g0][r2/8] adapter=0 R_exec=1.2558 true_MI=0.00000 RMI=0.0000 R_total=1.2558 correct=1 tokens=17355
__main__:1150 [INFO]     [g0][r3/8] adapter=0 R_exec=1.1541 true_MI=0.00000 RMI=0.0000 R_total=1.1541 correct=1 tokens=13422
__main__:1150 [INFO]     [g0][r4/8] adapter=0 R_exec=1.2558 true_MI=0.00000 RMI=0.0000 R_total=1.2558 correct=1 tokens=16232
__main__:1150 [INFO]     [g0][r5/8] adapter=0 R_exec=0.0000 true_MI=0.00000 RMI=0.0000 R_total=0.0000 correct=0 tokens=13512
__main__:1150 [INFO]     [g0][r6/8] adapter=0 R_exec=1.2361 true_MI=0.00000 RMI=0.0000 R_total=1.2361 correct=1 tokens=12686
__main__:1150 [INFO]     [g0][r7/8] adapter=0 R_exec=1.2361 true_MI=0.00000 RMI=0.0000 R_total=1.2361 correct=1 tokens=18432
__main__:1150 [INFO]     [g0][r8/8] adapter=0 R_exec=0.0000 true_MI=0.00000 RMI=0.0000 R_total=0.0000 correct=0 tokens=15173
__main__:1167 [INFO]   [g0] group true_MI: mean=0.00000 std=0.00000 max=0.00000 normalized=[0.00 0.00 0.00 0.00 0.00 0.00 0.00 0.00]
tinker_cookbook.utils.ml_log:143 [INFO] Wrote metrics to logs/aws/wave4/ahc039-base/metrics.jsonl
tinker_cookbook.utils.ml_log:240 [INFO] Logging to: https://wandb.ai/kriaz-msee20seecs-nust/ugttt-rebuttal/runs/y6y1mt4y
tinker_cookbook.utils.ml_log:143 [INFO] Wrote metrics to logs/aws/wave4/ahc039-base/metrics.jsonl
tinker_cookbook.utils.ml_log:240 [INFO] Logging to: https://wandb.ai/kriaz-msee20seecs-nust/ugttt-rebuttal/runs/y6y1mt4y
tinker_cookbook.utils.ml_log:143 [INFO] Wrote metrics to logs/aws/wave4/ahc039-base/metrics.jsonl
tinker_cookbook.utils.ml_log:240 [INFO] Logging to: https://wandb.ai/kriaz-msee20seecs-nust/ugttt-rebuttal/runs/y6y1mt4y
tinker_cookbook.utils.ml_log:143 [INFO] Wrote metrics to logs/aws/wave4/ahc039-base/metrics.jsonl
tinker_cookbook.utils.ml_log:240 [INFO] Logging to: https://wandb.ai/kriaz-msee20seecs-nust/ugttt-rebuttal/runs/y6y1mt4y
tinker_cookbook.utils.ml_log:143 [INFO] Wrote metrics to logs/aws/wave4/ahc039-base/metrics.jsonl
tinker_cookbook.utils.ml_log:240 [INFO] Logging to: https://wandb.ai/kriaz-msee20seecs-nust/ugttt-rebuttal/runs/y6y1mt4y
tinker_cookbook.utils.ml_log:143 [INFO] Wrote metrics to logs/aws/wave4/ahc039-base/metrics.jsonl
tinker_cookbook.utils.ml_log:240 [INFO] Logging to: https://wandb.ai/kriaz-msee20seecs-nust/ugttt-rebuttal/runs/y6y1mt4y
tinker_cookbook.utils.ml_log:143 [INFO] Wrote metrics to logs/aws/wave4/ahc039-base/metrics.jsonl
tinker_cookbook.utils.ml_log:240 [INFO] Logging to: https://wandb.ai/kriaz-msee20seecs-nust/ugttt-rebuttal/runs/y6y1mt4y
tinker_cookbook.utils.ml_log:143 [INFO] Wrote metrics to logs/aws/wave4/ahc039-base/metrics.jsonl
tinker_cookbook.utils.ml_log:240 [INFO] Logging to: https://wandb.ai/kriaz-msee20seecs-nust/ugttt-rebuttal/runs/y6y1mt4y
__main__:1949 [INFO]   [3][1/8] KEPT | R_exec=0.9218 (max=1.2558) RMI=0.0000 R_total=0.9218 | 2413.8s | GPU: 18.1/63.0GB
tinker_cookbook.utils.ml_log:143 [INFO] Wrote metrics to logs/aws/wave4/ahc039-base/metrics.jsonl
tinker_cookbook.utils.ml_log:240 [INFO] Logging to: https://wandb.ai/kriaz-msee20seecs-nust/ugttt-rebuttal/runs/y6y1mt4y
tinker_cookbook.rl.ensemble:1082 [INFO]   generate_batch_multi_adapter_two_phase: N=8 phase1_max=26000 streaming_mi=False kv_q=False
tinker_cookbook.rl.ensemble:1270 [INFO]     [gen/p1] step=2048/23229 active=8/8 mi_stopped=0
tinker_cookbook.rl.ensemble:1270 [INFO]     [gen/p1] step=4096/23229 active=8/8 mi_stopped=0
tinker_cookbook.rl.ensemble:1270 [INFO]     [gen/p1] step=6144/23229 active=8/8 mi_stopped=0
tinker_cookbook.rl.ensemble:1270 [INFO]     [gen/p1] step=8192/23229 active=8/8 mi_stopped=0
tinker_cookbook.rl.ensemble:1270 [INFO]     [gen/p1] step=10240/23229 active=8/8 mi_stopped=0
tinker_cookbook.rl.ensemble:1270 [INFO]     [gen/p1] step=12288/23229 active=8/8 mi_stopped=0
tinker_cookbook.rl.ensemble:1270 [INFO]     [gen/p1] step=14336/23229 active=6/8 mi_stopped=0
tinker_cookbook.rl.ensemble:1270 [INFO]     [gen/p1] step=16384/23229 active=4/8 mi_stopped=0
tinker_cookbook.rl.ensemble:1270 [INFO]     [gen/p1] step=18432/23229 active=1/8 mi_stopped=0
__main__:1078 [INFO]   Group 1: multi-adapter generation 8 seqs in 2335.9s
__main__:1108 [INFO]   Group 1: rewards computed in 255.6s
__main__:1150 [INFO]     [g1][r1/8] adapter=0 R_exec=0.0000 true_MI=0.00000 RMI=0.0000 R_total=0.0000 correct=0 tokens=15919
__main__:1150 [INFO]     [g1][r2/8] adapter=0 R_exec=1.2530 true_MI=0.00000 RMI=0.0000 R_total=1.2530 correct=1 tokens=17594
__main__:1150 [INFO]     [g1][r3/8] adapter=0 R_exec=0.0000 true_MI=0.00000 RMI=0.0000 R_total=0.0000 correct=0 tokens=15456
__main__:1150 [INFO]     [g1][r4/8] adapter=0 R_exec=0.0968 true_MI=0.00000 RMI=0.0000 R_total=0.0968 correct=1 tokens=14055
__main__:1150 [INFO]     [g1][r5/8] adapter=0 R_exec=0.0000 true_MI=0.00000 RMI=0.0000 R_total=0.0000 correct=0 tokens=19846
__main__:1150 [INFO]     [g1][r6/8] adapter=0 R_exec=1.2530 true_MI=0.00000 RMI=0.0000 R_total=1.2530 correct=1 tokens=13611
__main__:1150 [INFO]     [g1][r7/8] adapter=0 R_exec=1.2530 true_MI=0.00000 RMI=0.0000 R_total=1.2530 correct=1 tokens=16604
__main__:1150 [INFO]     [g1][r8/8] adapter=0 R_exec=0.0000 true_MI=0.00000 RMI=0.0000 R_total=0.0000 correct=0 tokens=16788
__main__:1167 [INFO]   [g1] group true_MI: mean=0.00000 std=0.00000 max=0.00000 normalized=[0.00 0.00 0.00 0.00 0.00 0.00 0.00 0.00]
tinker_cookbook.utils.ml_log:143 [INFO] Wrote metrics to logs/aws/wave4/ahc039-base/metrics.jsonl
tinker_cookbook.utils.ml_log:240 [INFO] Logging to: https://wandb.ai/kriaz-msee20seecs-nust/ugttt-rebuttal/runs/y6y1mt4y
tinker_cookbook.utils.ml_log:143 [INFO] Wrote metrics to logs/aws/wave4/ahc039-base/metrics.jsonl
tinker_cookbook.utils.ml_log:240 [INFO] Logging to: https://wandb.ai/kriaz-msee20seecs-nust/ugttt-rebuttal/runs/y6y1mt4y
tinker_cookbook.utils.ml_log:143 [INFO] Wrote metrics to logs/aws/wave4/ahc039-base/metrics.jsonl
tinker_cookbook.utils.ml_log:240 [INFO] Logging to: https://wandb.ai/kriaz-msee20seecs-nust/ugttt-rebuttal/runs/y6y1mt4y
tinker_cookbook.utils.ml_log:143 [INFO] Wrote metrics to logs/aws/wave4/ahc039-base/metrics.jsonl
tinker_cookbook.utils.ml_log:240 [INFO] Logging to: https://wandb.ai/kriaz-msee20seecs-nust/ugttt-rebuttal/runs/y6y1mt4y
tinker_cookbook.utils.ml_log:143 [INFO] Wrote metrics to logs/aws/wave4/ahc039-base/metrics.jsonl
tinker_cookbook.utils.ml_log:240 [INFO] Logging to: https://wandb.ai/kriaz-msee20seecs-nust/ugttt-rebuttal/runs/y6y1mt4y
tinker_cookbook.utils.ml_log:143 [INFO] Wrote metrics to logs/aws/wave4/ahc039-base/metrics.jsonl
tinker_cookbook.utils.ml_log:240 [INFO] Logging to: https://wandb.ai/kriaz-msee20seecs-nust/ugttt-rebuttal/runs/y6y1mt4y
tinker_cookbook.utils.ml_log:143 [INFO] Wrote metrics to logs/aws/wave4/ahc039-base/metrics.jsonl
tinker_cookbook.utils.ml_log:240 [INFO] Logging to: https://wandb.ai/kriaz-msee20seecs-nust/ugttt-rebuttal/runs/y6y1mt4y
tinker_cookbook.utils.ml_log:143 [INFO] Wrote metrics to logs/aws/wave4/ahc039-base/metrics.jsonl
tinker_cookbook.utils.ml_log:240 [INFO] Logging to: https://wandb.ai/kriaz-msee20seecs-nust/ugttt-rebuttal/runs/y6y1mt4y
__main__:1949 [INFO]   [3][2/8] KEPT | R_exec=0.4820 (max=1.2530) RMI=0.0000 R_total=0.4820 | 2591.7s | GPU: 18.1/62.6GB
tinker_cookbook.utils.ml_log:143 [INFO] Wrote metrics to logs/aws/wave4/ahc039-base/metrics.jsonl
tinker_cookbook.utils.ml_log:240 [INFO] Logging to: https://wandb.ai/kriaz-msee20seecs-nust/ugttt-rebuttal/runs/y6y1mt4y
tinker_cookbook.rl.ensemble:1082 [INFO]   generate_batch_multi_adapter_two_phase: N=8 phase1_max=26000 streaming_mi=False kv_q=False
tinker_cookbook.rl.ensemble:1270 [INFO]     [gen/p1] step=2048/23012 active=8/8 mi_stopped=0
tinker_cookbook.rl.ensemble:1270 [INFO]     [gen/p1] step=4096/23012 active=8/8 mi_stopped=0
tinker_cookbook.rl.ensemble:1270 [INFO]     [gen/p1] step=6144/23012 active=8/8 mi_stopped=0
tinker_cookbook.rl.ensemble:1270 [INFO]     [gen/p1] step=8192/23012 active=8/8 mi_stopped=0
tinker_cookbook.rl.ensemble:1270 [INFO]     [gen/p1] step=10240/23012 active=8/8 mi_stopped=0
tinker_cookbook.rl.ensemble:1270 [INFO]     [gen/p1] step=12288/23012 active=7/8 mi_stopped=0
tinker_cookbook.rl.ensemble:1270 [INFO]     [gen/p1] step=14336/23012 active=6/8 mi_stopped=0
tinker_cookbook.rl.ensemble:1270 [INFO]     [gen/p1] step=16384/23012 active=3/8 mi_stopped=0
tinker_cookbook.rl.ensemble:1270 [INFO]     [gen/p1] step=18432/23012 active=2/8 mi_stopped=0
__main__:1078 [INFO]   Group 2: multi-adapter generation 8 seqs in 2372.2s
__main__:1108 [INFO]   Group 2: rewards computed in 303.9s
__main__:1150 [INFO]     [g2][r1/8] adapter=0 R_exec=1.2532 true_MI=0.00000 RMI=0.0000 R_total=1.2532 correct=1 tokens=14551
__main__:1150 [INFO]     [g2][r2/8] adapter=0 R_exec=1.2532 true_MI=0.00000 RMI=0.0000 R_total=1.2532 correct=1 tokens=12234
__main__:1150 [INFO]     [g2][r3/8] adapter=0 R_exec=0.1063 true_MI=0.00000 RMI=0.0000 R_total=0.1063 correct=1 tokens=18506
__main__:1150 [INFO]     [g2][r4/8] adapter=0 R_exec=1.2532 true_MI=0.00000 RMI=0.0000 R_total=1.2532 correct=1 tokens=18243
__main__:1150 [INFO]     [g2][r5/8] adapter=0 R_exec=1.2532 true_MI=0.00000 RMI=0.0000 R_total=1.2532 correct=1 tokens=14031
__main__:1150 [INFO]     [g2][r6/8] adapter=0 R_exec=1.2532 true_MI=0.00000 RMI=0.0000 R_total=1.2532 correct=1 tokens=15910
__main__:1150 [INFO]     [g2][r7/8] adapter=0 R_exec=0.0000 true_MI=0.00000 RMI=0.0000 R_total=0.0000 correct=0 tokens=15723
__main__:1150 [INFO]     [g2][r8/8] adapter=0 R_exec=1.0169 true_MI=0.00000 RMI=0.0000 R_total=1.0169 correct=1 tokens=19891
__main__:1167 [INFO]   [g2] group true_MI: mean=0.00000 std=0.00000 max=0.00000 normalized=[0.00 0.00 0.00 0.00 0.00 0.00 0.00 0.00]
tinker_cookbook.utils.ml_log:143 [INFO] Wrote metrics to logs/aws/wave4/ahc039-base/metrics.jsonl
tinker_cookbook.utils.ml_log:240 [INFO] Logging to: https://wandb.ai/kriaz-msee20seecs-nust/ugttt-rebuttal/runs/y6y1mt4y
tinker_cookbook.utils.ml_log:143 [INFO] Wrote metrics to logs/aws/wave4/ahc039-base/metrics.jsonl
tinker_cookbook.utils.ml_log:240 [INFO] Logging to: https://wandb.ai/kriaz-msee20seecs-nust/ugttt-rebuttal/runs/y6y1mt4y
tinker_cookbook.utils.ml_log:143 [INFO] Wrote metrics to logs/aws/wave4/ahc039-base/metrics.jsonl
tinker_cookbook.utils.ml_log:240 [INFO] Logging to: https://wandb.ai/kriaz-msee20seecs-nust/ugttt-rebuttal/runs/y6y1mt4y
tinker_cookbook.utils.ml_log:143 [INFO] Wrote metrics to logs/aws/wave4/ahc039-base/metrics.jsonl
tinker_cookbook.utils.ml_log:240 [INFO] Logging to: https://wandb.ai/kriaz-msee20seecs-nust/ugttt-rebuttal/runs/y6y1mt4y
tinker_cookbook.utils.ml_log:143 [INFO] Wrote metrics to logs/aws/wave4/ahc039-base/metrics.jsonl
tinker_cookbook.utils.ml_log:240 [INFO] Logging to: https://wandb.ai/kriaz-msee20seecs-nust/ugttt-rebuttal/runs/y6y1mt4y
tinker_cookbook.utils.ml_log:143 [INFO] Wrote metrics to logs/aws/wave4/ahc039-base/metrics.jsonl
tinker_cookbook.utils.ml_log:240 [INFO] Logging to: https://wandb.ai/kriaz-msee20seecs-nust/ugttt-rebuttal/runs/y6y1mt4y
tinker_cookbook.utils.ml_log:143 [INFO] Wrote metrics to logs/aws/wave4/ahc039-base/metrics.jsonl
tinker_cookbook.utils.ml_log:240 [INFO] Logging to: https://wandb.ai/kriaz-msee20seecs-nust/ugttt-rebuttal/runs/y6y1mt4y
tinker_cookbook.utils.ml_log:143 [INFO] Wrote metrics to logs/aws/wave4/ahc039-base/metrics.jsonl
tinker_cookbook.utils.ml_log:240 [INFO] Logging to: https://wandb.ai/kriaz-msee20seecs-nust/ugttt-rebuttal/runs/y6y1mt4y
__main__:1949 [INFO]   [3][3/8] KEPT | R_exec=0.9236 (max=1.2532) RMI=0.0000 R_total=0.9236 | 2676.2s | GPU: 18.1/63.1GB
tinker_cookbook.utils.ml_log:143 [INFO] Wrote metrics to logs/aws/wave4/ahc039-base/metrics.jsonl
tinker_cookbook.utils.ml_log:240 [INFO] Logging to: https://wandb.ai/kriaz-msee20seecs-nust/ugttt-rebuttal/runs/y6y1mt4y
tinker_cookbook.rl.ensemble:1082 [INFO]   generate_batch_multi_adapter_two_phase: N=8 phase1_max=26000 streaming_mi=False kv_q=False
tinker_cookbook.rl.ensemble:1270 [INFO]     [gen/p1] step=2048/23169 active=8/8 mi_stopped=0
tinker_cookbook.rl.ensemble:1270 [INFO]     [gen/p1] step=4096/23169 active=8/8 mi_stopped=0
tinker_cookbook.rl.ensemble:1270 [INFO]     [gen/p1] step=6144/23169 active=8/8 mi_stopped=0
tinker_cookbook.rl.ensemble:1270 [INFO]     [gen/p1] step=8192/23169 active=8/8 mi_stopped=0
tinker_cookbook.rl.ensemble:1270 [INFO]     [gen/p1] step=10240/23169 active=8/8 mi_stopped=0
tinker_cookbook.rl.ensemble:1270 [INFO]     [gen/p1] step=12288/23169 active=8/8 mi_stopped=0
tinker_cookbook.rl.ensemble:1270 [INFO]     [gen/p1] step=14336/23169 active=8/8 mi_stopped=0
tinker_cookbook.rl.ensemble:1270 [INFO]     [gen/p1] step=16384/23169 active=5/8 mi_stopped=0
tinker_cookbook.rl.ensemble:1270 [INFO]     [gen/p1] step=18432/23169 active=2/8 mi_stopped=0
__main__:1078 [INFO]   Group 3: multi-adapter generation 8 seqs in 2388.6s
__main__:1108 [INFO]   Group 3: rewards computed in 430.9s
__main__:1150 [INFO]     [g3][r1/8] adapter=0 R_exec=1.2361 true_MI=0.00000 RMI=0.0000 R_total=1.2361 correct=1 tokens=18048
__main__:1150 [INFO]     [g3][r2/8] adapter=0 R_exec=0.0000 true_MI=0.00000 RMI=0.0000 R_total=0.0000 correct=0 tokens=15888
__main__:1150 [INFO]     [g3][r3/8] adapter=0 R_exec=0.0000 true_MI=0.00000 RMI=0.0000 R_total=0.0000 correct=0 tokens=20087
__main__:1150 [INFO]     [g3][r4/8] adapter=0 R_exec=1.0169 true_MI=0.00000 RMI=0.0000 R_total=1.0169 correct=1 tokens=17050
__main__:1150 [INFO]     [g3][r5/8] adapter=0 R_exec=1.2532 true_MI=0.00000 RMI=0.0000 R_total=1.2532 correct=1 tokens=19651
__main__:1150 [INFO]     [g3][r6/8] adapter=0 R_exec=0.0947 true_MI=0.00000 RMI=0.0000 R_total=0.0947 correct=1 tokens=17546
__main__:1150 [INFO]     [g3][r7/8] adapter=0 R_exec=0.0000 true_MI=0.00000 RMI=0.0000 R_total=0.0000 correct=0 tokens=15335
__main__:1150 [INFO]     [g3][r8/8] adapter=0 R_exec=0.0947 true_MI=0.00000 RMI=0.0000 R_total=0.0947 correct=1 tokens=15778
__main__:1167 [INFO]   [g3] group true_MI: mean=0.00000 std=0.00000 max=0.00000 normalized=[0.00 0.00 0.00 0.00 0.00 0.00 0.00 0.00]
tinker_cookbook.utils.ml_log:143 [INFO] Wrote metrics to logs/aws/wave4/ahc039-base/metrics.jsonl
tinker_cookbook.utils.ml_log:240 [INFO] Logging to: https://wandb.ai/kriaz-msee20seecs-nust/ugttt-rebuttal/runs/y6y1mt4y
tinker_cookbook.utils.ml_log:143 [INFO] Wrote metrics to logs/aws/wave4/ahc039-base/metrics.jsonl
tinker_cookbook.utils.ml_log:240 [INFO] Logging to: https://wandb.ai/kriaz-msee20seecs-nust/ugttt-rebuttal/runs/y6y1mt4y
tinker_cookbook.utils.ml_log:143 [INFO] Wrote metrics to logs/aws/wave4/ahc039-base/metrics.jsonl
tinker_cookbook.utils.ml_log:240 [INFO] Logging to: https://wandb.ai/kriaz-msee20seecs-nust/ugttt-rebuttal/runs/y6y1mt4y
tinker_cookbook.utils.ml_log:143 [INFO] Wrote metrics to logs/aws/wave4/ahc039-base/metrics.jsonl
tinker_cookbook.utils.ml_log:240 [INFO] Logging to: https://wandb.ai/kriaz-msee20seecs-nust/ugttt-rebuttal/runs/y6y1mt4y
tinker_cookbook.utils.ml_log:143 [INFO] Wrote metrics to logs/aws/wave4/ahc039-base/metrics.jsonl
tinker_cookbook.utils.ml_log:240 [INFO] Logging to: https://wandb.ai/kriaz-msee20seecs-nust/ugttt-rebuttal/runs/y6y1mt4y
tinker_cookbook.utils.ml_log:143 [INFO] Wrote metrics to logs/aws/wave4/ahc039-base/metrics.jsonl
tinker_cookbook.utils.ml_log:240 [INFO] Logging to: https://wandb.ai/kriaz-msee20seecs-nust/ugttt-rebuttal/runs/y6y1mt4y
tinker_cookbook.utils.ml_log:143 [INFO] Wrote metrics to logs/aws/wave4/ahc039-base/metrics.jsonl
tinker_cookbook.utils.ml_log:240 [INFO] Logging to: https://wandb.ai/kriaz-msee20seecs-nust/ugttt-rebuttal/runs/y6y1mt4y
tinker_cookbook.utils.ml_log:143 [INFO] Wrote metrics to logs/aws/wave4/ahc039-base/metrics.jsonl
tinker_cookbook.utils.ml_log:240 [INFO] Logging to: https://wandb.ai/kriaz-msee20seecs-nust/ugttt-rebuttal/runs/y6y1mt4y
__main__:1949 [INFO]   [3][4/8] KEPT | R_exec=0.4619 (max=1.2532) RMI=0.0000 R_total=0.4619 | 2819.6s | GPU: 18.1/62.7GB
tinker_cookbook.utils.ml_log:143 [INFO] Wrote metrics to logs/aws/wave4/ahc039-base/metrics.jsonl
tinker_cookbook.utils.ml_log:240 [INFO] Logging to: https://wandb.ai/kriaz-msee20seecs-nust/ugttt-rebuttal/runs/y6y1mt4y
tinker_cookbook.rl.ensemble:1082 [INFO]   generate_batch_multi_adapter_two_phase: N=8 phase1_max=26000 streaming_mi=False kv_q=False
tinker_cookbook.rl.ensemble:1270 [INFO]     [gen/p1] step=2048/23024 active=8/8 mi_stopped=0
tinker_cookbook.rl.ensemble:1270 [INFO]     [gen/p1] step=4096/23024 active=8/8 mi_stopped=0
tinker_cookbook.rl.ensemble:1270 [INFO]     [gen/p1] step=6144/23024 active=8/8 mi_stopped=0
tinker_cookbook.rl.ensemble:1270 [INFO]     [gen/p1] step=8192/23024 active=8/8 mi_stopped=0
tinker_cookbook.rl.ensemble:1270 [INFO]     [gen/p1] step=10240/23024 active=8/8 mi_stopped=0
tinker_cookbook.rl.ensemble:1270 [INFO]     [gen/p1] step=12288/23024 active=7/8 mi_stopped=0
tinker_cookbook.rl.ensemble:1270 [INFO]     [gen/p1] step=14336/23024 active=6/8 mi_stopped=0
tinker_cookbook.rl.ensemble:1270 [INFO]     [gen/p1] step=16384/23024 active=4/8 mi_stopped=0
tinker_cookbook.rl.ensemble:1270 [INFO]     [gen/p1] step=18432/23024 active=2/8 mi_stopped=0
__main__:1078 [INFO]   Group 4: multi-adapter generation 8 seqs in 2300.3s
__main__:1108 [INFO]   Group 4: rewards computed in 191.3s
__main__:1150 [INFO]     [g4][r1/8] adapter=0 R_exec=1.0169 true_MI=0.00000 RMI=0.0000 R_total=1.0169 correct=1 tokens=17126
__main__:1150 [INFO]     [g4][r2/8] adapter=0 R_exec=0.0000 true_MI=0.00000 RMI=0.0000 R_total=0.0000 correct=0 tokens=18958
__main__:1150 [INFO]     [g4][r3/8] adapter=0 R_exec=0.0000 true_MI=0.00000 RMI=0.0000 R_total=0.0000 correct=0 tokens=15452
__main__:1150 [INFO]     [g4][r4/8] adapter=0 R_exec=1.2532 true_MI=0.00000 RMI=0.0000 R_total=1.2532 correct=1 tokens=14486
__main__:1150 [INFO]     [g4][r5/8] adapter=0 R_exec=0.0000 true_MI=0.00000 RMI=0.0000 R_total=0.0000 correct=0 tokens=16536
__main__:1150 [INFO]     [g4][r6/8] adapter=0 R_exec=0.0000 true_MI=0.00000 RMI=0.0000 R_total=0.0000 correct=0 tokens=19521
__main__:1150 [INFO]     [g4][r7/8] adapter=0 R_exec=1.2532 true_MI=0.00000 RMI=0.0000 R_total=1.2532 correct=1 tokens=12475
__main__:1150 [INFO]     [g4][r8/8] adapter=0 R_exec=1.2532 true_MI=0.00000 RMI=0.0000 R_total=1.2532 correct=1 tokens=12121
__main__:1167 [INFO]   [g4] group true_MI: mean=0.00000 std=0.00000 max=0.00000 normalized=[0.00 0.00 0.00 0.00 0.00 0.00 0.00 0.00]
tinker_cookbook.utils.ml_log:143 [INFO] Wrote metrics to logs/aws/wave4/ahc039-base/metrics.jsonl
tinker_cookbook.utils.ml_log:240 [INFO] Logging to: https://wandb.ai/kriaz-msee20seecs-nust/ugttt-rebuttal/runs/y6y1mt4y
tinker_cookbook.utils.ml_log:143 [INFO] Wrote metrics to logs/aws/wave4/ahc039-base/metrics.jsonl
tinker_cookbook.utils.ml_log:240 [INFO] Logging to: https://wandb.ai/kriaz-msee20seecs-nust/ugttt-rebuttal/runs/y6y1mt4y
tinker_cookbook.utils.ml_log:143 [INFO] Wrote metrics to logs/aws/wave4/ahc039-base/metrics.jsonl
tinker_cookbook.utils.ml_log:240 [INFO] Logging to: https://wandb.ai/kriaz-msee20seecs-nust/ugttt-rebuttal/runs/y6y1mt4y
tinker_cookbook.utils.ml_log:143 [INFO] Wrote metrics to logs/aws/wave4/ahc039-base/metrics.jsonl
tinker_cookbook.utils.ml_log:240 [INFO] Logging to: https://wandb.ai/kriaz-msee20seecs-nust/ugttt-rebuttal/runs/y6y1mt4y
tinker_cookbook.utils.ml_log:143 [INFO] Wrote metrics to logs/aws/wave4/ahc039-base/metrics.jsonl
tinker_cookbook.utils.ml_log:240 [INFO] Logging to: https://wandb.ai/kriaz-msee20seecs-nust/ugttt-rebuttal/runs/y6y1mt4y
tinker_cookbook.utils.ml_log:143 [INFO] Wrote metrics to logs/aws/wave4/ahc039-base/metrics.jsonl
tinker_cookbook.utils.ml_log:240 [INFO] Logging to: https://wandb.ai/kriaz-msee20seecs-nust/ugttt-rebuttal/runs/y6y1mt4y
tinker_cookbook.utils.ml_log:143 [INFO] Wrote metrics to logs/aws/wave4/ahc039-base/metrics.jsonl
tinker_cookbook.utils.ml_log:240 [INFO] Logging to: https://wandb.ai/kriaz-msee20seecs-nust/ugttt-rebuttal/runs/y6y1mt4y
tinker_cookbook.utils.ml_log:143 [INFO] Wrote metrics to logs/aws/wave4/ahc039-base/metrics.jsonl
tinker_cookbook.utils.ml_log:240 [INFO] Logging to: https://wandb.ai/kriaz-msee20seecs-nust/ugttt-rebuttal/runs/y6y1mt4y
__main__:1949 [INFO]   [3][5/8] KEPT | R_exec=0.5970 (max=1.2532) RMI=0.0000 R_total=0.5970 | 2491.7s | GPU: 18.1/63.0GB
tinker_cookbook.utils.ml_log:143 [INFO] Wrote metrics to logs/aws/wave4/ahc039-base/metrics.jsonl
tinker_cookbook.utils.ml_log:240 [INFO] Logging to: https://wandb.ai/kriaz-msee20seecs-nust/ugttt-rebuttal/runs/y6y1mt4y
tinker_cookbook.rl.ensemble:1082 [INFO]   generate_batch_multi_adapter_two_phase: N=8 phase1_max=26000 streaming_mi=False kv_q=False
tinker_cookbook.rl.ensemble:1270 [INFO]     [gen/p1] step=2048/23197 active=8/8 mi_stopped=0
tinker_cookbook.rl.ensemble:1270 [INFO]     [gen/p1] step=4096/23197 active=8/8 mi_stopped=0
tinker_cookbook.rl.ensemble:1270 [INFO]     [gen/p1] step=6144/23197 active=8/8 mi_stopped=0
tinker_cookbook.rl.ensemble:1270 [INFO]     [gen/p1] step=8192/23197 active=8/8 mi_stopped=0
tinker_cookbook.rl.ensemble:1270 [INFO]     [gen/p1] step=10240/23197 active=8/8 mi_stopped=0
tinker_cookbook.rl.ensemble:1270 [INFO]     [gen/p1] step=12288/23197 active=7/8 mi_stopped=0
tinker_cookbook.rl.ensemble:1270 [INFO]     [gen/p1] step=14336/23197 active=6/8 mi_stopped=0
tinker_cookbook.rl.ensemble:1270 [INFO]     [gen/p1] step=16384/23197 active=3/8 mi_stopped=0
tinker_cookbook.rl.ensemble:1270 [INFO]     [gen/p1] step=18432/23197 active=2/8 mi_stopped=0
__main__:1078 [INFO]   Group 5: multi-adapter generation 8 seqs in 2278.9s
__main__:1108 [INFO]   Group 5: rewards computed in 128.7s
__main__:1150 [INFO]     [g5][r1/8] adapter=0 R_exec=0.0000 true_MI=0.00000 RMI=0.0000 R_total=0.0000 correct=0 tokens=14472
__main__:1150 [INFO]     [g5][r2/8] adapter=0 R_exec=0.0000 true_MI=0.00000 RMI=0.0000 R_total=0.0000 correct=0 tokens=13525
__main__:1150 [INFO]     [g5][r3/8] adapter=0 R_exec=1.2532 true_MI=0.00000 RMI=0.0000 R_total=1.2532 correct=1 tokens=19200
__main__:1150 [INFO]     [g5][r4/8] adapter=0 R_exec=0.0947 true_MI=0.00000 RMI=0.0000 R_total=0.0947 correct=1 tokens=17750
__main__:1150 [INFO]     [g5][r5/8] adapter=0 R_exec=0.4752 true_MI=0.00000 RMI=0.0000 R_total=0.4752 correct=1 tokens=15095
__main__:1150 [INFO]     [g5][r6/8] adapter=0 R_exec=0.0000 true_MI=0.00000 RMI=0.0000 R_total=0.0000 correct=0 tokens=16140
__main__:1150 [INFO]     [g5][r7/8] adapter=0 R_exec=0.0000 true_MI=0.00000 RMI=0.0000 R_total=0.0000 correct=0 tokens=19529
__main__:1150 [INFO]     [g5][r8/8] adapter=0 R_exec=0.0000 true_MI=0.00000 RMI=0.0000 R_total=0.0000 correct=0 tokens=11994
__main__:1167 [INFO]   [g5] group true_MI: mean=0.00000 std=0.00000 max=0.00000 normalized=[0.00 0.00 0.00 0.00 0.00 0.00 0.00 0.00]
tinker_cookbook.utils.ml_log:143 [INFO] Wrote metrics to logs/aws/wave4/ahc039-base/metrics.jsonl
tinker_cookbook.utils.ml_log:240 [INFO] Logging to: https://wandb.ai/kriaz-msee20seecs-nust/ugttt-rebuttal/runs/y6y1mt4y
tinker_cookbook.utils.ml_log:143 [INFO] Wrote metrics to logs/aws/wave4/ahc039-base/metrics.jsonl
tinker_cookbook.utils.ml_log:240 [INFO] Logging to: https://wandb.ai/kriaz-msee20seecs-nust/ugttt-rebuttal/runs/y6y1mt4y
tinker_cookbook.utils.ml_log:143 [INFO] Wrote metrics to logs/aws/wave4/ahc039-base/metrics.jsonl
tinker_cookbook.utils.ml_log:240 [INFO] Logging to: https://wandb.ai/kriaz-msee20seecs-nust/ugttt-rebuttal/runs/y6y1mt4y
tinker_cookbook.utils.ml_log:143 [INFO] Wrote metrics to logs/aws/wave4/ahc039-base/metrics.jsonl
tinker_cookbook.utils.ml_log:240 [INFO] Logging to: https://wandb.ai/kriaz-msee20seecs-nust/ugttt-rebuttal/runs/y6y1mt4y
tinker_cookbook.utils.ml_log:143 [INFO] Wrote metrics to logs/aws/wave4/ahc039-base/metrics.jsonl
tinker_cookbook.utils.ml_log:240 [INFO] Logging to: https://wandb.ai/kriaz-msee20seecs-nust/ugttt-rebuttal/runs/y6y1mt4y
tinker_cookbook.utils.ml_log:143 [INFO] Wrote metrics to logs/aws/wave4/ahc039-base/metrics.jsonl
tinker_cookbook.utils.ml_log:240 [INFO] Logging to: https://wandb.ai/kriaz-msee20seecs-nust/ugttt-rebuttal/runs/y6y1mt4y
tinker_cookbook.utils.ml_log:143 [INFO] Wrote metrics to logs/aws/wave4/ahc039-base/metrics.jsonl
tinker_cookbook.utils.ml_log:240 [INFO] Logging to: https://wandb.ai/kriaz-msee20seecs-nust/ugttt-rebuttal/runs/y6y1mt4y
tinker_cookbook.utils.ml_log:143 [INFO] Wrote metrics to logs/aws/wave4/ahc039-base/metrics.jsonl
tinker_cookbook.utils.ml_log:240 [INFO] Logging to: https://wandb.ai/kriaz-msee20seecs-nust/ugttt-rebuttal/runs/y6y1mt4y
__main__:1949 [INFO]   [3][6/8] KEPT | R_exec=0.2279 (max=1.2532) RMI=0.0000 R_total=0.2279 | 2407.8s | GPU: 18.1/62.6GB
tinker_cookbook.utils.ml_log:143 [INFO] Wrote metrics to logs/aws/wave4/ahc039-base/metrics.jsonl
tinker_cookbook.utils.ml_log:240 [INFO] Logging to: https://wandb.ai/kriaz-msee20seecs-nust/ugttt-rebuttal/runs/y6y1mt4y
tinker_cookbook.rl.ensemble:1082 [INFO]   generate_batch_multi_adapter_two_phase: N=8 phase1_max=26000 streaming_mi=False kv_q=False
tinker_cookbook.rl.ensemble:1270 [INFO]     [gen/p1] step=2048/22909 active=8/8 mi_stopped=0
tinker_cookbook.rl.ensemble:1270 [INFO]     [gen/p1] step=4096/22909 active=8/8 mi_stopped=0
tinker_cookbook.rl.ensemble:1270 [INFO]     [gen/p1] step=6144/22909 active=8/8 mi_stopped=0
tinker_cookbook.rl.ensemble:1270 [INFO]     [gen/p1] step=8192/22909 active=8/8 mi_stopped=0
tinker_cookbook.rl.ensemble:1270 [INFO]     [gen/p1] step=10240/22909 active=8/8 mi_stopped=0
tinker_cookbook.rl.ensemble:1270 [INFO]     [gen/p1] step=12288/22909 active=8/8 mi_stopped=0
tinker_cookbook.rl.ensemble:1270 [INFO]     [gen/p1] step=14336/22909 active=7/8 mi_stopped=0
tinker_cookbook.rl.ensemble:1270 [INFO]     [gen/p1] step=16384/22909 active=4/8 mi_stopped=0
tinker_cookbook.rl.ensemble:1270 [INFO]     [gen/p1] step=18432/22909 active=2/8 mi_stopped=0
__main__:1078 [INFO]   Group 6: multi-adapter generation 8 seqs in 2210.8s
__main__:1108 [INFO]   Group 6: rewards computed in 169.1s
__main__:1150 [INFO]     [g6][r1/8] adapter=0 R_exec=0.0000 true_MI=0.00000 RMI=0.0000 R_total=0.0000 correct=0 tokens=15453
__main__:1150 [INFO]     [g6][r2/8] adapter=0 R_exec=0.0000 true_MI=0.00000 RMI=0.0000 R_total=0.0000 correct=0 tokens=14888
__main__:1150 [INFO]     [g6][r3/8] adapter=0 R_exec=0.0000 true_MI=0.00000 RMI=0.0000 R_total=0.0000 correct=0 tokens=13815
__main__:1150 [INFO]     [g6][r4/8] adapter=0 R_exec=0.0000 true_MI=0.00000 RMI=0.0000 R_total=0.0000 correct=0 tokens=18936
__main__:1150 [INFO]     [g6][r5/8] adapter=0 R_exec=1.2652 true_MI=0.00000 RMI=0.0000 R_total=1.2652 correct=1 tokens=16351
__main__:1150 [INFO]     [g6][r6/8] adapter=0 R_exec=1.2530 true_MI=0.00000 RMI=0.0000 R_total=1.2530 correct=1 tokens=17690
__main__:1150 [INFO]     [g6][r7/8] adapter=0 R_exec=0.0000 true_MI=0.00000 RMI=0.0000 R_total=0.0000 correct=0 tokens=18454
__main__:1150 [INFO]     [g6][r8/8] adapter=0 R_exec=0.9018 true_MI=0.00000 RMI=0.0000 R_total=0.9018 correct=1 tokens=18262
__main__:1167 [INFO]   [g6] group true_MI: mean=0.00000 std=0.00000 max=0.00000 normalized=[0.00 0.00 0.00 0.00 0.00 0.00 0.00 0.00]
tinker_cookbook.utils.ml_log:143 [INFO] Wrote metrics to logs/aws/wave4/ahc039-base/metrics.jsonl
tinker_cookbook.utils.ml_log:240 [INFO] Logging to: https://wandb.ai/kriaz-msee20seecs-nust/ugttt-rebuttal/runs/y6y1mt4y
tinker_cookbook.utils.ml_log:143 [INFO] Wrote metrics to logs/aws/wave4/ahc039-base/metrics.jsonl
tinker_cookbook.utils.ml_log:240 [INFO] Logging to: https://wandb.ai/kriaz-msee20seecs-nust/ugttt-rebuttal/runs/y6y1mt4y
tinker_cookbook.utils.ml_log:143 [INFO] Wrote metrics to logs/aws/wave4/ahc039-base/metrics.jsonl
tinker_cookbook.utils.ml_log:240 [INFO] Logging to: https://wandb.ai/kriaz-msee20seecs-nust/ugttt-rebuttal/runs/y6y1mt4y
tinker_cookbook.utils.ml_log:143 [INFO] Wrote metrics to logs/aws/wave4/ahc039-base/metrics.jsonl
tinker_cookbook.utils.ml_log:240 [INFO] Logging to: https://wandb.ai/kriaz-msee20seecs-nust/ugttt-rebuttal/runs/y6y1mt4y
tinker_cookbook.utils.ml_log:143 [INFO] Wrote metrics to logs/aws/wave4/ahc039-base/metrics.jsonl
tinker_cookbook.utils.ml_log:240 [INFO] Logging to: https://wandb.ai/kriaz-msee20seecs-nust/ugttt-rebuttal/runs/y6y1mt4y
tinker_cookbook.utils.ml_log:143 [INFO] Wrote metrics to logs/aws/wave4/ahc039-base/metrics.jsonl
tinker_cookbook.utils.ml_log:240 [INFO] Logging to: https://wandb.ai/kriaz-msee20seecs-nust/ugttt-rebuttal/runs/y6y1mt4y
tinker_cookbook.utils.ml_log:143 [INFO] Wrote metrics to logs/aws/wave4/ahc039-base/metrics.jsonl
tinker_cookbook.utils.ml_log:240 [INFO] Logging to: https://wandb.ai/kriaz-msee20seecs-nust/ugttt-rebuttal/runs/y6y1mt4y
tinker_cookbook.utils.ml_log:143 [INFO] Wrote metrics to logs/aws/wave4/ahc039-base/metrics.jsonl
tinker_cookbook.utils.ml_log:240 [INFO] Logging to: https://wandb.ai/kriaz-msee20seecs-nust/ugttt-rebuttal/runs/y6y1mt4y
__main__:1949 [INFO]   [3][7/8] KEPT | R_exec=0.4275 (max=1.2652) RMI=0.0000 R_total=0.4275 | 2380.0s | GPU: 18.1/63.1GB
tinker_cookbook.utils.ml_log:143 [INFO] Wrote metrics to logs/aws/wave4/ahc039-base/metrics.jsonl
tinker_cookbook.utils.ml_log:240 [INFO] Logging to: https://wandb.ai/kriaz-msee20seecs-nust/ugttt-rebuttal/runs/y6y1mt4y
tinker_cookbook.rl.ensemble:1082 [INFO]   generate_batch_multi_adapter_two_phase: N=8 phase1_max=26000 streaming_mi=False kv_q=False
tinker_cookbook.rl.ensemble:1270 [INFO]     [gen/p1] step=2048/22918 active=8/8 mi_stopped=0
tinker_cookbook.rl.ensemble:1270 [INFO]     [gen/p1] step=4096/22918 active=8/8 mi_stopped=0
tinker_cookbook.rl.ensemble:1270 [INFO]     [gen/p1] step=6144/22918 active=8/8 mi_stopped=0
tinker_cookbook.rl.ensemble:1270 [INFO]     [gen/p1] step=8192/22918 active=8/8 mi_stopped=0
tinker_cookbook.rl.ensemble:1270 [INFO]     [gen/p1] step=10240/22918 active=8/8 mi_stopped=0
tinker_cookbook.rl.ensemble:1270 [INFO]     [gen/p1] step=12288/22918 active=8/8 mi_stopped=0
tinker_cookbook.rl.ensemble:1270 [INFO]     [gen/p1] step=14336/22918 active=8/8 mi_stopped=0
tinker_cookbook.rl.ensemble:1270 [INFO]     [gen/p1] step=16384/22918 active=5/8 mi_stopped=0
__main__:1078 [INFO]   Group 7: multi-adapter generation 8 seqs in 2007.4s
__main__:1108 [INFO]   Group 7: rewards computed in 51.5s
__main__:1150 [INFO]     [g7][r1/8] adapter=0 R_exec=0.0947 true_MI=0.00000 RMI=0.0000 R_total=0.0947 correct=1 tokens=16459
__main__:1150 [INFO]     [g7][r2/8] adapter=0 R_exec=1.2530 true_MI=0.00000 RMI=0.0000 R_total=1.2530 correct=1 tokens=16756
__main__:1150 [INFO]     [g7][r3/8] adapter=0 R_exec=1.2530 true_MI=0.00000 RMI=0.0000 R_total=1.2530 correct=1 tokens=16943
__main__:1150 [INFO]     [g7][r4/8] adapter=0 R_exec=0.1688 true_MI=0.00000 RMI=0.0000 R_total=0.1688 correct=1 tokens=16847
__main__:1150 [INFO]     [g7][r5/8] adapter=0 R_exec=0.0000 true_MI=0.00000 RMI=0.0000 R_total=0.0000 correct=0 tokens=17818
__main__:1150 [INFO]     [g7][r6/8] adapter=0 R_exec=0.0000 true_MI=0.00000 RMI=0.0000 R_total=0.0000 correct=0 tokens=15383
__main__:1150 [INFO]     [g7][r7/8] adapter=0 R_exec=0.0000 true_MI=0.00000 RMI=0.0000 R_total=0.0000 correct=0 tokens=16106
__main__:1150 [INFO]     [g7][r8/8] adapter=0 R_exec=0.0000 true_MI=0.00000 RMI=0.0000 R_total=0.0000 correct=0 tokens=15634
__main__:1167 [INFO]   [g7] group true_MI: mean=0.00000 std=0.00000 max=0.00000 normalized=[0.00 0.00 0.00 0.00 0.00 0.00 0.00 0.00]
tinker_cookbook.utils.ml_log:525 [INFO] Logging to: logs/aws/wave4/ahc039-base
__main__:1657 [INFO] Active loggers: ['JsonLogger', 'PrettyPrintLogger', 'WandbLogger']
__main__:1690 [INFO] Loading base model: Qwen/Qwen3-8B (fp16)
root:227 [INFO] Loading model with precision - fp16
root:255 [INFO] loading llama compatible model - qwen3
root:49 [INFO] Adapter ensemble_0 without lr_scheduler.
tinker_cookbook.rl.ensemble:123 [INFO] Initialized 1 LoRA ensemble members (rank=16)
tinker_cookbook.rl.ensemble:1688 [INFO] Loaded ensemble member 0 from ./logs/aws/wave4/ahc039-base/ensemble_0/step_2/adapter.pt
__main__:1747 [INFO] Resumed from epoch 3
__main__:1779 [INFO] Training: 6 epochs, 8 groups/batch × 8 rollouts/group, K=1 adapters, γ=0.0
__main__:1784 [INFO] Parallelism: batched generation (8 seqs/batch), threaded rewards (8 workers), batched ensemble scoring
__main__:1807 [INFO] Two-phase sampling enabled: phase1_max=26000, context_window=32768, prefill_len=22, stop_ids=[151645]
__main__:1836 [INFO] [Epoch 3/6] Starting rollout phase: 8 groups × 8 rollouts
tinker_cookbook.rl.ensemble:1082 [INFO]   generate_batch_multi_adapter_two_phase: N=8 phase1_max=26000 streaming_mi=False kv_q=False
tinker_cookbook.rl.ensemble:1270 [INFO]     [gen/p1] step=2048/22695 active=8/8 mi_stopped=0
tinker_cookbook.rl.ensemble:1270 [INFO]     [gen/p1] step=4096/22695 active=8/8 mi_stopped=0
tinker_cookbook.rl.ensemble:1270 [INFO]     [gen/p1] step=6144/22695 active=8/8 mi_stopped=0
tinker_cookbook.rl.ensemble:1270 [INFO]     [gen/p1] step=8192/22695 active=8/8 mi_stopped=0
tinker_cookbook.rl.ensemble:1270 [INFO]     [gen/p1] step=10240/22695 active=8/8 mi_stopped=0
tinker_cookbook.rl.ensemble:1270 [INFO]     [gen/p1] step=12288/22695 active=8/8 mi_stopped=0
tinker_cookbook.rl.ensemble:1270 [INFO]     [gen/p1] step=14336/22695 active=7/8 mi_stopped=0
tinker_cookbook.rl.ensemble:1270 [INFO]     [gen/p1] step=16384/22695 active=3/8 mi_stopped=0
tinker_cookbook.rl.ensemble:1270 [INFO]     [gen/p1] step=18432/22695 active=1/8 mi_stopped=0
__main__:1078 [INFO]   Group 0: multi-adapter generation 8 seqs in 2427.4s
__main__:1108 [INFO]   Group 0: rewards computed in 196.4s
__main__:1150 [INFO]     [g0][r1/8] adapter=0 R_exec=1.2496 true_MI=0.00000 RMI=0.0000 R_total=1.2496 correct=1 tokens=15951
__main__:1150 [INFO]     [g0][r2/8] adapter=0 R_exec=1.2558 true_MI=0.00000 RMI=0.0000 R_total=1.2558 correct=1 tokens=18275
__main__:1150 [INFO]     [g0][r3/8] adapter=0 R_exec=0.0947 true_MI=0.00000 RMI=0.0000 R_total=0.0947 correct=1 tokens=14046
__main__:1150 [INFO]     [g0][r4/8] adapter=0 R_exec=1.2558 true_MI=0.00000 RMI=0.0000 R_total=1.2558 correct=1 tokens=16454
__main__:1150 [INFO]     [g0][r5/8] adapter=0 R_exec=1.2558 true_MI=0.00000 RMI=0.0000 R_total=1.2558 correct=1 tokens=14555
__main__:1150 [INFO]     [g0][r6/8] adapter=0 R_exec=0.0000 true_MI=0.00000 RMI=0.0000 R_total=0.0000 correct=0 tokens=19942
__main__:1150 [INFO]     [g0][r7/8] adapter=0 R_exec=0.0000 true_MI=0.00000 RMI=0.0000 R_total=0.0000 correct=0 tokens=14613
__main__:1150 [INFO]     [g0][r8/8] adapter=0 R_exec=1.2532 true_MI=0.00000 RMI=0.0000 R_total=1.2532 correct=1 tokens=15619
__main__:1167 [INFO]   [g0] group true_MI: mean=0.00000 std=0.00000 max=0.00000 normalized=[0.00 0.00 0.00 0.00 0.00 0.00 0.00 0.00]
tinker_cookbook.utils.ml_log:143 [INFO] Wrote metrics to logs/aws/wave4/ahc039-base/metrics.jsonl
tinker_cookbook.utils.ml_log:240 [INFO] Logging to: https://wandb.ai/kriaz-msee20seecs-nust/ugttt-rebuttal/runs/y6y1mt4y
tinker_cookbook.utils.ml_log:143 [INFO] Wrote metrics to logs/aws/wave4/ahc039-base/metrics.jsonl
tinker_cookbook.utils.ml_log:240 [INFO] Logging to: https://wandb.ai/kriaz-msee20seecs-nust/ugttt-rebuttal/runs/y6y1mt4y
tinker_cookbook.utils.ml_log:143 [INFO] Wrote metrics to logs/aws/wave4/ahc039-base/metrics.jsonl
tinker_cookbook.utils.ml_log:240 [INFO] Logging to: https://wandb.ai/kriaz-msee20seecs-nust/ugttt-rebuttal/runs/y6y1mt4y
tinker_cookbook.utils.ml_log:143 [INFO] Wrote metrics to logs/aws/wave4/ahc039-base/metrics.jsonl
tinker_cookbook.utils.ml_log:240 [INFO] Logging to: https://wandb.ai/kriaz-msee20seecs-nust/ugttt-rebuttal/runs/y6y1mt4y
tinker_cookbook.utils.ml_log:143 [INFO] Wrote metrics to logs/aws/wave4/ahc039-base/metrics.jsonl
tinker_cookbook.utils.ml_log:240 [INFO] Logging to: https://wandb.ai/kriaz-msee20seecs-nust/ugttt-rebuttal/runs/y6y1mt4y
tinker_cookbook.utils.ml_log:143 [INFO] Wrote metrics to logs/aws/wave4/ahc039-base/metrics.jsonl
tinker_cookbook.utils.ml_log:240 [INFO] Logging to: https://wandb.ai/kriaz-msee20seecs-nust/ugttt-rebuttal/runs/y6y1mt4y
tinker_cookbook.utils.ml_log:143 [INFO] Wrote metrics to logs/aws/wave4/ahc039-base/metrics.jsonl
tinker_cookbook.utils.ml_log:240 [INFO] Logging to: https://wandb.ai/kriaz-msee20seecs-nust/ugttt-rebuttal/runs/y6y1mt4y
tinker_cookbook.utils.ml_log:143 [INFO] Wrote metrics to logs/aws/wave4/ahc039-base/metrics.jsonl
tinker_cookbook.utils.ml_log:240 [INFO] Logging to: https://wandb.ai/kriaz-msee20seecs-nust/ugttt-rebuttal/runs/y6y1mt4y
__main__:1949 [INFO]   [3][1/8] KEPT | R_exec=0.7956 (max=1.2558) RMI=0.0000 R_total=0.7956 | 2623.9s | GPU: 18.0/63.2GB
tinker_cookbook.utils.ml_log:143 [INFO] Wrote metrics to logs/aws/wave4/ahc039-base/metrics.jsonl
tinker_cookbook.utils.ml_log:240 [INFO] Logging to: https://wandb.ai/kriaz-msee20seecs-nust/ugttt-rebuttal/runs/y6y1mt4y
tinker_cookbook.rl.ensemble:1082 [INFO]   generate_batch_multi_adapter_two_phase: N=8 phase1_max=26000 streaming_mi=False kv_q=False
tinker_cookbook.rl.ensemble:1270 [INFO]     [gen/p1] step=2048/23229 active=8/8 mi_stopped=0
tinker_cookbook.rl.ensemble:1270 [INFO]     [gen/p1] step=4096/23229 active=8/8 mi_stopped=0
tinker_cookbook.rl.ensemble:1270 [INFO]     [gen/p1] step=6144/23229 active=8/8 mi_stopped=0
tinker_cookbook.rl.ensemble:1270 [INFO]     [gen/p1] step=8192/23229 active=8/8 mi_stopped=0
tinker_cookbook.rl.ensemble:1270 [INFO]     [gen/p1] step=10240/23229 active=8/8 mi_stopped=0
tinker_cookbook.rl.ensemble:1270 [INFO]     [gen/p1] step=12288/23229 active=7/8 mi_stopped=0
tinker_cookbook.rl.ensemble:1270 [INFO]     [gen/p1] step=14336/23229 active=6/8 mi_stopped=0
tinker_cookbook.rl.ensemble:1270 [INFO]     [gen/p1] step=16384/23229 active=2/8 mi_stopped=0
tinker_cookbook.rl.ensemble:1270 [INFO]     [gen/p1] step=18432/23229 active=2/8 mi_stopped=0
__main__:1078 [INFO]   Group 1: multi-adapter generation 8 seqs in 2229.8s
__main__:1108 [INFO]   Group 1: rewards computed in 189.0s
__main__:1150 [INFO]     [g1][r1/8] adapter=0 R_exec=1.2530 true_MI=0.00000 RMI=0.0000 R_total=1.2530 correct=1 tokens=11644
__main__:1150 [INFO]     [g1][r2/8] adapter=0 R_exec=1.2532 true_MI=0.00000 RMI=0.0000 R_total=1.2532 correct=1 tokens=14714
__main__:1150 [INFO]     [g1][r3/8] adapter=0 R_exec=1.2532 true_MI=0.00000 RMI=0.0000 R_total=1.2532 correct=1 tokens=15577
__main__:1150 [INFO]     [g1][r4/8] adapter=0 R_exec=1.2530 true_MI=0.00000 RMI=0.0000 R_total=1.2530 correct=1 tokens=18523
__main__:1150 [INFO]     [g1][r5/8] adapter=0 R_exec=1.2532 true_MI=0.00000 RMI=0.0000 R_total=1.2532 correct=1 tokens=15888
__main__:1150 [INFO]     [g1][r6/8] adapter=0 R_exec=0.0968 true_MI=0.00000 RMI=0.0000 R_total=0.0968 correct=1 tokens=14001
__main__:1150 [INFO]     [g1][r7/8] adapter=0 R_exec=1.2530 true_MI=0.00000 RMI=0.0000 R_total=1.2530 correct=1 tokens=14921
__main__:1150 [INFO]     [g1][r8/8] adapter=0 R_exec=0.0000 true_MI=0.00000 RMI=0.0000 R_total=0.0000 correct=0 tokens=19279
__main__:1167 [INFO]   [g1] group true_MI: mean=0.00000 std=0.00000 max=0.00000 normalized=[0.00 0.00 0.00 0.00 0.00 0.00 0.00 0.00]
tinker_cookbook.utils.ml_log:143 [INFO] Wrote metrics to logs/aws/wave4/ahc039-base/metrics.jsonl
tinker_cookbook.utils.ml_log:240 [INFO] Logging to: https://wandb.ai/kriaz-msee20seecs-nust/ugttt-rebuttal/runs/y6y1mt4y
tinker_cookbook.utils.ml_log:143 [INFO] Wrote metrics to logs/aws/wave4/ahc039-base/metrics.jsonl
tinker_cookbook.utils.ml_log:240 [INFO] Logging to: https://wandb.ai/kriaz-msee20seecs-nust/ugttt-rebuttal/runs/y6y1mt4y
tinker_cookbook.utils.ml_log:143 [INFO] Wrote metrics to logs/aws/wave4/ahc039-base/metrics.jsonl
tinker_cookbook.utils.ml_log:240 [INFO] Logging to: https://wandb.ai/kriaz-msee20seecs-nust/ugttt-rebuttal/runs/y6y1mt4y
tinker_cookbook.utils.ml_log:143 [INFO] Wrote metrics to logs/aws/wave4/ahc039-base/metrics.jsonl
tinker_cookbook.utils.ml_log:240 [INFO] Logging to: https://wandb.ai/kriaz-msee20seecs-nust/ugttt-rebuttal/runs/y6y1mt4y
tinker_cookbook.utils.ml_log:143 [INFO] Wrote metrics to logs/aws/wave4/ahc039-base/metrics.jsonl
tinker_cookbook.utils.ml_log:240 [INFO] Logging to: https://wandb.ai/kriaz-msee20seecs-nust/ugttt-rebuttal/runs/y6y1mt4y
tinker_cookbook.utils.ml_log:143 [INFO] Wrote metrics to logs/aws/wave4/ahc039-base/metrics.jsonl
tinker_cookbook.utils.ml_log:240 [INFO] Logging to: https://wandb.ai/kriaz-msee20seecs-nust/ugttt-rebuttal/runs/y6y1mt4y
tinker_cookbook.utils.ml_log:143 [INFO] Wrote metrics to logs/aws/wave4/ahc039-base/metrics.jsonl
tinker_cookbook.utils.ml_log:240 [INFO] Logging to: https://wandb.ai/kriaz-msee20seecs-nust/ugttt-rebuttal/runs/y6y1mt4y
tinker_cookbook.utils.ml_log:143 [INFO] Wrote metrics to logs/aws/wave4/ahc039-base/metrics.jsonl
tinker_cookbook.utils.ml_log:240 [INFO] Logging to: https://wandb.ai/kriaz-msee20seecs-nust/ugttt-rebuttal/runs/y6y1mt4y
__main__:1949 [INFO]   [3][2/8] KEPT | R_exec=0.9519 (max=1.2532) RMI=0.0000 R_total=0.9519 | 2418.8s | GPU: 18.0/62.4GB
tinker_cookbook.utils.ml_log:143 [INFO] Wrote metrics to logs/aws/wave4/ahc039-base/metrics.jsonl
tinker_cookbook.utils.ml_log:240 [INFO] Logging to: https://wandb.ai/kriaz-msee20seecs-nust/ugttt-rebuttal/runs/y6y1mt4y
tinker_cookbook.rl.ensemble:1082 [INFO]   generate_batch_multi_adapter_two_phase: N=8 phase1_max=26000 streaming_mi=False kv_q=False
tinker_cookbook.rl.ensemble:1270 [INFO]     [gen/p1] step=2048/23012 active=8/8 mi_stopped=0
tinker_cookbook.rl.ensemble:1270 [INFO]     [gen/p1] step=4096/23012 active=8/8 mi_stopped=0
tinker_cookbook.rl.ensemble:1270 [INFO]     [gen/p1] step=6144/23012 active=8/8 mi_stopped=0
tinker_cookbook.rl.ensemble:1270 [INFO]     [gen/p1] step=8192/23012 active=8/8 mi_stopped=0
tinker_cookbook.rl.ensemble:1270 [INFO]     [gen/p1] step=10240/23012 active=8/8 mi_stopped=0
tinker_cookbook.rl.ensemble:1270 [INFO]     [gen/p1] step=12288/23012 active=8/8 mi_stopped=0
tinker_cookbook.rl.ensemble:1270 [INFO]     [gen/p1] step=14336/23012 active=6/8 mi_stopped=0
tinker_cookbook.rl.ensemble:1270 [INFO]     [gen/p1] step=16384/23012 active=3/8 mi_stopped=0
tinker_cookbook.rl.ensemble:1270 [INFO]     [gen/p1] step=18432/23012 active=3/8 mi_stopped=0
tinker_cookbook.rl.ensemble:1270 [INFO]     [gen/p1] step=20480/23012 active=1/8 mi_stopped=0
__main__:1078 [INFO]   Group 2: multi-adapter generation 8 seqs in 2879.8s
__main__:1108 [INFO]   Group 2: rewards computed in 215.8s
__main__:1150 [INFO]     [g2][r1/8] adapter=0 R_exec=0.9380 true_MI=0.00000 RMI=0.0000 R_total=0.9380 correct=1 tokens=14157
__main__:1150 [INFO]     [g2][r2/8] adapter=0 R_exec=0.0968 true_MI=0.00000 RMI=0.0000 R_total=0.0968 correct=1 tokens=14328
__main__:1150 [INFO]     [g2][r3/8] adapter=0 R_exec=0.0000 true_MI=0.00000 RMI=0.0000 R_total=0.0000 correct=0 tokens=18627
__main__:1150 [INFO]     [g2][r4/8] adapter=0 R_exec=1.2532 true_MI=0.00000 RMI=0.0000 R_total=1.2532 correct=1 tokens=22445
__main__:1150 [INFO]     [g2][r5/8] adapter=0 R_exec=1.2532 true_MI=0.00000 RMI=0.0000 R_total=1.2532 correct=1 tokens=14622
__main__:1150 [INFO]     [g2][r6/8] adapter=0 R_exec=1.2532 true_MI=0.00000 RMI=0.0000 R_total=1.2532 correct=1 tokens=18674
__main__:1150 [INFO]     [g2][r7/8] adapter=0 R_exec=0.0000 true_MI=0.00000 RMI=0.0000 R_total=0.0000 correct=0 tokens=15177
__main__:1150 [INFO]     [g2][r8/8] adapter=0 R_exec=1.2530 true_MI=0.00000 RMI=0.0000 R_total=1.2530 correct=1 tokens=14690
__main__:1167 [INFO]   [g2] group true_MI: mean=0.00000 std=0.00000 max=0.00000 normalized=[0.00 0.00 0.00 0.00 0.00 0.00 0.00 0.00]
tinker_cookbook.utils.ml_log:143 [INFO] Wrote metrics to logs/aws/wave4/ahc039-base/metrics.jsonl
tinker_cookbook.utils.ml_log:240 [INFO] Logging to: https://wandb.ai/kriaz-msee20seecs-nust/ugttt-rebuttal/runs/y6y1mt4y
tinker_cookbook.utils.ml_log:143 [INFO] Wrote metrics to logs/aws/wave4/ahc039-base/metrics.jsonl
tinker_cookbook.utils.ml_log:240 [INFO] Logging to: https://wandb.ai/kriaz-msee20seecs-nust/ugttt-rebuttal/runs/y6y1mt4y
tinker_cookbook.utils.ml_log:143 [INFO] Wrote metrics to logs/aws/wave4/ahc039-base/metrics.jsonl
tinker_cookbook.utils.ml_log:240 [INFO] Logging to: https://wandb.ai/kriaz-msee20seecs-nust/ugttt-rebuttal/runs/y6y1mt4y
tinker_cookbook.utils.ml_log:143 [INFO] Wrote metrics to logs/aws/wave4/ahc039-base/metrics.jsonl
tinker_cookbook.utils.ml_log:240 [INFO] Logging to: https://wandb.ai/kriaz-msee20seecs-nust/ugttt-rebuttal/runs/y6y1mt4y
tinker_cookbook.utils.ml_log:143 [INFO] Wrote metrics to logs/aws/wave4/ahc039-base/metrics.jsonl
tinker_cookbook.utils.ml_log:240 [INFO] Logging to: https://wandb.ai/kriaz-msee20seecs-nust/ugttt-rebuttal/runs/y6y1mt4y
tinker_cookbook.utils.ml_log:143 [INFO] Wrote metrics to logs/aws/wave4/ahc039-base/metrics.jsonl
tinker_cookbook.utils.ml_log:240 [INFO] Logging to: https://wandb.ai/kriaz-msee20seecs-nust/ugttt-rebuttal/runs/y6y1mt4y
tinker_cookbook.utils.ml_log:143 [INFO] Wrote metrics to logs/aws/wave4/ahc039-base/metrics.jsonl
tinker_cookbook.utils.ml_log:240 [INFO] Logging to: https://wandb.ai/kriaz-msee20seecs-nust/ugttt-rebuttal/runs/y6y1mt4y
tinker_cookbook.utils.ml_log:143 [INFO] Wrote metrics to logs/aws/wave4/ahc039-base/metrics.jsonl
tinker_cookbook.utils.ml_log:240 [INFO] Logging to: https://wandb.ai/kriaz-msee20seecs-nust/ugttt-rebuttal/runs/y6y1mt4y
__main__:1949 [INFO]   [3][3/8] KEPT | R_exec=0.7559 (max=1.2532) RMI=0.0000 R_total=0.7559 | 3095.7s | GPU: 18.0/63.3GB
tinker_cookbook.utils.ml_log:143 [INFO] Wrote metrics to logs/aws/wave4/ahc039-base/metrics.jsonl
tinker_cookbook.utils.ml_log:240 [INFO] Logging to: https://wandb.ai/kriaz-msee20seecs-nust/ugttt-rebuttal/runs/y6y1mt4y
tinker_cookbook.rl.ensemble:1082 [INFO]   generate_batch_multi_adapter_two_phase: N=8 phase1_max=26000 streaming_mi=False kv_q=False
tinker_cookbook.rl.ensemble:1270 [INFO]     [gen/p1] step=2048/23169 active=8/8 mi_stopped=0
tinker_cookbook.rl.ensemble:1270 [INFO]     [gen/p1] step=4096/23169 active=8/8 mi_stopped=0
tinker_cookbook.rl.ensemble:1270 [INFO]     [gen/p1] step=6144/23169 active=8/8 mi_stopped=0
tinker_cookbook.rl.ensemble:1270 [INFO]     [gen/p1] step=8192/23169 active=8/8 mi_stopped=0
tinker_cookbook.rl.ensemble:1270 [INFO]     [gen/p1] step=10240/23169 active=8/8 mi_stopped=0
tinker_cookbook.rl.ensemble:1270 [INFO]     [gen/p1] step=12288/23169 active=8/8 mi_stopped=0
tinker_cookbook.rl.ensemble:1270 [INFO]     [gen/p1] step=14336/23169 active=8/8 mi_stopped=0
tinker_cookbook.rl.ensemble:1270 [INFO]     [gen/p1] step=16384/23169 active=6/8 mi_stopped=0
tinker_cookbook.rl.ensemble:1270 [INFO]     [gen/p1] step=18432/23169 active=3/8 mi_stopped=0
__main__:1078 [INFO]   Group 3: multi-adapter generation 8 seqs in 2286.5s
__main__:1108 [INFO]   Group 3: rewards computed in 296.8s
__main__:1150 [INFO]     [g3][r1/8] adapter=0 R_exec=1.2532 true_MI=0.00000 RMI=0.0000 R_total=1.2532 correct=1 tokens=15149
__main__:1150 [INFO]     [g3][r2/8] adapter=0 R_exec=0.0000 true_MI=0.00000 RMI=0.0000 R_total=0.0000 correct=0 tokens=15572
__main__:1150 [INFO]     [g3][r3/8] adapter=0 R_exec=1.0028 true_MI=0.00000 RMI=0.0000 R_total=1.0028 correct=1 tokens=16559
__main__:1150 [INFO]     [g3][r4/8] adapter=0 R_exec=0.0000 true_MI=0.00000 RMI=0.0000 R_total=0.0000 correct=0 tokens=18009
__main__:1150 [INFO]     [g3][r5/8] adapter=0 R_exec=0.0000 true_MI=0.00000 RMI=0.0000 R_total=0.0000 correct=0 tokens=18930
__main__:1150 [INFO]     [g3][r6/8] adapter=0 R_exec=0.0000 true_MI=0.00000 RMI=0.0000 R_total=0.0000 correct=0 tokens=19524
__main__:1150 [INFO]     [g3][r7/8] adapter=0 R_exec=0.0000 true_MI=0.00000 RMI=0.0000 R_total=0.0000 correct=0 tokens=18746
__main__:1150 [INFO]     [g3][r8/8] adapter=0 R_exec=1.0169 true_MI=0.00000 RMI=0.0000 R_total=1.0169 correct=1 tokens=17222
__main__:1167 [INFO]   [g3] group true_MI: mean=0.00000 std=0.00000 max=0.00000 normalized=[0.00 0.00 0.00 0.00 0.00 0.00 0.00 0.00]
tinker_cookbook.utils.ml_log:143 [INFO] Wrote metrics to logs/aws/wave4/ahc039-base/metrics.jsonl
tinker_cookbook.utils.ml_log:240 [INFO] Logging to: https://wandb.ai/kriaz-msee20seecs-nust/ugttt-rebuttal/runs/y6y1mt4y
tinker_cookbook.utils.ml_log:143 [INFO] Wrote metrics to logs/aws/wave4/ahc039-base/metrics.jsonl
tinker_cookbook.utils.ml_log:240 [INFO] Logging to: https://wandb.ai/kriaz-msee20seecs-nust/ugttt-rebuttal/runs/y6y1mt4y
tinker_cookbook.utils.ml_log:143 [INFO] Wrote metrics to logs/aws/wave4/ahc039-base/metrics.jsonl
tinker_cookbook.utils.ml_log:240 [INFO] Logging to: https://wandb.ai/kriaz-msee20seecs-nust/ugttt-rebuttal/runs/y6y1mt4y
tinker_cookbook.utils.ml_log:143 [INFO] Wrote metrics to logs/aws/wave4/ahc039-base/metrics.jsonl
tinker_cookbook.utils.ml_log:240 [INFO] Logging to: https://wandb.ai/kriaz-msee20seecs-nust/ugttt-rebuttal/runs/y6y1mt4y
tinker_cookbook.utils.ml_log:143 [INFO] Wrote metrics to logs/aws/wave4/ahc039-base/metrics.jsonl
tinker_cookbook.utils.ml_log:240 [INFO] Logging to: https://wandb.ai/kriaz-msee20seecs-nust/ugttt-rebuttal/runs/y6y1mt4y
tinker_cookbook.utils.ml_log:143 [INFO] Wrote metrics to logs/aws/wave4/ahc039-base/metrics.jsonl
tinker_cookbook.utils.ml_log:240 [INFO] Logging to: https://wandb.ai/kriaz-msee20seecs-nust/ugttt-rebuttal/runs/y6y1mt4y
tinker_cookbook.utils.ml_log:143 [INFO] Wrote metrics to logs/aws/wave4/ahc039-base/metrics.jsonl
tinker_cookbook.utils.ml_log:240 [INFO] Logging to: https://wandb.ai/kriaz-msee20seecs-nust/ugttt-rebuttal/runs/y6y1mt4y
tinker_cookbook.utils.ml_log:143 [INFO] Wrote metrics to logs/aws/wave4/ahc039-base/metrics.jsonl
tinker_cookbook.utils.ml_log:240 [INFO] Logging to: https://wandb.ai/kriaz-msee20seecs-nust/ugttt-rebuttal/runs/y6y1mt4y
__main__:1949 [INFO]   [3][4/8] KEPT | R_exec=0.4091 (max=1.2532) RMI=0.0000 R_total=0.4091 | 2583.4s | GPU: 18.0/62.6GB
tinker_cookbook.utils.ml_log:143 [INFO] Wrote metrics to logs/aws/wave4/ahc039-base/metrics.jsonl
tinker_cookbook.utils.ml_log:240 [INFO] Logging to: https://wandb.ai/kriaz-msee20seecs-nust/ugttt-rebuttal/runs/y6y1mt4y
tinker_cookbook.rl.ensemble:1082 [INFO]   generate_batch_multi_adapter_two_phase: N=8 phase1_max=26000 streaming_mi=False kv_q=False
tinker_cookbook.rl.ensemble:1270 [INFO]     [gen/p1] step=2048/23024 active=8/8 mi_stopped=0
tinker_cookbook.rl.ensemble:1270 [INFO]     [gen/p1] step=4096/23024 active=8/8 mi_stopped=0
tinker_cookbook.rl.ensemble:1270 [INFO]     [gen/p1] step=6144/23024 active=8/8 mi_stopped=0
tinker_cookbook.rl.ensemble:1270 [INFO]     [gen/p1] step=8192/23024 active=8/8 mi_stopped=0
tinker_cookbook.rl.ensemble:1270 [INFO]     [gen/p1] step=10240/23024 active=8/8 mi_stopped=0
tinker_cookbook.rl.ensemble:1270 [INFO]     [gen/p1] step=12288/23024 active=7/8 mi_stopped=0
tinker_cookbook.rl.ensemble:1270 [INFO]     [gen/p1] step=14336/23024 active=6/8 mi_stopped=0
tinker_cookbook.rl.ensemble:1270 [INFO]     [gen/p1] step=16384/23024 active=5/8 mi_stopped=0
tinker_cookbook.rl.ensemble:1270 [INFO]     [gen/p1] step=18432/23024 active=4/8 mi_stopped=0
tinker_cookbook.rl.ensemble:1270 [INFO]     [gen/p1] step=20480/23024 active=1/8 mi_stopped=0
tinker_cookbook.rl.ensemble:1270 [INFO]     [gen/p1] step=22528/23024 active=1/8 mi_stopped=0
__main__:1078 [INFO]   Group 4: multi-adapter generation 8 seqs in 2898.2s
__main__:1108 [INFO]   Group 4: rewards computed in 339.9s
__main__:1150 [INFO]     [g4][r1/8] adapter=0 R_exec=1.2532 true_MI=0.00000 RMI=0.0000 R_total=1.2532 correct=1 tokens=20255
__main__:1150 [INFO]     [g4][r2/8] adapter=0 R_exec=0.0000 true_MI=0.00000 RMI=0.0000 R_total=0.0000 correct=0 tokens=13262
__main__:1150 [INFO]     [g4][r3/8] adapter=0 R_exec=1.2532 true_MI=0.00000 RMI=0.0000 R_total=1.2532 correct=1 tokens=17216
__main__:1150 [INFO]     [g4][r4/8] adapter=0 R_exec=1.2532 true_MI=0.00000 RMI=0.0000 R_total=1.2532 correct=1 tokens=19355
__main__:1150 [INFO]     [g4][r5/8] adapter=0 R_exec=0.0000 true_MI=0.00000 RMI=0.0000 R_total=0.0000 correct=0 tokens=18459
__main__:1150 [INFO]     [g4][r6/8] adapter=0 R_exec=0.0000 true_MI=0.00000 RMI=0.0000 R_total=0.0000 correct=0 tokens=22547
__main__:1150 [INFO]     [g4][r7/8] adapter=0 R_exec=1.2532 true_MI=0.00000 RMI=0.0000 R_total=1.2532 correct=1 tokens=12176
__main__:1150 [INFO]     [g4][r8/8] adapter=0 R_exec=0.0000 true_MI=0.00000 RMI=0.0000 R_total=0.0000 correct=0 tokens=15454
__main__:1167 [INFO]   [g4] group true_MI: mean=0.00000 std=0.00000 max=0.00000 normalized=[0.00 0.00 0.00 0.00 0.00 0.00 0.00 0.00]
tinker_cookbook.utils.ml_log:143 [INFO] Wrote metrics to logs/aws/wave4/ahc039-base/metrics.jsonl
tinker_cookbook.utils.ml_log:240 [INFO] Logging to: https://wandb.ai/kriaz-msee20seecs-nust/ugttt-rebuttal/runs/y6y1mt4y
tinker_cookbook.utils.ml_log:143 [INFO] Wrote metrics to logs/aws/wave4/ahc039-base/metrics.jsonl
tinker_cookbook.utils.ml_log:240 [INFO] Logging to: https://wandb.ai/kriaz-msee20seecs-nust/ugttt-rebuttal/runs/y6y1mt4y
tinker_cookbook.utils.ml_log:143 [INFO] Wrote metrics to logs/aws/wave4/ahc039-base/metrics.jsonl
tinker_cookbook.utils.ml_log:240 [INFO] Logging to: https://wandb.ai/kriaz-msee20seecs-nust/ugttt-rebuttal/runs/y6y1mt4y
tinker_cookbook.utils.ml_log:143 [INFO] Wrote metrics to logs/aws/wave4/ahc039-base/metrics.jsonl
tinker_cookbook.utils.ml_log:240 [INFO] Logging to: https://wandb.ai/kriaz-msee20seecs-nust/ugttt-rebuttal/runs/y6y1mt4y
tinker_cookbook.utils.ml_log:143 [INFO] Wrote metrics to logs/aws/wave4/ahc039-base/metrics.jsonl
tinker_cookbook.utils.ml_log:240 [INFO] Logging to: https://wandb.ai/kriaz-msee20seecs-nust/ugttt-rebuttal/runs/y6y1mt4y
tinker_cookbook.utils.ml_log:143 [INFO] Wrote metrics to logs/aws/wave4/ahc039-base/metrics.jsonl
tinker_cookbook.utils.ml_log:240 [INFO] Logging to: https://wandb.ai/kriaz-msee20seecs-nust/ugttt-rebuttal/runs/y6y1mt4y
tinker_cookbook.utils.ml_log:143 [INFO] Wrote metrics to logs/aws/wave4/ahc039-base/metrics.jsonl
tinker_cookbook.utils.ml_log:240 [INFO] Logging to: https://wandb.ai/kriaz-msee20seecs-nust/ugttt-rebuttal/runs/y6y1mt4y
tinker_cookbook.utils.ml_log:143 [INFO] Wrote metrics to logs/aws/wave4/ahc039-base/metrics.jsonl
tinker_cookbook.utils.ml_log:240 [INFO] Logging to: https://wandb.ai/kriaz-msee20seecs-nust/ugttt-rebuttal/runs/y6y1mt4y
__main__:1949 [INFO]   [3][5/8] KEPT | R_exec=0.6266 (max=1.2532) RMI=0.0000 R_total=0.6266 | 3238.2s | GPU: 18.0/63.3GB
tinker_cookbook.utils.ml_log:143 [INFO] Wrote metrics to logs/aws/wave4/ahc039-base/metrics.jsonl
tinker_cookbook.utils.ml_log:240 [INFO] Logging to: https://wandb.ai/kriaz-msee20seecs-nust/ugttt-rebuttal/runs/y6y1mt4y
tinker_cookbook.rl.ensemble:1082 [INFO]   generate_batch_multi_adapter_two_phase: N=8 phase1_max=26000 streaming_mi=False kv_q=False
tinker_cookbook.rl.ensemble:1270 [INFO]     [gen/p1] step=2048/23197 active=8/8 mi_stopped=0
tinker_cookbook.rl.ensemble:1270 [INFO]     [gen/p1] step=4096/23197 active=8/8 mi_stopped=0
tinker_cookbook.rl.ensemble:1270 [INFO]     [gen/p1] step=6144/23197 active=8/8 mi_stopped=0
tinker_cookbook.rl.ensemble:1270 [INFO]     [gen/p1] step=8192/23197 active=8/8 mi_stopped=0
tinker_cookbook.rl.ensemble:1270 [INFO]     [gen/p1] step=10240/23197 active=8/8 mi_stopped=0
tinker_cookbook.rl.ensemble:1270 [INFO]     [gen/p1] step=12288/23197 active=8/8 mi_stopped=0
tinker_cookbook.rl.ensemble:1270 [INFO]     [gen/p1] step=14336/23197 active=7/8 mi_stopped=0
tinker_cookbook.rl.ensemble:1270 [INFO]     [gen/p1] step=16384/23197 active=4/8 mi_stopped=0
tinker_cookbook.rl.ensemble:1270 [INFO]     [gen/p1] step=18432/23197 active=4/8 mi_stopped=0
tinker_cookbook.rl.ensemble:1270 [INFO]     [gen/p1] step=20480/23197 active=1/8 mi_stopped=0
__main__:1078 [INFO]   Group 5: multi-adapter generation 8 seqs in 2476.2s
__main__:1108 [INFO]   Group 5: rewards computed in 615.6s
__main__:1150 [INFO]     [g5][r1/8] adapter=0 R_exec=1.2531 true_MI=0.00000 RMI=0.0000 R_total=1.2531 correct=1 tokens=19492
__main__:1150 [INFO]     [g5][r2/8] adapter=0 R_exec=1.0169 true_MI=0.00000 RMI=0.0000 R_total=1.0169 correct=1 tokens=15081
__main__:1150 [INFO]     [g5][r3/8] adapter=0 R_exec=0.0000 true_MI=0.00000 RMI=0.0000 R_total=0.0000 correct=0 tokens=14993
__main__:1150 [INFO]     [g5][r4/8] adapter=0 R_exec=1.2529 true_MI=0.00000 RMI=0.0000 R_total=1.2529 correct=1 tokens=16215
__main__:1150 [INFO]     [g5][r5/8] adapter=0 R_exec=0.0000 true_MI=0.00000 RMI=0.0000 R_total=0.0000 correct=0 tokens=14229
__main__:1150 [INFO]     [g5][r6/8] adapter=0 R_exec=0.0000 true_MI=0.00000 RMI=0.0000 R_total=0.0000 correct=0 tokens=19165
__main__:1150 [INFO]     [g5][r7/8] adapter=0 R_exec=0.0000 true_MI=0.00000 RMI=0.0000 R_total=0.0000 correct=0 tokens=19503
__main__:1150 [INFO]     [g5][r8/8] adapter=0 R_exec=1.2531 true_MI=0.00000 RMI=0.0000 R_total=1.2531 correct=1 tokens=20561
__main__:1167 [INFO]   [g5] group true_MI: mean=0.00000 std=0.00000 max=0.00000 normalized=[0.00 0.00 0.00 0.00 0.00 0.00 0.00 0.00]
tinker_cookbook.utils.ml_log:143 [INFO] Wrote metrics to logs/aws/wave4/ahc039-base/metrics.jsonl
tinker_cookbook.utils.ml_log:240 [INFO] Logging to: https://wandb.ai/kriaz-msee20seecs-nust/ugttt-rebuttal/runs/y6y1mt4y
tinker_cookbook.utils.ml_log:143 [INFO] Wrote metrics to logs/aws/wave4/ahc039-base/metrics.jsonl
tinker_cookbook.utils.ml_log:240 [INFO] Logging to: https://wandb.ai/kriaz-msee20seecs-nust/ugttt-rebuttal/runs/y6y1mt4y
tinker_cookbook.utils.ml_log:143 [INFO] Wrote metrics to logs/aws/wave4/ahc039-base/metrics.jsonl
tinker_cookbook.utils.ml_log:240 [INFO] Logging to: https://wandb.ai/kriaz-msee20seecs-nust/ugttt-rebuttal/runs/y6y1mt4y
tinker_cookbook.utils.ml_log:143 [INFO] Wrote metrics to logs/aws/wave4/ahc039-base/metrics.jsonl
tinker_cookbook.utils.ml_log:240 [INFO] Logging to: https://wandb.ai/kriaz-msee20seecs-nust/ugttt-rebuttal/runs/y6y1mt4y
tinker_cookbook.utils.ml_log:143 [INFO] Wrote metrics to logs/aws/wave4/ahc039-base/metrics.jsonl
tinker_cookbook.utils.ml_log:240 [INFO] Logging to: https://wandb.ai/kriaz-msee20seecs-nust/ugttt-rebuttal/runs/y6y1mt4y
tinker_cookbook.utils.ml_log:143 [INFO] Wrote metrics to logs/aws/wave4/ahc039-base/metrics.jsonl
tinker_cookbook.utils.ml_log:240 [INFO] Logging to: https://wandb.ai/kriaz-msee20seecs-nust/ugttt-rebuttal/runs/y6y1mt4y
tinker_cookbook.utils.ml_log:143 [INFO] Wrote metrics to logs/aws/wave4/ahc039-base/metrics.jsonl
tinker_cookbook.utils.ml_log:240 [INFO] Logging to: https://wandb.ai/kriaz-msee20seecs-nust/ugttt-rebuttal/runs/y6y1mt4y
tinker_cookbook.utils.ml_log:143 [INFO] Wrote metrics to logs/aws/wave4/ahc039-base/metrics.jsonl
tinker_cookbook.utils.ml_log:240 [INFO] Logging to: https://wandb.ai/kriaz-msee20seecs-nust/ugttt-rebuttal/runs/y6y1mt4y
__main__:1949 [INFO]   [3][6/8] KEPT | R_exec=0.5970 (max=1.2531) RMI=0.0000 R_total=0.5970 | 3091.9s | GPU: 18.0/62.6GB
tinker_cookbook.utils.ml_log:143 [INFO] Wrote metrics to logs/aws/wave4/ahc039-base/metrics.jsonl
tinker_cookbook.utils.ml_log:240 [INFO] Logging to: https://wandb.ai/kriaz-msee20seecs-nust/ugttt-rebuttal/runs/y6y1mt4y
tinker_cookbook.rl.ensemble:1082 [INFO]   generate_batch_multi_adapter_two_phase: N=8 phase1_max=26000 streaming_mi=False kv_q=False
tinker_cookbook.rl.ensemble:1270 [INFO]     [gen/p1] step=2048/22909 active=8/8 mi_stopped=0
tinker_cookbook.rl.ensemble:1270 [INFO]     [gen/p1] step=4096/22909 active=8/8 mi_stopped=0
tinker_cookbook.rl.ensemble:1270 [INFO]     [gen/p1] step=6144/22909 active=8/8 mi_stopped=0
tinker_cookbook.rl.ensemble:1270 [INFO]     [gen/p1] step=8192/22909 active=8/8 mi_stopped=0
tinker_cookbook.rl.ensemble:1270 [INFO]     [gen/p1] step=10240/22909 active=8/8 mi_stopped=0
tinker_cookbook.rl.ensemble:1270 [INFO]     [gen/p1] step=12288/22909 active=8/8 mi_stopped=0
tinker_cookbook.rl.ensemble:1270 [INFO]     [gen/p1] step=14336/22909 active=6/8 mi_stopped=0
tinker_cookbook.rl.ensemble:1270 [INFO]     [gen/p1] step=16384/22909 active=2/8 mi_stopped=0
__main__:1078 [INFO]   Group 6: multi-adapter generation 8 seqs in 1917.9s
__main__:1108 [INFO]   Group 6: rewards computed in 135.5s
__main__:1150 [INFO]     [g6][r1/8] adapter=0 R_exec=1.1698 true_MI=0.00000 RMI=0.0000 R_total=1.1698 correct=1 tokens=15778
__main__:1150 [INFO]     [g6][r2/8] adapter=0 R_exec=1.2530 true_MI=0.00000 RMI=0.0000 R_total=1.2530 correct=1 tokens=14317
__main__:1150 [INFO]     [g6][r3/8] adapter=0 R_exec=0.0000 true_MI=0.00000 RMI=0.0000 R_total=0.0000 correct=0 tokens=16734
__main__:1150 [INFO]     [g6][r4/8] adapter=0 R_exec=1.2530 true_MI=0.00000 RMI=0.0000 R_total=1.2530 correct=1 tokens=17294
__main__:1150 [INFO]     [g6][r5/8] adapter=0 R_exec=1.1538 true_MI=0.00000 RMI=0.0000 R_total=1.1538 correct=1 tokens=16258
__main__:1150 [INFO]     [g6][r6/8] adapter=0 R_exec=0.0000 true_MI=0.00000 RMI=0.0000 R_total=0.0000 correct=0 tokens=16342
__main__:1150 [INFO]     [g6][r7/8] adapter=0 R_exec=1.2530 true_MI=0.00000 RMI=0.0000 R_total=1.2530 correct=1 tokens=13924
__main__:1150 [INFO]     [g6][r8/8] adapter=0 R_exec=0.0000 true_MI=0.00000 RMI=0.0000 R_total=0.0000 correct=0 tokens=14831
__main__:1167 [INFO]   [g6] group true_MI: mean=0.00000 std=0.00000 max=0.00000 normalized=[0.00 0.00 0.00 0.00 0.00 0.00 0.00 0.00]
tinker_cookbook.utils.ml_log:143 [INFO] Wrote metrics to logs/aws/wave4/ahc039-base/metrics.jsonl
tinker_cookbook.utils.ml_log:240 [INFO] Logging to: https://wandb.ai/kriaz-msee20seecs-nust/ugttt-rebuttal/runs/y6y1mt4y
tinker_cookbook.utils.ml_log:143 [INFO] Wrote metrics to logs/aws/wave4/ahc039-base/metrics.jsonl
tinker_cookbook.utils.ml_log:240 [INFO] Logging to: https://wandb.ai/kriaz-msee20seecs-nust/ugttt-rebuttal/runs/y6y1mt4y
tinker_cookbook.utils.ml_log:143 [INFO] Wrote metrics to logs/aws/wave4/ahc039-base/metrics.jsonl
tinker_cookbook.utils.ml_log:240 [INFO] Logging to: https://wandb.ai/kriaz-msee20seecs-nust/ugttt-rebuttal/runs/y6y1mt4y
tinker_cookbook.utils.ml_log:143 [INFO] Wrote metrics to logs/aws/wave4/ahc039-base/metrics.jsonl
tinker_cookbook.utils.ml_log:240 [INFO] Logging to: https://wandb.ai/kriaz-msee20seecs-nust/ugttt-rebuttal/runs/y6y1mt4y
tinker_cookbook.utils.ml_log:143 [INFO] Wrote metrics to logs/aws/wave4/ahc039-base/metrics.jsonl
tinker_cookbook.utils.ml_log:240 [INFO] Logging to: https://wandb.ai/kriaz-msee20seecs-nust/ugttt-rebuttal/runs/y6y1mt4y
tinker_cookbook.utils.ml_log:143 [INFO] Wrote metrics to logs/aws/wave4/ahc039-base/metrics.jsonl
tinker_cookbook.utils.ml_log:240 [INFO] Logging to: https://wandb.ai/kriaz-msee20seecs-nust/ugttt-rebuttal/runs/y6y1mt4y
tinker_cookbook.utils.ml_log:143 [INFO] Wrote metrics to logs/aws/wave4/ahc039-base/metrics.jsonl
tinker_cookbook.utils.ml_log:240 [INFO] Logging to: https://wandb.ai/kriaz-msee20seecs-nust/ugttt-rebuttal/runs/y6y1mt4y
tinker_cookbook.utils.ml_log:143 [INFO] Wrote metrics to logs/aws/wave4/ahc039-base/metrics.jsonl
tinker_cookbook.utils.ml_log:240 [INFO] Logging to: https://wandb.ai/kriaz-msee20seecs-nust/ugttt-rebuttal/runs/y6y1mt4y
__main__:1949 [INFO]   [3][7/8] KEPT | R_exec=0.7603 (max=1.2530) RMI=0.0000 R_total=0.7603 | 2053.5s | GPU: 18.0/62.8GB
tinker_cookbook.utils.ml_log:143 [INFO] Wrote metrics to logs/aws/wave4/ahc039-base/metrics.jsonl
tinker_cookbook.utils.ml_log:240 [INFO] Logging to: https://wandb.ai/kriaz-msee20seecs-nust/ugttt-rebuttal/runs/y6y1mt4y
tinker_cookbook.rl.ensemble:1082 [INFO]   generate_batch_multi_adapter_two_phase: N=8 phase1_max=26000 streaming_mi=False kv_q=False
tinker_cookbook.rl.ensemble:1270 [INFO]     [gen/p1] step=2048/22918 active=8/8 mi_stopped=0
tinker_cookbook.rl.ensemble:1270 [INFO]     [gen/p1] step=4096/22918 active=8/8 mi_stopped=0
tinker_cookbook.rl.ensemble:1270 [INFO]     [gen/p1] step=6144/22918 active=8/8 mi_stopped=0
tinker_cookbook.rl.ensemble:1270 [INFO]     [gen/p1] step=8192/22918 active=8/8 mi_stopped=0
tinker_cookbook.rl.ensemble:1270 [INFO]     [gen/p1] step=10240/22918 active=8/8 mi_stopped=0
tinker_cookbook.rl.ensemble:1270 [INFO]     [gen/p1] step=12288/22918 active=8/8 mi_stopped=0
tinker_cookbook.rl.ensemble:1270 [INFO]     [gen/p1] step=14336/22918 active=8/8 mi_stopped=0
tinker_cookbook.rl.ensemble:1270 [INFO]     [gen/p1] step=16384/22918 active=6/8 mi_stopped=0
tinker_cookbook.rl.ensemble:1270 [INFO]     [gen/p1] step=18432/22918 active=4/8 mi_stopped=0
__main__:1078 [INFO]   Group 7: multi-adapter generation 8 seqs in 2436.4s
__main__:1108 [INFO]   Group 7: rewards computed in 50.8s
__main__:1150 [INFO]     [g7][r1/8] adapter=0 R_exec=0.0000 true_MI=0.00000 RMI=0.0000 R_total=0.0000 correct=0 tokens=20141
__main__:1150 [INFO]     [g7][r2/8] adapter=0 R_exec=0.0000 true_MI=0.00000 RMI=0.0000 R_total=0.0000 correct=0 tokens=16048
__main__:1150 [INFO]     [g7][r3/8] adapter=0 R_exec=0.0000 true_MI=0.00000 RMI=0.0000 R_total=0.0000 correct=0 tokens=19754
__main__:1150 [INFO]     [g7][r4/8] adapter=0 R_exec=0.0000 true_MI=0.00000 RMI=0.0000 R_total=0.0000 correct=0 tokens=17365
__main__:1150 [INFO]     [g7][r5/8] adapter=0 R_exec=0.0000 true_MI=0.00000 RMI=0.0000 R_total=0.0000 correct=0 tokens=18367
__main__:1150 [INFO]     [g7][r6/8] adapter=0 R_exec=0.0968 true_MI=0.00000 RMI=0.0000 R_total=0.0968 correct=1 tokens=18665
__main__:1150 [INFO]     [g7][r7/8] adapter=0 R_exec=0.0000 true_MI=0.00000 RMI=0.0000 R_total=0.0000 correct=0 tokens=15162
__main__:1150 [INFO]     [g7][r8/8] adapter=0 R_exec=0.0000 true_MI=0.00000 RMI=0.0000 R_total=0.0000 correct=0 tokens=18751
__main__:1167 [INFO]   [g7] group true_MI: mean=0.00000 std=0.00000 max=0.00000 normalized=[0.00 0.00 0.00 0.00 0.00 0.00 0.00 0.00]
tinker_cookbook.utils.ml_log:143 [INFO] Wrote metrics to logs/aws/wave4/ahc039-base/metrics.jsonl
tinker_cookbook.utils.ml_log:240 [INFO] Logging to: https://wandb.ai/kriaz-msee20seecs-nust/ugttt-rebuttal/runs/y6y1mt4y
tinker_cookbook.utils.ml_log:143 [INFO] Wrote metrics to logs/aws/wave4/ahc039-base/metrics.jsonl
tinker_cookbook.utils.ml_log:240 [INFO] Logging to: https://wandb.ai/kriaz-msee20seecs-nust/ugttt-rebuttal/runs/y6y1mt4y
tinker_cookbook.utils.ml_log:143 [INFO] Wrote metrics to logs/aws/wave4/ahc039-base/metrics.jsonl
tinker_cookbook.utils.ml_log:240 [INFO] Logging to: https://wandb.ai/kriaz-msee20seecs-nust/ugttt-rebuttal/runs/y6y1mt4y
tinker_cookbook.utils.ml_log:143 [INFO] Wrote metrics to logs/aws/wave4/ahc039-base/metrics.jsonl
tinker_cookbook.utils.ml_log:240 [INFO] Logging to: https://wandb.ai/kriaz-msee20seecs-nust/ugttt-rebuttal/runs/y6y1mt4y
tinker_cookbook.utils.ml_log:143 [INFO] Wrote metrics to logs/aws/wave4/ahc039-base/metrics.jsonl
tinker_cookbook.utils.ml_log:240 [INFO] Logging to: https://wandb.ai/kriaz-msee20seecs-nust/ugttt-rebuttal/runs/y6y1mt4y
tinker_cookbook.utils.ml_log:143 [INFO] Wrote metrics to logs/aws/wave4/ahc039-base/metrics.jsonl
tinker_cookbook.utils.ml_log:240 [INFO] Logging to: https://wandb.ai/kriaz-msee20seecs-nust/ugttt-rebuttal/runs/y6y1mt4y
tinker_cookbook.utils.ml_log:143 [INFO] Wrote metrics to logs/aws/wave4/ahc039-base/metrics.jsonl
tinker_cookbook.utils.ml_log:240 [INFO] Logging to: https://wandb.ai/kriaz-msee20seecs-nust/ugttt-rebuttal/runs/y6y1mt4y
tinker_cookbook.utils.ml_log:143 [INFO] Wrote metrics to logs/aws/wave4/ahc039-base/metrics.jsonl
tinker_cookbook.utils.ml_log:240 [INFO] Logging to: https://wandb.ai/kriaz-msee20seecs-nust/ugttt-rebuttal/runs/y6y1mt4y
__main__:1949 [INFO]   [3][8/8] KEPT | R_exec=0.0121 (max=0.0968) RMI=0.0000 R_total=0.0121 | 2487.3s | GPU: 18.0/63.2GB
tinker_cookbook.utils.ml_log:143 [INFO] Wrote metrics to logs/aws/wave4/ahc039-base/metrics.jsonl
tinker_cookbook.utils.ml_log:240 [INFO] Logging to: https://wandb.ai/kriaz-msee20seecs-nust/ugttt-rebuttal/runs/y6y1mt4y
__main__:1988 [INFO] [Epoch 3] Rollout phase done in 21594.4s. Training on 8/8 groups...
tinker_cookbook.utils.ml_log:143 [INFO] Wrote metrics to logs/aws/wave4/ahc039-base/metrics.jsonl
tinker_cookbook.utils.ml_log:195 [INFO] 
┏━━━━━━━━━━━━━━━━━━━━━━━━━━━━━━━━┳━━━━━━━━━━━━━━┓
┃ Metric                         ┃ Value        ┃
┡━━━━━━━━━━━━━━━━━━━━━━━━━━━━━━━━╇━━━━━━━━━━━━━━┩
│ gpu/memory_allocated_gb        │ 18.092511    │
│ gpu/memory_peak_gb             │ 62.411832    │
│ gpu/memory_reserved_gb         │ 18.123588    │
│ kl_policy_base                 │ 0.002988     │
│ optim/entropy                  │ 0.467360     │
│ optim/kl_sample_train_v1       │ 0.000107     │
│ optim/kl_sample_train_v2       │ 0.000098     │
│ progress/done_frac             │ 0.666667     │
│ progress/epoch                 │ 3            │
│ rollout/groups_attempted       │ 8.000000     │
│ rollout/groups_filtered        │ 0.000000     │
│ rollout/groups_kept            │ 8.000000     │
│ rollout/intra_group_reward_std │ 0.508428     │
│ time/rollout                   │ 21594.393903 │
│ time/total                     │ 22143.225083 │
│ time/train                     │ 548.722681   │
│ train/advantage/max            │ 10.768045    │
│ train/advantage/mean           │ 0.289625     │
│ train/advantage/min            │ -1.000000    │
│ train/advantage/std            │ 1.792866     │
│ train/beta/mean                │ 1750.152724  │
│ train/beta/std                 │ 4429.828870  │
│ train/correctness/mean         │ 0.562500     │
│ train/correctness/rate         │ 0.562500     │
│ train/ensemble/frac_high_disa… │ 0.000000     │
│ train/ensemble/max_token_disa… │ nan          │
│ train/ensemble/member_logprob… │ 0.000000     │
│ train/ensemble/member_logprob… │ nan          │
│ train/gamma_eff/mean           │ 0.000000     │
│ train/gen/num_tokens/max       │ 22547.000000 │
│ train/gen/num_tokens/mean      │ 16783.234375 │
│ train/gen/num_tokens/std       │ 2377.077202  │
│ train/loss                     │ -0.289657    │
│ train/nnm_loss                 │ 0.000000     │
│ train/nnm_nuclear_norm         │ 0.000000     │
│ train/num_groups               │ 8.000000     │
│ train/num_rollouts             │ 64.000000    │
│ train/num_rollouts_total       │ 64.000000    │
│ train/reward/exec/best         │ 1.255773     │
│ train/reward/exec/max          │ 1.255773     │
│ train/reward/exec/mean         │ 0.613561     │
│ train/reward/exec/min          │ 0.000000     │
│ train/reward/exec/std          │ 0.605111     │
│ train/reward/rmi/max           │ 0.000000     │
│ train/reward/rmi/mean          │ 0.000000     │
│ train/reward/rmi/min           │ 0.000000     │
│ train/reward/rmi/std           │ 0.000000     │
│ train/reward/total/best        │ 1.255773     │
│ train/reward/total/max         │ 1.255773     │
│ train/reward/total/mean        │ 0.613561     │
│ train/reward/total/min         │ 0.000000     │
│ train/reward/total/std         │ 0.605111     │
│ train/streaming_mi/stop_rate   │ 0.000000     │
│ train/streaming_mi/tokens_sav… │ 0.000000     │
│ train/streaming_mi/tokens_sav… │ 0.000000     │
│ train/two_phase/phase1_tokens… │ 16783.234375 │
│ train/two_phase/phase2_tokens… │ 0.000000     │
│ train/two_phase/prefill_rate   │ 0.000000     │
│ train/uncertainty/predictive_… │ 0.000000     │
│ train/uncertainty/predictive_… │ 0.000000     │
│ train/uncertainty/predictive_… │ 0.000000     │
│ train/uncertainty/predictive_… │ 0.000000     │
│ train/uncertainty/predictive_… │ 0.000000     │
│ train/uncertainty/predictive_… │ 0.000000     │
│ train/uncertainty/predictive_… │ 0.000000     │
│ train/uncertainty/predictive_… │ 0.000000     │
│ train/uncertainty/rmi/max      │ 0.000000     │
│ train/uncertainty/rmi/mean     │ 0.000000     │
│ train/uncertainty/rmi/min      │ 0.000000     │
│ train/uncertainty/rmi/std      │ 0.000000     │
│ train/uncertainty/rmi_top7/max │ 0.000000     │
│ train/uncertainty/rmi_top7/me… │ 0.000000     │
│ train/uncertainty/rmi_top7/min │ 0.000000     │
│ train/uncertainty/rmi_top7/std │ 0.000000     │
│ train/uncertainty/top7_mi_cod… │ 0.000000     │
│ train/uncertainty/top7_mi_cod… │ 0.000000     │
│ train/uncertainty/top7_mi_thi… │ 0.000000     │
│ train/uncertainty/top7_mi_thi… │ 0.000000     │
│ train/uncertainty/top7_pct_co… │ 0.000000     │
│ train/uncertainty/top7_pct_co… │ 0.000000     │
│ train/uncertainty/top7_pct_th… │ 1.000000     │
│ train/uncertainty/top7_pct_th… │ 0.000000     │
│ train/uncertainty/true_mi/max  │ 0.000000     │
│ train/uncertainty/true_mi/mean │ 0.000000     │
│ train/uncertainty/true_mi/min  │ 0.000000     │
│ train/uncertainty/true_mi/std  │ 0.000000     │
│ train/uncertainty/variance/max │ nan          │
│ train/uncertainty/variance/me… │ nan          │
│ train/uncertainty/variance/min │ nan          │
│ train/uncertainty/variance/std │ nan          │
│ train/uncertainty/variance_to… │ nan          │
│ train/uncertainty/variance_to… │ nan          │
│ train/uncertainty/variance_to… │ nan          │
│ train/uncertainty/variance_to… │ nan          │
└────────────────────────────────┴──────────────┘
tinker_cookbook.utils.ml_log:240 [INFO] Logging to: https://wandb.ai/kriaz-msee20seecs-nust/ugttt-rebuttal/runs/y6y1mt4y
__main__:2062 [INFO] [Epoch 3] R_exec=0.6136 (max=1.2558 best=1.2558) RMI=0.0000 beta=1750.15 corr=56.2% loss=-0.2897 groups=8/8 time=22143.2s
__main__:2073 [INFO] Checkpoint saved at epoch 3
__main__:1836 [INFO] [Epoch 4/6] Starting rollout phase: 8 groups × 8 rollouts
tinker_cookbook.rl.ensemble:1082 [INFO]   generate_batch_multi_adapter_two_phase: N=8 phase1_max=26000 streaming_mi=False kv_q=False
tinker_cookbook.rl.ensemble:1270 [INFO]     [gen/p1] step=2048/22760 active=8/8 mi_stopped=0
tinker_cookbook.rl.ensemble:1270 [INFO]     [gen/p1] step=4096/22760 active=8/8 mi_stopped=0
tinker_cookbook.rl.ensemble:1270 [INFO]     [gen/p1] step=6144/22760 active=8/8 mi_stopped=0
tinker_cookbook.rl.ensemble:1270 [INFO]     [gen/p1] step=8192/22760 active=8/8 mi_stopped=0
tinker_cookbook.rl.ensemble:1270 [INFO]     [gen/p1] step=10240/22760 active=8/8 mi_stopped=0
tinker_cookbook.rl.ensemble:1270 [INFO]     [gen/p1] step=12288/22760 active=7/8 mi_stopped=0
tinker_cookbook.rl.ensemble:1270 [INFO]     [gen/p1] step=14336/22760 active=4/8 mi_stopped=0
tinker_cookbook.rl.ensemble:1270 [INFO]     [gen/p1] step=16384/22760 active=2/8 mi_stopped=0
tinker_cookbook.rl.ensemble:1270 [INFO]     [gen/p1] step=18432/22760 active=2/8 mi_stopped=0
__main__:1078 [INFO]   Group 0: multi-adapter generation 8 seqs in 2200.3s
__main__:1108 [INFO]   Group 0: rewards computed in 323.9s
__main__:1150 [INFO]     [g0][r1/8] adapter=0 R_exec=0.0000 true_MI=0.00000 RMI=0.0000 R_total=0.0000 correct=0 tokens=11348
__main__:1150 [INFO]     [g0][r2/8] adapter=0 R_exec=0.0968 true_MI=0.00000 RMI=0.0000 R_total=0.0968 correct=1 tokens=18609
__main__:1150 [INFO]     [g0][r3/8] adapter=0 R_exec=1.2558 true_MI=0.00000 RMI=0.0000 R_total=1.2558 correct=1 tokens=14842
__main__:1150 [INFO]     [g0][r4/8] adapter=0 R_exec=0.0000 true_MI=0.00000 RMI=0.0000 R_total=0.0000 correct=0 tokens=14500
__main__:1150 [INFO]     [g0][r5/8] adapter=0 R_exec=0.0000 true_MI=0.00000 RMI=0.0000 R_total=0.0000 correct=0 tokens=13657
__main__:1150 [INFO]     [g0][r6/8] adapter=0 R_exec=0.0000 true_MI=0.00000 RMI=0.0000 R_total=0.0000 correct=0 tokens=18781
__main__:1150 [INFO]     [g0][r7/8] adapter=0 R_exec=1.2558 true_MI=0.00000 RMI=0.0000 R_total=1.2558 correct=1 tokens=13917
__main__:1150 [INFO]     [g0][r8/8] adapter=0 R_exec=1.2558 true_MI=0.00000 RMI=0.0000 R_total=1.2558 correct=1 tokens=14127
__main__:1167 [INFO]   [g0] group true_MI: mean=0.00000 std=0.00000 max=0.00000 normalized=[0.00 0.00 0.00 0.00 0.00 0.00 0.00 0.00]
tinker_cookbook.utils.ml_log:143 [INFO] Wrote metrics to logs/aws/wave4/ahc039-base/metrics.jsonl
tinker_cookbook.utils.ml_log:240 [INFO] Logging to: https://wandb.ai/kriaz-msee20seecs-nust/ugttt-rebuttal/runs/y6y1mt4y
tinker_cookbook.utils.ml_log:143 [INFO] Wrote metrics to logs/aws/wave4/ahc039-base/metrics.jsonl
tinker_cookbook.utils.ml_log:240 [INFO] Logging to: https://wandb.ai/kriaz-msee20seecs-nust/ugttt-rebuttal/runs/y6y1mt4y
tinker_cookbook.utils.ml_log:143 [INFO] Wrote metrics to logs/aws/wave4/ahc039-base/metrics.jsonl
tinker_cookbook.utils.ml_log:240 [INFO] Logging to: https://wandb.ai/kriaz-msee20seecs-nust/ugttt-rebuttal/runs/y6y1mt4y
tinker_cookbook.utils.ml_log:143 [INFO] Wrote metrics to logs/aws/wave4/ahc039-base/metrics.jsonl
tinker_cookbook.utils.ml_log:240 [INFO] Logging to: https://wandb.ai/kriaz-msee20seecs-nust/ugttt-rebuttal/runs/y6y1mt4y
tinker_cookbook.utils.ml_log:143 [INFO] Wrote metrics to logs/aws/wave4/ahc039-base/metrics.jsonl
tinker_cookbook.utils.ml_log:240 [INFO] Logging to: https://wandb.ai/kriaz-msee20seecs-nust/ugttt-rebuttal/runs/y6y1mt4y
tinker_cookbook.utils.ml_log:143 [INFO] Wrote metrics to logs/aws/wave4/ahc039-base/metrics.jsonl
tinker_cookbook.utils.ml_log:240 [INFO] Logging to: https://wandb.ai/kriaz-msee20seecs-nust/ugttt-rebuttal/runs/y6y1mt4y
tinker_cookbook.utils.ml_log:143 [INFO] Wrote metrics to logs/aws/wave4/ahc039-base/metrics.jsonl
tinker_cookbook.utils.ml_log:240 [INFO] Logging to: https://wandb.ai/kriaz-msee20seecs-nust/ugttt-rebuttal/runs/y6y1mt4y
tinker_cookbook.utils.ml_log:143 [INFO] Wrote metrics to logs/aws/wave4/ahc039-base/metrics.jsonl
tinker_cookbook.utils.ml_log:240 [INFO] Logging to: https://wandb.ai/kriaz-msee20seecs-nust/ugttt-rebuttal/runs/y6y1mt4y
__main__:1949 [INFO]   [4][1/8] KEPT | R_exec=0.4830 (max=1.2558) RMI=0.0000 R_total=0.4830 | 2524.3s | GPU: 18.1/63.0GB
tinker_cookbook.utils.ml_log:143 [INFO] Wrote metrics to logs/aws/wave4/ahc039-base/metrics.jsonl
tinker_cookbook.utils.ml_log:240 [INFO] Logging to: https://wandb.ai/kriaz-msee20seecs-nust/ugttt-rebuttal/runs/y6y1mt4y
tinker_cookbook.rl.ensemble:1082 [INFO]   generate_batch_multi_adapter_two_phase: N=8 phase1_max=26000 streaming_mi=False kv_q=False
tinker_cookbook.rl.ensemble:1270 [INFO]     [gen/p1] step=2048/22937 active=8/8 mi_stopped=0
tinker_cookbook.rl.ensemble:1270 [INFO]     [gen/p1] step=4096/22937 active=8/8 mi_stopped=0
tinker_cookbook.rl.ensemble:1270 [INFO]     [gen/p1] step=6144/22937 active=8/8 mi_stopped=0
tinker_cookbook.rl.ensemble:1270 [INFO]     [gen/p1] step=8192/22937 active=8/8 mi_stopped=0
tinker_cookbook.rl.ensemble:1270 [INFO]     [gen/p1] step=10240/22937 active=8/8 mi_stopped=0
tinker_cookbook.rl.ensemble:1270 [INFO]     [gen/p1] step=12288/22937 active=8/8 mi_stopped=0
tinker_cookbook.rl.ensemble:1270 [INFO]     [gen/p1] step=14336/22937 active=8/8 mi_stopped=0
tinker_cookbook.rl.ensemble:1270 [INFO]     [gen/p1] step=16384/22937 active=5/8 mi_stopped=0
tinker_cookbook.rl.ensemble:1270 [INFO]     [gen/p1] step=18432/22937 active=3/8 mi_stopped=0
__main__:1078 [INFO]   Group 1: multi-adapter generation 8 seqs in 2240.5s
__main__:1108 [INFO]   Group 1: rewards computed in 309.8s
__main__:1150 [INFO]     [g1][r1/8] adapter=0 R_exec=0.8992 true_MI=0.00000 RMI=0.0000 R_total=0.8992 correct=1 tokens=18667
__main__:1150 [INFO]     [g1][r2/8] adapter=0 R_exec=0.9108 true_MI=0.00000 RMI=0.0000 R_total=0.9108 correct=1 tokens=15843
__main__:1150 [INFO]     [g1][r3/8] adapter=0 R_exec=0.0000 true_MI=0.00000 RMI=0.0000 R_total=0.0000 correct=0 tokens=18911
__main__:1150 [INFO]     [g1][r4/8] adapter=0 R_exec=0.0000 true_MI=0.00000 RMI=0.0000 R_total=0.0000 correct=0 tokens=18141
__main__:1150 [INFO]     [g1][r5/8] adapter=0 R_exec=0.9174 true_MI=0.00000 RMI=0.0000 R_total=0.9174 correct=1 tokens=19123
__main__:1150 [INFO]     [g1][r6/8] adapter=0 R_exec=0.0000 true_MI=0.00000 RMI=0.0000 R_total=0.0000 correct=0 tokens=15850
__main__:1150 [INFO]     [g1][r7/8] adapter=0 R_exec=0.0000 true_MI=0.00000 RMI=0.0000 R_total=0.0000 correct=0 tokens=17029
__main__:1150 [INFO]     [g1][r8/8] adapter=0 R_exec=0.0000 true_MI=0.00000 RMI=0.0000 R_total=0.0000 correct=0 tokens=16020
__main__:1167 [INFO]   [g1] group true_MI: mean=0.00000 std=0.00000 max=0.00000 normalized=[0.00 0.00 0.00 0.00 0.00 0.00 0.00 0.00]
tinker_cookbook.utils.ml_log:143 [INFO] Wrote metrics to logs/aws/wave4/ahc039-base/metrics.jsonl
tinker_cookbook.utils.ml_log:240 [INFO] Logging to: https://wandb.ai/kriaz-msee20seecs-nust/ugttt-rebuttal/runs/y6y1mt4y
tinker_cookbook.utils.ml_log:143 [INFO] Wrote metrics to logs/aws/wave4/ahc039-base/metrics.jsonl
tinker_cookbook.utils.ml_log:240 [INFO] Logging to: https://wandb.ai/kriaz-msee20seecs-nust/ugttt-rebuttal/runs/y6y1mt4y
tinker_cookbook.utils.ml_log:143 [INFO] Wrote metrics to logs/aws/wave4/ahc039-base/metrics.jsonl
tinker_cookbook.utils.ml_log:240 [INFO] Logging to: https://wandb.ai/kriaz-msee20seecs-nust/ugttt-rebuttal/runs/y6y1mt4y
tinker_cookbook.utils.ml_log:143 [INFO] Wrote metrics to logs/aws/wave4/ahc039-base/metrics.jsonl
tinker_cookbook.utils.ml_log:240 [INFO] Logging to: https://wandb.ai/kriaz-msee20seecs-nust/ugttt-rebuttal/runs/y6y1mt4y
tinker_cookbook.utils.ml_log:143 [INFO] Wrote metrics to logs/aws/wave4/ahc039-base/metrics.jsonl
tinker_cookbook.utils.ml_log:240 [INFO] Logging to: https://wandb.ai/kriaz-msee20seecs-nust/ugttt-rebuttal/runs/y6y1mt4y
tinker_cookbook.utils.ml_log:143 [INFO] Wrote metrics to logs/aws/wave4/ahc039-base/metrics.jsonl
tinker_cookbook.utils.ml_log:240 [INFO] Logging to: https://wandb.ai/kriaz-msee20seecs-nust/ugttt-rebuttal/runs/y6y1mt4y
tinker_cookbook.utils.ml_log:143 [INFO] Wrote metrics to logs/aws/wave4/ahc039-base/metrics.jsonl
tinker_cookbook.utils.ml_log:240 [INFO] Logging to: https://wandb.ai/kriaz-msee20seecs-nust/ugttt-rebuttal/runs/y6y1mt4y
tinker_cookbook.utils.ml_log:143 [INFO] Wrote metrics to logs/aws/wave4/ahc039-base/metrics.jsonl
tinker_cookbook.utils.ml_log:240 [INFO] Logging to: https://wandb.ai/kriaz-msee20seecs-nust/ugttt-rebuttal/runs/y6y1mt4y
__main__:1949 [INFO]   [4][2/8] KEPT | R_exec=0.3409 (max=0.9174) RMI=0.0000 R_total=0.3409 | 2550.5s | GPU: 18.1/63.1GB
tinker_cookbook.utils.ml_log:143 [INFO] Wrote metrics to logs/aws/wave4/ahc039-base/metrics.jsonl
tinker_cookbook.utils.ml_log:240 [INFO] Logging to: https://wandb.ai/kriaz-msee20seecs-nust/ugttt-rebuttal/runs/y6y1mt4y
tinker_cookbook.rl.ensemble:1082 [INFO]   generate_batch_multi_adapter_two_phase: N=8 phase1_max=26000 streaming_mi=False kv_q=False
tinker_cookbook.rl.ensemble:1270 [INFO]     [gen/p1] step=2048/22854 active=8/8 mi_stopped=0
tinker_cookbook.rl.ensemble:1270 [INFO]     [gen/p1] step=4096/22854 active=8/8 mi_stopped=0
tinker_cookbook.rl.ensemble:1270 [INFO]     [gen/p1] step=6144/22854 active=8/8 mi_stopped=0
tinker_cookbook.rl.ensemble:1270 [INFO]     [gen/p1] step=8192/22854 active=8/8 mi_stopped=0
tinker_cookbook.rl.ensemble:1270 [INFO]     [gen/p1] step=10240/22854 active=8/8 mi_stopped=0
tinker_cookbook.rl.ensemble:1270 [INFO]     [gen/p1] step=12288/22854 active=7/8 mi_stopped=0
tinker_cookbook.rl.ensemble:1270 [INFO]     [gen/p1] step=14336/22854 active=7/8 mi_stopped=0
tinker_cookbook.rl.ensemble:1270 [INFO]     [gen/p1] step=16384/22854 active=2/8 mi_stopped=0
tinker_cookbook.rl.ensemble:1270 [INFO]     [gen/p1] step=18432/22854 active=1/8 mi_stopped=0
__main__:1078 [INFO]   Group 2: multi-adapter generation 8 seqs in 2485.1s
__main__:1108 [INFO]   Group 2: rewards computed in 209.2s
__main__:1150 [INFO]     [g2][r1/8] adapter=0 R_exec=1.2532 true_MI=0.00000 RMI=0.0000 R_total=1.2532 correct=1 tokens=14687
__main__:1150 [INFO]     [g2][r2/8] adapter=0 R_exec=1.2532 true_MI=0.00000 RMI=0.0000 R_total=1.2532 correct=1 tokens=11920
__main__:1150 [INFO]     [g2][r3/8] adapter=0 R_exec=1.2530 true_MI=0.00000 RMI=0.0000 R_total=1.2530 correct=1 tokens=20367
__main__:1150 [INFO]     [g2][r4/8] adapter=0 R_exec=1.2530 true_MI=0.00000 RMI=0.0000 R_total=1.2530 correct=1 tokens=15659
__main__:1150 [INFO]     [g2][r5/8] adapter=0 R_exec=0.0000 true_MI=0.00000 RMI=0.0000 R_total=0.0000 correct=0 tokens=14782
__main__:1150 [INFO]     [g2][r6/8] adapter=0 R_exec=1.2532 true_MI=0.00000 RMI=0.0000 R_total=1.2532 correct=1 tokens=14425
__main__:1150 [INFO]     [g2][r7/8] adapter=0 R_exec=0.0000 true_MI=0.00000 RMI=0.0000 R_total=0.0000 correct=0 tokens=16568
__main__:1150 [INFO]     [g2][r8/8] adapter=0 R_exec=1.2532 true_MI=0.00000 RMI=0.0000 R_total=1.2532 correct=1 tokens=15328
__main__:1167 [INFO]   [g2] group true_MI: mean=0.00000 std=0.00000 max=0.00000 normalized=[0.00 0.00 0.00 0.00 0.00 0.00 0.00 0.00]
tinker_cookbook.utils.ml_log:143 [INFO] Wrote metrics to logs/aws/wave4/ahc039-base/metrics.jsonl
tinker_cookbook.utils.ml_log:240 [INFO] Logging to: https://wandb.ai/kriaz-msee20seecs-nust/ugttt-rebuttal/runs/y6y1mt4y
tinker_cookbook.utils.ml_log:143 [INFO] Wrote metrics to logs/aws/wave4/ahc039-base/metrics.jsonl
tinker_cookbook.utils.ml_log:240 [INFO] Logging to: https://wandb.ai/kriaz-msee20seecs-nust/ugttt-rebuttal/runs/y6y1mt4y
tinker_cookbook.utils.ml_log:143 [INFO] Wrote metrics to logs/aws/wave4/ahc039-base/metrics.jsonl
tinker_cookbook.utils.ml_log:240 [INFO] Logging to: https://wandb.ai/kriaz-msee20seecs-nust/ugttt-rebuttal/runs/y6y1mt4y
tinker_cookbook.utils.ml_log:143 [INFO] Wrote metrics to logs/aws/wave4/ahc039-base/metrics.jsonl
tinker_cookbook.utils.ml_log:240 [INFO] Logging to: https://wandb.ai/kriaz-msee20seecs-nust/ugttt-rebuttal/runs/y6y1mt4y
tinker_cookbook.utils.ml_log:143 [INFO] Wrote metrics to logs/aws/wave4/ahc039-base/metrics.jsonl
tinker_cookbook.utils.ml_log:240 [INFO] Logging to: https://wandb.ai/kriaz-msee20seecs-nust/ugttt-rebuttal/runs/y6y1mt4y
tinker_cookbook.utils.ml_log:143 [INFO] Wrote metrics to logs/aws/wave4/ahc039-base/metrics.jsonl
tinker_cookbook.utils.ml_log:240 [INFO] Logging to: https://wandb.ai/kriaz-msee20seecs-nust/ugttt-rebuttal/runs/y6y1mt4y
tinker_cookbook.utils.ml_log:143 [INFO] Wrote metrics to logs/aws/wave4/ahc039-base/metrics.jsonl
tinker_cookbook.utils.ml_log:240 [INFO] Logging to: https://wandb.ai/kriaz-msee20seecs-nust/ugttt-rebuttal/runs/y6y1mt4y
tinker_cookbook.utils.ml_log:143 [INFO] Wrote metrics to logs/aws/wave4/ahc039-base/metrics.jsonl
tinker_cookbook.utils.ml_log:240 [INFO] Logging to: https://wandb.ai/kriaz-msee20seecs-nust/ugttt-rebuttal/runs/y6y1mt4y
__main__:1949 [INFO]   [4][3/8] KEPT | R_exec=0.9398 (max=1.2532) RMI=0.0000 R_total=0.9398 | 2694.4s | GPU: 18.1/63.5GB
tinker_cookbook.utils.ml_log:143 [INFO] Wrote metrics to logs/aws/wave4/ahc039-base/metrics.jsonl
tinker_cookbook.utils.ml_log:240 [INFO] Logging to: https://wandb.ai/kriaz-msee20seecs-nust/ugttt-rebuttal/runs/y6y1mt4y
tinker_cookbook.rl.ensemble:1082 [INFO]   generate_batch_multi_adapter_two_phase: N=8 phase1_max=26000 streaming_mi=False kv_q=False
tinker_cookbook.rl.ensemble:1270 [INFO]     [gen/p1] step=2048/23008 active=8/8 mi_stopped=0
tinker_cookbook.rl.ensemble:1270 [INFO]     [gen/p1] step=4096/23008 active=8/8 mi_stopped=0
tinker_cookbook.rl.ensemble:1270 [INFO]     [gen/p1] step=6144/23008 active=8/8 mi_stopped=0
tinker_cookbook.rl.ensemble:1270 [INFO]     [gen/p1] step=8192/23008 active=8/8 mi_stopped=0
tinker_cookbook.rl.ensemble:1270 [INFO]     [gen/p1] step=10240/23008 active=8/8 mi_stopped=0
tinker_cookbook.rl.ensemble:1270 [INFO]     [gen/p1] step=12288/23008 active=8/8 mi_stopped=0
tinker_cookbook.rl.ensemble:1270 [INFO]     [gen/p1] step=14336/23008 active=7/8 mi_stopped=0
tinker_cookbook.rl.ensemble:1270 [INFO]     [gen/p1] step=16384/23008 active=5/8 mi_stopped=0
__main__:1078 [INFO]   Group 3: multi-adapter generation 8 seqs in 2062.6s
__main__:1108 [INFO]   Group 3: rewards computed in 235.4s
__main__:1150 [INFO]     [g3][r1/8] adapter=0 R_exec=1.2530 true_MI=0.00000 RMI=0.0000 R_total=1.2530 correct=1 tokens=17132
__main__:1150 [INFO]     [g3][r2/8] adapter=0 R_exec=0.0000 true_MI=0.00000 RMI=0.0000 R_total=0.0000 correct=0 tokens=14050
__main__:1150 [INFO]     [g3][r3/8] adapter=0 R_exec=0.0000 true_MI=0.00000 RMI=0.0000 R_total=0.0000 correct=0 tokens=18000
__main__:1150 [INFO]     [g3][r4/8] adapter=0 R_exec=1.2532 true_MI=0.00000 RMI=0.0000 R_total=1.2532 correct=1 tokens=17942
__main__:1150 [INFO]     [g3][r5/8] adapter=0 R_exec=0.0000 true_MI=0.00000 RMI=0.0000 R_total=0.0000 correct=0 tokens=15434
__main__:1150 [INFO]     [g3][r6/8] adapter=0 R_exec=1.2532 true_MI=0.00000 RMI=0.0000 R_total=1.2532 correct=1 tokens=14410
__main__:1150 [INFO]     [g3][r7/8] adapter=0 R_exec=1.2530 true_MI=0.00000 RMI=0.0000 R_total=1.2530 correct=1 tokens=18123
__main__:1150 [INFO]     [g3][r8/8] adapter=0 R_exec=0.0000 true_MI=0.00000 RMI=0.0000 R_total=0.0000 correct=0 tokens=18188
__main__:1167 [INFO]   [g3] group true_MI: mean=0.00000 std=0.00000 max=0.00000 normalized=[0.00 0.00 0.00 0.00 0.00 0.00 0.00 0.00]
tinker_cookbook.utils.ml_log:143 [INFO] Wrote metrics to logs/aws/wave4/ahc039-base/metrics.jsonl
tinker_cookbook.utils.ml_log:240 [INFO] Logging to: https://wandb.ai/kriaz-msee20seecs-nust/ugttt-rebuttal/runs/y6y1mt4y
tinker_cookbook.utils.ml_log:143 [INFO] Wrote metrics to logs/aws/wave4/ahc039-base/metrics.jsonl
tinker_cookbook.utils.ml_log:240 [INFO] Logging to: https://wandb.ai/kriaz-msee20seecs-nust/ugttt-rebuttal/runs/y6y1mt4y
tinker_cookbook.utils.ml_log:143 [INFO] Wrote metrics to logs/aws/wave4/ahc039-base/metrics.jsonl
tinker_cookbook.utils.ml_log:240 [INFO] Logging to: https://wandb.ai/kriaz-msee20seecs-nust/ugttt-rebuttal/runs/y6y1mt4y
tinker_cookbook.utils.ml_log:143 [INFO] Wrote metrics to logs/aws/wave4/ahc039-base/metrics.jsonl
tinker_cookbook.utils.ml_log:240 [INFO] Logging to: https://wandb.ai/kriaz-msee20seecs-nust/ugttt-rebuttal/runs/y6y1mt4y
tinker_cookbook.utils.ml_log:143 [INFO] Wrote metrics to logs/aws/wave4/ahc039-base/metrics.jsonl
tinker_cookbook.utils.ml_log:240 [INFO] Logging to: https://wandb.ai/kriaz-msee20seecs-nust/ugttt-rebuttal/runs/y6y1mt4y
tinker_cookbook.utils.ml_log:143 [INFO] Wrote metrics to logs/aws/wave4/ahc039-base/metrics.jsonl
tinker_cookbook.utils.ml_log:240 [INFO] Logging to: https://wandb.ai/kriaz-msee20seecs-nust/ugttt-rebuttal/runs/y6y1mt4y
tinker_cookbook.utils.ml_log:143 [INFO] Wrote metrics to logs/aws/wave4/ahc039-base/metrics.jsonl
tinker_cookbook.utils.ml_log:240 [INFO] Logging to: https://wandb.ai/kriaz-msee20seecs-nust/ugttt-rebuttal/runs/y6y1mt4y
tinker_cookbook.utils.ml_log:143 [INFO] Wrote metrics to logs/aws/wave4/ahc039-base/metrics.jsonl
tinker_cookbook.utils.ml_log:240 [INFO] Logging to: https://wandb.ai/kriaz-msee20seecs-nust/ugttt-rebuttal/runs/y6y1mt4y
__main__:1949 [INFO]   [4][4/8] KEPT | R_exec=0.6265 (max=1.2532) RMI=0.0000 R_total=0.6265 | 2298.2s | GPU: 18.1/62.9GB
tinker_cookbook.utils.ml_log:143 [INFO] Wrote metrics to logs/aws/wave4/ahc039-base/metrics.jsonl
tinker_cookbook.utils.ml_log:240 [INFO] Logging to: https://wandb.ai/kriaz-msee20seecs-nust/ugttt-rebuttal/runs/y6y1mt4y
tinker_cookbook.rl.ensemble:1082 [INFO]   generate_batch_multi_adapter_two_phase: N=8 phase1_max=26000 streaming_mi=False kv_q=False
tinker_cookbook.rl.ensemble:1270 [INFO]     [gen/p1] step=2048/22394 active=8/8 mi_stopped=0
tinker_cookbook.rl.ensemble:1270 [INFO]     [gen/p1] step=4096/22394 active=8/8 mi_stopped=0
tinker_cookbook.rl.ensemble:1270 [INFO]     [gen/p1] step=6144/22394 active=8/8 mi_stopped=0
tinker_cookbook.rl.ensemble:1270 [INFO]     [gen/p1] step=8192/22394 active=8/8 mi_stopped=0
tinker_cookbook.rl.ensemble:1270 [INFO]     [gen/p1] step=10240/22394 active=8/8 mi_stopped=0
tinker_cookbook.rl.ensemble:1270 [INFO]     [gen/p1] step=12288/22394 active=7/8 mi_stopped=0
tinker_cookbook.rl.ensemble:1270 [INFO]     [gen/p1] step=14336/22394 active=6/8 mi_stopped=0
tinker_cookbook.rl.ensemble:1270 [INFO]     [gen/p1] step=16384/22394 active=3/8 mi_stopped=0
__main__:1078 [INFO]   Group 4: multi-adapter generation 8 seqs in 2073.9s
__main__:1108 [INFO]   Group 4: rewards computed in 319.3s
__main__:1150 [INFO]     [g4][r1/8] adapter=0 R_exec=0.0000 true_MI=0.00000 RMI=0.0000 R_total=0.0000 correct=0 tokens=17226
__main__:1150 [INFO]     [g4][r2/8] adapter=0 R_exec=0.0000 true_MI=0.00000 RMI=0.0000 R_total=0.0000 correct=0 tokens=17823
__main__:1150 [INFO]     [g4][r3/8] adapter=0 R_exec=0.0000 true_MI=0.00000 RMI=0.0000 R_total=0.0000 correct=0 tokens=13322
__main__:1150 [INFO]     [g4][r4/8] adapter=0 R_exec=0.0000 true_MI=0.00000 RMI=0.0000 R_total=0.0000 correct=0 tokens=17515
__main__:1150 [INFO]     [g4][r5/8] adapter=0 R_exec=0.0000 true_MI=0.00000 RMI=0.0000 R_total=0.0000 correct=0 tokens=16238
__main__:1150 [INFO]     [g4][r6/8] adapter=0 R_exec=1.2532 true_MI=0.00000 RMI=0.0000 R_total=1.2532 correct=1 tokens=16252
__main__:1150 [INFO]     [g4][r7/8] adapter=0 R_exec=1.2532 true_MI=0.00000 RMI=0.0000 R_total=1.2532 correct=1 tokens=11947
__main__:1150 [INFO]     [g4][r8/8] adapter=0 R_exec=1.2388 true_MI=0.00000 RMI=0.0000 R_total=1.2388 correct=1 tokens=15777
__main__:1167 [INFO]   [g4] group true_MI: mean=0.00000 std=0.00000 max=0.00000 normalized=[0.00 0.00 0.00 0.00 0.00 0.00 0.00 0.00]
tinker_cookbook.utils.ml_log:143 [INFO] Wrote metrics to logs/aws/wave4/ahc039-base/metrics.jsonl
tinker_cookbook.utils.ml_log:240 [INFO] Logging to: https://wandb.ai/kriaz-msee20seecs-nust/ugttt-rebuttal/runs/y6y1mt4y
tinker_cookbook.utils.ml_log:143 [INFO] Wrote metrics to logs/aws/wave4/ahc039-base/metrics.jsonl
tinker_cookbook.utils.ml_log:240 [INFO] Logging to: https://wandb.ai/kriaz-msee20seecs-nust/ugttt-rebuttal/runs/y6y1mt4y
tinker_cookbook.utils.ml_log:143 [INFO] Wrote metrics to logs/aws/wave4/ahc039-base/metrics.jsonl
tinker_cookbook.utils.ml_log:240 [INFO] Logging to: https://wandb.ai/kriaz-msee20seecs-nust/ugttt-rebuttal/runs/y6y1mt4y
tinker_cookbook.utils.ml_log:143 [INFO] Wrote metrics to logs/aws/wave4/ahc039-base/metrics.jsonl
tinker_cookbook.utils.ml_log:240 [INFO] Logging to: https://wandb.ai/kriaz-msee20seecs-nust/ugttt-rebuttal/runs/y6y1mt4y
tinker_cookbook.utils.ml_log:143 [INFO] Wrote metrics to logs/aws/wave4/ahc039-base/metrics.jsonl
tinker_cookbook.utils.ml_log:240 [INFO] Logging to: https://wandb.ai/kriaz-msee20seecs-nust/ugttt-rebuttal/runs/y6y1mt4y
tinker_cookbook.utils.ml_log:143 [INFO] Wrote metrics to logs/aws/wave4/ahc039-base/metrics.jsonl
tinker_cookbook.utils.ml_log:240 [INFO] Logging to: https://wandb.ai/kriaz-msee20seecs-nust/ugttt-rebuttal/runs/y6y1mt4y
tinker_cookbook.utils.ml_log:143 [INFO] Wrote metrics to logs/aws/wave4/ahc039-base/metrics.jsonl
tinker_cookbook.utils.ml_log:240 [INFO] Logging to: https://wandb.ai/kriaz-msee20seecs-nust/ugttt-rebuttal/runs/y6y1mt4y
tinker_cookbook.utils.ml_log:143 [INFO] Wrote metrics to logs/aws/wave4/ahc039-base/metrics.jsonl
tinker_cookbook.utils.ml_log:240 [INFO] Logging to: https://wandb.ai/kriaz-msee20seecs-nust/ugttt-rebuttal/runs/y6y1mt4y
__main__:1949 [INFO]   [4][5/8] KEPT | R_exec=0.4681 (max=1.2532) RMI=0.0000 R_total=0.4681 | 2393.3s | GPU: 18.1/64.2GB
tinker_cookbook.utils.ml_log:143 [INFO] Wrote metrics to logs/aws/wave4/ahc039-base/metrics.jsonl
tinker_cookbook.utils.ml_log:240 [INFO] Logging to: https://wandb.ai/kriaz-msee20seecs-nust/ugttt-rebuttal/runs/y6y1mt4y
tinker_cookbook.rl.ensemble:1082 [INFO]   generate_batch_multi_adapter_two_phase: N=8 phase1_max=26000 streaming_mi=False kv_q=False
tinker_cookbook.rl.ensemble:1270 [INFO]     [gen/p1] step=2048/23114 active=8/8 mi_stopped=0
tinker_cookbook.rl.ensemble:1270 [INFO]     [gen/p1] step=4096/23114 active=8/8 mi_stopped=0
tinker_cookbook.rl.ensemble:1270 [INFO]     [gen/p1] step=6144/23114 active=8/8 mi_stopped=0
tinker_cookbook.rl.ensemble:1270 [INFO]     [gen/p1] step=8192/23114 active=8/8 mi_stopped=0
tinker_cookbook.rl.ensemble:1270 [INFO]     [gen/p1] step=10240/23114 active=8/8 mi_stopped=0
tinker_cookbook.rl.ensemble:1270 [INFO]     [gen/p1] step=12288/23114 active=7/8 mi_stopped=0
tinker_cookbook.rl.ensemble:1270 [INFO]     [gen/p1] step=14336/23114 active=3/8 mi_stopped=0
tinker_cookbook.rl.ensemble:1270 [INFO]     [gen/p1] step=16384/23114 active=1/8 mi_stopped=0
__main__:1078 [INFO]   Group 5: multi-adapter generation 8 seqs in 1931.3s
__main__:1108 [INFO]   Group 5: rewards computed in 429.6s
__main__:1150 [INFO]     [g5][r1/8] adapter=0 R_exec=1.2532 true_MI=0.00000 RMI=0.0000 R_total=1.2532 correct=1 tokens=17518
__main__:1150 [INFO]     [g5][r2/8] adapter=0 R_exec=1.2532 true_MI=0.00000 RMI=0.0000 R_total=1.2532 correct=1 tokens=13529
__main__:1150 [INFO]     [g5][r3/8] adapter=0 R_exec=0.0000 true_MI=0.00000 RMI=0.0000 R_total=0.0000 correct=0 tokens=15347
__main__:1150 [INFO]     [g5][r4/8] adapter=0 R_exec=0.0968 true_MI=0.00000 RMI=0.0000 R_total=0.0968 correct=1 tokens=14678
__main__:1150 [INFO]     [g5][r5/8] adapter=0 R_exec=0.0947 true_MI=0.00000 RMI=0.0000 R_total=0.0947 correct=1 tokens=13965
__main__:1150 [INFO]     [g5][r6/8] adapter=0 R_exec=0.0000 true_MI=0.00000 RMI=0.0000 R_total=0.0000 correct=0 tokens=12658
__main__:1150 [INFO]     [g5][r7/8] adapter=0 R_exec=0.0000 true_MI=0.00000 RMI=0.0000 R_total=0.0000 correct=0 tokens=12135
__main__:1150 [INFO]     [g5][r8/8] adapter=0 R_exec=0.0000 true_MI=0.00000 RMI=0.0000 R_total=0.0000 correct=0 tokens=13976
__main__:1167 [INFO]   [g5] group true_MI: mean=0.00000 std=0.00000 max=0.00000 normalized=[0.00 0.00 0.00 0.00 0.00 0.00 0.00 0.00]
tinker_cookbook.utils.ml_log:143 [INFO] Wrote metrics to logs/aws/wave4/ahc039-base/metrics.jsonl
tinker_cookbook.utils.ml_log:240 [INFO] Logging to: https://wandb.ai/kriaz-msee20seecs-nust/ugttt-rebuttal/runs/y6y1mt4y
tinker_cookbook.utils.ml_log:143 [INFO] Wrote metrics to logs/aws/wave4/ahc039-base/metrics.jsonl
tinker_cookbook.utils.ml_log:240 [INFO] Logging to: https://wandb.ai/kriaz-msee20seecs-nust/ugttt-rebuttal/runs/y6y1mt4y
tinker_cookbook.utils.ml_log:143 [INFO] Wrote metrics to logs/aws/wave4/ahc039-base/metrics.jsonl
tinker_cookbook.utils.ml_log:240 [INFO] Logging to: https://wandb.ai/kriaz-msee20seecs-nust/ugttt-rebuttal/runs/y6y1mt4y
tinker_cookbook.utils.ml_log:143 [INFO] Wrote metrics to logs/aws/wave4/ahc039-base/metrics.jsonl
tinker_cookbook.utils.ml_log:240 [INFO] Logging to: https://wandb.ai/kriaz-msee20seecs-nust/ugttt-rebuttal/runs/y6y1mt4y
tinker_cookbook.utils.ml_log:143 [INFO] Wrote metrics to logs/aws/wave4/ahc039-base/metrics.jsonl
tinker_cookbook.utils.ml_log:240 [INFO] Logging to: https://wandb.ai/kriaz-msee20seecs-nust/ugttt-rebuttal/runs/y6y1mt4y
tinker_cookbook.utils.ml_log:143 [INFO] Wrote metrics to logs/aws/wave4/ahc039-base/metrics.jsonl
tinker_cookbook.utils.ml_log:240 [INFO] Logging to: https://wandb.ai/kriaz-msee20seecs-nust/ugttt-rebuttal/runs/y6y1mt4y
tinker_cookbook.utils.ml_log:143 [INFO] Wrote metrics to logs/aws/wave4/ahc039-base/metrics.jsonl
tinker_cookbook.utils.ml_log:240 [INFO] Logging to: https://wandb.ai/kriaz-msee20seecs-nust/ugttt-rebuttal/runs/y6y1mt4y
tinker_cookbook.utils.ml_log:143 [INFO] Wrote metrics to logs/aws/wave4/ahc039-base/metrics.jsonl
tinker_cookbook.utils.ml_log:240 [INFO] Logging to: https://wandb.ai/kriaz-msee20seecs-nust/ugttt-rebuttal/runs/y6y1mt4y
__main__:1949 [INFO]   [4][6/8] KEPT | R_exec=0.3372 (max=1.2532) RMI=0.0000 R_total=0.3372 | 2361.0s | GPU: 18.1/62.5GB
tinker_cookbook.utils.ml_log:143 [INFO] Wrote metrics to logs/aws/wave4/ahc039-base/metrics.jsonl
tinker_cookbook.utils.ml_log:240 [INFO] Logging to: https://wandb.ai/kriaz-msee20seecs-nust/ugttt-rebuttal/runs/y6y1mt4y
tinker_cookbook.rl.ensemble:1082 [INFO]   generate_batch_multi_adapter_two_phase: N=8 phase1_max=26000 streaming_mi=False kv_q=False
tinker_cookbook.rl.ensemble:1270 [INFO]     [gen/p1] step=2048/22771 active=8/8 mi_stopped=0
tinker_cookbook.rl.ensemble:1270 [INFO]     [gen/p1] step=4096/22771 active=8/8 mi_stopped=0
tinker_cookbook.rl.ensemble:1270 [INFO]     [gen/p1] step=6144/22771 active=8/8 mi_stopped=0
tinker_cookbook.rl.ensemble:1270 [INFO]     [gen/p1] step=8192/22771 active=8/8 mi_stopped=0
tinker_cookbook.rl.ensemble:1270 [INFO]     [gen/p1] step=10240/22771 active=8/8 mi_stopped=0
tinker_cookbook.rl.ensemble:1270 [INFO]     [gen/p1] step=12288/22771 active=8/8 mi_stopped=0
tinker_cookbook.rl.ensemble:1270 [INFO]     [gen/p1] step=14336/22771 active=6/8 mi_stopped=0
tinker_cookbook.rl.ensemble:1270 [INFO]     [gen/p1] step=16384/22771 active=3/8 mi_stopped=0
__main__:1078 [INFO]   Group 6: multi-adapter generation 8 seqs in 1991.4s
__main__:1108 [INFO]   Group 6: rewards computed in 213.1s
__main__:1150 [INFO]     [g6][r1/8] adapter=0 R_exec=1.0169 true_MI=0.00000 RMI=0.0000 R_total=1.0169 correct=1 tokens=17274
__main__:1150 [INFO]     [g6][r2/8] adapter=0 R_exec=1.2532 true_MI=0.00000 RMI=0.0000 R_total=1.2532 correct=1 tokens=14441
__main__:1150 [INFO]     [g6][r3/8] adapter=0 R_exec=1.2532 true_MI=0.00000 RMI=0.0000 R_total=1.2532 correct=1 tokens=14058
__main__:1150 [INFO]     [g6][r4/8] adapter=0 R_exec=0.1518 true_MI=0.00000 RMI=0.0000 R_total=0.1518 correct=1 tokens=17621
__main__:1150 [INFO]     [g6][r5/8] adapter=0 R_exec=0.0000 true_MI=0.00000 RMI=0.0000 R_total=0.0000 correct=0 tokens=15406
__main__:1150 [INFO]     [g6][r6/8] adapter=0 R_exec=1.2532 true_MI=0.00000 RMI=0.0000 R_total=1.2532 correct=1 tokens=15251
__main__:1150 [INFO]     [g6][r7/8] adapter=0 R_exec=1.2532 true_MI=0.00000 RMI=0.0000 R_total=1.2532 correct=1 tokens=14100
__main__:1150 [INFO]     [g6][r8/8] adapter=0 R_exec=0.0000 true_MI=0.00000 RMI=0.0000 R_total=0.0000 correct=0 tokens=16822
__main__:1167 [INFO]   [g6] group true_MI: mean=0.00000 std=0.00000 max=0.00000 normalized=[0.00 0.00 0.00 0.00 0.00 0.00 0.00 0.00]
tinker_cookbook.utils.ml_log:143 [INFO] Wrote metrics to logs/aws/wave4/ahc039-base/metrics.jsonl
tinker_cookbook.utils.ml_log:240 [INFO] Logging to: https://wandb.ai/kriaz-msee20seecs-nust/ugttt-rebuttal/runs/y6y1mt4y
tinker_cookbook.utils.ml_log:143 [INFO] Wrote metrics to logs/aws/wave4/ahc039-base/metrics.jsonl
tinker_cookbook.utils.ml_log:240 [INFO] Logging to: https://wandb.ai/kriaz-msee20seecs-nust/ugttt-rebuttal/runs/y6y1mt4y
tinker_cookbook.utils.ml_log:143 [INFO] Wrote metrics to logs/aws/wave4/ahc039-base/metrics.jsonl
tinker_cookbook.utils.ml_log:240 [INFO] Logging to: https://wandb.ai/kriaz-msee20seecs-nust/ugttt-rebuttal/runs/y6y1mt4y
tinker_cookbook.utils.ml_log:143 [INFO] Wrote metrics to logs/aws/wave4/ahc039-base/metrics.jsonl
tinker_cookbook.utils.ml_log:240 [INFO] Logging to: https://wandb.ai/kriaz-msee20seecs-nust/ugttt-rebuttal/runs/y6y1mt4y
tinker_cookbook.utils.ml_log:143 [INFO] Wrote metrics to logs/aws/wave4/ahc039-base/metrics.jsonl
tinker_cookbook.utils.ml_log:240 [INFO] Logging to: https://wandb.ai/kriaz-msee20seecs-nust/ugttt-rebuttal/runs/y6y1mt4y
tinker_cookbook.utils.ml_log:143 [INFO] Wrote metrics to logs/aws/wave4/ahc039-base/metrics.jsonl
tinker_cookbook.utils.ml_log:240 [INFO] Logging to: https://wandb.ai/kriaz-msee20seecs-nust/ugttt-rebuttal/runs/y6y1mt4y
tinker_cookbook.utils.ml_log:143 [INFO] Wrote metrics to logs/aws/wave4/ahc039-base/metrics.jsonl
tinker_cookbook.utils.ml_log:240 [INFO] Logging to: https://wandb.ai/kriaz-msee20seecs-nust/ugttt-rebuttal/runs/y6y1mt4y
tinker_cookbook.utils.ml_log:143 [INFO] Wrote metrics to logs/aws/wave4/ahc039-base/metrics.jsonl
tinker_cookbook.utils.ml_log:240 [INFO] Logging to: https://wandb.ai/kriaz-msee20seecs-nust/ugttt-rebuttal/runs/y6y1mt4y
__main__:1949 [INFO]   [4][7/8] KEPT | R_exec=0.7727 (max=1.2532) RMI=0.0000 R_total=0.7727 | 2204.5s | GPU: 18.1/62.8GB
tinker_cookbook.utils.ml_log:143 [INFO] Wrote metrics to logs/aws/wave4/ahc039-base/metrics.jsonl
tinker_cookbook.utils.ml_log:240 [INFO] Logging to: https://wandb.ai/kriaz-msee20seecs-nust/ugttt-rebuttal/runs/y6y1mt4y
tinker_cookbook.rl.ensemble:1082 [INFO]   generate_batch_multi_adapter_two_phase: N=8 phase1_max=26000 streaming_mi=False kv_q=False
tinker_cookbook.rl.ensemble:1270 [INFO]     [gen/p1] step=2048/23303 active=8/8 mi_stopped=0
tinker_cookbook.rl.ensemble:1270 [INFO]     [gen/p1] step=4096/23303 active=8/8 mi_stopped=0
tinker_cookbook.rl.ensemble:1270 [INFO]     [gen/p1] step=6144/23303 active=8/8 mi_stopped=0
tinker_cookbook.rl.ensemble:1270 [INFO]     [gen/p1] step=8192/23303 active=8/8 mi_stopped=0
tinker_cookbook.rl.ensemble:1270 [INFO]     [gen/p1] step=10240/23303 active=8/8 mi_stopped=0
tinker_cookbook.rl.ensemble:1270 [INFO]     [gen/p1] step=12288/23303 active=8/8 mi_stopped=0
tinker_cookbook.rl.ensemble:1270 [INFO]     [gen/p1] step=14336/23303 active=8/8 mi_stopped=0
tinker_cookbook.rl.ensemble:1270 [INFO]     [gen/p1] step=16384/23303 active=5/8 mi_stopped=0
tinker_cookbook.rl.ensemble:1270 [INFO]     [gen/p1] step=18432/23303 active=4/8 mi_stopped=0
__main__:1078 [INFO]   Group 7: multi-adapter generation 8 seqs in 2213.2s
__main__:1108 [INFO]   Group 7: rewards computed in 145.0s
__main__:1150 [INFO]     [g7][r1/8] adapter=0 R_exec=0.0947 true_MI=0.00000 RMI=0.0000 R_total=0.0947 correct=1 tokens=18488
__main__:1150 [INFO]     [g7][r2/8] adapter=0 R_exec=0.9877 true_MI=0.00000 RMI=0.0000 R_total=0.9877 correct=1 tokens=18673
__main__:1150 [INFO]     [g7][r3/8] adapter=0 R_exec=0.0000 true_MI=0.00000 RMI=0.0000 R_total=0.0000 correct=0 tokens=15545
__main__:1150 [INFO]     [g7][r4/8] adapter=0 R_exec=0.0968 true_MI=0.00000 RMI=0.0000 R_total=0.0968 correct=1 tokens=16075
__main__:1150 [INFO]     [g7][r5/8] adapter=0 R_exec=0.0000 true_MI=0.00000 RMI=0.0000 R_total=0.0000 correct=0 tokens=17843
__main__:1150 [INFO]     [g7][r6/8] adapter=0 R_exec=0.0000 true_MI=0.00000 RMI=0.0000 R_total=0.0000 correct=0 tokens=18487
__main__:1150 [INFO]     [g7][r7/8] adapter=0 R_exec=0.0000 true_MI=0.00000 RMI=0.0000 R_total=0.0000 correct=0 tokens=19212
__main__:1150 [INFO]     [g7][r8/8] adapter=0 R_exec=0.0000 true_MI=0.00000 RMI=0.0000 R_total=0.0000 correct=0 tokens=15863
__main__:1167 [INFO]   [g7] group true_MI: mean=0.00000 std=0.00000 max=0.00000 normalized=[0.00 0.00 0.00 0.00 0.00 0.00 0.00 0.00]
tinker_cookbook.utils.ml_log:143 [INFO] Wrote metrics to logs/aws/wave4/ahc039-base/metrics.jsonl
tinker_cookbook.utils.ml_log:240 [INFO] Logging to: https://wandb.ai/kriaz-msee20seecs-nust/ugttt-rebuttal/runs/y6y1mt4y
tinker_cookbook.utils.ml_log:143 [INFO] Wrote metrics to logs/aws/wave4/ahc039-base/metrics.jsonl
tinker_cookbook.utils.ml_log:240 [INFO] Logging to: https://wandb.ai/kriaz-msee20seecs-nust/ugttt-rebuttal/runs/y6y1mt4y
tinker_cookbook.utils.ml_log:143 [INFO] Wrote metrics to logs/aws/wave4/ahc039-base/metrics.jsonl
tinker_cookbook.utils.ml_log:240 [INFO] Logging to: https://wandb.ai/kriaz-msee20seecs-nust/ugttt-rebuttal/runs/y6y1mt4y
tinker_cookbook.utils.ml_log:143 [INFO] Wrote metrics to logs/aws/wave4/ahc039-base/metrics.jsonl
tinker_cookbook.utils.ml_log:240 [INFO] Logging to: https://wandb.ai/kriaz-msee20seecs-nust/ugttt-rebuttal/runs/y6y1mt4y
tinker_cookbook.utils.ml_log:143 [INFO] Wrote metrics to logs/aws/wave4/ahc039-base/metrics.jsonl
tinker_cookbook.utils.ml_log:240 [INFO] Logging to: https://wandb.ai/kriaz-msee20seecs-nust/ugttt-rebuttal/runs/y6y1mt4y
tinker_cookbook.utils.ml_log:143 [INFO] Wrote metrics to logs/aws/wave4/ahc039-base/metrics.jsonl
tinker_cookbook.utils.ml_log:240 [INFO] Logging to: https://wandb.ai/kriaz-msee20seecs-nust/ugttt-rebuttal/runs/y6y1mt4y
tinker_cookbook.utils.ml_log:143 [INFO] Wrote metrics to logs/aws/wave4/ahc039-base/metrics.jsonl
tinker_cookbook.utils.ml_log:240 [INFO] Logging to: https://wandb.ai/kriaz-msee20seecs-nust/ugttt-rebuttal/runs/y6y1mt4y
tinker_cookbook.utils.ml_log:143 [INFO] Wrote metrics to logs/aws/wave4/ahc039-base/metrics.jsonl
tinker_cookbook.utils.ml_log:240 [INFO] Logging to: https://wandb.ai/kriaz-msee20seecs-nust/ugttt-rebuttal/runs/y6y1mt4y
__main__:1949 [INFO]   [4][8/8] KEPT | R_exec=0.1474 (max=0.9877) RMI=0.0000 R_total=0.1474 | 2358.3s | GPU: 18.1/62.9GB
tinker_cookbook.utils.ml_log:143 [INFO] Wrote metrics to logs/aws/wave4/ahc039-base/metrics.jsonl
tinker_cookbook.utils.ml_log:240 [INFO] Logging to: https://wandb.ai/kriaz-msee20seecs-nust/ugttt-rebuttal/runs/y6y1mt4y
__main__:1988 [INFO] [Epoch 4] Rollout phase done in 19386.0s. Training on 8/8 groups...
tinker_cookbook.utils.ml_log:143 [INFO] Wrote metrics to logs/aws/wave4/ahc039-base/metrics.jsonl
tinker_cookbook.utils.ml_log:195 [INFO] 
┏━━━━━━━━━━━━━━━━━━━━━━━━━━━━━━━━┳━━━━━━━━━━━━━━┓
┃ Metric                         ┃ Value        ┃
┡━━━━━━━━━━━━━━━━━━━━━━━━━━━━━━━━╇━━━━━━━━━━━━━━┩
│ gpu/memory_allocated_gb        │ 18.092511    │
│ gpu/memory_peak_gb             │ 62.523490    │
│ gpu/memory_reserved_gb         │ 18.123588    │
│ kl_policy_base                 │ 0.002503     │
│ optim/entropy                  │ 0.478052     │
│ optim/kl_sample_train_v1       │ 0.000088     │
│ optim/kl_sample_train_v2       │ 0.000101     │
│ progress/done_frac             │ 0.833333     │
│ progress/epoch                 │ 4            │
│ rollout/groups_attempted       │ 8.000000     │
│ rollout/groups_filtered        │ 0.000000     │
│ rollout/groups_kept            │ 8.000000     │
│ rollout/intra_group_reward_std │ 0.528680     │
│ time/rollout                   │ 19385.973701 │
│ time/total                     │ 19909.704737 │
│ time/train                     │ 523.626452   │
│ train/advantage/max            │ 10.717886    │
│ train/advantage/mean           │ 0.300080     │
│ train/advantage/min            │ -1.000000    │
│ train/advantage/std            │ 1.822944     │
│ train/beta/mean                │ 13778.732726 │
│ train/beta/std                 │ 36415.329740 │
│ train/correctness/mean         │ 0.515625     │
│ train/correctness/rate         │ 0.515625     │
│ train/ensemble/frac_high_disa… │ 0.000000     │
│ train/ensemble/max_token_disa… │ nan          │
│ train/ensemble/member_logprob… │ 0.000000     │
│ train/ensemble/member_logprob… │ nan          │
│ train/gamma_eff/mean           │ 0.000000     │
│ train/gen/num_tokens/max       │ 20367.000000 │
│ train/gen/num_tokens/mean      │ 15960.078125 │
│ train/gen/num_tokens/std       │ 2077.665023  │
│ train/loss                     │ -0.300033    │
│ train/nnm_loss                 │ 0.000000     │
│ train/nnm_nuclear_norm         │ 0.000000     │
│ train/num_groups               │ 8.000000     │
│ train/num_rollouts             │ 64.000000    │
│ train/num_rollouts_total       │ 64.000000    │
│ train/reward/exec/best         │ 1.255773     │
│ train/reward/exec/max          │ 1.255773     │
│ train/reward/exec/mean         │ 0.514465     │
│ train/reward/exec/min          │ 0.000000     │
│ train/reward/exec/std          │ 0.588302     │
│ train/reward/rmi/max           │ 0.000000     │
│ train/reward/rmi/mean          │ 0.000000     │
│ train/reward/rmi/min           │ 0.000000     │
│ train/reward/rmi/std           │ 0.000000     │
│ train/reward/total/best        │ 1.255773     │
│ train/reward/total/max         │ 1.255773     │
│ train/reward/total/mean        │ 0.514465     │
│ train/reward/total/min         │ 0.000000     │
│ train/reward/total/std         │ 0.588302     │
│ train/streaming_mi/stop_rate   │ 0.000000     │
│ train/streaming_mi/tokens_sav… │ 0.000000     │
│ train/streaming_mi/tokens_sav… │ 0.000000     │
│ train/two_phase/phase1_tokens… │ 15960.078125 │
│ train/two_phase/phase2_tokens… │ 0.000000     │
│ train/two_phase/prefill_rate   │ 0.000000     │
│ train/uncertainty/predictive_… │ 0.000000     │
│ train/uncertainty/predictive_… │ 0.000000     │
│ train/uncertainty/predictive_… │ 0.000000     │
│ train/uncertainty/predictive_… │ 0.000000     │
│ train/uncertainty/predictive_… │ 0.000000     │
│ train/uncertainty/predictive_… │ 0.000000     │
│ train/uncertainty/predictive_… │ 0.000000     │
│ train/uncertainty/predictive_… │ 0.000000     │
│ train/uncertainty/rmi/max      │ 0.000000     │
│ train/uncertainty/rmi/mean     │ 0.000000     │
│ train/uncertainty/rmi/min      │ 0.000000     │
│ train/uncertainty/rmi/std      │ 0.000000     │
│ train/uncertainty/rmi_top7/max │ 0.000000     │
│ train/uncertainty/rmi_top7/me… │ 0.000000     │
│ train/uncertainty/rmi_top7/min │ 0.000000     │
│ train/uncertainty/rmi_top7/std │ 0.000000     │
│ train/uncertainty/top7_mi_cod… │ 0.000000     │
│ train/uncertainty/top7_mi_cod… │ 0.000000     │
│ train/uncertainty/top7_mi_thi… │ 0.000000     │
│ train/uncertainty/top7_mi_thi… │ 0.000000     │
│ train/uncertainty/top7_pct_co… │ 0.000000     │
│ train/uncertainty/top7_pct_co… │ 0.000000     │
│ train/uncertainty/top7_pct_th… │ 1.000000     │
│ train/uncertainty/top7_pct_th… │ 0.000000     │
│ train/uncertainty/true_mi/max  │ 0.000000     │
│ train/uncertainty/true_mi/mean │ 0.000000     │
│ train/uncertainty/true_mi/min  │ 0.000000     │
│ train/uncertainty/true_mi/std  │ 0.000000     │
│ train/uncertainty/variance/max │ nan          │
│ train/uncertainty/variance/me… │ nan          │
│ train/uncertainty/variance/min │ nan          │
│ train/uncertainty/variance/std │ nan          │
│ train/uncertainty/variance_to… │ nan          │
│ train/uncertainty/variance_to… │ nan          │
│ train/uncertainty/variance_to… │ nan          │
│ train/uncertainty/variance_to… │ nan          │
└────────────────────────────────┴──────────────┘
tinker_cookbook.utils.ml_log:240 [INFO] Logging to: https://wandb.ai/kriaz-msee20seecs-nust/ugttt-rebuttal/runs/y6y1mt4y
__main__:2062 [INFO] [Epoch 4] R_exec=0.5145 (max=1.2558 best=1.2558) RMI=0.0000 beta=13778.73 corr=51.6% loss=-0.3000 groups=8/8 time=19909.7s
__main__:2073 [INFO] Checkpoint saved at epoch 4
__main__:1836 [INFO] [Epoch 5/6] Starting rollout phase: 8 groups × 8 rollouts
tinker_cookbook.rl.ensemble:1082 [INFO]   generate_batch_multi_adapter_two_phase: N=8 phase1_max=26000 streaming_mi=False kv_q=False
tinker_cookbook.rl.ensemble:1270 [INFO]     [gen/p1] step=2048/22779 active=8/8 mi_stopped=0
tinker_cookbook.rl.ensemble:1270 [INFO]     [gen/p1] step=4096/22779 active=8/8 mi_stopped=0
tinker_cookbook.rl.ensemble:1270 [INFO]     [gen/p1] step=6144/22779 active=8/8 mi_stopped=0
tinker_cookbook.rl.ensemble:1270 [INFO]     [gen/p1] step=8192/22779 active=8/8 mi_stopped=0
tinker_cookbook.rl.ensemble:1270 [INFO]     [gen/p1] step=10240/22779 active=8/8 mi_stopped=0
tinker_cookbook.rl.ensemble:1270 [INFO]     [gen/p1] step=12288/22779 active=8/8 mi_stopped=0
tinker_cookbook.rl.ensemble:1270 [INFO]     [gen/p1] step=14336/22779 active=7/8 mi_stopped=0
tinker_cookbook.rl.ensemble:1270 [INFO]     [gen/p1] step=16384/22779 active=5/8 mi_stopped=0
tinker_cookbook.rl.ensemble:1270 [INFO]     [gen/p1] step=18432/22779 active=1/8 mi_stopped=0
__main__:1078 [INFO]   Group 0: multi-adapter generation 8 seqs in 2177.1s
__main__:1108 [INFO]   Group 0: rewards computed in 210.0s
__main__:1150 [INFO]     [g0][r1/8] adapter=0 R_exec=0.0000 true_MI=0.00000 RMI=0.0000 R_total=0.0000 correct=0 tokens=14993
__main__:1150 [INFO]     [g0][r2/8] adapter=0 R_exec=1.2558 true_MI=0.00000 RMI=0.0000 R_total=1.2558 correct=1 tokens=18661
__main__:1150 [INFO]     [g0][r3/8] adapter=0 R_exec=1.2558 true_MI=0.00000 RMI=0.0000 R_total=1.2558 correct=1 tokens=17643
__main__:1150 [INFO]     [g0][r4/8] adapter=0 R_exec=1.2362 true_MI=0.00000 RMI=0.0000 R_total=1.2362 correct=1 tokens=17073
__main__:1150 [INFO]     [g0][r5/8] adapter=0 R_exec=0.3559 true_MI=0.00000 RMI=0.0000 R_total=0.3559 correct=1 tokens=16712
__main__:1150 [INFO]     [g0][r6/8] adapter=0 R_exec=0.0000 true_MI=0.00000 RMI=0.0000 R_total=0.0000 correct=0 tokens=13961
__main__:1150 [INFO]     [g0][r7/8] adapter=0 R_exec=0.0000 true_MI=0.00000 RMI=0.0000 R_total=0.0000 correct=0 tokens=16655
__main__:1150 [INFO]     [g0][r8/8] adapter=0 R_exec=1.2361 true_MI=0.00000 RMI=0.0000 R_total=1.2361 correct=1 tokens=16305
__main__:1167 [INFO]   [g0] group true_MI: mean=0.00000 std=0.00000 max=0.00000 normalized=[0.00 0.00 0.00 0.00 0.00 0.00 0.00 0.00]
tinker_cookbook.utils.ml_log:143 [INFO] Wrote metrics to logs/aws/wave4/ahc039-base/metrics.jsonl
tinker_cookbook.utils.ml_log:240 [INFO] Logging to: https://wandb.ai/kriaz-msee20seecs-nust/ugttt-rebuttal/runs/y6y1mt4y
tinker_cookbook.utils.ml_log:143 [INFO] Wrote metrics to logs/aws/wave4/ahc039-base/metrics.jsonl
tinker_cookbook.utils.ml_log:240 [INFO] Logging to: https://wandb.ai/kriaz-msee20seecs-nust/ugttt-rebuttal/runs/y6y1mt4y
tinker_cookbook.utils.ml_log:143 [INFO] Wrote metrics to logs/aws/wave4/ahc039-base/metrics.jsonl
tinker_cookbook.utils.ml_log:240 [INFO] Logging to: https://wandb.ai/kriaz-msee20seecs-nust/ugttt-rebuttal/runs/y6y1mt4y
tinker_cookbook.utils.ml_log:143 [INFO] Wrote metrics to logs/aws/wave4/ahc039-base/metrics.jsonl
tinker_cookbook.utils.ml_log:240 [INFO] Logging to: https://wandb.ai/kriaz-msee20seecs-nust/ugttt-rebuttal/runs/y6y1mt4y
tinker_cookbook.utils.ml_log:143 [INFO] Wrote metrics to logs/aws/wave4/ahc039-base/metrics.jsonl
tinker_cookbook.utils.ml_log:240 [INFO] Logging to: https://wandb.ai/kriaz-msee20seecs-nust/ugttt-rebuttal/runs/y6y1mt4y
tinker_cookbook.utils.ml_log:143 [INFO] Wrote metrics to logs/aws/wave4/ahc039-base/metrics.jsonl
tinker_cookbook.utils.ml_log:240 [INFO] Logging to: https://wandb.ai/kriaz-msee20seecs-nust/ugttt-rebuttal/runs/y6y1mt4y
tinker_cookbook.utils.ml_log:143 [INFO] Wrote metrics to logs/aws/wave4/ahc039-base/metrics.jsonl
tinker_cookbook.utils.ml_log:240 [INFO] Logging to: https://wandb.ai/kriaz-msee20seecs-nust/ugttt-rebuttal/runs/y6y1mt4y
tinker_cookbook.utils.ml_log:143 [INFO] Wrote metrics to logs/aws/wave4/ahc039-base/metrics.jsonl
tinker_cookbook.utils.ml_log:240 [INFO] Logging to: https://wandb.ai/kriaz-msee20seecs-nust/ugttt-rebuttal/runs/y6y1mt4y
__main__:1949 [INFO]   [5][1/8] KEPT | R_exec=0.6675 (max=1.2558) RMI=0.0000 R_total=0.6675 | 2387.2s | GPU: 18.1/62.9GB
tinker_cookbook.utils.ml_log:143 [INFO] Wrote metrics to logs/aws/wave4/ahc039-base/metrics.jsonl
tinker_cookbook.utils.ml_log:240 [INFO] Logging to: https://wandb.ai/kriaz-msee20seecs-nust/ugttt-rebuttal/runs/y6y1mt4y
tinker_cookbook.rl.ensemble:1082 [INFO]   generate_batch_multi_adapter_two_phase: N=8 phase1_max=26000 streaming_mi=False kv_q=False
tinker_cookbook.rl.ensemble:1270 [INFO]     [gen/p1] step=2048/22705 active=8/8 mi_stopped=0
tinker_cookbook.rl.ensemble:1270 [INFO]     [gen/p1] step=4096/22705 active=8/8 mi_stopped=0
tinker_cookbook.rl.ensemble:1270 [INFO]     [gen/p1] step=6144/22705 active=8/8 mi_stopped=0
tinker_cookbook.rl.ensemble:1270 [INFO]     [gen/p1] step=8192/22705 active=8/8 mi_stopped=0
tinker_cookbook.rl.ensemble:1270 [INFO]     [gen/p1] step=10240/22705 active=8/8 mi_stopped=0
tinker_cookbook.rl.ensemble:1270 [INFO]     [gen/p1] step=12288/22705 active=8/8 mi_stopped=0
tinker_cookbook.rl.ensemble:1270 [INFO]     [gen/p1] step=14336/22705 active=7/8 mi_stopped=0
tinker_cookbook.rl.ensemble:1270 [INFO]     [gen/p1] step=16384/22705 active=5/8 mi_stopped=0
tinker_cookbook.rl.ensemble:1270 [INFO]     [gen/p1] step=18432/22705 active=1/8 mi_stopped=0
__main__:1078 [INFO]   Group 1: multi-adapter generation 8 seqs in 2309.2s
__main__:1108 [INFO]   Group 1: rewards computed in 289.3s
__main__:1150 [INFO]     [g1][r1/8] adapter=0 R_exec=0.0000 true_MI=0.00000 RMI=0.0000 R_total=0.0000 correct=0 tokens=15960
__main__:1150 [INFO]     [g1][r2/8] adapter=0 R_exec=0.0000 true_MI=0.00000 RMI=0.0000 R_total=0.0000 correct=0 tokens=16128
__main__:1150 [INFO]     [g1][r3/8] adapter=0 R_exec=1.2532 true_MI=0.00000 RMI=0.0000 R_total=1.2532 correct=1 tokens=17807
__main__:1150 [INFO]     [g1][r4/8] adapter=0 R_exec=0.0000 true_MI=0.00000 RMI=0.0000 R_total=0.0000 correct=0 tokens=17988
__main__:1150 [INFO]     [g1][r5/8] adapter=0 R_exec=1.0169 true_MI=0.00000 RMI=0.0000 R_total=1.0169 correct=1 tokens=12991
__main__:1150 [INFO]     [g1][r6/8] adapter=0 R_exec=1.1541 true_MI=0.00000 RMI=0.0000 R_total=1.1541 correct=1 tokens=19316
__main__:1150 [INFO]     [g1][r7/8] adapter=0 R_exec=1.2361 true_MI=0.00000 RMI=0.0000 R_total=1.2361 correct=1 tokens=17183
__main__:1150 [INFO]     [g1][r8/8] adapter=0 R_exec=1.2362 true_MI=0.00000 RMI=0.0000 R_total=1.2362 correct=1 tokens=18256
__main__:1167 [INFO]   [g1] group true_MI: mean=0.00000 std=0.00000 max=0.00000 normalized=[0.00 0.00 0.00 0.00 0.00 0.00 0.00 0.00]
tinker_cookbook.utils.ml_log:143 [INFO] Wrote metrics to logs/aws/wave4/ahc039-base/metrics.jsonl
tinker_cookbook.utils.ml_log:240 [INFO] Logging to: https://wandb.ai/kriaz-msee20seecs-nust/ugttt-rebuttal/runs/y6y1mt4y
tinker_cookbook.utils.ml_log:143 [INFO] Wrote metrics to logs/aws/wave4/ahc039-base/metrics.jsonl
tinker_cookbook.utils.ml_log:240 [INFO] Logging to: https://wandb.ai/kriaz-msee20seecs-nust/ugttt-rebuttal/runs/y6y1mt4y
tinker_cookbook.utils.ml_log:143 [INFO] Wrote metrics to logs/aws/wave4/ahc039-base/metrics.jsonl
tinker_cookbook.utils.ml_log:240 [INFO] Logging to: https://wandb.ai/kriaz-msee20seecs-nust/ugttt-rebuttal/runs/y6y1mt4y
tinker_cookbook.utils.ml_log:143 [INFO] Wrote metrics to logs/aws/wave4/ahc039-base/metrics.jsonl
tinker_cookbook.utils.ml_log:240 [INFO] Logging to: https://wandb.ai/kriaz-msee20seecs-nust/ugttt-rebuttal/runs/y6y1mt4y
tinker_cookbook.utils.ml_log:143 [INFO] Wrote metrics to logs/aws/wave4/ahc039-base/metrics.jsonl
tinker_cookbook.utils.ml_log:240 [INFO] Logging to: https://wandb.ai/kriaz-msee20seecs-nust/ugttt-rebuttal/runs/y6y1mt4y
tinker_cookbook.utils.ml_log:143 [INFO] Wrote metrics to logs/aws/wave4/ahc039-base/metrics.jsonl
tinker_cookbook.utils.ml_log:240 [INFO] Logging to: https://wandb.ai/kriaz-msee20seecs-nust/ugttt-rebuttal/runs/y6y1mt4y
tinker_cookbook.utils.ml_log:143 [INFO] Wrote metrics to logs/aws/wave4/ahc039-base/metrics.jsonl
tinker_cookbook.utils.ml_log:240 [INFO] Logging to: https://wandb.ai/kriaz-msee20seecs-nust/ugttt-rebuttal/runs/y6y1mt4y
tinker_cookbook.utils.ml_log:143 [INFO] Wrote metrics to logs/aws/wave4/ahc039-base/metrics.jsonl
tinker_cookbook.utils.ml_log:240 [INFO] Logging to: https://wandb.ai/kriaz-msee20seecs-nust/ugttt-rebuttal/runs/y6y1mt4y
__main__:1949 [INFO]   [5][2/8] KEPT | R_exec=0.7371 (max=1.2532) RMI=0.0000 R_total=0.7371 | 2598.6s | GPU: 18.1/63.1GB
tinker_cookbook.utils.ml_log:143 [INFO] Wrote metrics to logs/aws/wave4/ahc039-base/metrics.jsonl
tinker_cookbook.utils.ml_log:240 [INFO] Logging to: https://wandb.ai/kriaz-msee20seecs-nust/ugttt-rebuttal/runs/y6y1mt4y
tinker_cookbook.rl.ensemble:1082 [INFO]   generate_batch_multi_adapter_two_phase: N=8 phase1_max=26000 streaming_mi=False kv_q=False
tinker_cookbook.rl.ensemble:1270 [INFO]     [gen/p1] step=2048/23035 active=8/8 mi_stopped=0
tinker_cookbook.rl.ensemble:1270 [INFO]     [gen/p1] step=4096/23035 active=8/8 mi_stopped=0
tinker_cookbook.rl.ensemble:1270 [INFO]     [gen/p1] step=6144/23035 active=8/8 mi_stopped=0
tinker_cookbook.rl.ensemble:1270 [INFO]     [gen/p1] step=8192/23035 active=8/8 mi_stopped=0
tinker_cookbook.rl.ensemble:1270 [INFO]     [gen/p1] step=10240/23035 active=8/8 mi_stopped=0
tinker_cookbook.rl.ensemble:1270 [INFO]     [gen/p1] step=12288/23035 active=8/8 mi_stopped=0
tinker_cookbook.rl.ensemble:1270 [INFO]     [gen/p1] step=14336/23035 active=6/8 mi_stopped=0
tinker_cookbook.rl.ensemble:1270 [INFO]     [gen/p1] step=16384/23035 active=4/8 mi_stopped=0
tinker_cookbook.rl.ensemble:1270 [INFO]     [gen/p1] step=18432/23035 active=2/8 mi_stopped=0
__main__:1078 [INFO]   Group 2: multi-adapter generation 8 seqs in 2227.2s
__main__:1108 [INFO]   Group 2: rewards computed in 547.4s
__main__:1150 [INFO]     [g2][r1/8] adapter=0 R_exec=1.0169 true_MI=0.00000 RMI=0.0000 R_total=1.0169 correct=1 tokens=13332
__main__:1150 [INFO]     [g2][r2/8] adapter=0 R_exec=0.0000 true_MI=0.00000 RMI=0.0000 R_total=0.0000 correct=0 tokens=19119
__main__:1150 [INFO]     [g2][r3/8] adapter=0 R_exec=0.1688 true_MI=0.00000 RMI=0.0000 R_total=0.1688 correct=1 tokens=16755
__main__:1150 [INFO]     [g2][r4/8] adapter=0 R_exec=1.2532 true_MI=0.00000 RMI=0.0000 R_total=1.2532 correct=1 tokens=13966
__main__:1150 [INFO]     [g2][r5/8] adapter=0 R_exec=1.2532 true_MI=0.00000 RMI=0.0000 R_total=1.2532 correct=1 tokens=16982
__main__:1150 [INFO]     [g2][r6/8] adapter=0 R_exec=0.0000 true_MI=0.00000 RMI=0.0000 R_total=0.0000 correct=0 tokens=15300
__main__:1150 [INFO]     [g2][r7/8] adapter=0 R_exec=1.2532 true_MI=0.00000 RMI=0.0000 R_total=1.2532 correct=1 tokens=18499
__main__:1150 [INFO]     [g2][r8/8] adapter=0 R_exec=0.0000 true_MI=0.00000 RMI=0.0000 R_total=0.0000 correct=0 tokens=15649
__main__:1167 [INFO]   [g2] group true_MI: mean=0.00000 std=0.00000 max=0.00000 normalized=[0.00 0.00 0.00 0.00 0.00 0.00 0.00 0.00]
tinker_cookbook.utils.ml_log:143 [INFO] Wrote metrics to logs/aws/wave4/ahc039-base/metrics.jsonl
tinker_cookbook.utils.ml_log:240 [INFO] Logging to: https://wandb.ai/kriaz-msee20seecs-nust/ugttt-rebuttal/runs/y6y1mt4y
tinker_cookbook.utils.ml_log:143 [INFO] Wrote metrics to logs/aws/wave4/ahc039-base/metrics.jsonl
tinker_cookbook.utils.ml_log:240 [INFO] Logging to: https://wandb.ai/kriaz-msee20seecs-nust/ugttt-rebuttal/runs/y6y1mt4y
tinker_cookbook.utils.ml_log:143 [INFO] Wrote metrics to logs/aws/wave4/ahc039-base/metrics.jsonl
tinker_cookbook.utils.ml_log:240 [INFO] Logging to: https://wandb.ai/kriaz-msee20seecs-nust/ugttt-rebuttal/runs/y6y1mt4y
tinker_cookbook.utils.ml_log:143 [INFO] Wrote metrics to logs/aws/wave4/ahc039-base/metrics.jsonl
tinker_cookbook.utils.ml_log:240 [INFO] Logging to: https://wandb.ai/kriaz-msee20seecs-nust/ugttt-rebuttal/runs/y6y1mt4y
tinker_cookbook.utils.ml_log:143 [INFO] Wrote metrics to logs/aws/wave4/ahc039-base/metrics.jsonl
tinker_cookbook.utils.ml_log:240 [INFO] Logging to: https://wandb.ai/kriaz-msee20seecs-nust/ugttt-rebuttal/runs/y6y1mt4y
tinker_cookbook.utils.ml_log:143 [INFO] Wrote metrics to logs/aws/wave4/ahc039-base/metrics.jsonl
tinker_cookbook.utils.ml_log:240 [INFO] Logging to: https://wandb.ai/kriaz-msee20seecs-nust/ugttt-rebuttal/runs/y6y1mt4y
tinker_cookbook.utils.ml_log:143 [INFO] Wrote metrics to logs/aws/wave4/ahc039-base/metrics.jsonl
tinker_cookbook.utils.ml_log:240 [INFO] Logging to: https://wandb.ai/kriaz-msee20seecs-nust/ugttt-rebuttal/runs/y6y1mt4y
tinker_cookbook.utils.ml_log:143 [INFO] Wrote metrics to logs/aws/wave4/ahc039-base/metrics.jsonl
tinker_cookbook.utils.ml_log:240 [INFO] Logging to: https://wandb.ai/kriaz-msee20seecs-nust/ugttt-rebuttal/runs/y6y1mt4y
__main__:1949 [INFO]   [5][3/8] KEPT | R_exec=0.6181 (max=1.2532) RMI=0.0000 R_total=0.6181 | 2774.7s | GPU: 18.1/63.0GB
tinker_cookbook.utils.ml_log:143 [INFO] Wrote metrics to logs/aws/wave4/ahc039-base/metrics.jsonl
tinker_cookbook.utils.ml_log:240 [INFO] Logging to: https://wandb.ai/kriaz-msee20seecs-nust/ugttt-rebuttal/runs/y6y1mt4y
tinker_cookbook.rl.ensemble:1082 [INFO]   generate_batch_multi_adapter_two_phase: N=8 phase1_max=26000 streaming_mi=False kv_q=False
tinker_cookbook.rl.ensemble:1270 [INFO]     [gen/p1] step=2048/23125 active=8/8 mi_stopped=0
tinker_cookbook.rl.ensemble:1270 [INFO]     [gen/p1] step=4096/23125 active=8/8 mi_stopped=0
tinker_cookbook.rl.ensemble:1270 [INFO]     [gen/p1] step=6144/23125 active=8/8 mi_stopped=0
tinker_cookbook.rl.ensemble:1270 [INFO]     [gen/p1] step=8192/23125 active=8/8 mi_stopped=0
tinker_cookbook.rl.ensemble:1270 [INFO]     [gen/p1] step=10240/23125 active=8/8 mi_stopped=0
tinker_cookbook.rl.ensemble:1270 [INFO]     [gen/p1] step=12288/23125 active=8/8 mi_stopped=0
tinker_cookbook.rl.ensemble:1270 [INFO]     [gen/p1] step=14336/23125 active=7/8 mi_stopped=0
tinker_cookbook.rl.ensemble:1270 [INFO]     [gen/p1] step=16384/23125 active=6/8 mi_stopped=0
tinker_cookbook.rl.ensemble:1270 [INFO]     [gen/p1] step=18432/23125 active=5/8 mi_stopped=0
tinker_cookbook.rl.ensemble:1270 [INFO]     [gen/p1] step=20480/23125 active=2/8 mi_stopped=0
__main__:1078 [INFO]   Group 3: multi-adapter generation 8 seqs in 2674.1s
__main__:1108 [INFO]   Group 3: rewards computed in 394.3s
__main__:1150 [INFO]     [g3][r1/8] adapter=0 R_exec=1.2532 true_MI=0.00000 RMI=0.0000 R_total=1.2532 correct=1 tokens=15749
__main__:1150 [INFO]     [g3][r2/8] adapter=0 R_exec=1.2532 true_MI=0.00000 RMI=0.0000 R_total=1.2532 correct=1 tokens=20429
__main__:1150 [INFO]     [g3][r3/8] adapter=0 R_exec=1.0169 true_MI=0.00000 RMI=0.0000 R_total=1.0169 correct=1 tokens=21141
__main__:1150 [INFO]     [g3][r4/8] adapter=0 R_exec=1.1358 true_MI=0.00000 RMI=0.0000 R_total=1.1358 correct=1 tokens=19906
__main__:1150 [INFO]     [g3][r5/8] adapter=0 R_exec=0.0000 true_MI=0.00000 RMI=0.0000 R_total=0.0000 correct=0 tokens=21488
__main__:1150 [INFO]     [g3][r6/8] adapter=0 R_exec=1.2532 true_MI=0.00000 RMI=0.0000 R_total=1.2532 correct=1 tokens=16586
__main__:1150 [INFO]     [g3][r7/8] adapter=0 R_exec=1.2532 true_MI=0.00000 RMI=0.0000 R_total=1.2532 correct=1 tokens=18532
__main__:1150 [INFO]     [g3][r8/8] adapter=0 R_exec=1.0169 true_MI=0.00000 RMI=0.0000 R_total=1.0169 correct=1 tokens=13611
__main__:1167 [INFO]   [g3] group true_MI: mean=0.00000 std=0.00000 max=0.00000 normalized=[0.00 0.00 0.00 0.00 0.00 0.00 0.00 0.00]
tinker_cookbook.utils.ml_log:143 [INFO] Wrote metrics to logs/aws/wave4/ahc039-base/metrics.jsonl
tinker_cookbook.utils.ml_log:240 [INFO] Logging to: https://wandb.ai/kriaz-msee20seecs-nust/ugttt-rebuttal/runs/y6y1mt4y
tinker_cookbook.utils.ml_log:143 [INFO] Wrote metrics to logs/aws/wave4/ahc039-base/metrics.jsonl
tinker_cookbook.utils.ml_log:240 [INFO] Logging to: https://wandb.ai/kriaz-msee20seecs-nust/ugttt-rebuttal/runs/y6y1mt4y
tinker_cookbook.utils.ml_log:143 [INFO] Wrote metrics to logs/aws/wave4/ahc039-base/metrics.jsonl
tinker_cookbook.utils.ml_log:240 [INFO] Logging to: https://wandb.ai/kriaz-msee20seecs-nust/ugttt-rebuttal/runs/y6y1mt4y
tinker_cookbook.utils.ml_log:143 [INFO] Wrote metrics to logs/aws/wave4/ahc039-base/metrics.jsonl
tinker_cookbook.utils.ml_log:240 [INFO] Logging to: https://wandb.ai/kriaz-msee20seecs-nust/ugttt-rebuttal/runs/y6y1mt4y
tinker_cookbook.utils.ml_log:143 [INFO] Wrote metrics to logs/aws/wave4/ahc039-base/metrics.jsonl
tinker_cookbook.utils.ml_log:240 [INFO] Logging to: https://wandb.ai/kriaz-msee20seecs-nust/ugttt-rebuttal/runs/y6y1mt4y
tinker_cookbook.utils.ml_log:143 [INFO] Wrote metrics to logs/aws/wave4/ahc039-base/metrics.jsonl
tinker_cookbook.utils.ml_log:240 [INFO] Logging to: https://wandb.ai/kriaz-msee20seecs-nust/ugttt-rebuttal/runs/y6y1mt4y
tinker_cookbook.utils.ml_log:143 [INFO] Wrote metrics to logs/aws/wave4/ahc039-base/metrics.jsonl
tinker_cookbook.utils.ml_log:240 [INFO] Logging to: https://wandb.ai/kriaz-msee20seecs-nust/ugttt-rebuttal/runs/y6y1mt4y
tinker_cookbook.utils.ml_log:143 [INFO] Wrote metrics to logs/aws/wave4/ahc039-base/metrics.jsonl
tinker_cookbook.utils.ml_log:240 [INFO] Logging to: https://wandb.ai/kriaz-msee20seecs-nust/ugttt-rebuttal/runs/y6y1mt4y
__main__:1949 [INFO]   [5][4/8] KEPT | R_exec=1.0228 (max=1.2532) RMI=0.0000 R_total=1.0228 | 3068.6s | GPU: 18.1/63.0GB
tinker_cookbook.utils.ml_log:143 [INFO] Wrote metrics to logs/aws/wave4/ahc039-base/metrics.jsonl
tinker_cookbook.utils.ml_log:240 [INFO] Logging to: https://wandb.ai/kriaz-msee20seecs-nust/ugttt-rebuttal/runs/y6y1mt4y
tinker_cookbook.rl.ensemble:1082 [INFO]   generate_batch_multi_adapter_two_phase: N=8 phase1_max=26000 streaming_mi=False kv_q=False
tinker_cookbook.rl.ensemble:1270 [INFO]     [gen/p1] step=2048/22026 active=8/8 mi_stopped=0
tinker_cookbook.rl.ensemble:1270 [INFO]     [gen/p1] step=4096/22026 active=8/8 mi_stopped=0
tinker_cookbook.rl.ensemble:1270 [INFO]     [gen/p1] step=6144/22026 active=8/8 mi_stopped=0
tinker_cookbook.rl.ensemble:1270 [INFO]     [gen/p1] step=8192/22026 active=8/8 mi_stopped=0
tinker_cookbook.rl.ensemble:1270 [INFO]     [gen/p1] step=10240/22026 active=8/8 mi_stopped=0
tinker_cookbook.rl.ensemble:1270 [INFO]     [gen/p1] step=12288/22026 active=8/8 mi_stopped=0
tinker_cookbook.rl.ensemble:1270 [INFO]     [gen/p1] step=14336/22026 active=6/8 mi_stopped=0
tinker_cookbook.rl.ensemble:1270 [INFO]     [gen/p1] step=16384/22026 active=3/8 mi_stopped=0
tinker_cookbook.rl.ensemble:1270 [INFO]     [gen/p1] step=18432/22026 active=1/8 mi_stopped=0
tinker_cookbook.rl.ensemble:1270 [INFO]     [gen/p1] step=20480/22026 active=1/8 mi_stopped=0
__main__:1078 [INFO]   Group 4: multi-adapter generation 8 seqs in 2747.1s
__main__:1108 [INFO]   Group 4: rewards computed in 230.5s
__main__:1150 [INFO]     [g4][r1/8] adapter=0 R_exec=0.0000 true_MI=0.00000 RMI=0.0000 R_total=0.0000 correct=0 tokens=18144
__main__:1150 [INFO]     [g4][r2/8] adapter=0 R_exec=1.2530 true_MI=0.00000 RMI=0.0000 R_total=1.2530 correct=1 tokens=21077
__main__:1150 [INFO]     [g4][r3/8] adapter=0 R_exec=0.0000 true_MI=0.00000 RMI=0.0000 R_total=0.0000 correct=0 tokens=13822
__main__:1150 [INFO]     [g4][r4/8] adapter=0 R_exec=1.2532 true_MI=0.00000 RMI=0.0000 R_total=1.2532 correct=1 tokens=15781
__main__:1150 [INFO]     [g4][r5/8] adapter=0 R_exec=1.2532 true_MI=0.00000 RMI=0.0000 R_total=1.2532 correct=1 tokens=17110
__main__:1150 [INFO]     [g4][r6/8] adapter=0 R_exec=0.0000 true_MI=0.00000 RMI=0.0000 R_total=0.0000 correct=0 tokens=15405
__main__:1150 [INFO]     [g4][r7/8] adapter=0 R_exec=1.0251 true_MI=0.00000 RMI=0.0000 R_total=1.0251 correct=1 tokens=15632
__main__:1150 [INFO]     [g4][r8/8] adapter=0 R_exec=0.0000 true_MI=0.00000 RMI=0.0000 R_total=0.0000 correct=0 tokens=13932
__main__:1167 [INFO]   [g4] group true_MI: mean=0.00000 std=0.00000 max=0.00000 normalized=[0.00 0.00 0.00 0.00 0.00 0.00 0.00 0.00]
tinker_cookbook.utils.ml_log:143 [INFO] Wrote metrics to logs/aws/wave4/ahc039-base/metrics.jsonl
tinker_cookbook.utils.ml_log:240 [INFO] Logging to: https://wandb.ai/kriaz-msee20seecs-nust/ugttt-rebuttal/runs/y6y1mt4y
tinker_cookbook.utils.ml_log:143 [INFO] Wrote metrics to logs/aws/wave4/ahc039-base/metrics.jsonl
tinker_cookbook.utils.ml_log:240 [INFO] Logging to: https://wandb.ai/kriaz-msee20seecs-nust/ugttt-rebuttal/runs/y6y1mt4y
tinker_cookbook.utils.ml_log:143 [INFO] Wrote metrics to logs/aws/wave4/ahc039-base/metrics.jsonl
tinker_cookbook.utils.ml_log:240 [INFO] Logging to: https://wandb.ai/kriaz-msee20seecs-nust/ugttt-rebuttal/runs/y6y1mt4y
tinker_cookbook.utils.ml_log:143 [INFO] Wrote metrics to logs/aws/wave4/ahc039-base/metrics.jsonl
tinker_cookbook.utils.ml_log:240 [INFO] Logging to: https://wandb.ai/kriaz-msee20seecs-nust/ugttt-rebuttal/runs/y6y1mt4y
tinker_cookbook.utils.ml_log:143 [INFO] Wrote metrics to logs/aws/wave4/ahc039-base/metrics.jsonl
tinker_cookbook.utils.ml_log:240 [INFO] Logging to: https://wandb.ai/kriaz-msee20seecs-nust/ugttt-rebuttal/runs/y6y1mt4y
tinker_cookbook.utils.ml_log:143 [INFO] Wrote metrics to logs/aws/wave4/ahc039-base/metrics.jsonl
tinker_cookbook.utils.ml_log:240 [INFO] Logging to: https://wandb.ai/kriaz-msee20seecs-nust/ugttt-rebuttal/runs/y6y1mt4y
tinker_cookbook.utils.ml_log:143 [INFO] Wrote metrics to logs/aws/wave4/ahc039-base/metrics.jsonl
tinker_cookbook.utils.ml_log:240 [INFO] Logging to: https://wandb.ai/kriaz-msee20seecs-nust/ugttt-rebuttal/runs/y6y1mt4y
tinker_cookbook.utils.ml_log:143 [INFO] Wrote metrics to logs/aws/wave4/ahc039-base/metrics.jsonl
tinker_cookbook.utils.ml_log:240 [INFO] Logging to: https://wandb.ai/kriaz-msee20seecs-nust/ugttt-rebuttal/runs/y6y1mt4y
__main__:1949 [INFO]   [5][5/8] KEPT | R_exec=0.5980 (max=1.2532) RMI=0.0000 R_total=0.5980 | 2977.7s | GPU: 18.1/64.2GB
tinker_cookbook.utils.ml_log:143 [INFO] Wrote metrics to logs/aws/wave4/ahc039-base/metrics.jsonl
tinker_cookbook.utils.ml_log:240 [INFO] Logging to: https://wandb.ai/kriaz-msee20seecs-nust/ugttt-rebuttal/runs/y6y1mt4y
tinker_cookbook.rl.ensemble:1082 [INFO]   generate_batch_multi_adapter_two_phase: N=8 phase1_max=26000 streaming_mi=False kv_q=False
tinker_cookbook.rl.ensemble:1270 [INFO]     [gen/p1] step=2048/23008 active=8/8 mi_stopped=0
tinker_cookbook.rl.ensemble:1270 [INFO]     [gen/p1] step=4096/23008 active=8/8 mi_stopped=0
tinker_cookbook.rl.ensemble:1270 [INFO]     [gen/p1] step=6144/23008 active=8/8 mi_stopped=0
tinker_cookbook.rl.ensemble:1270 [INFO]     [gen/p1] step=8192/23008 active=8/8 mi_stopped=0
tinker_cookbook.rl.ensemble:1270 [INFO]     [gen/p1] step=10240/23008 active=8/8 mi_stopped=0
tinker_cookbook.rl.ensemble:1270 [INFO]     [gen/p1] step=12288/23008 active=8/8 mi_stopped=0
tinker_cookbook.rl.ensemble:1270 [INFO]     [gen/p1] step=14336/23008 active=8/8 mi_stopped=0
tinker_cookbook.rl.ensemble:1270 [INFO]     [gen/p1] step=16384/23008 active=2/8 mi_stopped=0
tinker_cookbook.rl.ensemble:1270 [INFO]     [gen/p1] step=18432/23008 active=1/8 mi_stopped=0
__main__:1078 [INFO]   Group 5: multi-adapter generation 8 seqs in 2397.3s
__main__:1108 [INFO]   Group 5: rewards computed in 186.8s
__main__:1150 [INFO]     [g5][r1/8] adapter=0 R_exec=0.0000 true_MI=0.00000 RMI=0.0000 R_total=0.0000 correct=0 tokens=15216
__main__:1150 [INFO]     [g5][r2/8] adapter=0 R_exec=0.0000 true_MI=0.00000 RMI=0.0000 R_total=0.0000 correct=0 tokens=15722
__main__:1150 [INFO]     [g5][r3/8] adapter=0 R_exec=1.2532 true_MI=0.00000 RMI=0.0000 R_total=1.2532 correct=1 tokens=16182
__main__:1150 [INFO]     [g5][r4/8] adapter=0 R_exec=1.2532 true_MI=0.00000 RMI=0.0000 R_total=1.2532 correct=1 tokens=20016
__main__:1150 [INFO]     [g5][r5/8] adapter=0 R_exec=0.0000 true_MI=0.00000 RMI=0.0000 R_total=0.0000 correct=0 tokens=14674
__main__:1150 [INFO]     [g5][r6/8] adapter=0 R_exec=0.0000 true_MI=0.00000 RMI=0.0000 R_total=0.0000 correct=0 tokens=15635
__main__:1150 [INFO]     [g5][r7/8] adapter=0 R_exec=0.0000 true_MI=0.00000 RMI=0.0000 R_total=0.0000 correct=0 tokens=15075
__main__:1150 [INFO]     [g5][r8/8] adapter=0 R_exec=0.0000 true_MI=0.00000 RMI=0.0000 R_total=0.0000 correct=0 tokens=17562
__main__:1167 [INFO]   [g5] group true_MI: mean=0.00000 std=0.00000 max=0.00000 normalized=[0.00 0.00 0.00 0.00 0.00 0.00 0.00 0.00]
tinker_cookbook.utils.ml_log:143 [INFO] Wrote metrics to logs/aws/wave4/ahc039-base/metrics.jsonl
tinker_cookbook.utils.ml_log:240 [INFO] Logging to: https://wandb.ai/kriaz-msee20seecs-nust/ugttt-rebuttal/runs/y6y1mt4y
tinker_cookbook.utils.ml_log:143 [INFO] Wrote metrics to logs/aws/wave4/ahc039-base/metrics.jsonl
tinker_cookbook.utils.ml_log:240 [INFO] Logging to: https://wandb.ai/kriaz-msee20seecs-nust/ugttt-rebuttal/runs/y6y1mt4y
tinker_cookbook.utils.ml_log:143 [INFO] Wrote metrics to logs/aws/wave4/ahc039-base/metrics.jsonl
tinker_cookbook.utils.ml_log:240 [INFO] Logging to: https://wandb.ai/kriaz-msee20seecs-nust/ugttt-rebuttal/runs/y6y1mt4y
tinker_cookbook.utils.ml_log:143 [INFO] Wrote metrics to logs/aws/wave4/ahc039-base/metrics.jsonl
tinker_cookbook.utils.ml_log:240 [INFO] Logging to: https://wandb.ai/kriaz-msee20seecs-nust/ugttt-rebuttal/runs/y6y1mt4y
tinker_cookbook.utils.ml_log:143 [INFO] Wrote metrics to logs/aws/wave4/ahc039-base/metrics.jsonl
tinker_cookbook.utils.ml_log:240 [INFO] Logging to: https://wandb.ai/kriaz-msee20seecs-nust/ugttt-rebuttal/runs/y6y1mt4y
tinker_cookbook.utils.ml_log:143 [INFO] Wrote metrics to logs/aws/wave4/ahc039-base/metrics.jsonl
tinker_cookbook.utils.ml_log:240 [INFO] Logging to: https://wandb.ai/kriaz-msee20seecs-nust/ugttt-rebuttal/runs/y6y1mt4y
tinker_cookbook.utils.ml_log:143 [INFO] Wrote metrics to logs/aws/wave4/ahc039-base/metrics.jsonl
tinker_cookbook.utils.ml_log:240 [INFO] Logging to: https://wandb.ai/kriaz-msee20seecs-nust/ugttt-rebuttal/runs/y6y1mt4y
tinker_cookbook.utils.ml_log:143 [INFO] Wrote metrics to logs/aws/wave4/ahc039-base/metrics.jsonl
tinker_cookbook.utils.ml_log:240 [INFO] Logging to: https://wandb.ai/kriaz-msee20seecs-nust/ugttt-rebuttal/runs/y6y1mt4y
__main__:1949 [INFO]   [5][6/8] KEPT | R_exec=0.3133 (max=1.2532) RMI=0.0000 R_total=0.3133 | 2584.1s | GPU: 18.1/63.1GB
tinker_cookbook.utils.ml_log:143 [INFO] Wrote metrics to logs/aws/wave4/ahc039-base/metrics.jsonl
tinker_cookbook.utils.ml_log:240 [INFO] Logging to: https://wandb.ai/kriaz-msee20seecs-nust/ugttt-rebuttal/runs/y6y1mt4y
tinker_cookbook.rl.ensemble:1082 [INFO]   generate_batch_multi_adapter_two_phase: N=8 phase1_max=26000 streaming_mi=False kv_q=False
tinker_cookbook.rl.ensemble:1270 [INFO]     [gen/p1] step=2048/22650 active=8/8 mi_stopped=0
tinker_cookbook.rl.ensemble:1270 [INFO]     [gen/p1] step=4096/22650 active=8/8 mi_stopped=0
tinker_cookbook.rl.ensemble:1270 [INFO]     [gen/p1] step=6144/22650 active=8/8 mi_stopped=0
tinker_cookbook.rl.ensemble:1270 [INFO]     [gen/p1] step=8192/22650 active=8/8 mi_stopped=0
tinker_cookbook.rl.ensemble:1270 [INFO]     [gen/p1] step=10240/22650 active=8/8 mi_stopped=0
tinker_cookbook.rl.ensemble:1270 [INFO]     [gen/p1] step=12288/22650 active=8/8 mi_stopped=0
tinker_cookbook.rl.ensemble:1270 [INFO]     [gen/p1] step=14336/22650 active=5/8 mi_stopped=0
tinker_cookbook.rl.ensemble:1270 [INFO]     [gen/p1] step=16384/22650 active=4/8 mi_stopped=0
tinker_cookbook.rl.ensemble:1270 [INFO]     [gen/p1] step=18432/22650 active=1/8 mi_stopped=0
tinker_cookbook.rl.ensemble:1270 [INFO]     [gen/p1] step=20480/22650 active=1/8 mi_stopped=0
__main__:1078 [INFO]   Group 6: multi-adapter generation 8 seqs in 2580.2s
__main__:1108 [INFO]   Group 6: rewards computed in 259.6s
__main__:1150 [INFO]     [g6][r1/8] adapter=0 R_exec=0.0000 true_MI=0.00000 RMI=0.0000 R_total=0.0000 correct=0 tokens=14954
__main__:1150 [INFO]     [g6][r2/8] adapter=0 R_exec=1.2532 true_MI=0.00000 RMI=0.0000 R_total=1.2532 correct=1 tokens=13688
__main__:1150 [INFO]     [g6][r3/8] adapter=0 R_exec=1.2532 true_MI=0.00000 RMI=0.0000 R_total=1.2532 correct=1 tokens=18356
__main__:1150 [INFO]     [g6][r4/8] adapter=0 R_exec=0.0000 true_MI=0.00000 RMI=0.0000 R_total=0.0000 correct=0 tokens=18375
__main__:1150 [INFO]     [g6][r5/8] adapter=0 R_exec=0.0000 true_MI=0.00000 RMI=0.0000 R_total=0.0000 correct=0 tokens=13159
__main__:1150 [INFO]     [g6][r6/8] adapter=0 R_exec=1.2532 true_MI=0.00000 RMI=0.0000 R_total=1.2532 correct=1 tokens=13733
__main__:1150 [INFO]     [g6][r7/8] adapter=0 R_exec=1.2532 true_MI=0.00000 RMI=0.0000 R_total=1.2532 correct=1 tokens=20697
__main__:1150 [INFO]     [g6][r8/8] adapter=0 R_exec=0.0000 true_MI=0.00000 RMI=0.0000 R_total=0.0000 correct=0 tokens=18174
__main__:1167 [INFO]   [g6] group true_MI: mean=0.00000 std=0.00000 max=0.00000 normalized=[0.00 0.00 0.00 0.00 0.00 0.00 0.00 0.00]
tinker_cookbook.utils.ml_log:143 [INFO] Wrote metrics to logs/aws/wave4/ahc039-base/metrics.jsonl
tinker_cookbook.utils.ml_log:240 [INFO] Logging to: https://wandb.ai/kriaz-msee20seecs-nust/ugttt-rebuttal/runs/y6y1mt4y
tinker_cookbook.utils.ml_log:143 [INFO] Wrote metrics to logs/aws/wave4/ahc039-base/metrics.jsonl
tinker_cookbook.utils.ml_log:240 [INFO] Logging to: https://wandb.ai/kriaz-msee20seecs-nust/ugttt-rebuttal/runs/y6y1mt4y
tinker_cookbook.utils.ml_log:143 [INFO] Wrote metrics to logs/aws/wave4/ahc039-base/metrics.jsonl
tinker_cookbook.utils.ml_log:240 [INFO] Logging to: https://wandb.ai/kriaz-msee20seecs-nust/ugttt-rebuttal/runs/y6y1mt4y
tinker_cookbook.utils.ml_log:143 [INFO] Wrote metrics to logs/aws/wave4/ahc039-base/metrics.jsonl
tinker_cookbook.utils.ml_log:240 [INFO] Logging to: https://wandb.ai/kriaz-msee20seecs-nust/ugttt-rebuttal/runs/y6y1mt4y
tinker_cookbook.utils.ml_log:143 [INFO] Wrote metrics to logs/aws/wave4/ahc039-base/metrics.jsonl
tinker_cookbook.utils.ml_log:240 [INFO] Logging to: https://wandb.ai/kriaz-msee20seecs-nust/ugttt-rebuttal/runs/y6y1mt4y
tinker_cookbook.utils.ml_log:143 [INFO] Wrote metrics to logs/aws/wave4/ahc039-base/metrics.jsonl
tinker_cookbook.utils.ml_log:240 [INFO] Logging to: https://wandb.ai/kriaz-msee20seecs-nust/ugttt-rebuttal/runs/y6y1mt4y
tinker_cookbook.utils.ml_log:143 [INFO] Wrote metrics to logs/aws/wave4/ahc039-base/metrics.jsonl
tinker_cookbook.utils.ml_log:240 [INFO] Logging to: https://wandb.ai/kriaz-msee20seecs-nust/ugttt-rebuttal/runs/y6y1mt4y
tinker_cookbook.utils.ml_log:143 [INFO] Wrote metrics to logs/aws/wave4/ahc039-base/metrics.jsonl
tinker_cookbook.utils.ml_log:240 [INFO] Logging to: https://wandb.ai/kriaz-msee20seecs-nust/ugttt-rebuttal/runs/y6y1mt4y
__main__:1949 [INFO]   [5][7/8] KEPT | R_exec=0.6266 (max=1.2532) RMI=0.0000 R_total=0.6266 | 2839.9s | GPU: 18.1/63.4GB
tinker_cookbook.utils.ml_log:143 [INFO] Wrote metrics to logs/aws/wave4/ahc039-base/metrics.jsonl
tinker_cookbook.utils.ml_log:240 [INFO] Logging to: https://wandb.ai/kriaz-msee20seecs-nust/ugttt-rebuttal/runs/y6y1mt4y
tinker_cookbook.rl.ensemble:1082 [INFO]   generate_batch_multi_adapter_two_phase: N=8 phase1_max=26000 streaming_mi=False kv_q=False
tinker_cookbook.rl.ensemble:1270 [INFO]     [gen/p1] step=2048/22794 active=8/8 mi_stopped=0
tinker_cookbook.rl.ensemble:1270 [INFO]     [gen/p1] step=4096/22794 active=8/8 mi_stopped=0
tinker_cookbook.rl.ensemble:1270 [INFO]     [gen/p1] step=6144/22794 active=8/8 mi_stopped=0
tinker_cookbook.rl.ensemble:1270 [INFO]     [gen/p1] step=8192/22794 active=8/8 mi_stopped=0
tinker_cookbook.rl.ensemble:1270 [INFO]     [gen/p1] step=10240/22794 active=8/8 mi_stopped=0
tinker_cookbook.rl.ensemble:1270 [INFO]     [gen/p1] step=12288/22794 active=8/8 mi_stopped=0
tinker_cookbook.rl.ensemble:1270 [INFO]     [gen/p1] step=14336/22794 active=8/8 mi_stopped=0
tinker_cookbook.rl.ensemble:1270 [INFO]     [gen/p1] step=16384/22794 active=5/8 mi_stopped=0
tinker_cookbook.rl.ensemble:1270 [INFO]     [gen/p1] step=18432/22794 active=3/8 mi_stopped=0
tinker_cookbook.rl.ensemble:1270 [INFO]     [gen/p1] step=20480/22794 active=2/8 mi_stopped=0
__main__:1078 [INFO]   Group 7: multi-adapter generation 8 seqs in 2645.7s
__main__:1108 [INFO]   Group 7: rewards computed in 284.0s
__main__:1150 [INFO]     [g7][r1/8] adapter=0 R_exec=1.2532 true_MI=0.00000 RMI=0.0000 R_total=1.2532 correct=1 tokens=15597
__main__:1150 [INFO]     [g7][r2/8] adapter=0 R_exec=0.0947 true_MI=0.00000 RMI=0.0000 R_total=0.0947 correct=1 tokens=15210
__main__:1150 [INFO]     [g7][r3/8] adapter=0 R_exec=0.0000 true_MI=0.00000 RMI=0.0000 R_total=0.0000 correct=0 tokens=17816
__main__:1150 [INFO]     [g7][r4/8] adapter=0 R_exec=1.2532 true_MI=0.00000 RMI=0.0000 R_total=1.2532 correct=1 tokens=21136
__main__:1150 [INFO]     [g7][r5/8] adapter=0 R_exec=0.0000 true_MI=0.00000 RMI=0.0000 R_total=0.0000 correct=0 tokens=20944
__main__:1150 [INFO]     [g7][r6/8] adapter=0 R_exec=1.2532 true_MI=0.00000 RMI=0.0000 R_total=1.2532 correct=1 tokens=19270
__main__:1150 [INFO]     [g7][r7/8] adapter=0 R_exec=0.0000 true_MI=0.00000 RMI=0.0000 R_total=0.0000 correct=0 tokens=14969
__main__:1150 [INFO]     [g7][r8/8] adapter=0 R_exec=1.2532 true_MI=0.00000 RMI=0.0000 R_total=1.2532 correct=1 tokens=17521
__main__:1167 [INFO]   [g7] group true_MI: mean=0.00000 std=0.00000 max=0.00000 normalized=[0.00 0.00 0.00 0.00 0.00 0.00 0.00 0.00]
tinker_cookbook.utils.ml_log:143 [INFO] Wrote metrics to logs/aws/wave4/ahc039-base/metrics.jsonl
tinker_cookbook.utils.ml_log:240 [INFO] Logging to: https://wandb.ai/kriaz-msee20seecs-nust/ugttt-rebuttal/runs/y6y1mt4y
tinker_cookbook.utils.ml_log:143 [INFO] Wrote metrics to logs/aws/wave4/ahc039-base/metrics.jsonl
tinker_cookbook.utils.ml_log:240 [INFO] Logging to: https://wandb.ai/kriaz-msee20seecs-nust/ugttt-rebuttal/runs/y6y1mt4y
tinker_cookbook.utils.ml_log:143 [INFO] Wrote metrics to logs/aws/wave4/ahc039-base/metrics.jsonl
tinker_cookbook.utils.ml_log:240 [INFO] Logging to: https://wandb.ai/kriaz-msee20seecs-nust/ugttt-rebuttal/runs/y6y1mt4y
tinker_cookbook.utils.ml_log:143 [INFO] Wrote metrics to logs/aws/wave4/ahc039-base/metrics.jsonl
tinker_cookbook.utils.ml_log:240 [INFO] Logging to: https://wandb.ai/kriaz-msee20seecs-nust/ugttt-rebuttal/runs/y6y1mt4y
tinker_cookbook.utils.ml_log:143 [INFO] Wrote metrics to logs/aws/wave4/ahc039-base/metrics.jsonl
tinker_cookbook.utils.ml_log:240 [INFO] Logging to: https://wandb.ai/kriaz-msee20seecs-nust/ugttt-rebuttal/runs/y6y1mt4y
tinker_cookbook.utils.ml_log:143 [INFO] Wrote metrics to logs/aws/wave4/ahc039-base/metrics.jsonl
tinker_cookbook.utils.ml_log:240 [INFO] Logging to: https://wandb.ai/kriaz-msee20seecs-nust/ugttt-rebuttal/runs/y6y1mt4y
tinker_cookbook.utils.ml_log:143 [INFO] Wrote metrics to logs/aws/wave4/ahc039-base/metrics.jsonl
tinker_cookbook.utils.ml_log:240 [INFO] Logging to: https://wandb.ai/kriaz-msee20seecs-nust/ugttt-rebuttal/runs/y6y1mt4y
tinker_cookbook.utils.ml_log:143 [INFO] Wrote metrics to logs/aws/wave4/ahc039-base/metrics.jsonl
tinker_cookbook.utils.ml_log:240 [INFO] Logging to: https://wandb.ai/kriaz-msee20seecs-nust/ugttt-rebuttal/runs/y6y1mt4y
__main__:1949 [INFO]   [5][8/8] KEPT | R_exec=0.6384 (max=1.2532) RMI=0.0000 R_total=0.6384 | 2929.8s | GPU: 18.1/63.2GB
tinker_cookbook.utils.ml_log:143 [INFO] Wrote metrics to logs/aws/wave4/ahc039-base/metrics.jsonl
tinker_cookbook.utils.ml_log:240 [INFO] Logging to: https://wandb.ai/kriaz-msee20seecs-nust/ugttt-rebuttal/runs/y6y1mt4y
__main__:1988 [INFO] [Epoch 5] Rollout phase done in 22162.2s. Training on 8/8 groups...
tinker_cookbook.utils.ml_log:143 [INFO] Wrote metrics to logs/aws/wave4/ahc039-base/metrics.jsonl
tinker_cookbook.utils.ml_log:195 [INFO] 
┏━━━━━━━━━━━━━━━━━━━━━━━━━━━━━━━━┳━━━━━━━━━━━━━━┓
┃ Metric                         ┃ Value        ┃
┡━━━━━━━━━━━━━━━━━━━━━━━━━━━━━━━━╇━━━━━━━━━━━━━━┩
│ gpu/memory_allocated_gb        │ 18.092511    │
│ gpu/memory_peak_gb             │ 63.300263    │
│ gpu/memory_reserved_gb         │ 18.123588    │
│ kl_policy_base                 │ 0.002392     │
│ optim/entropy                  │ 0.471976     │
│ optim/kl_sample_train_v1       │ 0.000091     │
│ optim/kl_sample_train_v2       │ 0.000099     │
│ progress/done_frac             │ 1.000000     │
│ progress/epoch                 │ 5            │
│ rollout/groups_attempted       │ 8.000000     │
│ rollout/groups_filtered        │ 0.000000     │
│ rollout/groups_kept            │ 8.000000     │
│ rollout/intra_group_reward_std │ 0.566507     │
│ time/rollout                   │ 22162.164015 │
│ time/total                     │ 22720.692127 │
│ time/train                     │ 558.415785   │
│ train/advantage/max            │ 3.771734     │
│ train/advantage/mean           │ 0.205929     │
│ train/advantage/min            │ -1.000000    │
│ train/advantage/std            │ 1.425283     │
│ train/beta/mean                │ 27.270042    │
│ train/beta/std                 │ 49.270063    │
│ train/correctness/mean         │ 0.578125     │
│ train/correctness/rate         │ 0.578125     │
│ train/ensemble/frac_high_disa… │ 0.000000     │
│ train/ensemble/max_token_disa… │ nan          │
│ train/ensemble/member_logprob… │ 0.000000     │
│ train/ensemble/member_logprob… │ nan          │
│ train/gamma_eff/mean           │ 0.000000     │
│ train/gen/num_tokens/max       │ 21488.000000 │
│ train/gen/num_tokens/mean      │ 16863.437500 │
│ train/gen/num_tokens/std       │ 2258.049247  │
│ train/loss                     │ -0.205922    │
│ train/nnm_loss                 │ 0.000000     │
│ train/nnm_nuclear_norm         │ 0.000000     │
│ train/num_groups               │ 8.000000     │
│ train/num_rollouts             │ 64.000000    │
│ train/num_rollouts_total       │ 64.000000    │
│ train/reward/exec/best         │ 1.255773     │
│ train/reward/exec/max          │ 1.255773     │
│ train/reward/exec/mean         │ 0.652725     │
│ train/reward/exec/min          │ 0.000000     │
│ train/reward/exec/std          │ 0.598838     │
│ train/reward/rmi/max           │ 0.000000     │
│ train/reward/rmi/mean          │ 0.000000     │
│ train/reward/rmi/min           │ 0.000000     │
│ train/reward/rmi/std           │ 0.000000     │
│ train/reward/total/best        │ 1.255773     │
│ train/reward/total/max         │ 1.255773     │
│ train/reward/total/mean        │ 0.652725     │
│ train/reward/total/min         │ 0.000000     │
│ train/reward/total/std         │ 0.598838     │
│ train/streaming_mi/stop_rate   │ 0.000000     │
│ train/streaming_mi/tokens_sav… │ 0.000000     │
│ train/streaming_mi/tokens_sav… │ 0.000000     │
│ train/two_phase/phase1_tokens… │ 16863.437500 │
│ train/two_phase/phase2_tokens… │ 0.000000     │
│ train/two_phase/prefill_rate   │ 0.000000     │
│ train/uncertainty/predictive_… │ 0.000000     │
│ train/uncertainty/predictive_… │ 0.000000     │
│ train/uncertainty/predictive_… │ 0.000000     │
│ train/uncertainty/predictive_… │ 0.000000     │
│ train/uncertainty/predictive_… │ 0.000000     │
│ train/uncertainty/predictive_… │ 0.000000     │
│ train/uncertainty/predictive_… │ 0.000000     │
│ train/uncertainty/predictive_… │ 0.000000     │
│ train/uncertainty/rmi/max      │ 0.000000     │
│ train/uncertainty/rmi/mean     │ 0.000000     │
│ train/uncertainty/rmi/min      │ 0.000000     │
│ train/uncertainty/rmi/std      │ 0.000000     │
│ train/uncertainty/rmi_top7/max │ 0.000000     │
│ train/uncertainty/rmi_top7/me… │ 0.000000     │
│ train/uncertainty/rmi_top7/min │ 0.000000     │
│ train/uncertainty/rmi_top7/std │ 0.000000     │
│ train/uncertainty/top7_mi_cod… │ 0.000000     │
│ train/uncertainty/top7_mi_cod… │ 0.000000     │
│ train/uncertainty/top7_mi_thi… │ 0.000000     │
│ train/uncertainty/top7_mi_thi… │ 0.000000     │
│ train/uncertainty/top7_pct_co… │ 0.000000     │
│ train/uncertainty/top7_pct_co… │ 0.000000     │
│ train/uncertainty/top7_pct_th… │ 1.000000     │
│ train/uncertainty/top7_pct_th… │ 0.000000     │
│ train/uncertainty/true_mi/max  │ 0.000000     │
│ train/uncertainty/true_mi/mean │ 0.000000     │
│ train/uncertainty/true_mi/min  │ 0.000000     │
│ train/uncertainty/true_mi/std  │ 0.000000     │
│ train/uncertainty/variance/max │ nan          │
│ train/uncertainty/variance/me… │ nan          │
│ train/uncertainty/variance/min │ nan          │
│ train/uncertainty/variance/std │ nan          │
│ train/uncertainty/variance_to… │ nan          │
│ train/uncertainty/variance_to… │ nan          │
│ train/uncertainty/variance_to… │ nan          │
│ train/uncertainty/variance_to… │ nan          │
└────────────────────────────────┴──────────────┘
tinker_cookbook.utils.ml_log:240 [INFO] Logging to: https://wandb.ai/kriaz-msee20seecs-nust/ugttt-rebuttal/runs/y6y1mt4y
__main__:2062 [INFO] [Epoch 5] R_exec=0.6527 (max=1.2558 best=1.2558) RMI=0.0000 beta=27.27 corr=57.8% loss=-0.2059 groups=8/8 time=22720.7s
__main__:2073 [INFO] Checkpoint saved at epoch 5
__main__:2082 [INFO] Training complete
