tinker_cookbook.utils.ml_log:525 [INFO] Logging to: logs/aws/wave1-rerun/cp26-base-seed2
__main__:1657 [INFO] Active loggers: ['JsonLogger', 'PrettyPrintLogger', 'WandbLogger']
__main__:1690 [INFO] Loading base model: Qwen/Qwen3-8B (fp16)
root:227 [INFO] Loading model with precision - fp16
tinker_cookbook.utils.ml_log:525 [INFO] Logging to: logs/aws/wave1-rerun/cp26-base-seed2
__main__:1657 [INFO] Active loggers: ['JsonLogger', 'PrettyPrintLogger', 'WandbLogger']
__main__:1690 [INFO] Loading base model: Qwen/Qwen3-8B (fp16)
root:227 [INFO] Loading model with precision - fp16
tinker_cookbook.utils.ml_log:525 [INFO] Logging to: logs/aws/wave1-rerun/cp26-base-seed2
__main__:1657 [INFO] Active loggers: ['JsonLogger', 'PrettyPrintLogger', 'WandbLogger']
__main__:1690 [INFO] Loading base model: Qwen/Qwen3-8B (fp16)
root:227 [INFO] Loading model with precision - fp16
root:255 [INFO] loading llama compatible model - qwen3
root:49 [INFO] Adapter ensemble_0 without lr_scheduler.
tinker_cookbook.rl.ensemble:123 [INFO] Initialized 1 LoRA ensemble members (rank=16)
__main__:1779 [INFO] Training: 6 epochs, 8 groups/batch × 8 rollouts/group, K=1 adapters, γ=0.0
__main__:1784 [INFO] Parallelism: batched generation (8 seqs/batch), threaded rewards (8 workers), batched ensemble scoring
__main__:1807 [INFO] Two-phase sampling enabled: phase1_max=26000, context_window=32768, prefill_len=22, stop_ids=[151645]
__main__:1836 [INFO] [Epoch 0/6] Starting rollout phase: 8 groups × 8 rollouts
tinker_cookbook.rl.ensemble:1082 [INFO]   generate_batch_multi_adapter_two_phase: N=8 phase1_max=26000 streaming_mi=False kv_q=False
tinker_cookbook.rl.ensemble:1270 [INFO]     [gen/p1] step=2048/25146 active=8/8 mi_stopped=0
tinker_cookbook.rl.ensemble:1270 [INFO]     [gen/p1] step=4096/25146 active=8/8 mi_stopped=0
tinker_cookbook.rl.ensemble:1270 [INFO]     [gen/p1] step=6144/25146 active=8/8 mi_stopped=0
tinker_cookbook.rl.ensemble:1270 [INFO]     [gen/p1] step=8192/25146 active=8/8 mi_stopped=0
tinker_cookbook.rl.ensemble:1270 [INFO]     [gen/p1] step=10240/25146 active=5/8 mi_stopped=0
tinker_cookbook.rl.ensemble:1270 [INFO]     [gen/p1] step=12288/25146 active=4/8 mi_stopped=0
tinker_cookbook.rl.ensemble:1270 [INFO]     [gen/p1] step=14336/25146 active=3/8 mi_stopped=0
__main__:1078 [INFO]   Group 0: multi-adapter generation 8 seqs in 1311.0s
__main__:1108 [INFO]   Group 0: rewards computed in 6.7s
__main__:1150 [INFO]     [g0][r1/8] adapter=0 R_exec=0.0000 true_MI=0.00000 RMI=0.0000 R_total=0.0000 correct=0 tokens=14531
__main__:1150 [INFO]     [g0][r2/8] adapter=0 R_exec=0.0000 true_MI=0.00000 RMI=0.0000 R_total=0.0000 correct=0 tokens=14786
__main__:1150 [INFO]     [g0][r3/8] adapter=0 R_exec=0.0000 true_MI=0.00000 RMI=0.0000 R_total=0.0000 correct=0 tokens=9169
__main__:1150 [INFO]     [g0][r4/8] adapter=0 R_exec=0.0000 true_MI=0.00000 RMI=0.0000 R_total=0.0000 correct=0 tokens=8553
__main__:1150 [INFO]     [g0][r5/8] adapter=0 R_exec=0.0000 true_MI=0.00000 RMI=0.0000 R_total=0.0000 correct=0 tokens=9799
__main__:1150 [INFO]     [g0][r6/8] adapter=0 R_exec=0.0000 true_MI=0.00000 RMI=0.0000 R_total=0.0000 correct=0 tokens=12492
__main__:1150 [INFO]     [g0][r7/8] adapter=0 R_exec=2.6104 true_MI=0.00000 RMI=0.0000 R_total=2.6104 correct=1 tokens=10680
__main__:1150 [INFO]     [g0][r8/8] adapter=0 R_exec=0.0000 true_MI=0.00000 RMI=0.0000 R_total=0.0000 correct=0 tokens=14949
__main__:1167 [INFO]   [g0] group true_MI: mean=0.00000 std=0.00000 max=0.00000 normalized=[0.00 0.00 0.00 0.00 0.00 0.00 0.00 0.00]
tinker_cookbook.utils.ml_log:143 [INFO] Wrote metrics to logs/aws/wave1-rerun/cp26-base-seed2/metrics.jsonl
tinker_cookbook.utils.ml_log:240 [INFO] Logging to: https://wandb.ai/kriaz-msee20seecs-nust/ugttt-rebuttal/runs/i08k0v16
tinker_cookbook.utils.ml_log:143 [INFO] Wrote metrics to logs/aws/wave1-rerun/cp26-base-seed2/metrics.jsonl
tinker_cookbook.utils.ml_log:240 [INFO] Logging to: https://wandb.ai/kriaz-msee20seecs-nust/ugttt-rebuttal/runs/i08k0v16
tinker_cookbook.utils.ml_log:143 [INFO] Wrote metrics to logs/aws/wave1-rerun/cp26-base-seed2/metrics.jsonl
tinker_cookbook.utils.ml_log:240 [INFO] Logging to: https://wandb.ai/kriaz-msee20seecs-nust/ugttt-rebuttal/runs/i08k0v16
tinker_cookbook.utils.ml_log:143 [INFO] Wrote metrics to logs/aws/wave1-rerun/cp26-base-seed2/metrics.jsonl
tinker_cookbook.utils.ml_log:240 [INFO] Logging to: https://wandb.ai/kriaz-msee20seecs-nust/ugttt-rebuttal/runs/i08k0v16
tinker_cookbook.utils.ml_log:143 [INFO] Wrote metrics to logs/aws/wave1-rerun/cp26-base-seed2/metrics.jsonl
tinker_cookbook.utils.ml_log:240 [INFO] Logging to: https://wandb.ai/kriaz-msee20seecs-nust/ugttt-rebuttal/runs/i08k0v16
tinker_cookbook.utils.ml_log:143 [INFO] Wrote metrics to logs/aws/wave1-rerun/cp26-base-seed2/metrics.jsonl
tinker_cookbook.utils.ml_log:240 [INFO] Logging to: https://wandb.ai/kriaz-msee20seecs-nust/ugttt-rebuttal/runs/i08k0v16
tinker_cookbook.utils.ml_log:143 [INFO] Wrote metrics to logs/aws/wave1-rerun/cp26-base-seed2/metrics.jsonl
tinker_cookbook.utils.ml_log:240 [INFO] Logging to: https://wandb.ai/kriaz-msee20seecs-nust/ugttt-rebuttal/runs/i08k0v16
tinker_cookbook.utils.ml_log:143 [INFO] Wrote metrics to logs/aws/wave1-rerun/cp26-base-seed2/metrics.jsonl
tinker_cookbook.utils.ml_log:240 [INFO] Logging to: https://wandb.ai/kriaz-msee20seecs-nust/ugttt-rebuttal/runs/i08k0v16
__main__:1949 [INFO]   [0][1/8] KEPT | R_exec=0.3263 (max=2.6104) RMI=0.0000 R_total=0.3263 | 1317.8s | GPU: 18.0/60.4GB
tinker_cookbook.utils.ml_log:143 [INFO] Wrote metrics to logs/aws/wave1-rerun/cp26-base-seed2/metrics.jsonl
tinker_cookbook.utils.ml_log:240 [INFO] Logging to: https://wandb.ai/kriaz-msee20seecs-nust/ugttt-rebuttal/runs/i08k0v16
tinker_cookbook.rl.ensemble:1082 [INFO]   generate_batch_multi_adapter_two_phase: N=8 phase1_max=26000 streaming_mi=False kv_q=False
tinker_cookbook.rl.ensemble:1270 [INFO]     [gen/p1] step=2048/25146 active=8/8 mi_stopped=0
tinker_cookbook.rl.ensemble:1270 [INFO]     [gen/p1] step=4096/25146 active=8/8 mi_stopped=0
tinker_cookbook.rl.ensemble:1270 [INFO]     [gen/p1] step=6144/25146 active=8/8 mi_stopped=0
tinker_cookbook.rl.ensemble:1270 [INFO]     [gen/p1] step=8192/25146 active=7/8 mi_stopped=0
tinker_cookbook.rl.ensemble:1270 [INFO]     [gen/p1] step=10240/25146 active=4/8 mi_stopped=0
tinker_cookbook.rl.ensemble:1270 [INFO]     [gen/p1] step=12288/25146 active=2/8 mi_stopped=0
__main__:1078 [INFO]   Group 1: multi-adapter generation 8 seqs in 1081.5s
__main__:1108 [INFO]   Group 1: rewards computed in 8.3s
__main__:1150 [INFO]     [g1][r1/8] adapter=0 R_exec=0.0000 true_MI=0.00000 RMI=0.0000 R_total=0.0000 correct=0 tokens=10119
__main__:1150 [INFO]     [g1][r2/8] adapter=0 R_exec=0.0000 true_MI=0.00000 RMI=0.0000 R_total=0.0000 correct=0 tokens=8047
__main__:1150 [INFO]     [g1][r3/8] adapter=0 R_exec=0.0000 true_MI=0.00000 RMI=0.0000 R_total=0.0000 correct=0 tokens=11863
__main__:1150 [INFO]     [g1][r4/8] adapter=0 R_exec=2.5662 true_MI=0.00000 RMI=0.0000 R_total=2.5662 correct=1 tokens=13108
__main__:1150 [INFO]     [g1][r5/8] adapter=0 R_exec=0.0000 true_MI=0.00000 RMI=0.0000 R_total=0.0000 correct=0 tokens=8822
__main__:1150 [INFO]     [g1][r6/8] adapter=0 R_exec=0.0000 true_MI=0.00000 RMI=0.0000 R_total=0.0000 correct=0 tokens=11656
__main__:1150 [INFO]     [g1][r7/8] adapter=0 R_exec=0.0000 true_MI=0.00000 RMI=0.0000 R_total=0.0000 correct=0 tokens=12678
__main__:1150 [INFO]     [g1][r8/8] adapter=0 R_exec=2.4908 true_MI=0.00000 RMI=0.0000 R_total=2.4908 correct=1 tokens=9356
__main__:1167 [INFO]   [g1] group true_MI: mean=0.00000 std=0.00000 max=0.00000 normalized=[0.00 0.00 0.00 0.00 0.00 0.00 0.00 0.00]
tinker_cookbook.utils.ml_log:143 [INFO] Wrote metrics to logs/aws/wave1-rerun/cp26-base-seed2/metrics.jsonl
tinker_cookbook.utils.ml_log:240 [INFO] Logging to: https://wandb.ai/kriaz-msee20seecs-nust/ugttt-rebuttal/runs/i08k0v16
tinker_cookbook.utils.ml_log:143 [INFO] Wrote metrics to logs/aws/wave1-rerun/cp26-base-seed2/metrics.jsonl
tinker_cookbook.utils.ml_log:240 [INFO] Logging to: https://wandb.ai/kriaz-msee20seecs-nust/ugttt-rebuttal/runs/i08k0v16
tinker_cookbook.utils.ml_log:143 [INFO] Wrote metrics to logs/aws/wave1-rerun/cp26-base-seed2/metrics.jsonl
tinker_cookbook.utils.ml_log:240 [INFO] Logging to: https://wandb.ai/kriaz-msee20seecs-nust/ugttt-rebuttal/runs/i08k0v16
tinker_cookbook.utils.ml_log:143 [INFO] Wrote metrics to logs/aws/wave1-rerun/cp26-base-seed2/metrics.jsonl
tinker_cookbook.utils.ml_log:240 [INFO] Logging to: https://wandb.ai/kriaz-msee20seecs-nust/ugttt-rebuttal/runs/i08k0v16
tinker_cookbook.utils.ml_log:143 [INFO] Wrote metrics to logs/aws/wave1-rerun/cp26-base-seed2/metrics.jsonl
tinker_cookbook.utils.ml_log:240 [INFO] Logging to: https://wandb.ai/kriaz-msee20seecs-nust/ugttt-rebuttal/runs/i08k0v16
tinker_cookbook.utils.ml_log:143 [INFO] Wrote metrics to logs/aws/wave1-rerun/cp26-base-seed2/metrics.jsonl
tinker_cookbook.utils.ml_log:240 [INFO] Logging to: https://wandb.ai/kriaz-msee20seecs-nust/ugttt-rebuttal/runs/i08k0v16
tinker_cookbook.utils.ml_log:143 [INFO] Wrote metrics to logs/aws/wave1-rerun/cp26-base-seed2/metrics.jsonl
tinker_cookbook.utils.ml_log:240 [INFO] Logging to: https://wandb.ai/kriaz-msee20seecs-nust/ugttt-rebuttal/runs/i08k0v16
tinker_cookbook.utils.ml_log:143 [INFO] Wrote metrics to logs/aws/wave1-rerun/cp26-base-seed2/metrics.jsonl
tinker_cookbook.utils.ml_log:240 [INFO] Logging to: https://wandb.ai/kriaz-msee20seecs-nust/ugttt-rebuttal/runs/i08k0v16
__main__:1949 [INFO]   [0][2/8] KEPT | R_exec=0.6321 (max=2.5662) RMI=0.0000 R_total=0.6321 | 1089.9s | GPU: 18.0/60.2GB
tinker_cookbook.utils.ml_log:143 [INFO] Wrote metrics to logs/aws/wave1-rerun/cp26-base-seed2/metrics.jsonl
tinker_cookbook.utils.ml_log:240 [INFO] Logging to: https://wandb.ai/kriaz-msee20seecs-nust/ugttt-rebuttal/runs/i08k0v16
tinker_cookbook.rl.ensemble:1082 [INFO]   generate_batch_multi_adapter_two_phase: N=8 phase1_max=26000 streaming_mi=False kv_q=False
tinker_cookbook.rl.ensemble:1270 [INFO]     [gen/p1] step=2048/25146 active=8/8 mi_stopped=0
tinker_cookbook.rl.ensemble:1270 [INFO]     [gen/p1] step=4096/25146 active=8/8 mi_stopped=0
tinker_cookbook.rl.ensemble:1270 [INFO]     [gen/p1] step=6144/25146 active=8/8 mi_stopped=0
tinker_cookbook.rl.ensemble:1270 [INFO]     [gen/p1] step=8192/25146 active=8/8 mi_stopped=0
tinker_cookbook.rl.ensemble:1270 [INFO]     [gen/p1] step=10240/25146 active=6/8 mi_stopped=0
tinker_cookbook.rl.ensemble:1270 [INFO]     [gen/p1] step=12288/25146 active=3/8 mi_stopped=0
tinker_cookbook.rl.ensemble:1270 [INFO]     [gen/p1] step=14336/25146 active=1/8 mi_stopped=0
__main__:1078 [INFO]   Group 2: multi-adapter generation 8 seqs in 1368.2s
__main__:1108 [INFO]   Group 2: rewards computed in 13.2s
__main__:1150 [INFO]     [g2][r1/8] adapter=0 R_exec=0.0000 true_MI=0.00000 RMI=0.0000 R_total=0.0000 correct=0 tokens=11388
__main__:1150 [INFO]     [g2][r2/8] adapter=0 R_exec=0.0000 true_MI=0.00000 RMI=0.0000 R_total=0.0000 correct=0 tokens=10964
__main__:1150 [INFO]     [g2][r3/8] adapter=0 R_exec=0.0000 true_MI=0.00000 RMI=0.0000 R_total=0.0000 correct=1 tokens=9718
__main__:1150 [INFO]     [g2][r4/8] adapter=0 R_exec=0.0000 true_MI=0.00000 RMI=0.0000 R_total=0.0000 correct=0 tokens=12803
__main__:1150 [INFO]     [g2][r5/8] adapter=0 R_exec=0.0000 true_MI=0.00000 RMI=0.0000 R_total=0.0000 correct=0 tokens=10098
__main__:1150 [INFO]     [g2][r6/8] adapter=0 R_exec=2.5810 true_MI=0.00000 RMI=0.0000 R_total=2.5810 correct=1 tokens=11752
__main__:1150 [INFO]     [g2][r7/8] adapter=0 R_exec=0.0000 true_MI=0.00000 RMI=0.0000 R_total=0.0000 correct=0 tokens=15291
__main__:1150 [INFO]     [g2][r8/8] adapter=0 R_exec=0.0000 true_MI=0.00000 RMI=0.0000 R_total=0.0000 correct=0 tokens=13596
__main__:1167 [INFO]   [g2] group true_MI: mean=0.00000 std=0.00000 max=0.00000 normalized=[0.00 0.00 0.00 0.00 0.00 0.00 0.00 0.00]
tinker_cookbook.utils.ml_log:143 [INFO] Wrote metrics to logs/aws/wave1-rerun/cp26-base-seed2/metrics.jsonl
tinker_cookbook.utils.ml_log:240 [INFO] Logging to: https://wandb.ai/kriaz-msee20seecs-nust/ugttt-rebuttal/runs/i08k0v16
tinker_cookbook.utils.ml_log:143 [INFO] Wrote metrics to logs/aws/wave1-rerun/cp26-base-seed2/metrics.jsonl
tinker_cookbook.utils.ml_log:240 [INFO] Logging to: https://wandb.ai/kriaz-msee20seecs-nust/ugttt-rebuttal/runs/i08k0v16
tinker_cookbook.utils.ml_log:143 [INFO] Wrote metrics to logs/aws/wave1-rerun/cp26-base-seed2/metrics.jsonl
tinker_cookbook.utils.ml_log:240 [INFO] Logging to: https://wandb.ai/kriaz-msee20seecs-nust/ugttt-rebuttal/runs/i08k0v16
tinker_cookbook.utils.ml_log:143 [INFO] Wrote metrics to logs/aws/wave1-rerun/cp26-base-seed2/metrics.jsonl
tinker_cookbook.utils.ml_log:240 [INFO] Logging to: https://wandb.ai/kriaz-msee20seecs-nust/ugttt-rebuttal/runs/i08k0v16
tinker_cookbook.utils.ml_log:143 [INFO] Wrote metrics to logs/aws/wave1-rerun/cp26-base-seed2/metrics.jsonl
tinker_cookbook.utils.ml_log:240 [INFO] Logging to: https://wandb.ai/kriaz-msee20seecs-nust/ugttt-rebuttal/runs/i08k0v16
tinker_cookbook.utils.ml_log:143 [INFO] Wrote metrics to logs/aws/wave1-rerun/cp26-base-seed2/metrics.jsonl
tinker_cookbook.utils.ml_log:240 [INFO] Logging to: https://wandb.ai/kriaz-msee20seecs-nust/ugttt-rebuttal/runs/i08k0v16
tinker_cookbook.utils.ml_log:143 [INFO] Wrote metrics to logs/aws/wave1-rerun/cp26-base-seed2/metrics.jsonl
tinker_cookbook.utils.ml_log:240 [INFO] Logging to: https://wandb.ai/kriaz-msee20seecs-nust/ugttt-rebuttal/runs/i08k0v16
tinker_cookbook.utils.ml_log:143 [INFO] Wrote metrics to logs/aws/wave1-rerun/cp26-base-seed2/metrics.jsonl
tinker_cookbook.utils.ml_log:240 [INFO] Logging to: https://wandb.ai/kriaz-msee20seecs-nust/ugttt-rebuttal/runs/i08k0v16
__main__:1949 [INFO]   [0][3/8] KEPT | R_exec=0.3226 (max=2.5810) RMI=0.0000 R_total=0.3226 | 1381.5s | GPU: 18.0/60.5GB
tinker_cookbook.utils.ml_log:143 [INFO] Wrote metrics to logs/aws/wave1-rerun/cp26-base-seed2/metrics.jsonl
tinker_cookbook.utils.ml_log:240 [INFO] Logging to: https://wandb.ai/kriaz-msee20seecs-nust/ugttt-rebuttal/runs/i08k0v16
tinker_cookbook.rl.ensemble:1082 [INFO]   generate_batch_multi_adapter_two_phase: N=8 phase1_max=26000 streaming_mi=False kv_q=False
tinker_cookbook.rl.ensemble:1270 [INFO]     [gen/p1] step=2048/25146 active=8/8 mi_stopped=0
tinker_cookbook.rl.ensemble:1270 [INFO]     [gen/p1] step=4096/25146 active=8/8 mi_stopped=0
tinker_cookbook.rl.ensemble:1270 [INFO]     [gen/p1] step=6144/25146 active=8/8 mi_stopped=0
tinker_cookbook.rl.ensemble:1270 [INFO]     [gen/p1] step=8192/25146 active=8/8 mi_stopped=0
tinker_cookbook.rl.ensemble:1270 [INFO]     [gen/p1] step=10240/25146 active=8/8 mi_stopped=0
tinker_cookbook.rl.ensemble:1270 [INFO]     [gen/p1] step=12288/25146 active=4/8 mi_stopped=0
__main__:1078 [INFO]   Group 3: multi-adapter generation 8 seqs in 1145.8s
__main__:1108 [INFO]   Group 3: rewards computed in 5.9s
__main__:1150 [INFO]     [g3][r1/8] adapter=0 R_exec=0.0000 true_MI=0.00000 RMI=0.0000 R_total=0.0000 correct=0 tokens=13635
__main__:1150 [INFO]     [g3][r2/8] adapter=0 R_exec=0.0000 true_MI=0.00000 RMI=0.0000 R_total=0.0000 correct=0 tokens=13116
__main__:1150 [INFO]     [g3][r3/8] adapter=0 R_exec=0.0000 true_MI=0.00000 RMI=0.0000 R_total=0.0000 correct=0 tokens=12182
__main__:1150 [INFO]     [g3][r4/8] adapter=0 R_exec=0.0000 true_MI=0.00000 RMI=0.0000 R_total=0.0000 correct=0 tokens=13160
__main__:1150 [INFO]     [g3][r5/8] adapter=0 R_exec=0.0000 true_MI=0.00000 RMI=0.0000 R_total=0.0000 correct=0 tokens=12301
__main__:1150 [INFO]     [g3][r6/8] adapter=0 R_exec=2.5306 true_MI=0.00000 RMI=0.0000 R_total=2.5306 correct=1 tokens=10283
__main__:1150 [INFO]     [g3][r7/8] adapter=0 R_exec=0.0000 true_MI=0.00000 RMI=0.0000 R_total=0.0000 correct=0 tokens=10509
__main__:1150 [INFO]     [g3][r8/8] adapter=0 R_exec=2.5871 true_MI=0.00000 RMI=0.0000 R_total=2.5871 correct=1 tokens=12232
__main__:1167 [INFO]   [g3] group true_MI: mean=0.00000 std=0.00000 max=0.00000 normalized=[0.00 0.00 0.00 0.00 0.00 0.00 0.00 0.00]
tinker_cookbook.utils.ml_log:143 [INFO] Wrote metrics to logs/aws/wave1-rerun/cp26-base-seed2/metrics.jsonl
tinker_cookbook.utils.ml_log:240 [INFO] Logging to: https://wandb.ai/kriaz-msee20seecs-nust/ugttt-rebuttal/runs/i08k0v16
tinker_cookbook.utils.ml_log:143 [INFO] Wrote metrics to logs/aws/wave1-rerun/cp26-base-seed2/metrics.jsonl
tinker_cookbook.utils.ml_log:240 [INFO] Logging to: https://wandb.ai/kriaz-msee20seecs-nust/ugttt-rebuttal/runs/i08k0v16
tinker_cookbook.utils.ml_log:143 [INFO] Wrote metrics to logs/aws/wave1-rerun/cp26-base-seed2/metrics.jsonl
tinker_cookbook.utils.ml_log:240 [INFO] Logging to: https://wandb.ai/kriaz-msee20seecs-nust/ugttt-rebuttal/runs/i08k0v16
tinker_cookbook.utils.ml_log:143 [INFO] Wrote metrics to logs/aws/wave1-rerun/cp26-base-seed2/metrics.jsonl
tinker_cookbook.utils.ml_log:240 [INFO] Logging to: https://wandb.ai/kriaz-msee20seecs-nust/ugttt-rebuttal/runs/i08k0v16
tinker_cookbook.utils.ml_log:143 [INFO] Wrote metrics to logs/aws/wave1-rerun/cp26-base-seed2/metrics.jsonl
tinker_cookbook.utils.ml_log:240 [INFO] Logging to: https://wandb.ai/kriaz-msee20seecs-nust/ugttt-rebuttal/runs/i08k0v16
tinker_cookbook.utils.ml_log:143 [INFO] Wrote metrics to logs/aws/wave1-rerun/cp26-base-seed2/metrics.jsonl
tinker_cookbook.utils.ml_log:240 [INFO] Logging to: https://wandb.ai/kriaz-msee20seecs-nust/ugttt-rebuttal/runs/i08k0v16
tinker_cookbook.utils.ml_log:143 [INFO] Wrote metrics to logs/aws/wave1-rerun/cp26-base-seed2/metrics.jsonl
tinker_cookbook.utils.ml_log:240 [INFO] Logging to: https://wandb.ai/kriaz-msee20seecs-nust/ugttt-rebuttal/runs/i08k0v16
tinker_cookbook.utils.ml_log:143 [INFO] Wrote metrics to logs/aws/wave1-rerun/cp26-base-seed2/metrics.jsonl
tinker_cookbook.utils.ml_log:240 [INFO] Logging to: https://wandb.ai/kriaz-msee20seecs-nust/ugttt-rebuttal/runs/i08k0v16
__main__:1949 [INFO]   [0][4/8] KEPT | R_exec=0.6397 (max=2.5871) RMI=0.0000 R_total=0.6397 | 1151.8s | GPU: 18.0/60.3GB
tinker_cookbook.utils.ml_log:143 [INFO] Wrote metrics to logs/aws/wave1-rerun/cp26-base-seed2/metrics.jsonl
tinker_cookbook.utils.ml_log:240 [INFO] Logging to: https://wandb.ai/kriaz-msee20seecs-nust/ugttt-rebuttal/runs/i08k0v16
tinker_cookbook.rl.ensemble:1082 [INFO]   generate_batch_multi_adapter_two_phase: N=8 phase1_max=26000 streaming_mi=False kv_q=False
tinker_cookbook.rl.ensemble:1270 [INFO]     [gen/p1] step=2048/25146 active=8/8 mi_stopped=0
tinker_cookbook.rl.ensemble:1270 [INFO]     [gen/p1] step=4096/25146 active=8/8 mi_stopped=0
tinker_cookbook.rl.ensemble:1270 [INFO]     [gen/p1] step=6144/25146 active=8/8 mi_stopped=0
tinker_cookbook.rl.ensemble:1270 [INFO]     [gen/p1] step=8192/25146 active=8/8 mi_stopped=0
tinker_cookbook.rl.ensemble:1270 [INFO]     [gen/p1] step=10240/25146 active=4/8 mi_stopped=0
tinker_cookbook.rl.ensemble:1270 [INFO]     [gen/p1] step=12288/25146 active=1/8 mi_stopped=0
__main__:1078 [INFO]   Group 4: multi-adapter generation 8 seqs in 1004.3s
__main__:1108 [INFO]   Group 4: rewards computed in 19.6s
__main__:1150 [INFO]     [g4][r1/8] adapter=0 R_exec=0.0000 true_MI=0.00000 RMI=0.0000 R_total=0.0000 correct=0 tokens=10492
__main__:1150 [INFO]     [g4][r2/8] adapter=0 R_exec=0.0000 true_MI=0.00000 RMI=0.0000 R_total=0.0000 correct=0 tokens=8599
__main__:1150 [INFO]     [g4][r3/8] adapter=0 R_exec=2.5580 true_MI=0.00000 RMI=0.0000 R_total=2.5580 correct=1 tokens=9879
__main__:1150 [INFO]     [g4][r4/8] adapter=0 R_exec=0.0000 true_MI=0.00000 RMI=0.0000 R_total=0.0000 correct=0 tokens=9291
__main__:1150 [INFO]     [g4][r5/8] adapter=0 R_exec=2.5596 true_MI=0.00000 RMI=0.0000 R_total=2.5596 correct=1 tokens=12463
__main__:1150 [INFO]     [g4][r6/8] adapter=0 R_exec=2.1667 true_MI=0.00000 RMI=0.0000 R_total=2.1667 correct=1 tokens=11069
__main__:1150 [INFO]     [g4][r7/8] adapter=0 R_exec=0.0000 true_MI=0.00000 RMI=0.0000 R_total=0.0000 correct=0 tokens=9823
__main__:1150 [INFO]     [g4][r8/8] adapter=0 R_exec=0.0000 true_MI=0.00000 RMI=0.0000 R_total=0.0000 correct=0 tokens=12173
__main__:1167 [INFO]   [g4] group true_MI: mean=0.00000 std=0.00000 max=0.00000 normalized=[0.00 0.00 0.00 0.00 0.00 0.00 0.00 0.00]
tinker_cookbook.utils.ml_log:143 [INFO] Wrote metrics to logs/aws/wave1-rerun/cp26-base-seed2/metrics.jsonl
tinker_cookbook.utils.ml_log:240 [INFO] Logging to: https://wandb.ai/kriaz-msee20seecs-nust/ugttt-rebuttal/runs/i08k0v16
tinker_cookbook.utils.ml_log:143 [INFO] Wrote metrics to logs/aws/wave1-rerun/cp26-base-seed2/metrics.jsonl
tinker_cookbook.utils.ml_log:240 [INFO] Logging to: https://wandb.ai/kriaz-msee20seecs-nust/ugttt-rebuttal/runs/i08k0v16
tinker_cookbook.utils.ml_log:143 [INFO] Wrote metrics to logs/aws/wave1-rerun/cp26-base-seed2/metrics.jsonl
tinker_cookbook.utils.ml_log:240 [INFO] Logging to: https://wandb.ai/kriaz-msee20seecs-nust/ugttt-rebuttal/runs/i08k0v16
tinker_cookbook.utils.ml_log:143 [INFO] Wrote metrics to logs/aws/wave1-rerun/cp26-base-seed2/metrics.jsonl
tinker_cookbook.utils.ml_log:240 [INFO] Logging to: https://wandb.ai/kriaz-msee20seecs-nust/ugttt-rebuttal/runs/i08k0v16
tinker_cookbook.utils.ml_log:143 [INFO] Wrote metrics to logs/aws/wave1-rerun/cp26-base-seed2/metrics.jsonl
tinker_cookbook.utils.ml_log:240 [INFO] Logging to: https://wandb.ai/kriaz-msee20seecs-nust/ugttt-rebuttal/runs/i08k0v16
tinker_cookbook.utils.ml_log:143 [INFO] Wrote metrics to logs/aws/wave1-rerun/cp26-base-seed2/metrics.jsonl
tinker_cookbook.utils.ml_log:240 [INFO] Logging to: https://wandb.ai/kriaz-msee20seecs-nust/ugttt-rebuttal/runs/i08k0v16
tinker_cookbook.utils.ml_log:143 [INFO] Wrote metrics to logs/aws/wave1-rerun/cp26-base-seed2/metrics.jsonl
tinker_cookbook.utils.ml_log:240 [INFO] Logging to: https://wandb.ai/kriaz-msee20seecs-nust/ugttt-rebuttal/runs/i08k0v16
tinker_cookbook.utils.ml_log:143 [INFO] Wrote metrics to logs/aws/wave1-rerun/cp26-base-seed2/metrics.jsonl
tinker_cookbook.utils.ml_log:240 [INFO] Logging to: https://wandb.ai/kriaz-msee20seecs-nust/ugttt-rebuttal/runs/i08k0v16
__main__:1949 [INFO]   [0][5/8] KEPT | R_exec=0.9105 (max=2.5596) RMI=0.0000 R_total=0.9105 | 1023.9s | GPU: 18.0/60.1GB
tinker_cookbook.utils.ml_log:143 [INFO] Wrote metrics to logs/aws/wave1-rerun/cp26-base-seed2/metrics.jsonl
tinker_cookbook.utils.ml_log:240 [INFO] Logging to: https://wandb.ai/kriaz-msee20seecs-nust/ugttt-rebuttal/runs/i08k0v16
tinker_cookbook.rl.ensemble:1082 [INFO]   generate_batch_multi_adapter_two_phase: N=8 phase1_max=26000 streaming_mi=False kv_q=False
tinker_cookbook.rl.ensemble:1270 [INFO]     [gen/p1] step=2048/25146 active=8/8 mi_stopped=0
tinker_cookbook.rl.ensemble:1270 [INFO]     [gen/p1] step=4096/25146 active=8/8 mi_stopped=0
tinker_cookbook.rl.ensemble:1270 [INFO]     [gen/p1] step=6144/25146 active=8/8 mi_stopped=0
tinker_cookbook.rl.ensemble:1270 [INFO]     [gen/p1] step=8192/25146 active=8/8 mi_stopped=0
tinker_cookbook.rl.ensemble:1270 [INFO]     [gen/p1] step=10240/25146 active=6/8 mi_stopped=0
tinker_cookbook.rl.ensemble:1270 [INFO]     [gen/p1] step=12288/25146 active=4/8 mi_stopped=0
tinker_cookbook.rl.ensemble:1270 [INFO]     [gen/p1] step=14336/25146 active=1/8 mi_stopped=0
__main__:1078 [INFO]   Group 5: multi-adapter generation 8 seqs in 1415.9s
__main__:1108 [INFO]   Group 5: rewards computed in 20.9s
__main__:1150 [INFO]     [g5][r1/8] adapter=0 R_exec=0.0000 true_MI=0.00000 RMI=0.0000 R_total=0.0000 correct=0 tokens=10205
__main__:1150 [INFO]     [g5][r2/8] adapter=0 R_exec=0.0000 true_MI=0.00000 RMI=0.0000 R_total=0.0000 correct=0 tokens=12866
__main__:1150 [INFO]     [g5][r3/8] adapter=0 R_exec=0.0000 true_MI=0.00000 RMI=0.0000 R_total=0.0000 correct=0 tokens=11846
__main__:1150 [INFO]     [g5][r4/8] adapter=0 R_exec=0.0000 true_MI=0.00000 RMI=0.0000 R_total=0.0000 correct=0 tokens=8253
__main__:1150 [INFO]     [g5][r5/8] adapter=0 R_exec=0.0000 true_MI=0.00000 RMI=0.0000 R_total=0.0000 correct=0 tokens=13465
__main__:1150 [INFO]     [g5][r6/8] adapter=0 R_exec=0.0000 true_MI=0.00000 RMI=0.0000 R_total=0.0000 correct=0 tokens=10668
__main__:1150 [INFO]     [g5][r7/8] adapter=0 R_exec=0.0000 true_MI=0.00000 RMI=0.0000 R_total=0.0000 correct=0 tokens=12340
__main__:1150 [INFO]     [g5][r8/8] adapter=0 R_exec=0.0000 true_MI=0.00000 RMI=0.0000 R_total=0.0000 correct=0 tokens=15590
__main__:1167 [INFO]   [g5] group true_MI: mean=0.00000 std=0.00000 max=0.00000 normalized=[0.00 0.00 0.00 0.00 0.00 0.00 0.00 0.00]
tinker_cookbook.utils.ml_log:143 [INFO] Wrote metrics to logs/aws/wave1-rerun/cp26-base-seed2/metrics.jsonl
tinker_cookbook.utils.ml_log:240 [INFO] Logging to: https://wandb.ai/kriaz-msee20seecs-nust/ugttt-rebuttal/runs/i08k0v16
tinker_cookbook.utils.ml_log:143 [INFO] Wrote metrics to logs/aws/wave1-rerun/cp26-base-seed2/metrics.jsonl
tinker_cookbook.utils.ml_log:240 [INFO] Logging to: https://wandb.ai/kriaz-msee20seecs-nust/ugttt-rebuttal/runs/i08k0v16
tinker_cookbook.utils.ml_log:143 [INFO] Wrote metrics to logs/aws/wave1-rerun/cp26-base-seed2/metrics.jsonl
tinker_cookbook.utils.ml_log:240 [INFO] Logging to: https://wandb.ai/kriaz-msee20seecs-nust/ugttt-rebuttal/runs/i08k0v16
tinker_cookbook.utils.ml_log:143 [INFO] Wrote metrics to logs/aws/wave1-rerun/cp26-base-seed2/metrics.jsonl
tinker_cookbook.utils.ml_log:240 [INFO] Logging to: https://wandb.ai/kriaz-msee20seecs-nust/ugttt-rebuttal/runs/i08k0v16
tinker_cookbook.utils.ml_log:143 [INFO] Wrote metrics to logs/aws/wave1-rerun/cp26-base-seed2/metrics.jsonl
tinker_cookbook.utils.ml_log:240 [INFO] Logging to: https://wandb.ai/kriaz-msee20seecs-nust/ugttt-rebuttal/runs/i08k0v16
tinker_cookbook.utils.ml_log:143 [INFO] Wrote metrics to logs/aws/wave1-rerun/cp26-base-seed2/metrics.jsonl
tinker_cookbook.utils.ml_log:240 [INFO] Logging to: https://wandb.ai/kriaz-msee20seecs-nust/ugttt-rebuttal/runs/i08k0v16
tinker_cookbook.utils.ml_log:143 [INFO] Wrote metrics to logs/aws/wave1-rerun/cp26-base-seed2/metrics.jsonl
tinker_cookbook.utils.ml_log:240 [INFO] Logging to: https://wandb.ai/kriaz-msee20seecs-nust/ugttt-rebuttal/runs/i08k0v16
tinker_cookbook.utils.ml_log:143 [INFO] Wrote metrics to logs/aws/wave1-rerun/cp26-base-seed2/metrics.jsonl
tinker_cookbook.utils.ml_log:240 [INFO] Logging to: https://wandb.ai/kriaz-msee20seecs-nust/ugttt-rebuttal/runs/i08k0v16
__main__:1949 [INFO]   [0][6/8] FILTERED | R_exec=0.0000 (max=0.0000) RMI=0.0000 R_total=0.0000 | 1436.9s | GPU: 18.0/60.5GB
tinker_cookbook.utils.ml_log:143 [INFO] Wrote metrics to logs/aws/wave1-rerun/cp26-base-seed2/metrics.jsonl
tinker_cookbook.utils.ml_log:240 [INFO] Logging to: https://wandb.ai/kriaz-msee20seecs-nust/ugttt-rebuttal/runs/i08k0v16
tinker_cookbook.rl.ensemble:1082 [INFO]   generate_batch_multi_adapter_two_phase: N=8 phase1_max=26000 streaming_mi=False kv_q=False
tinker_cookbook.rl.ensemble:1270 [INFO]     [gen/p1] step=2048/25146 active=8/8 mi_stopped=0
tinker_cookbook.rl.ensemble:1270 [INFO]     [gen/p1] step=4096/25146 active=8/8 mi_stopped=0
tinker_cookbook.rl.ensemble:1270 [INFO]     [gen/p1] step=6144/25146 active=8/8 mi_stopped=0
tinker_cookbook.rl.ensemble:1270 [INFO]     [gen/p1] step=8192/25146 active=8/8 mi_stopped=0
tinker_cookbook.rl.ensemble:1270 [INFO]     [gen/p1] step=10240/25146 active=6/8 mi_stopped=0
__main__:1078 [INFO]   Group 6: multi-adapter generation 8 seqs in 958.6s
__main__:1108 [INFO]   Group 6: rewards computed in 15.4s
__main__:1150 [INFO]     [g6][r1/8] adapter=0 R_exec=0.0000 true_MI=0.00000 RMI=0.0000 R_total=0.0000 correct=0 tokens=12126
__main__:1150 [INFO]     [g6][r2/8] adapter=0 R_exec=0.0000 true_MI=0.00000 RMI=0.0000 R_total=0.0000 correct=0 tokens=11012
__main__:1150 [INFO]     [g6][r3/8] adapter=0 R_exec=0.0000 true_MI=0.00000 RMI=0.0000 R_total=0.0000 correct=0 tokens=9735
__main__:1150 [INFO]     [g6][r4/8] adapter=0 R_exec=0.0000 true_MI=0.00000 RMI=0.0000 R_total=0.0000 correct=0 tokens=11426
__main__:1150 [INFO]     [g6][r5/8] adapter=0 R_exec=2.5918 true_MI=0.00000 RMI=0.0000 R_total=2.5918 correct=1 tokens=11644
__main__:1150 [INFO]     [g6][r6/8] adapter=0 R_exec=0.0000 true_MI=0.00000 RMI=0.0000 R_total=0.0000 correct=0 tokens=8577
__main__:1150 [INFO]     [g6][r7/8] adapter=0 R_exec=0.0000 true_MI=0.00000 RMI=0.0000 R_total=0.0000 correct=0 tokens=10364
__main__:1150 [INFO]     [g6][r8/8] adapter=0 R_exec=0.0000 true_MI=0.00000 RMI=0.0000 R_total=0.0000 correct=0 tokens=10373
__main__:1167 [INFO]   [g6] group true_MI: mean=0.00000 std=0.00000 max=0.00000 normalized=[0.00 0.00 0.00 0.00 0.00 0.00 0.00 0.00]
tinker_cookbook.utils.ml_log:143 [INFO] Wrote metrics to logs/aws/wave1-rerun/cp26-base-seed2/metrics.jsonl
tinker_cookbook.utils.ml_log:240 [INFO] Logging to: https://wandb.ai/kriaz-msee20seecs-nust/ugttt-rebuttal/runs/i08k0v16
tinker_cookbook.utils.ml_log:143 [INFO] Wrote metrics to logs/aws/wave1-rerun/cp26-base-seed2/metrics.jsonl
tinker_cookbook.utils.ml_log:240 [INFO] Logging to: https://wandb.ai/kriaz-msee20seecs-nust/ugttt-rebuttal/runs/i08k0v16
tinker_cookbook.utils.ml_log:143 [INFO] Wrote metrics to logs/aws/wave1-rerun/cp26-base-seed2/metrics.jsonl
tinker_cookbook.utils.ml_log:240 [INFO] Logging to: https://wandb.ai/kriaz-msee20seecs-nust/ugttt-rebuttal/runs/i08k0v16
tinker_cookbook.utils.ml_log:143 [INFO] Wrote metrics to logs/aws/wave1-rerun/cp26-base-seed2/metrics.jsonl
tinker_cookbook.utils.ml_log:240 [INFO] Logging to: https://wandb.ai/kriaz-msee20seecs-nust/ugttt-rebuttal/runs/i08k0v16
tinker_cookbook.utils.ml_log:143 [INFO] Wrote metrics to logs/aws/wave1-rerun/cp26-base-seed2/metrics.jsonl
tinker_cookbook.utils.ml_log:240 [INFO] Logging to: https://wandb.ai/kriaz-msee20seecs-nust/ugttt-rebuttal/runs/i08k0v16
tinker_cookbook.utils.ml_log:143 [INFO] Wrote metrics to logs/aws/wave1-rerun/cp26-base-seed2/metrics.jsonl
tinker_cookbook.utils.ml_log:240 [INFO] Logging to: https://wandb.ai/kriaz-msee20seecs-nust/ugttt-rebuttal/runs/i08k0v16
tinker_cookbook.utils.ml_log:143 [INFO] Wrote metrics to logs/aws/wave1-rerun/cp26-base-seed2/metrics.jsonl
tinker_cookbook.utils.ml_log:240 [INFO] Logging to: https://wandb.ai/kriaz-msee20seecs-nust/ugttt-rebuttal/runs/i08k0v16
tinker_cookbook.utils.ml_log:143 [INFO] Wrote metrics to logs/aws/wave1-rerun/cp26-base-seed2/metrics.jsonl
tinker_cookbook.utils.ml_log:240 [INFO] Logging to: https://wandb.ai/kriaz-msee20seecs-nust/ugttt-rebuttal/runs/i08k0v16
__main__:1949 [INFO]   [0][7/8] KEPT | R_exec=0.3240 (max=2.5918) RMI=0.0000 R_total=0.3240 | 974.1s | GPU: 18.0/60.0GB
tinker_cookbook.utils.ml_log:143 [INFO] Wrote metrics to logs/aws/wave1-rerun/cp26-base-seed2/metrics.jsonl
tinker_cookbook.utils.ml_log:240 [INFO] Logging to: https://wandb.ai/kriaz-msee20seecs-nust/ugttt-rebuttal/runs/i08k0v16
tinker_cookbook.rl.ensemble:1082 [INFO]   generate_batch_multi_adapter_two_phase: N=8 phase1_max=26000 streaming_mi=False kv_q=False
tinker_cookbook.rl.ensemble:1270 [INFO]     [gen/p1] step=2048/25146 active=8/8 mi_stopped=0
tinker_cookbook.rl.ensemble:1270 [INFO]     [gen/p1] step=4096/25146 active=8/8 mi_stopped=0
tinker_cookbook.rl.ensemble:1270 [INFO]     [gen/p1] step=6144/25146 active=8/8 mi_stopped=0
tinker_cookbook.rl.ensemble:1270 [INFO]     [gen/p1] step=8192/25146 active=8/8 mi_stopped=0
tinker_cookbook.rl.ensemble:1270 [INFO]     [gen/p1] step=10240/25146 active=6/8 mi_stopped=0
tinker_cookbook.rl.ensemble:1270 [INFO]     [gen/p1] step=12288/25146 active=4/8 mi_stopped=0
tinker_cookbook.rl.ensemble:1270 [INFO]     [gen/p1] step=14336/25146 active=1/8 mi_stopped=0
__main__:1078 [INFO]   Group 7: multi-adapter generation 8 seqs in 1250.3s
__main__:1108 [INFO]   Group 7: rewards computed in 11.8s
__main__:1150 [INFO]     [g7][r1/8] adapter=0 R_exec=0.0000 true_MI=0.00000 RMI=0.0000 R_total=0.0000 correct=0 tokens=13688
__main__:1150 [INFO]     [g7][r2/8] adapter=0 R_exec=0.0000 true_MI=0.00000 RMI=0.0000 R_total=0.0000 correct=0 tokens=12900
__main__:1150 [INFO]     [g7][r3/8] adapter=0 R_exec=0.0000 true_MI=0.00000 RMI=0.0000 R_total=0.0000 correct=0 tokens=11094
__main__:1150 [INFO]     [g7][r4/8] adapter=0 R_exec=0.0000 true_MI=0.00000 RMI=0.0000 R_total=0.0000 correct=0 tokens=8559
__main__:1150 [INFO]     [g7][r5/8] adapter=0 R_exec=0.0000 true_MI=0.00000 RMI=0.0000 R_total=0.0000 correct=0 tokens=12784
__main__:1150 [INFO]     [g7][r6/8] adapter=0 R_exec=0.0000 true_MI=0.00000 RMI=0.0000 R_total=0.0000 correct=0 tokens=12209
__main__:1150 [INFO]     [g7][r7/8] adapter=0 R_exec=0.0000 true_MI=0.00000 RMI=0.0000 R_total=0.0000 correct=0 tokens=14460
__main__:1150 [INFO]     [g7][r8/8] adapter=0 R_exec=0.0000 true_MI=0.00000 RMI=0.0000 R_total=0.0000 correct=0 tokens=10167
__main__:1167 [INFO]   [g7] group true_MI: mean=0.00000 std=0.00000 max=0.00000 normalized=[0.00 0.00 0.00 0.00 0.00 0.00 0.00 0.00]
tinker_cookbook.utils.ml_log:143 [INFO] Wrote metrics to logs/aws/wave1-rerun/cp26-base-seed2/metrics.jsonl
tinker_cookbook.utils.ml_log:240 [INFO] Logging to: https://wandb.ai/kriaz-msee20seecs-nust/ugttt-rebuttal/runs/i08k0v16
tinker_cookbook.utils.ml_log:143 [INFO] Wrote metrics to logs/aws/wave1-rerun/cp26-base-seed2/metrics.jsonl
tinker_cookbook.utils.ml_log:240 [INFO] Logging to: https://wandb.ai/kriaz-msee20seecs-nust/ugttt-rebuttal/runs/i08k0v16
tinker_cookbook.utils.ml_log:143 [INFO] Wrote metrics to logs/aws/wave1-rerun/cp26-base-seed2/metrics.jsonl
tinker_cookbook.utils.ml_log:240 [INFO] Logging to: https://wandb.ai/kriaz-msee20seecs-nust/ugttt-rebuttal/runs/i08k0v16
tinker_cookbook.utils.ml_log:143 [INFO] Wrote metrics to logs/aws/wave1-rerun/cp26-base-seed2/metrics.jsonl
tinker_cookbook.utils.ml_log:240 [INFO] Logging to: https://wandb.ai/kriaz-msee20seecs-nust/ugttt-rebuttal/runs/i08k0v16
tinker_cookbook.utils.ml_log:143 [INFO] Wrote metrics to logs/aws/wave1-rerun/cp26-base-seed2/metrics.jsonl
tinker_cookbook.utils.ml_log:240 [INFO] Logging to: https://wandb.ai/kriaz-msee20seecs-nust/ugttt-rebuttal/runs/i08k0v16
tinker_cookbook.utils.ml_log:143 [INFO] Wrote metrics to logs/aws/wave1-rerun/cp26-base-seed2/metrics.jsonl
tinker_cookbook.utils.ml_log:240 [INFO] Logging to: https://wandb.ai/kriaz-msee20seecs-nust/ugttt-rebuttal/runs/i08k0v16
tinker_cookbook.utils.ml_log:143 [INFO] Wrote metrics to logs/aws/wave1-rerun/cp26-base-seed2/metrics.jsonl
tinker_cookbook.utils.ml_log:240 [INFO] Logging to: https://wandb.ai/kriaz-msee20seecs-nust/ugttt-rebuttal/runs/i08k0v16
tinker_cookbook.utils.ml_log:143 [INFO] Wrote metrics to logs/aws/wave1-rerun/cp26-base-seed2/metrics.jsonl
tinker_cookbook.utils.ml_log:240 [INFO] Logging to: https://wandb.ai/kriaz-msee20seecs-nust/ugttt-rebuttal/runs/i08k0v16
__main__:1949 [INFO]   [0][8/8] FILTERED | R_exec=0.0000 (max=0.0000) RMI=0.0000 R_total=0.0000 | 1262.2s | GPU: 18.0/60.4GB
tinker_cookbook.utils.ml_log:143 [INFO] Wrote metrics to logs/aws/wave1-rerun/cp26-base-seed2/metrics.jsonl
tinker_cookbook.utils.ml_log:240 [INFO] Logging to: https://wandb.ai/kriaz-msee20seecs-nust/ugttt-rebuttal/runs/i08k0v16
__main__:1988 [INFO] [Epoch 0] Rollout phase done in 9639.6s. Training on 6/8 groups...
tinker_cookbook.utils.ml_log:143 [INFO] Wrote metrics to logs/aws/wave1-rerun/cp26-base-seed2/metrics.jsonl
tinker_cookbook.utils.ml_log:195 [INFO] 
┏━━━━━━━━━━━━━━━━━━━━━━━━━━━━━━━━┳━━━━━━━━━━━━━━┓
┃ Metric                         ┃ Value        ┃
┡━━━━━━━━━━━━━━━━━━━━━━━━━━━━━━━━╇━━━━━━━━━━━━━━┩
│ gpu/memory_allocated_gb        │ 18.092511    │
│ gpu/memory_peak_gb             │ 59.480227    │
│ gpu/memory_reserved_gb         │ 18.140365    │
│ kl_policy_base                 │ 0.002719     │
│ optim/entropy                  │ 0.315154     │
│ optim/kl_sample_train_v1       │ 0.000164     │
│ optim/kl_sample_train_v2       │ 0.000153     │
│ progress/done_frac             │ 0.166667     │
│ progress/epoch                 │ 0            │
│ rollout/groups_attempted       │ 8.000000     │
│ rollout/groups_filtered        │ 2.000000     │
│ rollout/groups_kept            │ 6.000000     │
│ rollout/intra_group_reward_std │ 0.993017     │
│ time/rollout                   │ 9639.565784  │
│ time/total                     │ 9866.921992  │
│ time/train                     │ 227.280850   │
│ train/advantage/max            │ 10.768045    │
│ train/advantage/mean           │ 0.573915     │
│ train/advantage/min            │ -0.891551    │
│ train/advantage/std            │ 2.997033     │
│ train/beta/mean                │ 1.014114     │
│ train/beta/std                 │ 0.098433     │
│ train/correctness/mean         │ 0.229167     │
│ train/correctness/rate         │ 0.229167     │
│ train/ensemble/frac_high_disa… │ 0.000000     │
│ train/ensemble/max_token_disa… │ nan          │
│ train/ensemble/member_logprob… │ 0.000000     │
│ train/ensemble/member_logprob… │ nan          │
│ train/gamma_eff/mean           │ 0.000000     │
│ train/gen/num_tokens/max       │ 15291.000000 │
│ train/gen/num_tokens/mean      │ 11305.875000 │
│ train/gen/num_tokens/std       │ 1795.014759  │
│ train/loss                     │ -0.573881    │
│ train/nnm_loss                 │ 0.000000     │
│ train/nnm_nuclear_norm         │ 0.000000     │
│ train/num_groups               │ 6.000000     │
│ train/num_rollouts             │ 48.000000    │
│ train/num_rollouts_total       │ 48.000000    │
│ train/reward/exec/best         │ 2.610405     │
│ train/reward/exec/max          │ 2.610405     │
│ train/reward/exec/mean         │ 0.525877     │
│ train/reward/exec/min          │ 0.000000     │
│ train/reward/exec/std          │ 1.026670     │
│ train/reward/rmi/max           │ 0.000000     │
│ train/reward/rmi/mean          │ 0.000000     │
│ train/reward/rmi/min           │ 0.000000     │
│ train/reward/rmi/std           │ 0.000000     │
│ train/reward/total/best        │ 2.610405     │
│ train/reward/total/max         │ 2.610405     │
│ train/reward/total/mean        │ 0.525877     │
│ train/reward/total/min         │ 0.000000     │
│ train/reward/total/std         │ 1.026670     │
│ train/streaming_mi/stop_rate   │ 0.000000     │
│ train/streaming_mi/tokens_sav… │ 0.000000     │
│ train/streaming_mi/tokens_sav… │ 0.000000     │
│ train/two_phase/phase1_tokens… │ 11305.875000 │
│ train/two_phase/phase2_tokens… │ 0.000000     │
│ train/two_phase/prefill_rate   │ 0.000000     │
│ train/uncertainty/predictive_… │ 0.000000     │
│ train/uncertainty/predictive_… │ 0.000000     │
│ train/uncertainty/predictive_… │ 0.000000     │
│ train/uncertainty/predictive_… │ 0.000000     │
│ train/uncertainty/predictive_… │ 0.000000     │
│ train/uncertainty/predictive_… │ 0.000000     │
│ train/uncertainty/predictive_… │ 0.000000     │
│ train/uncertainty/predictive_… │ 0.000000     │
│ train/uncertainty/rmi/max      │ 0.000000     │
│ train/uncertainty/rmi/mean     │ 0.000000     │
│ train/uncertainty/rmi/min      │ 0.000000     │
│ train/uncertainty/rmi/std      │ 0.000000     │
│ train/uncertainty/rmi_top7/max │ 0.000000     │
│ train/uncertainty/rmi_top7/me… │ 0.000000     │
│ train/uncertainty/rmi_top7/min │ 0.000000     │
│ train/uncertainty/rmi_top7/std │ 0.000000     │
│ train/uncertainty/top7_mi_cod… │ 0.000000     │
│ train/uncertainty/top7_mi_cod… │ 0.000000     │
│ train/uncertainty/top7_mi_thi… │ 0.000000     │
│ train/uncertainty/top7_mi_thi… │ 0.000000     │
│ train/uncertainty/top7_pct_co… │ 0.000000     │
│ train/uncertainty/top7_pct_co… │ 0.000000     │
│ train/uncertainty/top7_pct_th… │ 1.000000     │
│ train/uncertainty/top7_pct_th… │ 0.000000     │
│ train/uncertainty/true_mi/max  │ 0.000000     │
│ train/uncertainty/true_mi/mean │ 0.000000     │
│ train/uncertainty/true_mi/min  │ 0.000000     │
│ train/uncertainty/true_mi/std  │ 0.000000     │
│ train/uncertainty/variance/max │ nan          │
│ train/uncertainty/variance/me… │ nan          │
│ train/uncertainty/variance/min │ nan          │
│ train/uncertainty/variance/std │ nan          │
│ train/uncertainty/variance_to… │ nan          │
│ train/uncertainty/variance_to… │ nan          │
│ train/uncertainty/variance_to… │ nan          │
│ train/uncertainty/variance_to… │ nan          │
└────────────────────────────────┴──────────────┘
tinker_cookbook.utils.ml_log:240 [INFO] Logging to: https://wandb.ai/kriaz-msee20seecs-nust/ugttt-rebuttal/runs/i08k0v16
__main__:2062 [INFO] [Epoch 0] R_exec=0.5259 (max=2.6104 best=2.6104) RMI=0.0000 beta=1.01 corr=22.9% loss=-0.5739 groups=6/8 time=9866.9s
__main__:1836 [INFO] [Epoch 1/6] Starting rollout phase: 8 groups × 8 rollouts
tinker_cookbook.rl.ensemble:1082 [INFO]   generate_batch_multi_adapter_two_phase: N=8 phase1_max=26000 streaming_mi=False kv_q=False
tinker_cookbook.rl.ensemble:1270 [INFO]     [gen/p1] step=2048/23786 active=8/8 mi_stopped=0
tinker_cookbook.rl.ensemble:1270 [INFO]     [gen/p1] step=4096/23786 active=8/8 mi_stopped=0
tinker_cookbook.rl.ensemble:1270 [INFO]     [gen/p1] step=6144/23786 active=8/8 mi_stopped=0
tinker_cookbook.rl.ensemble:1270 [INFO]     [gen/p1] step=8192/23786 active=6/8 mi_stopped=0
tinker_cookbook.rl.ensemble:1270 [INFO]     [gen/p1] step=10240/23786 active=1/8 mi_stopped=0
__main__:1078 [INFO]   Group 0: multi-adapter generation 8 seqs in 837.7s
__main__:1108 [INFO]   Group 0: rewards computed in 9.7s
__main__:1150 [INFO]     [g0][r1/8] adapter=0 R_exec=0.0000 true_MI=0.00000 RMI=0.0000 R_total=0.0000 correct=0 tokens=8523
__main__:1150 [INFO]     [g0][r2/8] adapter=0 R_exec=2.6234 true_MI=0.00000 RMI=0.0000 R_total=2.6234 correct=1 tokens=8916
__main__:1150 [INFO]     [g0][r3/8] adapter=0 R_exec=2.6144 true_MI=0.00000 RMI=0.0000 R_total=2.6144 correct=1 tokens=8135
__main__:1150 [INFO]     [g0][r4/8] adapter=0 R_exec=0.0000 true_MI=0.00000 RMI=0.0000 R_total=0.0000 correct=0 tokens=9385
__main__:1150 [INFO]     [g0][r5/8] adapter=0 R_exec=0.0000 true_MI=0.00000 RMI=0.0000 R_total=0.0000 correct=0 tokens=8763
__main__:1150 [INFO]     [g0][r6/8] adapter=0 R_exec=0.0000 true_MI=0.00000 RMI=0.0000 R_total=0.0000 correct=0 tokens=8472
__main__:1150 [INFO]     [g0][r7/8] adapter=0 R_exec=0.0000 true_MI=0.00000 RMI=0.0000 R_total=0.0000 correct=0 tokens=10333
__main__:1150 [INFO]     [g0][r8/8] adapter=0 R_exec=0.0000 true_MI=0.00000 RMI=0.0000 R_total=0.0000 correct=0 tokens=8070
__main__:1167 [INFO]   [g0] group true_MI: mean=0.00000 std=0.00000 max=0.00000 normalized=[0.00 0.00 0.00 0.00 0.00 0.00 0.00 0.00]
tinker_cookbook.utils.ml_log:143 [INFO] Wrote metrics to logs/aws/wave1-rerun/cp26-base-seed2/metrics.jsonl
tinker_cookbook.utils.ml_log:240 [INFO] Logging to: https://wandb.ai/kriaz-msee20seecs-nust/ugttt-rebuttal/runs/i08k0v16
tinker_cookbook.utils.ml_log:143 [INFO] Wrote metrics to logs/aws/wave1-rerun/cp26-base-seed2/metrics.jsonl
tinker_cookbook.utils.ml_log:240 [INFO] Logging to: https://wandb.ai/kriaz-msee20seecs-nust/ugttt-rebuttal/runs/i08k0v16
tinker_cookbook.utils.ml_log:143 [INFO] Wrote metrics to logs/aws/wave1-rerun/cp26-base-seed2/metrics.jsonl
tinker_cookbook.utils.ml_log:240 [INFO] Logging to: https://wandb.ai/kriaz-msee20seecs-nust/ugttt-rebuttal/runs/i08k0v16
tinker_cookbook.utils.ml_log:143 [INFO] Wrote metrics to logs/aws/wave1-rerun/cp26-base-seed2/metrics.jsonl
tinker_cookbook.utils.ml_log:240 [INFO] Logging to: https://wandb.ai/kriaz-msee20seecs-nust/ugttt-rebuttal/runs/i08k0v16
tinker_cookbook.utils.ml_log:143 [INFO] Wrote metrics to logs/aws/wave1-rerun/cp26-base-seed2/metrics.jsonl
tinker_cookbook.utils.ml_log:240 [INFO] Logging to: https://wandb.ai/kriaz-msee20seecs-nust/ugttt-rebuttal/runs/i08k0v16
tinker_cookbook.utils.ml_log:143 [INFO] Wrote metrics to logs/aws/wave1-rerun/cp26-base-seed2/metrics.jsonl
tinker_cookbook.utils.ml_log:240 [INFO] Logging to: https://wandb.ai/kriaz-msee20seecs-nust/ugttt-rebuttal/runs/i08k0v16
tinker_cookbook.utils.ml_log:143 [INFO] Wrote metrics to logs/aws/wave1-rerun/cp26-base-seed2/metrics.jsonl
tinker_cookbook.utils.ml_log:240 [INFO] Logging to: https://wandb.ai/kriaz-msee20seecs-nust/ugttt-rebuttal/runs/i08k0v16
tinker_cookbook.utils.ml_log:143 [INFO] Wrote metrics to logs/aws/wave1-rerun/cp26-base-seed2/metrics.jsonl
tinker_cookbook.utils.ml_log:240 [INFO] Logging to: https://wandb.ai/kriaz-msee20seecs-nust/ugttt-rebuttal/runs/i08k0v16
__main__:1949 [INFO]   [1][1/8] KEPT | R_exec=0.6547 (max=2.6234) RMI=0.0000 R_total=0.6547 | 847.5s | GPU: 18.1/60.7GB
tinker_cookbook.utils.ml_log:143 [INFO] Wrote metrics to logs/aws/wave1-rerun/cp26-base-seed2/metrics.jsonl
tinker_cookbook.utils.ml_log:240 [INFO] Logging to: https://wandb.ai/kriaz-msee20seecs-nust/ugttt-rebuttal/runs/i08k0v16
tinker_cookbook.rl.ensemble:1082 [INFO]   generate_batch_multi_adapter_two_phase: N=8 phase1_max=26000 streaming_mi=False kv_q=False
tinker_cookbook.rl.ensemble:1270 [INFO]     [gen/p1] step=2048/24101 active=8/8 mi_stopped=0
tinker_cookbook.rl.ensemble:1270 [INFO]     [gen/p1] step=4096/24101 active=8/8 mi_stopped=0
tinker_cookbook.rl.ensemble:1270 [INFO]     [gen/p1] step=6144/24101 active=8/8 mi_stopped=0
tinker_cookbook.rl.ensemble:1270 [INFO]     [gen/p1] step=8192/24101 active=8/8 mi_stopped=0
tinker_cookbook.rl.ensemble:1270 [INFO]     [gen/p1] step=10240/24101 active=5/8 mi_stopped=0
tinker_cookbook.rl.ensemble:1270 [INFO]     [gen/p1] step=12288/24101 active=3/8 mi_stopped=0
tinker_cookbook.rl.ensemble:1270 [INFO]     [gen/p1] step=14336/24101 active=3/8 mi_stopped=0
__main__:1078 [INFO]   Group 1: multi-adapter generation 8 seqs in 1457.4s
__main__:1108 [INFO]   Group 1: rewards computed in 288.2s
__main__:1150 [INFO]     [g1][r1/8] adapter=0 R_exec=2.5822 true_MI=0.00000 RMI=0.0000 R_total=2.5822 correct=1 tokens=15215
__main__:1150 [INFO]     [g1][r2/8] adapter=0 R_exec=0.0000 true_MI=0.00000 RMI=0.0000 R_total=0.0000 correct=0 tokens=9058
__main__:1150 [INFO]     [g1][r3/8] adapter=0 R_exec=2.5963 true_MI=0.00000 RMI=0.0000 R_total=2.5963 correct=1 tokens=11179
__main__:1150 [INFO]     [g1][r4/8] adapter=0 R_exec=2.5918 true_MI=0.00000 RMI=0.0000 R_total=2.5918 correct=1 tokens=10192
__main__:1150 [INFO]     [g1][r5/8] adapter=0 R_exec=0.0000 true_MI=0.00000 RMI=0.0000 R_total=0.0000 correct=0 tokens=10520
__main__:1150 [INFO]     [g1][r6/8] adapter=0 R_exec=0.0000 true_MI=0.00000 RMI=0.0000 R_total=0.0000 correct=0 tokens=14427
__main__:1150 [INFO]     [g1][r7/8] adapter=0 R_exec=0.0000 true_MI=0.00000 RMI=0.0000 R_total=0.0000 correct=0 tokens=8815
__main__:1150 [INFO]     [g1][r8/8] adapter=0 R_exec=0.0000 true_MI=0.00000 RMI=0.0000 R_total=0.0000 correct=0 tokens=15232
__main__:1167 [INFO]   [g1] group true_MI: mean=0.00000 std=0.00000 max=0.00000 normalized=[0.00 0.00 0.00 0.00 0.00 0.00 0.00 0.00]
tinker_cookbook.utils.ml_log:143 [INFO] Wrote metrics to logs/aws/wave1-rerun/cp26-base-seed2/metrics.jsonl
tinker_cookbook.utils.ml_log:240 [INFO] Logging to: https://wandb.ai/kriaz-msee20seecs-nust/ugttt-rebuttal/runs/i08k0v16
tinker_cookbook.utils.ml_log:143 [INFO] Wrote metrics to logs/aws/wave1-rerun/cp26-base-seed2/metrics.jsonl
tinker_cookbook.utils.ml_log:240 [INFO] Logging to: https://wandb.ai/kriaz-msee20seecs-nust/ugttt-rebuttal/runs/i08k0v16
tinker_cookbook.utils.ml_log:143 [INFO] Wrote metrics to logs/aws/wave1-rerun/cp26-base-seed2/metrics.jsonl
tinker_cookbook.utils.ml_log:240 [INFO] Logging to: https://wandb.ai/kriaz-msee20seecs-nust/ugttt-rebuttal/runs/i08k0v16
tinker_cookbook.utils.ml_log:143 [INFO] Wrote metrics to logs/aws/wave1-rerun/cp26-base-seed2/metrics.jsonl
tinker_cookbook.utils.ml_log:240 [INFO] Logging to: https://wandb.ai/kriaz-msee20seecs-nust/ugttt-rebuttal/runs/i08k0v16
tinker_cookbook.utils.ml_log:143 [INFO] Wrote metrics to logs/aws/wave1-rerun/cp26-base-seed2/metrics.jsonl
tinker_cookbook.utils.ml_log:240 [INFO] Logging to: https://wandb.ai/kriaz-msee20seecs-nust/ugttt-rebuttal/runs/i08k0v16
tinker_cookbook.utils.ml_log:143 [INFO] Wrote metrics to logs/aws/wave1-rerun/cp26-base-seed2/metrics.jsonl
tinker_cookbook.utils.ml_log:240 [INFO] Logging to: https://wandb.ai/kriaz-msee20seecs-nust/ugttt-rebuttal/runs/i08k0v16
tinker_cookbook.utils.ml_log:143 [INFO] Wrote metrics to logs/aws/wave1-rerun/cp26-base-seed2/metrics.jsonl
tinker_cookbook.utils.ml_log:240 [INFO] Logging to: https://wandb.ai/kriaz-msee20seecs-nust/ugttt-rebuttal/runs/i08k0v16
tinker_cookbook.utils.ml_log:143 [INFO] Wrote metrics to logs/aws/wave1-rerun/cp26-base-seed2/metrics.jsonl
tinker_cookbook.utils.ml_log:240 [INFO] Logging to: https://wandb.ai/kriaz-msee20seecs-nust/ugttt-rebuttal/runs/i08k0v16
__main__:1949 [INFO]   [1][2/8] KEPT | R_exec=0.9713 (max=2.5963) RMI=0.0000 R_total=0.9713 | 1745.7s | GPU: 18.1/61.2GB
tinker_cookbook.utils.ml_log:143 [INFO] Wrote metrics to logs/aws/wave1-rerun/cp26-base-seed2/metrics.jsonl
tinker_cookbook.utils.ml_log:240 [INFO] Logging to: https://wandb.ai/kriaz-msee20seecs-nust/ugttt-rebuttal/runs/i08k0v16
tinker_cookbook.rl.ensemble:1082 [INFO]   generate_batch_multi_adapter_two_phase: N=8 phase1_max=26000 streaming_mi=False kv_q=False
tinker_cookbook.rl.ensemble:1270 [INFO]     [gen/p1] step=2048/24145 active=8/8 mi_stopped=0
tinker_cookbook.rl.ensemble:1270 [INFO]     [gen/p1] step=4096/24145 active=8/8 mi_stopped=0
tinker_cookbook.rl.ensemble:1270 [INFO]     [gen/p1] step=6144/24145 active=8/8 mi_stopped=0
tinker_cookbook.rl.ensemble:1270 [INFO]     [gen/p1] step=8192/24145 active=8/8 mi_stopped=0
tinker_cookbook.rl.ensemble:1270 [INFO]     [gen/p1] step=10240/24145 active=3/8 mi_stopped=0
tinker_cookbook.rl.ensemble:1270 [INFO]     [gen/p1] step=12288/24145 active=1/8 mi_stopped=0
__main__:1078 [INFO]   Group 2: multi-adapter generation 8 seqs in 1205.0s
__main__:1108 [INFO]   Group 2: rewards computed in 4.0s
__main__:1150 [INFO]     [g2][r1/8] adapter=0 R_exec=0.0000 true_MI=0.00000 RMI=0.0000 R_total=0.0000 correct=0 tokens=9040
__main__:1150 [INFO]     [g2][r2/8] adapter=0 R_exec=0.0000 true_MI=0.00000 RMI=0.0000 R_total=0.0000 correct=0 tokens=9520
__main__:1150 [INFO]     [g2][r3/8] adapter=0 R_exec=0.0000 true_MI=0.00000 RMI=0.0000 R_total=0.0000 correct=0 tokens=9237
__main__:1150 [INFO]     [g2][r4/8] adapter=0 R_exec=0.0000 true_MI=0.00000 RMI=0.0000 R_total=0.0000 correct=0 tokens=11837
__main__:1150 [INFO]     [g2][r5/8] adapter=0 R_exec=0.0000 true_MI=0.00000 RMI=0.0000 R_total=0.0000 correct=0 tokens=9608
__main__:1150 [INFO]     [g2][r6/8] adapter=0 R_exec=0.0000 true_MI=0.00000 RMI=0.0000 R_total=0.0000 correct=0 tokens=10217
__main__:1150 [INFO]     [g2][r7/8] adapter=0 R_exec=2.6030 true_MI=0.00000 RMI=0.0000 R_total=2.6030 correct=1 tokens=10513
__main__:1150 [INFO]     [g2][r8/8] adapter=0 R_exec=0.0000 true_MI=0.00000 RMI=0.0000 R_total=0.0000 correct=0 tokens=13503
__main__:1167 [INFO]   [g2] group true_MI: mean=0.00000 std=0.00000 max=0.00000 normalized=[0.00 0.00 0.00 0.00 0.00 0.00 0.00 0.00]
tinker_cookbook.utils.ml_log:143 [INFO] Wrote metrics to logs/aws/wave1-rerun/cp26-base-seed2/metrics.jsonl
tinker_cookbook.utils.ml_log:240 [INFO] Logging to: https://wandb.ai/kriaz-msee20seecs-nust/ugttt-rebuttal/runs/i08k0v16
tinker_cookbook.utils.ml_log:143 [INFO] Wrote metrics to logs/aws/wave1-rerun/cp26-base-seed2/metrics.jsonl
tinker_cookbook.utils.ml_log:240 [INFO] Logging to: https://wandb.ai/kriaz-msee20seecs-nust/ugttt-rebuttal/runs/i08k0v16
tinker_cookbook.utils.ml_log:143 [INFO] Wrote metrics to logs/aws/wave1-rerun/cp26-base-seed2/metrics.jsonl
tinker_cookbook.utils.ml_log:240 [INFO] Logging to: https://wandb.ai/kriaz-msee20seecs-nust/ugttt-rebuttal/runs/i08k0v16
tinker_cookbook.utils.ml_log:143 [INFO] Wrote metrics to logs/aws/wave1-rerun/cp26-base-seed2/metrics.jsonl
tinker_cookbook.utils.ml_log:240 [INFO] Logging to: https://wandb.ai/kriaz-msee20seecs-nust/ugttt-rebuttal/runs/i08k0v16
tinker_cookbook.utils.ml_log:143 [INFO] Wrote metrics to logs/aws/wave1-rerun/cp26-base-seed2/metrics.jsonl
tinker_cookbook.utils.ml_log:240 [INFO] Logging to: https://wandb.ai/kriaz-msee20seecs-nust/ugttt-rebuttal/runs/i08k0v16
tinker_cookbook.utils.ml_log:143 [INFO] Wrote metrics to logs/aws/wave1-rerun/cp26-base-seed2/metrics.jsonl
tinker_cookbook.utils.ml_log:240 [INFO] Logging to: https://wandb.ai/kriaz-msee20seecs-nust/ugttt-rebuttal/runs/i08k0v16
tinker_cookbook.utils.ml_log:143 [INFO] Wrote metrics to logs/aws/wave1-rerun/cp26-base-seed2/metrics.jsonl
tinker_cookbook.utils.ml_log:240 [INFO] Logging to: https://wandb.ai/kriaz-msee20seecs-nust/ugttt-rebuttal/runs/i08k0v16
tinker_cookbook.utils.ml_log:143 [INFO] Wrote metrics to logs/aws/wave1-rerun/cp26-base-seed2/metrics.jsonl
tinker_cookbook.utils.ml_log:240 [INFO] Logging to: https://wandb.ai/kriaz-msee20seecs-nust/ugttt-rebuttal/runs/i08k0v16
__main__:1949 [INFO]   [1][3/8] KEPT | R_exec=0.3254 (max=2.6030) RMI=0.0000 R_total=0.3254 | 1209.1s | GPU: 18.1/60.9GB
tinker_cookbook.utils.ml_log:143 [INFO] Wrote metrics to logs/aws/wave1-rerun/cp26-base-seed2/metrics.jsonl
tinker_cookbook.utils.ml_log:240 [INFO] Logging to: https://wandb.ai/kriaz-msee20seecs-nust/ugttt-rebuttal/runs/i08k0v16
tinker_cookbook.rl.ensemble:1082 [INFO]   generate_batch_multi_adapter_two_phase: N=8 phase1_max=26000 streaming_mi=False kv_q=False
tinker_cookbook.rl.ensemble:1270 [INFO]     [gen/p1] step=2048/23818 active=8/8 mi_stopped=0
tinker_cookbook.rl.ensemble:1270 [INFO]     [gen/p1] step=4096/23818 active=8/8 mi_stopped=0
tinker_cookbook.rl.ensemble:1270 [INFO]     [gen/p1] step=6144/23818 active=8/8 mi_stopped=0
tinker_cookbook.rl.ensemble:1270 [INFO]     [gen/p1] step=8192/23818 active=8/8 mi_stopped=0
tinker_cookbook.rl.ensemble:1270 [INFO]     [gen/p1] step=10240/23818 active=4/8 mi_stopped=0
tinker_cookbook.rl.ensemble:1270 [INFO]     [gen/p1] step=12288/23818 active=2/8 mi_stopped=0
__main__:1078 [INFO]   Group 3: multi-adapter generation 8 seqs in 1310.5s
__main__:1108 [INFO]   Group 3: rewards computed in 18.0s
__main__:1150 [INFO]     [g3][r1/8] adapter=0 R_exec=0.0000 true_MI=0.00000 RMI=0.0000 R_total=0.0000 correct=0 tokens=8335
__main__:1150 [INFO]     [g3][r2/8] adapter=0 R_exec=2.5586 true_MI=0.00000 RMI=0.0000 R_total=2.5586 correct=1 tokens=10119
__main__:1150 [INFO]     [g3][r3/8] adapter=0 R_exec=0.0000 true_MI=0.00000 RMI=0.0000 R_total=0.0000 correct=0 tokens=13315
__main__:1150 [INFO]     [g3][r4/8] adapter=0 R_exec=0.0000 true_MI=0.00000 RMI=0.0000 R_total=0.0000 correct=0 tokens=14036
__main__:1150 [INFO]     [g3][r5/8] adapter=0 R_exec=0.0000 true_MI=0.00000 RMI=0.0000 R_total=0.0000 correct=0 tokens=11178
__main__:1150 [INFO]     [g3][r6/8] adapter=0 R_exec=0.0000 true_MI=0.00000 RMI=0.0000 R_total=0.0000 correct=0 tokens=9222
__main__:1150 [INFO]     [g3][r7/8] adapter=0 R_exec=2.5755 true_MI=0.00000 RMI=0.0000 R_total=2.5755 correct=1 tokens=10470
__main__:1150 [INFO]     [g3][r8/8] adapter=0 R_exec=0.0000 true_MI=0.00000 RMI=0.0000 R_total=0.0000 correct=0 tokens=9973
__main__:1167 [INFO]   [g3] group true_MI: mean=0.00000 std=0.00000 max=0.00000 normalized=[0.00 0.00 0.00 0.00 0.00 0.00 0.00 0.00]
tinker_cookbook.utils.ml_log:143 [INFO] Wrote metrics to logs/aws/wave1-rerun/cp26-base-seed2/metrics.jsonl
tinker_cookbook.utils.ml_log:240 [INFO] Logging to: https://wandb.ai/kriaz-msee20seecs-nust/ugttt-rebuttal/runs/i08k0v16
tinker_cookbook.utils.ml_log:143 [INFO] Wrote metrics to logs/aws/wave1-rerun/cp26-base-seed2/metrics.jsonl
tinker_cookbook.utils.ml_log:240 [INFO] Logging to: https://wandb.ai/kriaz-msee20seecs-nust/ugttt-rebuttal/runs/i08k0v16
tinker_cookbook.utils.ml_log:143 [INFO] Wrote metrics to logs/aws/wave1-rerun/cp26-base-seed2/metrics.jsonl
tinker_cookbook.utils.ml_log:240 [INFO] Logging to: https://wandb.ai/kriaz-msee20seecs-nust/ugttt-rebuttal/runs/i08k0v16
tinker_cookbook.utils.ml_log:143 [INFO] Wrote metrics to logs/aws/wave1-rerun/cp26-base-seed2/metrics.jsonl
tinker_cookbook.utils.ml_log:240 [INFO] Logging to: https://wandb.ai/kriaz-msee20seecs-nust/ugttt-rebuttal/runs/i08k0v16
tinker_cookbook.utils.ml_log:143 [INFO] Wrote metrics to logs/aws/wave1-rerun/cp26-base-seed2/metrics.jsonl
tinker_cookbook.utils.ml_log:240 [INFO] Logging to: https://wandb.ai/kriaz-msee20seecs-nust/ugttt-rebuttal/runs/i08k0v16
tinker_cookbook.utils.ml_log:143 [INFO] Wrote metrics to logs/aws/wave1-rerun/cp26-base-seed2/metrics.jsonl
tinker_cookbook.utils.ml_log:240 [INFO] Logging to: https://wandb.ai/kriaz-msee20seecs-nust/ugttt-rebuttal/runs/i08k0v16
tinker_cookbook.utils.ml_log:143 [INFO] Wrote metrics to logs/aws/wave1-rerun/cp26-base-seed2/metrics.jsonl
tinker_cookbook.utils.ml_log:240 [INFO] Logging to: https://wandb.ai/kriaz-msee20seecs-nust/ugttt-rebuttal/runs/i08k0v16
tinker_cookbook.utils.ml_log:143 [INFO] Wrote metrics to logs/aws/wave1-rerun/cp26-base-seed2/metrics.jsonl
tinker_cookbook.utils.ml_log:240 [INFO] Logging to: https://wandb.ai/kriaz-msee20seecs-nust/ugttt-rebuttal/runs/i08k0v16
__main__:1949 [INFO]   [1][4/8] KEPT | R_exec=0.6418 (max=2.5755) RMI=0.0000 R_total=0.6418 | 1328.6s | GPU: 18.1/61.1GB
tinker_cookbook.utils.ml_log:143 [INFO] Wrote metrics to logs/aws/wave1-rerun/cp26-base-seed2/metrics.jsonl
tinker_cookbook.utils.ml_log:240 [INFO] Logging to: https://wandb.ai/kriaz-msee20seecs-nust/ugttt-rebuttal/runs/i08k0v16
tinker_cookbook.rl.ensemble:1082 [INFO]   generate_batch_multi_adapter_two_phase: N=8 phase1_max=26000 streaming_mi=False kv_q=False
tinker_cookbook.rl.ensemble:1270 [INFO]     [gen/p1] step=2048/24078 active=8/8 mi_stopped=0
tinker_cookbook.rl.ensemble:1270 [INFO]     [gen/p1] step=4096/24078 active=8/8 mi_stopped=0
tinker_cookbook.rl.ensemble:1270 [INFO]     [gen/p1] step=6144/24078 active=8/8 mi_stopped=0
tinker_cookbook.rl.ensemble:1270 [INFO]     [gen/p1] step=8192/24078 active=5/8 mi_stopped=0
tinker_cookbook.rl.ensemble:1270 [INFO]     [gen/p1] step=10240/24078 active=2/8 mi_stopped=0
tinker_cookbook.rl.ensemble:1270 [INFO]     [gen/p1] step=12288/24078 active=1/8 mi_stopped=0
__main__:1078 [INFO]   Group 4: multi-adapter generation 8 seqs in 1067.5s
__main__:1108 [INFO]   Group 4: rewards computed in 3.7s
__main__:1150 [INFO]     [g4][r1/8] adapter=0 R_exec=0.0000 true_MI=0.00000 RMI=0.0000 R_total=0.0000 correct=0 tokens=7976
__main__:1150 [INFO]     [g4][r2/8] adapter=0 R_exec=0.0000 true_MI=0.00000 RMI=0.0000 R_total=0.0000 correct=1 tokens=8406
__main__:1150 [INFO]     [g4][r3/8] adapter=0 R_exec=0.0000 true_MI=0.00000 RMI=0.0000 R_total=0.0000 correct=0 tokens=8089
__main__:1150 [INFO]     [g4][r4/8] adapter=0 R_exec=0.0000 true_MI=0.00000 RMI=0.0000 R_total=0.0000 correct=0 tokens=8183
__main__:1150 [INFO]     [g4][r5/8] adapter=0 R_exec=0.0000 true_MI=0.00000 RMI=0.0000 R_total=0.0000 correct=0 tokens=12419
__main__:1150 [INFO]     [g4][r6/8] adapter=0 R_exec=0.0000 true_MI=0.00000 RMI=0.0000 R_total=0.0000 correct=1 tokens=10907
__main__:1150 [INFO]     [g4][r7/8] adapter=0 R_exec=2.5880 true_MI=0.00000 RMI=0.0000 R_total=2.5880 correct=1 tokens=9746
__main__:1150 [INFO]     [g4][r8/8] adapter=0 R_exec=0.0000 true_MI=0.00000 RMI=0.0000 R_total=0.0000 correct=0 tokens=9438
__main__:1167 [INFO]   [g4] group true_MI: mean=0.00000 std=0.00000 max=0.00000 normalized=[0.00 0.00 0.00 0.00 0.00 0.00 0.00 0.00]
tinker_cookbook.utils.ml_log:143 [INFO] Wrote metrics to logs/aws/wave1-rerun/cp26-base-seed2/metrics.jsonl
tinker_cookbook.utils.ml_log:240 [INFO] Logging to: https://wandb.ai/kriaz-msee20seecs-nust/ugttt-rebuttal/runs/i08k0v16
tinker_cookbook.utils.ml_log:143 [INFO] Wrote metrics to logs/aws/wave1-rerun/cp26-base-seed2/metrics.jsonl
tinker_cookbook.utils.ml_log:240 [INFO] Logging to: https://wandb.ai/kriaz-msee20seecs-nust/ugttt-rebuttal/runs/i08k0v16
tinker_cookbook.utils.ml_log:143 [INFO] Wrote metrics to logs/aws/wave1-rerun/cp26-base-seed2/metrics.jsonl
tinker_cookbook.utils.ml_log:240 [INFO] Logging to: https://wandb.ai/kriaz-msee20seecs-nust/ugttt-rebuttal/runs/i08k0v16
tinker_cookbook.utils.ml_log:143 [INFO] Wrote metrics to logs/aws/wave1-rerun/cp26-base-seed2/metrics.jsonl
tinker_cookbook.utils.ml_log:240 [INFO] Logging to: https://wandb.ai/kriaz-msee20seecs-nust/ugttt-rebuttal/runs/i08k0v16
tinker_cookbook.utils.ml_log:143 [INFO] Wrote metrics to logs/aws/wave1-rerun/cp26-base-seed2/metrics.jsonl
tinker_cookbook.utils.ml_log:240 [INFO] Logging to: https://wandb.ai/kriaz-msee20seecs-nust/ugttt-rebuttal/runs/i08k0v16
tinker_cookbook.utils.ml_log:143 [INFO] Wrote metrics to logs/aws/wave1-rerun/cp26-base-seed2/metrics.jsonl
tinker_cookbook.utils.ml_log:240 [INFO] Logging to: https://wandb.ai/kriaz-msee20seecs-nust/ugttt-rebuttal/runs/i08k0v16
tinker_cookbook.utils.ml_log:143 [INFO] Wrote metrics to logs/aws/wave1-rerun/cp26-base-seed2/metrics.jsonl
tinker_cookbook.utils.ml_log:240 [INFO] Logging to: https://wandb.ai/kriaz-msee20seecs-nust/ugttt-rebuttal/runs/i08k0v16
tinker_cookbook.utils.ml_log:143 [INFO] Wrote metrics to logs/aws/wave1-rerun/cp26-base-seed2/metrics.jsonl
tinker_cookbook.utils.ml_log:240 [INFO] Logging to: https://wandb.ai/kriaz-msee20seecs-nust/ugttt-rebuttal/runs/i08k0v16
__main__:1949 [INFO]   [1][5/8] KEPT | R_exec=0.3235 (max=2.5880) RMI=0.0000 R_total=0.3235 | 1071.3s | GPU: 18.1/60.9GB
tinker_cookbook.utils.ml_log:143 [INFO] Wrote metrics to logs/aws/wave1-rerun/cp26-base-seed2/metrics.jsonl
tinker_cookbook.utils.ml_log:240 [INFO] Logging to: https://wandb.ai/kriaz-msee20seecs-nust/ugttt-rebuttal/runs/i08k0v16
tinker_cookbook.rl.ensemble:1082 [INFO]   generate_batch_multi_adapter_two_phase: N=8 phase1_max=26000 streaming_mi=False kv_q=False
tinker_cookbook.rl.ensemble:1270 [INFO]     [gen/p1] step=2048/23681 active=8/8 mi_stopped=0
tinker_cookbook.rl.ensemble:1270 [INFO]     [gen/p1] step=4096/23681 active=8/8 mi_stopped=0
tinker_cookbook.rl.ensemble:1270 [INFO]     [gen/p1] step=6144/23681 active=8/8 mi_stopped=0
tinker_cookbook.rl.ensemble:1270 [INFO]     [gen/p1] step=8192/23681 active=7/8 mi_stopped=0
tinker_cookbook.rl.ensemble:1270 [INFO]     [gen/p1] step=10240/23681 active=4/8 mi_stopped=0
tinker_cookbook.rl.ensemble:1270 [INFO]     [gen/p1] step=12288/23681 active=1/8 mi_stopped=0
__main__:1078 [INFO]   Group 5: multi-adapter generation 8 seqs in 1237.0s
__main__:1108 [INFO]   Group 5: rewards computed in 9.4s
__main__:1150 [INFO]     [g5][r1/8] adapter=0 R_exec=0.0000 true_MI=0.00000 RMI=0.0000 R_total=0.0000 correct=0 tokens=13412
__main__:1150 [INFO]     [g5][r2/8] adapter=0 R_exec=0.0000 true_MI=0.00000 RMI=0.0000 R_total=0.0000 correct=1 tokens=8824
__main__:1150 [INFO]     [g5][r3/8] adapter=0 R_exec=2.5871 true_MI=0.00000 RMI=0.0000 R_total=2.5871 correct=1 tokens=11111
__main__:1150 [INFO]     [g5][r4/8] adapter=0 R_exec=2.5588 true_MI=0.00000 RMI=0.0000 R_total=2.5588 correct=1 tokens=11082
__main__:1150 [INFO]     [g5][r5/8] adapter=0 R_exec=0.0000 true_MI=0.00000 RMI=0.0000 R_total=0.0000 correct=1 tokens=9459
__main__:1150 [INFO]     [g5][r6/8] adapter=0 R_exec=0.0000 true_MI=0.00000 RMI=0.0000 R_total=0.0000 correct=1 tokens=9926
__main__:1150 [INFO]     [g5][r7/8] adapter=0 R_exec=0.0000 true_MI=0.00000 RMI=0.0000 R_total=0.0000 correct=0 tokens=11129
__main__:1150 [INFO]     [g5][r8/8] adapter=0 R_exec=2.5838 true_MI=0.00000 RMI=0.0000 R_total=2.5838 correct=1 tokens=8168
__main__:1167 [INFO]   [g5] group true_MI: mean=0.00000 std=0.00000 max=0.00000 normalized=[0.00 0.00 0.00 0.00 0.00 0.00 0.00 0.00]
tinker_cookbook.utils.ml_log:143 [INFO] Wrote metrics to logs/aws/wave1-rerun/cp26-base-seed2/metrics.jsonl
tinker_cookbook.utils.ml_log:240 [INFO] Logging to: https://wandb.ai/kriaz-msee20seecs-nust/ugttt-rebuttal/runs/i08k0v16
tinker_cookbook.utils.ml_log:143 [INFO] Wrote metrics to logs/aws/wave1-rerun/cp26-base-seed2/metrics.jsonl
tinker_cookbook.utils.ml_log:240 [INFO] Logging to: https://wandb.ai/kriaz-msee20seecs-nust/ugttt-rebuttal/runs/i08k0v16
tinker_cookbook.utils.ml_log:143 [INFO] Wrote metrics to logs/aws/wave1-rerun/cp26-base-seed2/metrics.jsonl
tinker_cookbook.utils.ml_log:240 [INFO] Logging to: https://wandb.ai/kriaz-msee20seecs-nust/ugttt-rebuttal/runs/i08k0v16
tinker_cookbook.utils.ml_log:143 [INFO] Wrote metrics to logs/aws/wave1-rerun/cp26-base-seed2/metrics.jsonl
tinker_cookbook.utils.ml_log:240 [INFO] Logging to: https://wandb.ai/kriaz-msee20seecs-nust/ugttt-rebuttal/runs/i08k0v16
tinker_cookbook.utils.ml_log:143 [INFO] Wrote metrics to logs/aws/wave1-rerun/cp26-base-seed2/metrics.jsonl
tinker_cookbook.utils.ml_log:240 [INFO] Logging to: https://wandb.ai/kriaz-msee20seecs-nust/ugttt-rebuttal/runs/i08k0v16
tinker_cookbook.utils.ml_log:143 [INFO] Wrote metrics to logs/aws/wave1-rerun/cp26-base-seed2/metrics.jsonl
tinker_cookbook.utils.ml_log:240 [INFO] Logging to: https://wandb.ai/kriaz-msee20seecs-nust/ugttt-rebuttal/runs/i08k0v16
tinker_cookbook.utils.ml_log:143 [INFO] Wrote metrics to logs/aws/wave1-rerun/cp26-base-seed2/metrics.jsonl
tinker_cookbook.utils.ml_log:240 [INFO] Logging to: https://wandb.ai/kriaz-msee20seecs-nust/ugttt-rebuttal/runs/i08k0v16
tinker_cookbook.utils.ml_log:143 [INFO] Wrote metrics to logs/aws/wave1-rerun/cp26-base-seed2/metrics.jsonl
tinker_cookbook.utils.ml_log:240 [INFO] Logging to: https://wandb.ai/kriaz-msee20seecs-nust/ugttt-rebuttal/runs/i08k0v16
__main__:1949 [INFO]   [1][6/8] KEPT | R_exec=0.9662 (max=2.5871) RMI=0.0000 R_total=0.9662 | 1246.6s | GPU: 18.1/61.3GB
tinker_cookbook.utils.ml_log:143 [INFO] Wrote metrics to logs/aws/wave1-rerun/cp26-base-seed2/metrics.jsonl
tinker_cookbook.utils.ml_log:240 [INFO] Logging to: https://wandb.ai/kriaz-msee20seecs-nust/ugttt-rebuttal/runs/i08k0v16
tinker_cookbook.rl.ensemble:1082 [INFO]   generate_batch_multi_adapter_two_phase: N=8 phase1_max=26000 streaming_mi=False kv_q=False
tinker_cookbook.rl.ensemble:1270 [INFO]     [gen/p1] step=2048/24344 active=8/8 mi_stopped=0
tinker_cookbook.rl.ensemble:1270 [INFO]     [gen/p1] step=4096/24344 active=8/8 mi_stopped=0
tinker_cookbook.rl.ensemble:1270 [INFO]     [gen/p1] step=6144/24344 active=8/8 mi_stopped=0
tinker_cookbook.rl.ensemble:1270 [INFO]     [gen/p1] step=8192/24344 active=6/8 mi_stopped=0
tinker_cookbook.rl.ensemble:1270 [INFO]     [gen/p1] step=10240/24344 active=1/8 mi_stopped=0
__main__:1078 [INFO]   Group 6: multi-adapter generation 8 seqs in 843.0s
__main__:1108 [INFO]   Group 6: rewards computed in 4.3s
__main__:1150 [INFO]     [g6][r1/8] adapter=0 R_exec=0.0000 true_MI=0.00000 RMI=0.0000 R_total=0.0000 correct=0 tokens=9761
__main__:1150 [INFO]     [g6][r2/8] adapter=0 R_exec=0.0000 true_MI=0.00000 RMI=0.0000 R_total=0.0000 correct=0 tokens=8236
__main__:1150 [INFO]     [g6][r3/8] adapter=0 R_exec=0.0000 true_MI=0.00000 RMI=0.0000 R_total=0.0000 correct=0 tokens=8067
__main__:1150 [INFO]     [g6][r4/8] adapter=0 R_exec=0.0000 true_MI=0.00000 RMI=0.0000 R_total=0.0000 correct=0 tokens=8175
__main__:1150 [INFO]     [g6][r5/8] adapter=0 R_exec=0.0000 true_MI=0.00000 RMI=0.0000 R_total=0.0000 correct=0 tokens=10731
__main__:1150 [INFO]     [g6][r6/8] adapter=0 R_exec=0.0000 true_MI=0.00000 RMI=0.0000 R_total=0.0000 correct=0 tokens=9667
__main__:1150 [INFO]     [g6][r7/8] adapter=0 R_exec=0.0000 true_MI=0.00000 RMI=0.0000 R_total=0.0000 correct=0 tokens=10135
__main__:1150 [INFO]     [g6][r8/8] adapter=0 R_exec=0.0000 true_MI=0.00000 RMI=0.0000 R_total=0.0000 correct=0 tokens=9514
__main__:1167 [INFO]   [g6] group true_MI: mean=0.00000 std=0.00000 max=0.00000 normalized=[0.00 0.00 0.00 0.00 0.00 0.00 0.00 0.00]
tinker_cookbook.utils.ml_log:143 [INFO] Wrote metrics to logs/aws/wave1-rerun/cp26-base-seed2/metrics.jsonl
tinker_cookbook.utils.ml_log:240 [INFO] Logging to: https://wandb.ai/kriaz-msee20seecs-nust/ugttt-rebuttal/runs/i08k0v16
tinker_cookbook.utils.ml_log:143 [INFO] Wrote metrics to logs/aws/wave1-rerun/cp26-base-seed2/metrics.jsonl
tinker_cookbook.utils.ml_log:240 [INFO] Logging to: https://wandb.ai/kriaz-msee20seecs-nust/ugttt-rebuttal/runs/i08k0v16
tinker_cookbook.utils.ml_log:143 [INFO] Wrote metrics to logs/aws/wave1-rerun/cp26-base-seed2/metrics.jsonl
tinker_cookbook.utils.ml_log:240 [INFO] Logging to: https://wandb.ai/kriaz-msee20seecs-nust/ugttt-rebuttal/runs/i08k0v16
tinker_cookbook.utils.ml_log:143 [INFO] Wrote metrics to logs/aws/wave1-rerun/cp26-base-seed2/metrics.jsonl
tinker_cookbook.utils.ml_log:240 [INFO] Logging to: https://wandb.ai/kriaz-msee20seecs-nust/ugttt-rebuttal/runs/i08k0v16
tinker_cookbook.utils.ml_log:143 [INFO] Wrote metrics to logs/aws/wave1-rerun/cp26-base-seed2/metrics.jsonl
tinker_cookbook.utils.ml_log:240 [INFO] Logging to: https://wandb.ai/kriaz-msee20seecs-nust/ugttt-rebuttal/runs/i08k0v16
tinker_cookbook.utils.ml_log:143 [INFO] Wrote metrics to logs/aws/wave1-rerun/cp26-base-seed2/metrics.jsonl
tinker_cookbook.utils.ml_log:240 [INFO] Logging to: https://wandb.ai/kriaz-msee20seecs-nust/ugttt-rebuttal/runs/i08k0v16
tinker_cookbook.utils.ml_log:143 [INFO] Wrote metrics to logs/aws/wave1-rerun/cp26-base-seed2/metrics.jsonl
tinker_cookbook.utils.ml_log:240 [INFO] Logging to: https://wandb.ai/kriaz-msee20seecs-nust/ugttt-rebuttal/runs/i08k0v16
tinker_cookbook.utils.ml_log:143 [INFO] Wrote metrics to logs/aws/wave1-rerun/cp26-base-seed2/metrics.jsonl
tinker_cookbook.utils.ml_log:240 [INFO] Logging to: https://wandb.ai/kriaz-msee20seecs-nust/ugttt-rebuttal/runs/i08k0v16
__main__:1949 [INFO]   [1][7/8] FILTERED | R_exec=0.0000 (max=0.0000) RMI=0.0000 R_total=0.0000 | 847.3s | GPU: 18.1/60.6GB
tinker_cookbook.utils.ml_log:143 [INFO] Wrote metrics to logs/aws/wave1-rerun/cp26-base-seed2/metrics.jsonl
tinker_cookbook.utils.ml_log:240 [INFO] Logging to: https://wandb.ai/kriaz-msee20seecs-nust/ugttt-rebuttal/runs/i08k0v16
tinker_cookbook.rl.ensemble:1082 [INFO]   generate_batch_multi_adapter_two_phase: N=8 phase1_max=26000 streaming_mi=False kv_q=False
tinker_cookbook.rl.ensemble:1270 [INFO]     [gen/p1] step=2048/23605 active=8/8 mi_stopped=0
tinker_cookbook.rl.ensemble:1270 [INFO]     [gen/p1] step=4096/23605 active=8/8 mi_stopped=0
tinker_cookbook.rl.ensemble:1270 [INFO]     [gen/p1] step=6144/23605 active=8/8 mi_stopped=0
tinker_cookbook.rl.ensemble:1270 [INFO]     [gen/p1] step=8192/23605 active=5/8 mi_stopped=0
tinker_cookbook.rl.ensemble:1270 [INFO]     [gen/p1] step=10240/23605 active=2/8 mi_stopped=0
__main__:1078 [INFO]   Group 7: multi-adapter generation 8 seqs in 880.3s
__main__:1108 [INFO]   Group 7: rewards computed in 5.6s
__main__:1150 [INFO]     [g7][r1/8] adapter=0 R_exec=0.0000 true_MI=0.00000 RMI=0.0000 R_total=0.0000 correct=0 tokens=6817
__main__:1150 [INFO]     [g7][r2/8] adapter=0 R_exec=2.5917 true_MI=0.00000 RMI=0.0000 R_total=2.5917 correct=1 tokens=10504
__main__:1150 [INFO]     [g7][r3/8] adapter=0 R_exec=0.0000 true_MI=0.00000 RMI=0.0000 R_total=0.0000 correct=0 tokens=8896
__main__:1150 [INFO]     [g7][r4/8] adapter=0 R_exec=0.0000 true_MI=0.00000 RMI=0.0000 R_total=0.0000 correct=0 tokens=7736
__main__:1150 [INFO]     [g7][r5/8] adapter=0 R_exec=0.0000 true_MI=0.00000 RMI=0.0000 R_total=0.0000 correct=0 tokens=10224
__main__:1150 [INFO]     [g7][r6/8] adapter=0 R_exec=0.0000 true_MI=0.00000 RMI=0.0000 R_total=0.0000 correct=0 tokens=7969
__main__:1150 [INFO]     [g7][r7/8] adapter=0 R_exec=0.0000 true_MI=0.00000 RMI=0.0000 R_total=0.0000 correct=0 tokens=9654
__main__:1150 [INFO]     [g7][r8/8] adapter=0 R_exec=2.5609 true_MI=0.00000 RMI=0.0000 R_total=2.5609 correct=1 tokens=10613
__main__:1167 [INFO]   [g7] group true_MI: mean=0.00000 std=0.00000 max=0.00000 normalized=[0.00 0.00 0.00 0.00 0.00 0.00 0.00 0.00]
tinker_cookbook.utils.ml_log:143 [INFO] Wrote metrics to logs/aws/wave1-rerun/cp26-base-seed2/metrics.jsonl
tinker_cookbook.utils.ml_log:240 [INFO] Logging to: https://wandb.ai/kriaz-msee20seecs-nust/ugttt-rebuttal/runs/i08k0v16
tinker_cookbook.utils.ml_log:143 [INFO] Wrote metrics to logs/aws/wave1-rerun/cp26-base-seed2/metrics.jsonl
tinker_cookbook.utils.ml_log:240 [INFO] Logging to: https://wandb.ai/kriaz-msee20seecs-nust/ugttt-rebuttal/runs/i08k0v16
tinker_cookbook.utils.ml_log:143 [INFO] Wrote metrics to logs/aws/wave1-rerun/cp26-base-seed2/metrics.jsonl
tinker_cookbook.utils.ml_log:240 [INFO] Logging to: https://wandb.ai/kriaz-msee20seecs-nust/ugttt-rebuttal/runs/i08k0v16
tinker_cookbook.utils.ml_log:143 [INFO] Wrote metrics to logs/aws/wave1-rerun/cp26-base-seed2/metrics.jsonl
tinker_cookbook.utils.ml_log:240 [INFO] Logging to: https://wandb.ai/kriaz-msee20seecs-nust/ugttt-rebuttal/runs/i08k0v16
tinker_cookbook.utils.ml_log:143 [INFO] Wrote metrics to logs/aws/wave1-rerun/cp26-base-seed2/metrics.jsonl
tinker_cookbook.utils.ml_log:240 [INFO] Logging to: https://wandb.ai/kriaz-msee20seecs-nust/ugttt-rebuttal/runs/i08k0v16
tinker_cookbook.utils.ml_log:143 [INFO] Wrote metrics to logs/aws/wave1-rerun/cp26-base-seed2/metrics.jsonl
tinker_cookbook.utils.ml_log:240 [INFO] Logging to: https://wandb.ai/kriaz-msee20seecs-nust/ugttt-rebuttal/runs/i08k0v16
tinker_cookbook.utils.ml_log:143 [INFO] Wrote metrics to logs/aws/wave1-rerun/cp26-base-seed2/metrics.jsonl
tinker_cookbook.utils.ml_log:240 [INFO] Logging to: https://wandb.ai/kriaz-msee20seecs-nust/ugttt-rebuttal/runs/i08k0v16
tinker_cookbook.utils.ml_log:143 [INFO] Wrote metrics to logs/aws/wave1-rerun/cp26-base-seed2/metrics.jsonl
tinker_cookbook.utils.ml_log:240 [INFO] Logging to: https://wandb.ai/kriaz-msee20seecs-nust/ugttt-rebuttal/runs/i08k0v16
__main__:1949 [INFO]   [1][8/8] KEPT | R_exec=0.6441 (max=2.5917) RMI=0.0000 R_total=0.6441 | 886.0s | GPU: 18.1/61.1GB
tinker_cookbook.utils.ml_log:143 [INFO] Wrote metrics to logs/aws/wave1-rerun/cp26-base-seed2/metrics.jsonl
tinker_cookbook.utils.ml_log:240 [INFO] Logging to: https://wandb.ai/kriaz-msee20seecs-nust/ugttt-rebuttal/runs/i08k0v16
__main__:1988 [INFO] [Epoch 1] Rollout phase done in 9183.5s. Training on 7/8 groups...
tinker_cookbook.utils.ml_log:143 [INFO] Wrote metrics to logs/aws/wave1-rerun/cp26-base-seed2/metrics.jsonl
tinker_cookbook.utils.ml_log:195 [INFO] 
┏━━━━━━━━━━━━━━━━━━━━━━━━━━━━━━━━┳━━━━━━━━━━━━━━┓
┃ Metric                         ┃ Value        ┃
┡━━━━━━━━━━━━━━━━━━━━━━━━━━━━━━━━╇━━━━━━━━━━━━━━┩
│ gpu/memory_allocated_gb        │ 18.092511    │
│ gpu/memory_peak_gb             │ 60.720354    │
│ gpu/memory_reserved_gb         │ 18.140365    │
│ kl_policy_base                 │ 0.005229     │
│ optim/entropy                  │ 0.378369     │
│ optim/kl_sample_train_v1       │ 0.000181     │
│ optim/kl_sample_train_v2       │ 0.000386     │
│ progress/done_frac             │ 0.333333     │
│ progress/epoch                 │ 1            │
│ rollout/groups_attempted       │ 8.000000     │
│ rollout/groups_filtered        │ 1.000000     │
│ rollout/groups_kept            │ 7.000000     │
│ rollout/intra_group_reward_std │ 1.082755     │
│ time/rollout                   │ 9183.493291  │
│ time/total                     │ 9451.747315  │
│ time/train                     │ 268.167182   │
│ train/advantage/max            │ 10.768044    │
│ train/advantage/mean           │ 0.458262     │
│ train/advantage/min            │ -0.901394    │
│ train/advantage/std            │ 2.501661     │
│ train/beta/mean                │ 1.037793     │
│ train/beta/std                 │ 0.105267     │
│ train/correctness/mean         │ 0.339286     │
│ train/correctness/rate         │ 0.339286     │
│ train/ensemble/frac_high_disa… │ 0.000000     │
│ train/ensemble/max_token_disa… │ nan          │
│ train/ensemble/member_logprob… │ 0.000000     │
│ train/ensemble/member_logprob… │ nan          │
│ train/gamma_eff/mean           │ 0.000000     │
│ train/gen/num_tokens/max       │ 15232.000000 │
│ train/gen/num_tokens/mean      │ 10107.964286 │
│ train/gen/num_tokens/std       │ 1913.048651  │
│ train/loss                     │ -0.458331    │
│ train/nnm_loss                 │ 0.000000     │
│ train/nnm_nuclear_norm         │ 0.000000     │
│ train/num_groups               │ 7.000000     │
│ train/num_rollouts             │ 56.000000    │
│ train/num_rollouts_total       │ 56.000000    │
│ train/reward/exec/best         │ 2.623436     │
│ train/reward/exec/max          │ 2.623436     │
│ train/reward/exec/mean         │ 0.646705     │
│ train/reward/exec/min          │ 0.000000     │
│ train/reward/exec/std          │ 1.120165     │
│ train/reward/rmi/max           │ 0.000000     │
│ train/reward/rmi/mean          │ 0.000000     │
│ train/reward/rmi/min           │ 0.000000     │
│ train/reward/rmi/std           │ 0.000000     │
│ train/reward/total/best        │ 2.623436     │
│ train/reward/total/max         │ 2.623436     │
│ train/reward/total/mean        │ 0.646705     │
│ train/reward/total/min         │ 0.000000     │
│ train/reward/total/std         │ 1.120165     │
│ train/streaming_mi/stop_rate   │ 0.000000     │
│ train/streaming_mi/tokens_sav… │ 0.000000     │
│ train/streaming_mi/tokens_sav… │ 0.000000     │
│ train/two_phase/phase1_tokens… │ 10107.964286 │
│ train/two_phase/phase2_tokens… │ 0.000000     │
│ train/two_phase/prefill_rate   │ 0.000000     │
│ train/uncertainty/predictive_… │ 0.000000     │
│ train/uncertainty/predictive_… │ 0.000000     │
│ train/uncertainty/predictive_… │ 0.000000     │
│ train/uncertainty/predictive_… │ 0.000000     │
│ train/uncertainty/predictive_… │ 0.000000     │
│ train/uncertainty/predictive_… │ 0.000000     │
│ train/uncertainty/predictive_… │ 0.000000     │
│ train/uncertainty/predictive_… │ 0.000000     │
│ train/uncertainty/rmi/max      │ 0.000000     │
│ train/uncertainty/rmi/mean     │ 0.000000     │
│ train/uncertainty/rmi/min      │ 0.000000     │
│ train/uncertainty/rmi/std      │ 0.000000     │
│ train/uncertainty/rmi_top7/max │ 0.000000     │
│ train/uncertainty/rmi_top7/me… │ 0.000000     │
│ train/uncertainty/rmi_top7/min │ 0.000000     │
│ train/uncertainty/rmi_top7/std │ 0.000000     │
│ train/uncertainty/top7_mi_cod… │ 0.000000     │
│ train/uncertainty/top7_mi_cod… │ 0.000000     │
│ train/uncertainty/top7_mi_thi… │ 0.000000     │
│ train/uncertainty/top7_mi_thi… │ 0.000000     │
│ train/uncertainty/top7_pct_co… │ 0.000000     │
│ train/uncertainty/top7_pct_co… │ 0.000000     │
│ train/uncertainty/top7_pct_th… │ 1.000000     │
│ train/uncertainty/top7_pct_th… │ 0.000000     │
│ train/uncertainty/true_mi/max  │ 0.000000     │
│ train/uncertainty/true_mi/mean │ 0.000000     │
│ train/uncertainty/true_mi/min  │ 0.000000     │
│ train/uncertainty/true_mi/std  │ 0.000000     │
│ train/uncertainty/variance/max │ nan          │
│ train/uncertainty/variance/me… │ nan          │
│ train/uncertainty/variance/min │ nan          │
│ train/uncertainty/variance/std │ nan          │
│ train/uncertainty/variance_to… │ nan          │
│ train/uncertainty/variance_to… │ nan          │
│ train/uncertainty/variance_to… │ nan          │
│ train/uncertainty/variance_to… │ nan          │
└────────────────────────────────┴──────────────┘
tinker_cookbook.utils.ml_log:240 [INFO] Logging to: https://wandb.ai/kriaz-msee20seecs-nust/ugttt-rebuttal/runs/i08k0v16
__main__:2062 [INFO] [Epoch 1] R_exec=0.6467 (max=2.6234 best=2.6234) RMI=0.0000 beta=1.04 corr=33.9% loss=-0.4583 groups=7/8 time=9451.7s
__main__:2073 [INFO] Checkpoint saved at epoch 1
__main__:1836 [INFO] [Epoch 2/6] Starting rollout phase: 8 groups × 8 rollouts
tinker_cookbook.rl.ensemble:1082 [INFO]   generate_batch_multi_adapter_two_phase: N=8 phase1_max=26000 streaming_mi=False kv_q=False
tinker_cookbook.rl.ensemble:1270 [INFO]     [gen/p1] step=2048/23576 active=8/8 mi_stopped=0
tinker_cookbook.rl.ensemble:1270 [INFO]     [gen/p1] step=4096/23576 active=8/8 mi_stopped=0
tinker_cookbook.rl.ensemble:1270 [INFO]     [gen/p1] step=6144/23576 active=8/8 mi_stopped=0
tinker_cookbook.rl.ensemble:1270 [INFO]     [gen/p1] step=8192/23576 active=5/8 mi_stopped=0
__main__:1078 [INFO]   Group 0: multi-adapter generation 8 seqs in 737.9s
__main__:1108 [INFO]   Group 0: rewards computed in 9.9s
__main__:1150 [INFO]     [g0][r1/8] adapter=0 R_exec=0.0000 true_MI=0.00000 RMI=0.0000 R_total=0.0000 correct=0 tokens=8621
__main__:1150 [INFO]     [g0][r2/8] adapter=0 R_exec=2.6234 true_MI=0.00000 RMI=0.0000 R_total=2.6234 correct=1 tokens=8520
__main__:1150 [INFO]     [g0][r3/8] adapter=0 R_exec=0.0000 true_MI=0.00000 RMI=0.0000 R_total=0.0000 correct=0 tokens=9339
__main__:1150 [INFO]     [g0][r4/8] adapter=0 R_exec=2.5629 true_MI=0.00000 RMI=0.0000 R_total=2.5629 correct=1 tokens=7671
__main__:1150 [INFO]     [g0][r5/8] adapter=0 R_exec=0.0000 true_MI=0.00000 RMI=0.0000 R_total=0.0000 correct=0 tokens=8552
__main__:1150 [INFO]     [g0][r6/8] adapter=0 R_exec=0.0000 true_MI=0.00000 RMI=0.0000 R_total=0.0000 correct=0 tokens=8594
__main__:1150 [INFO]     [g0][r7/8] adapter=0 R_exec=2.6259 true_MI=0.00000 RMI=0.0000 R_total=2.6259 correct=1 tokens=8033
__main__:1150 [INFO]     [g0][r8/8] adapter=0 R_exec=0.0000 true_MI=0.00000 RMI=0.0000 R_total=0.0000 correct=0 tokens=7823
__main__:1167 [INFO]   [g0] group true_MI: mean=0.00000 std=0.00000 max=0.00000 normalized=[0.00 0.00 0.00 0.00 0.00 0.00 0.00 0.00]
tinker_cookbook.utils.ml_log:143 [INFO] Wrote metrics to logs/aws/wave1-rerun/cp26-base-seed2/metrics.jsonl
tinker_cookbook.utils.ml_log:240 [INFO] Logging to: https://wandb.ai/kriaz-msee20seecs-nust/ugttt-rebuttal/runs/i08k0v16
tinker_cookbook.utils.ml_log:143 [INFO] Wrote metrics to logs/aws/wave1-rerun/cp26-base-seed2/metrics.jsonl
tinker_cookbook.utils.ml_log:240 [INFO] Logging to: https://wandb.ai/kriaz-msee20seecs-nust/ugttt-rebuttal/runs/i08k0v16
tinker_cookbook.utils.ml_log:143 [INFO] Wrote metrics to logs/aws/wave1-rerun/cp26-base-seed2/metrics.jsonl
tinker_cookbook.utils.ml_log:240 [INFO] Logging to: https://wandb.ai/kriaz-msee20seecs-nust/ugttt-rebuttal/runs/i08k0v16
tinker_cookbook.utils.ml_log:143 [INFO] Wrote metrics to logs/aws/wave1-rerun/cp26-base-seed2/metrics.jsonl
tinker_cookbook.utils.ml_log:240 [INFO] Logging to: https://wandb.ai/kriaz-msee20seecs-nust/ugttt-rebuttal/runs/i08k0v16
tinker_cookbook.utils.ml_log:143 [INFO] Wrote metrics to logs/aws/wave1-rerun/cp26-base-seed2/metrics.jsonl
tinker_cookbook.utils.ml_log:240 [INFO] Logging to: https://wandb.ai/kriaz-msee20seecs-nust/ugttt-rebuttal/runs/i08k0v16
tinker_cookbook.utils.ml_log:143 [INFO] Wrote metrics to logs/aws/wave1-rerun/cp26-base-seed2/metrics.jsonl
tinker_cookbook.utils.ml_log:240 [INFO] Logging to: https://wandb.ai/kriaz-msee20seecs-nust/ugttt-rebuttal/runs/i08k0v16
tinker_cookbook.utils.ml_log:143 [INFO] Wrote metrics to logs/aws/wave1-rerun/cp26-base-seed2/metrics.jsonl
tinker_cookbook.utils.ml_log:240 [INFO] Logging to: https://wandb.ai/kriaz-msee20seecs-nust/ugttt-rebuttal/runs/i08k0v16
tinker_cookbook.utils.ml_log:143 [INFO] Wrote metrics to logs/aws/wave1-rerun/cp26-base-seed2/metrics.jsonl
tinker_cookbook.utils.ml_log:240 [INFO] Logging to: https://wandb.ai/kriaz-msee20seecs-nust/ugttt-rebuttal/runs/i08k0v16
__main__:1949 [INFO]   [2][1/8] KEPT | R_exec=0.9765 (max=2.6259) RMI=0.0000 R_total=0.9765 | 747.8s | GPU: 18.1/61.0GB
tinker_cookbook.utils.ml_log:143 [INFO] Wrote metrics to logs/aws/wave1-rerun/cp26-base-seed2/metrics.jsonl
tinker_cookbook.utils.ml_log:240 [INFO] Logging to: https://wandb.ai/kriaz-msee20seecs-nust/ugttt-rebuttal/runs/i08k0v16
tinker_cookbook.rl.ensemble:1082 [INFO]   generate_batch_multi_adapter_two_phase: N=8 phase1_max=26000 streaming_mi=False kv_q=False
tinker_cookbook.rl.ensemble:1270 [INFO]     [gen/p1] step=2048/23741 active=8/8 mi_stopped=0
tinker_cookbook.rl.ensemble:1270 [INFO]     [gen/p1] step=4096/23741 active=8/8 mi_stopped=0
tinker_cookbook.rl.ensemble:1270 [INFO]     [gen/p1] step=6144/23741 active=8/8 mi_stopped=0
tinker_cookbook.rl.ensemble:1270 [INFO]     [gen/p1] step=8192/23741 active=4/8 mi_stopped=0
__main__:1078 [INFO]   Group 1: multi-adapter generation 8 seqs in 826.4s
__main__:1108 [INFO]   Group 1: rewards computed in 5.7s
__main__:1150 [INFO]     [g1][r1/8] adapter=0 R_exec=0.0000 true_MI=0.00000 RMI=0.0000 R_total=0.0000 correct=0 tokens=6396
__main__:1150 [INFO]     [g1][r2/8] adapter=0 R_exec=0.0000 true_MI=0.00000 RMI=0.0000 R_total=0.0000 correct=0 tokens=8938
__main__:1150 [INFO]     [g1][r3/8] adapter=0 R_exec=0.0000 true_MI=0.00000 RMI=0.0000 R_total=0.0000 correct=0 tokens=7196
__main__:1150 [INFO]     [g1][r4/8] adapter=0 R_exec=2.6196 true_MI=0.00000 RMI=0.0000 R_total=2.6196 correct=1 tokens=8089
__main__:1150 [INFO]     [g1][r5/8] adapter=0 R_exec=0.0000 true_MI=0.00000 RMI=0.0000 R_total=0.0000 correct=0 tokens=9851
__main__:1150 [INFO]     [g1][r6/8] adapter=0 R_exec=0.0000 true_MI=0.00000 RMI=0.0000 R_total=0.0000 correct=0 tokens=8818
__main__:1150 [INFO]     [g1][r7/8] adapter=0 R_exec=2.6124 true_MI=0.00000 RMI=0.0000 R_total=2.6124 correct=1 tokens=8157
__main__:1150 [INFO]     [g1][r8/8] adapter=0 R_exec=2.5960 true_MI=0.00000 RMI=0.0000 R_total=2.5960 correct=1 tokens=10231
__main__:1167 [INFO]   [g1] group true_MI: mean=0.00000 std=0.00000 max=0.00000 normalized=[0.00 0.00 0.00 0.00 0.00 0.00 0.00 0.00]
tinker_cookbook.utils.ml_log:143 [INFO] Wrote metrics to logs/aws/wave1-rerun/cp26-base-seed2/metrics.jsonl
tinker_cookbook.utils.ml_log:240 [INFO] Logging to: https://wandb.ai/kriaz-msee20seecs-nust/ugttt-rebuttal/runs/i08k0v16
tinker_cookbook.utils.ml_log:143 [INFO] Wrote metrics to logs/aws/wave1-rerun/cp26-base-seed2/metrics.jsonl
tinker_cookbook.utils.ml_log:240 [INFO] Logging to: https://wandb.ai/kriaz-msee20seecs-nust/ugttt-rebuttal/runs/i08k0v16
tinker_cookbook.utils.ml_log:143 [INFO] Wrote metrics to logs/aws/wave1-rerun/cp26-base-seed2/metrics.jsonl
tinker_cookbook.utils.ml_log:240 [INFO] Logging to: https://wandb.ai/kriaz-msee20seecs-nust/ugttt-rebuttal/runs/i08k0v16
tinker_cookbook.utils.ml_log:143 [INFO] Wrote metrics to logs/aws/wave1-rerun/cp26-base-seed2/metrics.jsonl
tinker_cookbook.utils.ml_log:240 [INFO] Logging to: https://wandb.ai/kriaz-msee20seecs-nust/ugttt-rebuttal/runs/i08k0v16
tinker_cookbook.utils.ml_log:143 [INFO] Wrote metrics to logs/aws/wave1-rerun/cp26-base-seed2/metrics.jsonl
tinker_cookbook.utils.ml_log:240 [INFO] Logging to: https://wandb.ai/kriaz-msee20seecs-nust/ugttt-rebuttal/runs/i08k0v16
tinker_cookbook.utils.ml_log:143 [INFO] Wrote metrics to logs/aws/wave1-rerun/cp26-base-seed2/metrics.jsonl
tinker_cookbook.utils.ml_log:240 [INFO] Logging to: https://wandb.ai/kriaz-msee20seecs-nust/ugttt-rebuttal/runs/i08k0v16
tinker_cookbook.utils.ml_log:143 [INFO] Wrote metrics to logs/aws/wave1-rerun/cp26-base-seed2/metrics.jsonl
tinker_cookbook.utils.ml_log:240 [INFO] Logging to: https://wandb.ai/kriaz-msee20seecs-nust/ugttt-rebuttal/runs/i08k0v16
tinker_cookbook.utils.ml_log:143 [INFO] Wrote metrics to logs/aws/wave1-rerun/cp26-base-seed2/metrics.jsonl
tinker_cookbook.utils.ml_log:240 [INFO] Logging to: https://wandb.ai/kriaz-msee20seecs-nust/ugttt-rebuttal/runs/i08k0v16
__main__:1949 [INFO]   [2][2/8] KEPT | R_exec=0.9785 (max=2.6196) RMI=0.0000 R_total=0.9785 | 832.2s | GPU: 18.1/60.8GB
tinker_cookbook.utils.ml_log:143 [INFO] Wrote metrics to logs/aws/wave1-rerun/cp26-base-seed2/metrics.jsonl
tinker_cookbook.utils.ml_log:240 [INFO] Logging to: https://wandb.ai/kriaz-msee20seecs-nust/ugttt-rebuttal/runs/i08k0v16
tinker_cookbook.rl.ensemble:1082 [INFO]   generate_batch_multi_adapter_two_phase: N=8 phase1_max=26000 streaming_mi=False kv_q=False
tinker_cookbook.rl.ensemble:1270 [INFO]     [gen/p1] step=2048/24015 active=8/8 mi_stopped=0
tinker_cookbook.rl.ensemble:1270 [INFO]     [gen/p1] step=4096/24015 active=8/8 mi_stopped=0
tinker_cookbook.rl.ensemble:1270 [INFO]     [gen/p1] step=6144/24015 active=8/8 mi_stopped=0
tinker_cookbook.rl.ensemble:1270 [INFO]     [gen/p1] step=8192/24015 active=8/8 mi_stopped=0
tinker_cookbook.rl.ensemble:1270 [INFO]     [gen/p1] step=10240/24015 active=5/8 mi_stopped=0
tinker_cookbook.rl.ensemble:1270 [INFO]     [gen/p1] step=12288/24015 active=1/8 mi_stopped=0
__main__:1078 [INFO]   Group 2: multi-adapter generation 8 seqs in 1060.5s
__main__:1108 [INFO]   Group 2: rewards computed in 12.7s
__main__:1150 [INFO]     [g2][r1/8] adapter=0 R_exec=2.6057 true_MI=0.00000 RMI=0.0000 R_total=2.6057 correct=1 tokens=9556
__main__:1150 [INFO]     [g2][r2/8] adapter=0 R_exec=0.0000 true_MI=0.00000 RMI=0.0000 R_total=0.0000 correct=0 tokens=10584
__main__:1150 [INFO]     [g2][r3/8] adapter=0 R_exec=2.6092 true_MI=0.00000 RMI=0.0000 R_total=2.6092 correct=1 tokens=10393
__main__:1150 [INFO]     [g2][r4/8] adapter=0 R_exec=0.0000 true_MI=0.00000 RMI=0.0000 R_total=0.0000 correct=0 tokens=9939
__main__:1150 [INFO]     [g2][r5/8] adapter=0 R_exec=2.5692 true_MI=0.00000 RMI=0.0000 R_total=2.5692 correct=1 tokens=12302
__main__:1150 [INFO]     [g2][r6/8] adapter=0 R_exec=0.0000 true_MI=0.00000 RMI=0.0000 R_total=0.0000 correct=0 tokens=10426
__main__:1150 [INFO]     [g2][r7/8] adapter=0 R_exec=0.0000 true_MI=0.00000 RMI=0.0000 R_total=0.0000 correct=0 tokens=9726
__main__:1150 [INFO]     [g2][r8/8] adapter=0 R_exec=2.4525 true_MI=0.00000 RMI=0.0000 R_total=2.4525 correct=1 tokens=12154
__main__:1167 [INFO]   [g2] group true_MI: mean=0.00000 std=0.00000 max=0.00000 normalized=[0.00 0.00 0.00 0.00 0.00 0.00 0.00 0.00]
tinker_cookbook.utils.ml_log:143 [INFO] Wrote metrics to logs/aws/wave1-rerun/cp26-base-seed2/metrics.jsonl
tinker_cookbook.utils.ml_log:240 [INFO] Logging to: https://wandb.ai/kriaz-msee20seecs-nust/ugttt-rebuttal/runs/i08k0v16
tinker_cookbook.utils.ml_log:143 [INFO] Wrote metrics to logs/aws/wave1-rerun/cp26-base-seed2/metrics.jsonl
tinker_cookbook.utils.ml_log:240 [INFO] Logging to: https://wandb.ai/kriaz-msee20seecs-nust/ugttt-rebuttal/runs/i08k0v16
tinker_cookbook.utils.ml_log:143 [INFO] Wrote metrics to logs/aws/wave1-rerun/cp26-base-seed2/metrics.jsonl
tinker_cookbook.utils.ml_log:240 [INFO] Logging to: https://wandb.ai/kriaz-msee20seecs-nust/ugttt-rebuttal/runs/i08k0v16
tinker_cookbook.utils.ml_log:143 [INFO] Wrote metrics to logs/aws/wave1-rerun/cp26-base-seed2/metrics.jsonl
tinker_cookbook.utils.ml_log:240 [INFO] Logging to: https://wandb.ai/kriaz-msee20seecs-nust/ugttt-rebuttal/runs/i08k0v16
tinker_cookbook.utils.ml_log:143 [INFO] Wrote metrics to logs/aws/wave1-rerun/cp26-base-seed2/metrics.jsonl
tinker_cookbook.utils.ml_log:240 [INFO] Logging to: https://wandb.ai/kriaz-msee20seecs-nust/ugttt-rebuttal/runs/i08k0v16
tinker_cookbook.utils.ml_log:143 [INFO] Wrote metrics to logs/aws/wave1-rerun/cp26-base-seed2/metrics.jsonl
tinker_cookbook.utils.ml_log:240 [INFO] Logging to: https://wandb.ai/kriaz-msee20seecs-nust/ugttt-rebuttal/runs/i08k0v16
tinker_cookbook.utils.ml_log:143 [INFO] Wrote metrics to logs/aws/wave1-rerun/cp26-base-seed2/metrics.jsonl
tinker_cookbook.utils.ml_log:240 [INFO] Logging to: https://wandb.ai/kriaz-msee20seecs-nust/ugttt-rebuttal/runs/i08k0v16
tinker_cookbook.utils.ml_log:143 [INFO] Wrote metrics to logs/aws/wave1-rerun/cp26-base-seed2/metrics.jsonl
tinker_cookbook.utils.ml_log:240 [INFO] Logging to: https://wandb.ai/kriaz-msee20seecs-nust/ugttt-rebuttal/runs/i08k0v16
__main__:1949 [INFO]   [2][3/8] KEPT | R_exec=1.2796 (max=2.6092) RMI=0.0000 R_total=1.2796 | 1073.3s | GPU: 18.1/61.0GB
tinker_cookbook.utils.ml_log:143 [INFO] Wrote metrics to logs/aws/wave1-rerun/cp26-base-seed2/metrics.jsonl
tinker_cookbook.utils.ml_log:240 [INFO] Logging to: https://wandb.ai/kriaz-msee20seecs-nust/ugttt-rebuttal/runs/i08k0v16
tinker_cookbook.rl.ensemble:1082 [INFO]   generate_batch_multi_adapter_two_phase: N=8 phase1_max=26000 streaming_mi=False kv_q=False
tinker_cookbook.rl.ensemble:1270 [INFO]     [gen/p1] step=2048/24105 active=8/8 mi_stopped=0
tinker_cookbook.rl.ensemble:1270 [INFO]     [gen/p1] step=4096/24105 active=8/8 mi_stopped=0
tinker_cookbook.rl.ensemble:1270 [INFO]     [gen/p1] step=6144/24105 active=8/8 mi_stopped=0
tinker_cookbook.rl.ensemble:1270 [INFO]     [gen/p1] step=8192/24105 active=7/8 mi_stopped=0
tinker_cookbook.rl.ensemble:1270 [INFO]     [gen/p1] step=10240/24105 active=2/8 mi_stopped=0
tinker_cookbook.rl.ensemble:1270 [INFO]     [gen/p1] step=12288/24105 active=1/8 mi_stopped=0
__main__:1078 [INFO]   Group 3: multi-adapter generation 8 seqs in 1124.6s
__main__:1108 [INFO]   Group 3: rewards computed in 246.9s
__main__:1150 [INFO]     [g3][r1/8] adapter=0 R_exec=0.0000 true_MI=0.00000 RMI=0.0000 R_total=0.0000 correct=0 tokens=12849
__main__:1150 [INFO]     [g3][r2/8] adapter=0 R_exec=0.0000 true_MI=0.00000 RMI=0.0000 R_total=0.0000 correct=0 tokens=7972
__main__:1150 [INFO]     [g3][r3/8] adapter=0 R_exec=0.0000 true_MI=0.00000 RMI=0.0000 R_total=0.0000 correct=0 tokens=8808
__main__:1150 [INFO]     [g3][r4/8] adapter=0 R_exec=0.0000 true_MI=0.00000 RMI=0.0000 R_total=0.0000 correct=0 tokens=9631
__main__:1150 [INFO]     [g3][r5/8] adapter=0 R_exec=0.0000 true_MI=0.00000 RMI=0.0000 R_total=0.0000 correct=0 tokens=9062
__main__:1150 [INFO]     [g3][r6/8] adapter=0 R_exec=0.0000 true_MI=0.00000 RMI=0.0000 R_total=0.0000 correct=0 tokens=10260
__main__:1150 [INFO]     [g3][r7/8] adapter=0 R_exec=2.5982 true_MI=0.00000 RMI=0.0000 R_total=2.5982 correct=1 tokens=9647
__main__:1150 [INFO]     [g3][r8/8] adapter=0 R_exec=0.0000 true_MI=0.00000 RMI=0.0000 R_total=0.0000 correct=0 tokens=9900
__main__:1167 [INFO]   [g3] group true_MI: mean=0.00000 std=0.00000 max=0.00000 normalized=[0.00 0.00 0.00 0.00 0.00 0.00 0.00 0.00]
tinker_cookbook.utils.ml_log:143 [INFO] Wrote metrics to logs/aws/wave1-rerun/cp26-base-seed2/metrics.jsonl
tinker_cookbook.utils.ml_log:240 [INFO] Logging to: https://wandb.ai/kriaz-msee20seecs-nust/ugttt-rebuttal/runs/i08k0v16
tinker_cookbook.utils.ml_log:143 [INFO] Wrote metrics to logs/aws/wave1-rerun/cp26-base-seed2/metrics.jsonl
tinker_cookbook.utils.ml_log:240 [INFO] Logging to: https://wandb.ai/kriaz-msee20seecs-nust/ugttt-rebuttal/runs/i08k0v16
tinker_cookbook.utils.ml_log:143 [INFO] Wrote metrics to logs/aws/wave1-rerun/cp26-base-seed2/metrics.jsonl
tinker_cookbook.utils.ml_log:240 [INFO] Logging to: https://wandb.ai/kriaz-msee20seecs-nust/ugttt-rebuttal/runs/i08k0v16
tinker_cookbook.utils.ml_log:143 [INFO] Wrote metrics to logs/aws/wave1-rerun/cp26-base-seed2/metrics.jsonl
tinker_cookbook.utils.ml_log:240 [INFO] Logging to: https://wandb.ai/kriaz-msee20seecs-nust/ugttt-rebuttal/runs/i08k0v16
tinker_cookbook.utils.ml_log:143 [INFO] Wrote metrics to logs/aws/wave1-rerun/cp26-base-seed2/metrics.jsonl
tinker_cookbook.utils.ml_log:240 [INFO] Logging to: https://wandb.ai/kriaz-msee20seecs-nust/ugttt-rebuttal/runs/i08k0v16
tinker_cookbook.utils.ml_log:143 [INFO] Wrote metrics to logs/aws/wave1-rerun/cp26-base-seed2/metrics.jsonl
tinker_cookbook.utils.ml_log:240 [INFO] Logging to: https://wandb.ai/kriaz-msee20seecs-nust/ugttt-rebuttal/runs/i08k0v16
tinker_cookbook.utils.ml_log:143 [INFO] Wrote metrics to logs/aws/wave1-rerun/cp26-base-seed2/metrics.jsonl
tinker_cookbook.utils.ml_log:240 [INFO] Logging to: https://wandb.ai/kriaz-msee20seecs-nust/ugttt-rebuttal/runs/i08k0v16
tinker_cookbook.utils.ml_log:143 [INFO] Wrote metrics to logs/aws/wave1-rerun/cp26-base-seed2/metrics.jsonl
tinker_cookbook.utils.ml_log:240 [INFO] Logging to: https://wandb.ai/kriaz-msee20seecs-nust/ugttt-rebuttal/runs/i08k0v16
__main__:1949 [INFO]   [2][4/8] KEPT | R_exec=0.3248 (max=2.5982) RMI=0.0000 R_total=0.3248 | 1371.5s | GPU: 18.1/60.9GB
tinker_cookbook.utils.ml_log:143 [INFO] Wrote metrics to logs/aws/wave1-rerun/cp26-base-seed2/metrics.jsonl
tinker_cookbook.utils.ml_log:240 [INFO] Logging to: https://wandb.ai/kriaz-msee20seecs-nust/ugttt-rebuttal/runs/i08k0v16
tinker_cookbook.rl.ensemble:1082 [INFO]   generate_batch_multi_adapter_two_phase: N=8 phase1_max=26000 streaming_mi=False kv_q=False
tinker_cookbook.rl.ensemble:1270 [INFO]     [gen/p1] step=2048/23573 active=8/8 mi_stopped=0
tinker_cookbook.rl.ensemble:1270 [INFO]     [gen/p1] step=4096/23573 active=8/8 mi_stopped=0
tinker_cookbook.rl.ensemble:1270 [INFO]     [gen/p1] step=6144/23573 active=8/8 mi_stopped=0
tinker_cookbook.rl.ensemble:1270 [INFO]     [gen/p1] step=8192/23573 active=7/8 mi_stopped=0
tinker_cookbook.rl.ensemble:1270 [INFO]     [gen/p1] step=10240/23573 active=4/8 mi_stopped=0
__main__:1078 [INFO]   Group 4: multi-adapter generation 8 seqs in 1059.3s
__main__:1108 [INFO]   Group 4: rewards computed in 12.4s
__main__:1150 [INFO]     [g4][r1/8] adapter=0 R_exec=0.0000 true_MI=0.00000 RMI=0.0000 R_total=0.0000 correct=0 tokens=10361
__main__:1150 [INFO]     [g4][r2/8] adapter=0 R_exec=0.0000 true_MI=0.00000 RMI=0.0000 R_total=0.0000 correct=0 tokens=8410
__main__:1150 [INFO]     [g4][r3/8] adapter=0 R_exec=0.0000 true_MI=0.00000 RMI=0.0000 R_total=0.0000 correct=0 tokens=11992
__main__:1150 [INFO]     [g4][r4/8] adapter=0 R_exec=2.5543 true_MI=0.00000 RMI=0.0000 R_total=2.5543 correct=1 tokens=7093
__main__:1150 [INFO]     [g4][r5/8] adapter=0 R_exec=0.0000 true_MI=0.00000 RMI=0.0000 R_total=0.0000 correct=0 tokens=9527
__main__:1150 [INFO]     [g4][r6/8] adapter=0 R_exec=0.0000 true_MI=0.00000 RMI=0.0000 R_total=0.0000 correct=0 tokens=11536
__main__:1150 [INFO]     [g4][r7/8] adapter=0 R_exec=0.0000 true_MI=0.00000 RMI=0.0000 R_total=0.0000 correct=0 tokens=9490
__main__:1150 [INFO]     [g4][r8/8] adapter=0 R_exec=0.0000 true_MI=0.00000 RMI=0.0000 R_total=0.0000 correct=0 tokens=11024
__main__:1167 [INFO]   [g4] group true_MI: mean=0.00000 std=0.00000 max=0.00000 normalized=[0.00 0.00 0.00 0.00 0.00 0.00 0.00 0.00]
tinker_cookbook.utils.ml_log:143 [INFO] Wrote metrics to logs/aws/wave1-rerun/cp26-base-seed2/metrics.jsonl
tinker_cookbook.utils.ml_log:240 [INFO] Logging to: https://wandb.ai/kriaz-msee20seecs-nust/ugttt-rebuttal/runs/i08k0v16
tinker_cookbook.utils.ml_log:143 [INFO] Wrote metrics to logs/aws/wave1-rerun/cp26-base-seed2/metrics.jsonl
tinker_cookbook.utils.ml_log:240 [INFO] Logging to: https://wandb.ai/kriaz-msee20seecs-nust/ugttt-rebuttal/runs/i08k0v16
tinker_cookbook.utils.ml_log:143 [INFO] Wrote metrics to logs/aws/wave1-rerun/cp26-base-seed2/metrics.jsonl
tinker_cookbook.utils.ml_log:240 [INFO] Logging to: https://wandb.ai/kriaz-msee20seecs-nust/ugttt-rebuttal/runs/i08k0v16
tinker_cookbook.utils.ml_log:143 [INFO] Wrote metrics to logs/aws/wave1-rerun/cp26-base-seed2/metrics.jsonl
tinker_cookbook.utils.ml_log:240 [INFO] Logging to: https://wandb.ai/kriaz-msee20seecs-nust/ugttt-rebuttal/runs/i08k0v16
tinker_cookbook.utils.ml_log:143 [INFO] Wrote metrics to logs/aws/wave1-rerun/cp26-base-seed2/metrics.jsonl
tinker_cookbook.utils.ml_log:240 [INFO] Logging to: https://wandb.ai/kriaz-msee20seecs-nust/ugttt-rebuttal/runs/i08k0v16
tinker_cookbook.utils.ml_log:143 [INFO] Wrote metrics to logs/aws/wave1-rerun/cp26-base-seed2/metrics.jsonl
tinker_cookbook.utils.ml_log:240 [INFO] Logging to: https://wandb.ai/kriaz-msee20seecs-nust/ugttt-rebuttal/runs/i08k0v16
tinker_cookbook.utils.ml_log:143 [INFO] Wrote metrics to logs/aws/wave1-rerun/cp26-base-seed2/metrics.jsonl
tinker_cookbook.utils.ml_log:240 [INFO] Logging to: https://wandb.ai/kriaz-msee20seecs-nust/ugttt-rebuttal/runs/i08k0v16
tinker_cookbook.utils.ml_log:143 [INFO] Wrote metrics to logs/aws/wave1-rerun/cp26-base-seed2/metrics.jsonl
tinker_cookbook.utils.ml_log:240 [INFO] Logging to: https://wandb.ai/kriaz-msee20seecs-nust/ugttt-rebuttal/runs/i08k0v16
__main__:1949 [INFO]   [2][5/8] KEPT | R_exec=0.3193 (max=2.5543) RMI=0.0000 R_total=0.3193 | 1071.8s | GPU: 18.1/61.4GB
tinker_cookbook.utils.ml_log:143 [INFO] Wrote metrics to logs/aws/wave1-rerun/cp26-base-seed2/metrics.jsonl
tinker_cookbook.utils.ml_log:240 [INFO] Logging to: https://wandb.ai/kriaz-msee20seecs-nust/ugttt-rebuttal/runs/i08k0v16
tinker_cookbook.rl.ensemble:1082 [INFO]   generate_batch_multi_adapter_two_phase: N=8 phase1_max=26000 streaming_mi=False kv_q=False
tinker_cookbook.rl.ensemble:1270 [INFO]     [gen/p1] step=2048/24047 active=8/8 mi_stopped=0
tinker_cookbook.rl.ensemble:1270 [INFO]     [gen/p1] step=4096/24047 active=8/8 mi_stopped=0
tinker_cookbook.rl.ensemble:1270 [INFO]     [gen/p1] step=6144/24047 active=8/8 mi_stopped=0
tinker_cookbook.rl.ensemble:1270 [INFO]     [gen/p1] step=8192/24047 active=8/8 mi_stopped=0
tinker_cookbook.rl.ensemble:1270 [INFO]     [gen/p1] step=10240/24047 active=3/8 mi_stopped=0
__main__:1078 [INFO]   Group 5: multi-adapter generation 8 seqs in 883.2s
__main__:1108 [INFO]   Group 5: rewards computed in 7.6s
__main__:1150 [INFO]     [g5][r1/8] adapter=0 R_exec=0.0000 true_MI=0.00000 RMI=0.0000 R_total=0.0000 correct=1 tokens=10028
__main__:1150 [INFO]     [g5][r2/8] adapter=0 R_exec=2.5796 true_MI=0.00000 RMI=0.0000 R_total=2.5796 correct=1 tokens=9498
__main__:1150 [INFO]     [g5][r3/8] adapter=0 R_exec=0.0000 true_MI=0.00000 RMI=0.0000 R_total=0.0000 correct=0 tokens=10175
__main__:1150 [INFO]     [g5][r4/8] adapter=0 R_exec=0.0000 true_MI=0.00000 RMI=0.0000 R_total=0.0000 correct=0 tokens=10868
__main__:1150 [INFO]     [g5][r5/8] adapter=0 R_exec=2.5501 true_MI=0.00000 RMI=0.0000 R_total=2.5501 correct=1 tokens=10740
__main__:1150 [INFO]     [g5][r6/8] adapter=0 R_exec=2.5662 true_MI=0.00000 RMI=0.0000 R_total=2.5662 correct=1 tokens=9276
__main__:1150 [INFO]     [g5][r7/8] adapter=0 R_exec=2.5501 true_MI=0.00000 RMI=0.0000 R_total=2.5501 correct=1 tokens=10811
__main__:1150 [INFO]     [g5][r8/8] adapter=0 R_exec=2.5401 true_MI=0.00000 RMI=0.0000 R_total=2.5401 correct=1 tokens=10150
__main__:1167 [INFO]   [g5] group true_MI: mean=0.00000 std=0.00000 max=0.00000 normalized=[0.00 0.00 0.00 0.00 0.00 0.00 0.00 0.00]
tinker_cookbook.utils.ml_log:143 [INFO] Wrote metrics to logs/aws/wave1-rerun/cp26-base-seed2/metrics.jsonl
tinker_cookbook.utils.ml_log:240 [INFO] Logging to: https://wandb.ai/kriaz-msee20seecs-nust/ugttt-rebuttal/runs/i08k0v16
tinker_cookbook.utils.ml_log:143 [INFO] Wrote metrics to logs/aws/wave1-rerun/cp26-base-seed2/metrics.jsonl
tinker_cookbook.utils.ml_log:240 [INFO] Logging to: https://wandb.ai/kriaz-msee20seecs-nust/ugttt-rebuttal/runs/i08k0v16
tinker_cookbook.utils.ml_log:143 [INFO] Wrote metrics to logs/aws/wave1-rerun/cp26-base-seed2/metrics.jsonl
tinker_cookbook.utils.ml_log:240 [INFO] Logging to: https://wandb.ai/kriaz-msee20seecs-nust/ugttt-rebuttal/runs/i08k0v16
tinker_cookbook.utils.ml_log:143 [INFO] Wrote metrics to logs/aws/wave1-rerun/cp26-base-seed2/metrics.jsonl
tinker_cookbook.utils.ml_log:240 [INFO] Logging to: https://wandb.ai/kriaz-msee20seecs-nust/ugttt-rebuttal/runs/i08k0v16
tinker_cookbook.utils.ml_log:143 [INFO] Wrote metrics to logs/aws/wave1-rerun/cp26-base-seed2/metrics.jsonl
tinker_cookbook.utils.ml_log:240 [INFO] Logging to: https://wandb.ai/kriaz-msee20seecs-nust/ugttt-rebuttal/runs/i08k0v16
tinker_cookbook.utils.ml_log:143 [INFO] Wrote metrics to logs/aws/wave1-rerun/cp26-base-seed2/metrics.jsonl
tinker_cookbook.utils.ml_log:240 [INFO] Logging to: https://wandb.ai/kriaz-msee20seecs-nust/ugttt-rebuttal/runs/i08k0v16
tinker_cookbook.utils.ml_log:143 [INFO] Wrote metrics to logs/aws/wave1-rerun/cp26-base-seed2/metrics.jsonl
tinker_cookbook.utils.ml_log:240 [INFO] Logging to: https://wandb.ai/kriaz-msee20seecs-nust/ugttt-rebuttal/runs/i08k0v16
tinker_cookbook.utils.ml_log:143 [INFO] Wrote metrics to logs/aws/wave1-rerun/cp26-base-seed2/metrics.jsonl
tinker_cookbook.utils.ml_log:240 [INFO] Logging to: https://wandb.ai/kriaz-msee20seecs-nust/ugttt-rebuttal/runs/i08k0v16
__main__:1949 [INFO]   [2][6/8] KEPT | R_exec=1.5983 (max=2.5796) RMI=0.0000 R_total=1.5983 | 890.9s | GPU: 18.1/60.8GB
tinker_cookbook.utils.ml_log:143 [INFO] Wrote metrics to logs/aws/wave1-rerun/cp26-base-seed2/metrics.jsonl
tinker_cookbook.utils.ml_log:240 [INFO] Logging to: https://wandb.ai/kriaz-msee20seecs-nust/ugttt-rebuttal/runs/i08k0v16
tinker_cookbook.rl.ensemble:1082 [INFO]   generate_batch_multi_adapter_two_phase: N=8 phase1_max=26000 streaming_mi=False kv_q=False
tinker_cookbook.rl.ensemble:1270 [INFO]     [gen/p1] step=2048/23767 active=8/8 mi_stopped=0
tinker_cookbook.rl.ensemble:1270 [INFO]     [gen/p1] step=4096/23767 active=8/8 mi_stopped=0
tinker_cookbook.rl.ensemble:1270 [INFO]     [gen/p1] step=6144/23767 active=8/8 mi_stopped=0
tinker_cookbook.rl.ensemble:1270 [INFO]     [gen/p1] step=8192/23767 active=7/8 mi_stopped=0
tinker_cookbook.rl.ensemble:1270 [INFO]     [gen/p1] step=10240/23767 active=5/8 mi_stopped=0
tinker_cookbook.rl.ensemble:1270 [INFO]     [gen/p1] step=12288/23767 active=2/8 mi_stopped=0
tinker_cookbook.rl.ensemble:1270 [INFO]     [gen/p1] step=14336/23767 active=1/8 mi_stopped=0
__main__:1078 [INFO]   Group 6: multi-adapter generation 8 seqs in 1430.3s
__main__:1108 [INFO]   Group 6: rewards computed in 20.7s
__main__:1150 [INFO]     [g6][r1/8] adapter=0 R_exec=0.0000 true_MI=0.00000 RMI=0.0000 R_total=0.0000 correct=0 tokens=10715
__main__:1150 [INFO]     [g6][r2/8] adapter=0 R_exec=0.0000 true_MI=0.00000 RMI=0.0000 R_total=0.0000 correct=0 tokens=11442
__main__:1150 [INFO]     [g6][r3/8] adapter=0 R_exec=2.6006 true_MI=0.00000 RMI=0.0000 R_total=2.6006 correct=1 tokens=8264
__main__:1150 [INFO]     [g6][r4/8] adapter=0 R_exec=2.6196 true_MI=0.00000 RMI=0.0000 R_total=2.6196 correct=1 tokens=8886
__main__:1150 [INFO]     [g6][r5/8] adapter=0 R_exec=2.6087 true_MI=0.00000 RMI=0.0000 R_total=2.6087 correct=1 tokens=10902
__main__:1150 [INFO]     [g6][r6/8] adapter=0 R_exec=2.6196 true_MI=0.00000 RMI=0.0000 R_total=2.6196 correct=1 tokens=7127
__main__:1150 [INFO]     [g6][r7/8] adapter=0 R_exec=2.6159 true_MI=0.00000 RMI=0.0000 R_total=2.6159 correct=1 tokens=14821
__main__:1150 [INFO]     [g6][r8/8] adapter=0 R_exec=2.6087 true_MI=0.00000 RMI=0.0000 R_total=2.6087 correct=1 tokens=12694
__main__:1167 [INFO]   [g6] group true_MI: mean=0.00000 std=0.00000 max=0.00000 normalized=[0.00 0.00 0.00 0.00 0.00 0.00 0.00 0.00]
tinker_cookbook.utils.ml_log:143 [INFO] Wrote metrics to logs/aws/wave1-rerun/cp26-base-seed2/metrics.jsonl
tinker_cookbook.utils.ml_log:240 [INFO] Logging to: https://wandb.ai/kriaz-msee20seecs-nust/ugttt-rebuttal/runs/i08k0v16
tinker_cookbook.utils.ml_log:143 [INFO] Wrote metrics to logs/aws/wave1-rerun/cp26-base-seed2/metrics.jsonl
tinker_cookbook.utils.ml_log:240 [INFO] Logging to: https://wandb.ai/kriaz-msee20seecs-nust/ugttt-rebuttal/runs/i08k0v16
tinker_cookbook.utils.ml_log:143 [INFO] Wrote metrics to logs/aws/wave1-rerun/cp26-base-seed2/metrics.jsonl
tinker_cookbook.utils.ml_log:240 [INFO] Logging to: https://wandb.ai/kriaz-msee20seecs-nust/ugttt-rebuttal/runs/i08k0v16
tinker_cookbook.utils.ml_log:143 [INFO] Wrote metrics to logs/aws/wave1-rerun/cp26-base-seed2/metrics.jsonl
tinker_cookbook.utils.ml_log:240 [INFO] Logging to: https://wandb.ai/kriaz-msee20seecs-nust/ugttt-rebuttal/runs/i08k0v16
tinker_cookbook.utils.ml_log:143 [INFO] Wrote metrics to logs/aws/wave1-rerun/cp26-base-seed2/metrics.jsonl
tinker_cookbook.utils.ml_log:240 [INFO] Logging to: https://wandb.ai/kriaz-msee20seecs-nust/ugttt-rebuttal/runs/i08k0v16
tinker_cookbook.utils.ml_log:143 [INFO] Wrote metrics to logs/aws/wave1-rerun/cp26-base-seed2/metrics.jsonl
tinker_cookbook.utils.ml_log:240 [INFO] Logging to: https://wandb.ai/kriaz-msee20seecs-nust/ugttt-rebuttal/runs/i08k0v16
tinker_cookbook.utils.ml_log:143 [INFO] Wrote metrics to logs/aws/wave1-rerun/cp26-base-seed2/metrics.jsonl
tinker_cookbook.utils.ml_log:240 [INFO] Logging to: https://wandb.ai/kriaz-msee20seecs-nust/ugttt-rebuttal/runs/i08k0v16
tinker_cookbook.utils.ml_log:143 [INFO] Wrote metrics to logs/aws/wave1-rerun/cp26-base-seed2/metrics.jsonl
tinker_cookbook.utils.ml_log:240 [INFO] Logging to: https://wandb.ai/kriaz-msee20seecs-nust/ugttt-rebuttal/runs/i08k0v16
__main__:1949 [INFO]   [2][7/8] KEPT | R_exec=1.9591 (max=2.6196) RMI=0.0000 R_total=1.9591 | 1451.1s | GPU: 18.1/61.4GB
tinker_cookbook.utils.ml_log:143 [INFO] Wrote metrics to logs/aws/wave1-rerun/cp26-base-seed2/metrics.jsonl
tinker_cookbook.utils.ml_log:240 [INFO] Logging to: https://wandb.ai/kriaz-msee20seecs-nust/ugttt-rebuttal/runs/i08k0v16
tinker_cookbook.rl.ensemble:1082 [INFO]   generate_batch_multi_adapter_two_phase: N=8 phase1_max=26000 streaming_mi=False kv_q=False
tinker_cookbook.rl.ensemble:1270 [INFO]     [gen/p1] step=2048/23171 active=8/8 mi_stopped=0
tinker_cookbook.rl.ensemble:1270 [INFO]     [gen/p1] step=4096/23171 active=8/8 mi_stopped=0
tinker_cookbook.rl.ensemble:1270 [INFO]     [gen/p1] step=6144/23171 active=8/8 mi_stopped=0
tinker_cookbook.rl.ensemble:1270 [INFO]     [gen/p1] step=8192/23171 active=4/8 mi_stopped=0
tinker_cookbook.rl.ensemble:1270 [INFO]     [gen/p1] step=10240/23171 active=2/8 mi_stopped=0
__main__:1078 [INFO]   Group 7: multi-adapter generation 8 seqs in 1018.9s
__main__:1108 [INFO]   Group 7: rewards computed in 44.0s
__main__:1150 [INFO]     [g7][r1/8] adapter=0 R_exec=2.5838 true_MI=0.00000 RMI=0.0000 R_total=2.5838 correct=1 tokens=8894
__main__:1150 [INFO]     [g7][r2/8] adapter=0 R_exec=0.0000 true_MI=0.00000 RMI=0.0000 R_total=0.0000 correct=0 tokens=11492
__main__:1150 [INFO]     [g7][r3/8] adapter=0 R_exec=2.5838 true_MI=0.00000 RMI=0.0000 R_total=2.5838 correct=1 tokens=7168
__main__:1150 [INFO]     [g7][r4/8] adapter=0 R_exec=2.5524 true_MI=0.00000 RMI=0.0000 R_total=2.5524 correct=1 tokens=10889
__main__:1150 [INFO]     [g7][r5/8] adapter=0 R_exec=2.5838 true_MI=0.00000 RMI=0.0000 R_total=2.5838 correct=1 tokens=6863
__main__:1150 [INFO]     [g7][r6/8] adapter=0 R_exec=0.0000 true_MI=0.00000 RMI=0.0000 R_total=0.0000 correct=0 tokens=8965
__main__:1150 [INFO]     [g7][r7/8] adapter=0 R_exec=2.6286 true_MI=0.00000 RMI=0.0000 R_total=2.6286 correct=1 tokens=6597
__main__:1150 [INFO]     [g7][r8/8] adapter=0 R_exec=0.0000 true_MI=0.00000 RMI=0.0000 R_total=0.0000 correct=0 tokens=7944
__main__:1167 [INFO]   [g7] group true_MI: mean=0.00000 std=0.00000 max=0.00000 normalized=[0.00 0.00 0.00 0.00 0.00 0.00 0.00 0.00]
tinker_cookbook.utils.ml_log:143 [INFO] Wrote metrics to logs/aws/wave1-rerun/cp26-base-seed2/metrics.jsonl
tinker_cookbook.utils.ml_log:240 [INFO] Logging to: https://wandb.ai/kriaz-msee20seecs-nust/ugttt-rebuttal/runs/i08k0v16
tinker_cookbook.utils.ml_log:143 [INFO] Wrote metrics to logs/aws/wave1-rerun/cp26-base-seed2/metrics.jsonl
tinker_cookbook.utils.ml_log:240 [INFO] Logging to: https://wandb.ai/kriaz-msee20seecs-nust/ugttt-rebuttal/runs/i08k0v16
tinker_cookbook.utils.ml_log:143 [INFO] Wrote metrics to logs/aws/wave1-rerun/cp26-base-seed2/metrics.jsonl
tinker_cookbook.utils.ml_log:240 [INFO] Logging to: https://wandb.ai/kriaz-msee20seecs-nust/ugttt-rebuttal/runs/i08k0v16
tinker_cookbook.utils.ml_log:143 [INFO] Wrote metrics to logs/aws/wave1-rerun/cp26-base-seed2/metrics.jsonl
tinker_cookbook.utils.ml_log:240 [INFO] Logging to: https://wandb.ai/kriaz-msee20seecs-nust/ugttt-rebuttal/runs/i08k0v16
tinker_cookbook.utils.ml_log:143 [INFO] Wrote metrics to logs/aws/wave1-rerun/cp26-base-seed2/metrics.jsonl
tinker_cookbook.utils.ml_log:240 [INFO] Logging to: https://wandb.ai/kriaz-msee20seecs-nust/ugttt-rebuttal/runs/i08k0v16
tinker_cookbook.utils.ml_log:143 [INFO] Wrote metrics to logs/aws/wave1-rerun/cp26-base-seed2/metrics.jsonl
tinker_cookbook.utils.ml_log:240 [INFO] Logging to: https://wandb.ai/kriaz-msee20seecs-nust/ugttt-rebuttal/runs/i08k0v16
tinker_cookbook.utils.ml_log:143 [INFO] Wrote metrics to logs/aws/wave1-rerun/cp26-base-seed2/metrics.jsonl
tinker_cookbook.utils.ml_log:240 [INFO] Logging to: https://wandb.ai/kriaz-msee20seecs-nust/ugttt-rebuttal/runs/i08k0v16
tinker_cookbook.utils.ml_log:143 [INFO] Wrote metrics to logs/aws/wave1-rerun/cp26-base-seed2/metrics.jsonl
tinker_cookbook.utils.ml_log:240 [INFO] Logging to: https://wandb.ai/kriaz-msee20seecs-nust/ugttt-rebuttal/runs/i08k0v16
__main__:1949 [INFO]   [2][8/8] KEPT | R_exec=1.6165 (max=2.6286) RMI=0.0000 R_total=1.6165 | 1063.0s | GPU: 18.1/61.6GB
tinker_cookbook.utils.ml_log:143 [INFO] Wrote metrics to logs/aws/wave1-rerun/cp26-base-seed2/metrics.jsonl
tinker_cookbook.utils.ml_log:240 [INFO] Logging to: https://wandb.ai/kriaz-msee20seecs-nust/ugttt-rebuttal/runs/i08k0v16
__main__:1988 [INFO] [Epoch 2] Rollout phase done in 8503.1s. Training on 8/8 groups...
tinker_cookbook.utils.ml_log:143 [INFO] Wrote metrics to logs/aws/wave1-rerun/cp26-base-seed2/metrics.jsonl
tinker_cookbook.utils.ml_log:195 [INFO] 
┏━━━━━━━━━━━━━━━━━━━━━━━━━━━━━━━━┳━━━━━━━━━━━━━━┓
┃ Metric                         ┃ Value        ┃
┡━━━━━━━━━━━━━━━━━━━━━━━━━━━━━━━━╇━━━━━━━━━━━━━━┩
│ gpu/memory_allocated_gb        │ 18.092511    │
│ gpu/memory_peak_gb             │ 60.954118    │
│ gpu/memory_reserved_gb         │ 18.140365    │
│ kl_policy_base                 │ 0.010660     │
│ optim/entropy                  │ 0.428395     │
│ optim/kl_sample_train_v1       │ 0.000123     │
│ optim/kl_sample_train_v2       │ 0.000128     │
│ progress/done_frac             │ 0.500000     │
│ progress/epoch                 │ 2            │
│ rollout/groups_attempted       │ 8.000000     │
│ rollout/groups_filtered        │ 0.000000     │
│ rollout/groups_kept            │ 8.000000     │
│ rollout/intra_group_reward_std │ 1.141245     │
│ time/rollout                   │ 8503.114062  │
│ time/total                     │ 8795.688329  │
│ time/train                     │ 292.486688   │
│ train/advantage/max            │ 10.768049    │
│ train/advantage/mean           │ 0.400400     │
│ train/advantage/min            │ -1.000000    │
│ train/advantage/std            │ 2.294053     │
│ train/beta/mean                │ 32.926958    │
│ train/beta/std                 │ 59.115660    │
│ train/correctness/mean         │ 0.453125     │
│ train/correctness/rate         │ 0.453125     │
│ train/ensemble/frac_high_disa… │ 0.000000     │
│ train/ensemble/max_token_disa… │ nan          │
│ train/ensemble/member_logprob… │ 0.000000     │
│ train/ensemble/member_logprob… │ nan          │
│ train/gamma_eff/mean           │ 0.000000     │
│ train/gen/num_tokens/max       │ 14821.000000 │
│ train/gen/num_tokens/mean      │ 9573.125000  │
│ train/gen/num_tokens/std       │ 1650.679354  │
│ train/loss                     │ -0.400409    │
│ train/nnm_loss                 │ 0.000000     │
│ train/nnm_nuclear_norm         │ 0.000000     │
│ train/num_groups               │ 8.000000     │
│ train/num_rollouts             │ 64.000000    │
│ train/num_rollouts_total       │ 64.000000    │
│ train/reward/exec/best         │ 2.628631     │
│ train/reward/exec/max          │ 2.628631     │
│ train/reward/exec/mean         │ 1.131576     │
│ train/reward/exec/min          │ 0.000000     │
│ train/reward/exec/std          │ 1.283319     │
│ train/reward/rmi/max           │ 0.000000     │
│ train/reward/rmi/mean          │ 0.000000     │
│ train/reward/rmi/min           │ 0.000000     │
│ train/reward/rmi/std           │ 0.000000     │
│ train/reward/total/best        │ 2.628631     │
│ train/reward/total/max         │ 2.628631     │
│ train/reward/total/mean        │ 1.131576     │
│ train/reward/total/min         │ 0.000000     │
│ train/reward/total/std         │ 1.283319     │
│ train/streaming_mi/stop_rate   │ 0.000000     │
│ train/streaming_mi/tokens_sav… │ 0.000000     │
│ train/streaming_mi/tokens_sav… │ 0.000000     │
│ train/two_phase/phase1_tokens… │ 9573.125000  │
│ train/two_phase/phase2_tokens… │ 0.000000     │
│ train/two_phase/prefill_rate   │ 0.000000     │
│ train/uncertainty/predictive_… │ 0.000000     │
│ train/uncertainty/predictive_… │ 0.000000     │
│ train/uncertainty/predictive_… │ 0.000000     │
│ train/uncertainty/predictive_… │ 0.000000     │
│ train/uncertainty/predictive_… │ 0.000000     │
│ train/uncertainty/predictive_… │ 0.000000     │
│ train/uncertainty/predictive_… │ 0.000000     │
│ train/uncertainty/predictive_… │ 0.000000     │
│ train/uncertainty/rmi/max      │ 0.000000     │
│ train/uncertainty/rmi/mean     │ 0.000000     │
│ train/uncertainty/rmi/min      │ 0.000000     │
│ train/uncertainty/rmi/std      │ 0.000000     │
│ train/uncertainty/rmi_top7/max │ 0.000000     │
│ train/uncertainty/rmi_top7/me… │ 0.000000     │
│ train/uncertainty/rmi_top7/min │ 0.000000     │
│ train/uncertainty/rmi_top7/std │ 0.000000     │
│ train/uncertainty/top7_mi_cod… │ 0.000000     │
│ train/uncertainty/top7_mi_cod… │ 0.000000     │
│ train/uncertainty/top7_mi_thi… │ 0.000000     │
│ train/uncertainty/top7_mi_thi… │ 0.000000     │
│ train/uncertainty/top7_pct_co… │ 0.000000     │
│ train/uncertainty/top7_pct_co… │ 0.000000     │
│ train/uncertainty/top7_pct_th… │ 1.000000     │
│ train/uncertainty/top7_pct_th… │ 0.000000     │
│ train/uncertainty/true_mi/max  │ 0.000000     │
│ train/uncertainty/true_mi/mean │ 0.000000     │
│ train/uncertainty/true_mi/min  │ 0.000000     │
│ train/uncertainty/true_mi/std  │ 0.000000     │
│ train/uncertainty/variance/max │ nan          │
│ train/uncertainty/variance/me… │ nan          │
│ train/uncertainty/variance/min │ nan          │
│ train/uncertainty/variance/std │ nan          │
│ train/uncertainty/variance_to… │ nan          │
│ train/uncertainty/variance_to… │ nan          │
│ train/uncertainty/variance_to… │ nan          │
│ train/uncertainty/variance_to… │ nan          │
└────────────────────────────────┴──────────────┘
tinker_cookbook.utils.ml_log:240 [INFO] Logging to: https://wandb.ai/kriaz-msee20seecs-nust/ugttt-rebuttal/runs/i08k0v16
__main__:2062 [INFO] [Epoch 2] R_exec=1.1316 (max=2.6286 best=2.6286) RMI=0.0000 beta=32.93 corr=45.3% loss=-0.4004 groups=8/8 time=8795.7s
__main__:1836 [INFO] [Epoch 3/6] Starting rollout phase: 8 groups × 8 rollouts
tinker_cookbook.rl.ensemble:1082 [INFO]   generate_batch_multi_adapter_two_phase: N=8 phase1_max=26000 streaming_mi=False kv_q=False
tinker_cookbook.rl.ensemble:1270 [INFO]     [gen/p1] step=2048/23243 active=8/8 mi_stopped=0
tinker_cookbook.rl.ensemble:1270 [INFO]     [gen/p1] step=4096/23243 active=8/8 mi_stopped=0
tinker_cookbook.rl.ensemble:1270 [INFO]     [gen/p1] step=6144/23243 active=7/8 mi_stopped=0
tinker_cookbook.rl.ensemble:1270 [INFO]     [gen/p1] step=8192/23243 active=3/8 mi_stopped=0
__main__:1078 [INFO]   Group 0: multi-adapter generation 8 seqs in 697.4s
__main__:1108 [INFO]   Group 0: rewards computed in 32.4s
__main__:1150 [INFO]     [g0][r1/8] adapter=0 R_exec=2.5443 true_MI=0.00000 RMI=0.0000 R_total=2.5443 correct=1 tokens=8526
__main__:1150 [INFO]     [g0][r2/8] adapter=0 R_exec=2.5914 true_MI=0.00000 RMI=0.0000 R_total=2.5914 correct=1 tokens=7152
__main__:1150 [INFO]     [g0][r3/8] adapter=0 R_exec=2.5728 true_MI=0.00000 RMI=0.0000 R_total=2.5728 correct=1 tokens=7260
__main__:1150 [INFO]     [g0][r4/8] adapter=0 R_exec=2.5838 true_MI=0.00000 RMI=0.0000 R_total=2.5838 correct=1 tokens=8838
__main__:1150 [INFO]     [g0][r5/8] adapter=0 R_exec=0.0000 true_MI=0.00000 RMI=0.0000 R_total=0.0000 correct=0 tokens=6831
__main__:1150 [INFO]     [g0][r6/8] adapter=0 R_exec=0.0000 true_MI=0.00000 RMI=0.0000 R_total=0.0000 correct=0 tokens=5304
__main__:1150 [INFO]     [g0][r7/8] adapter=0 R_exec=2.5838 true_MI=0.00000 RMI=0.0000 R_total=2.5838 correct=1 tokens=6959
__main__:1150 [INFO]     [g0][r8/8] adapter=0 R_exec=2.6114 true_MI=0.00000 RMI=0.0000 R_total=2.6114 correct=1 tokens=8225
__main__:1167 [INFO]   [g0] group true_MI: mean=0.00000 std=0.00000 max=0.00000 normalized=[0.00 0.00 0.00 0.00 0.00 0.00 0.00 0.00]
tinker_cookbook.utils.ml_log:143 [INFO] Wrote metrics to logs/aws/wave1-rerun/cp26-base-seed2/metrics.jsonl
tinker_cookbook.utils.ml_log:240 [INFO] Logging to: https://wandb.ai/kriaz-msee20seecs-nust/ugttt-rebuttal/runs/i08k0v16
tinker_cookbook.utils.ml_log:143 [INFO] Wrote metrics to logs/aws/wave1-rerun/cp26-base-seed2/metrics.jsonl
tinker_cookbook.utils.ml_log:240 [INFO] Logging to: https://wandb.ai/kriaz-msee20seecs-nust/ugttt-rebuttal/runs/i08k0v16
tinker_cookbook.utils.ml_log:143 [INFO] Wrote metrics to logs/aws/wave1-rerun/cp26-base-seed2/metrics.jsonl
tinker_cookbook.utils.ml_log:240 [INFO] Logging to: https://wandb.ai/kriaz-msee20seecs-nust/ugttt-rebuttal/runs/i08k0v16
tinker_cookbook.utils.ml_log:143 [INFO] Wrote metrics to logs/aws/wave1-rerun/cp26-base-seed2/metrics.jsonl
tinker_cookbook.utils.ml_log:240 [INFO] Logging to: https://wandb.ai/kriaz-msee20seecs-nust/ugttt-rebuttal/runs/i08k0v16
tinker_cookbook.utils.ml_log:143 [INFO] Wrote metrics to logs/aws/wave1-rerun/cp26-base-seed2/metrics.jsonl
tinker_cookbook.utils.ml_log:240 [INFO] Logging to: https://wandb.ai/kriaz-msee20seecs-nust/ugttt-rebuttal/runs/i08k0v16
tinker_cookbook.utils.ml_log:143 [INFO] Wrote metrics to logs/aws/wave1-rerun/cp26-base-seed2/metrics.jsonl
tinker_cookbook.utils.ml_log:240 [INFO] Logging to: https://wandb.ai/kriaz-msee20seecs-nust/ugttt-rebuttal/runs/i08k0v16
tinker_cookbook.utils.ml_log:143 [INFO] Wrote metrics to logs/aws/wave1-rerun/cp26-base-seed2/metrics.jsonl
tinker_cookbook.utils.ml_log:240 [INFO] Logging to: https://wandb.ai/kriaz-msee20seecs-nust/ugttt-rebuttal/runs/i08k0v16
tinker_cookbook.utils.ml_log:143 [INFO] Wrote metrics to logs/aws/wave1-rerun/cp26-base-seed2/metrics.jsonl
tinker_cookbook.utils.ml_log:240 [INFO] Logging to: https://wandb.ai/kriaz-msee20seecs-nust/ugttt-rebuttal/runs/i08k0v16
__main__:1949 [INFO]   [3][1/8] KEPT | R_exec=1.9359 (max=2.6114) RMI=0.0000 R_total=1.9359 | 729.9s | GPU: 18.1/61.2GB
tinker_cookbook.utils.ml_log:143 [INFO] Wrote metrics to logs/aws/wave1-rerun/cp26-base-seed2/metrics.jsonl
tinker_cookbook.utils.ml_log:240 [INFO] Logging to: https://wandb.ai/kriaz-msee20seecs-nust/ugttt-rebuttal/runs/i08k0v16
tinker_cookbook.rl.ensemble:1082 [INFO]   generate_batch_multi_adapter_two_phase: N=8 phase1_max=26000 streaming_mi=False kv_q=False
tinker_cookbook.rl.ensemble:1270 [INFO]     [gen/p1] step=2048/23479 active=8/8 mi_stopped=0
tinker_cookbook.rl.ensemble:1270 [INFO]     [gen/p1] step=4096/23479 active=8/8 mi_stopped=0
tinker_cookbook.rl.ensemble:1270 [INFO]     [gen/p1] step=6144/23479 active=8/8 mi_stopped=0
tinker_cookbook.rl.ensemble:1270 [INFO]     [gen/p1] step=8192/23479 active=8/8 mi_stopped=0
tinker_cookbook.rl.ensemble:1270 [INFO]     [gen/p1] step=10240/23479 active=2/8 mi_stopped=0
__main__:1078 [INFO]   Group 1: multi-adapter generation 8 seqs in 879.3s
__main__:1108 [INFO]   Group 1: rewards computed in 5.0s
__main__:1150 [INFO]     [g1][r1/8] adapter=0 R_exec=2.6023 true_MI=0.00000 RMI=0.0000 R_total=2.6023 correct=1 tokens=9398
__main__:1150 [INFO]     [g1][r2/8] adapter=0 R_exec=2.6181 true_MI=0.00000 RMI=0.0000 R_total=2.6181 correct=1 tokens=8735
__main__:1150 [INFO]     [g1][r3/8] adapter=0 R_exec=2.6033 true_MI=0.00000 RMI=0.0000 R_total=2.6033 correct=1 tokens=8644
__main__:1150 [INFO]     [g1][r4/8] adapter=0 R_exec=0.0000 true_MI=0.00000 RMI=0.0000 R_total=0.0000 correct=0 tokens=8829
__main__:1150 [INFO]     [g1][r5/8] adapter=0 R_exec=2.6181 true_MI=0.00000 RMI=0.0000 R_total=2.6181 correct=1 tokens=10526
__main__:1150 [INFO]     [g1][r6/8] adapter=0 R_exec=2.6067 true_MI=0.00000 RMI=0.0000 R_total=2.6067 correct=1 tokens=8584
__main__:1150 [INFO]     [g1][r7/8] adapter=0 R_exec=0.0000 true_MI=0.00000 RMI=0.0000 R_total=0.0000 correct=0 tokens=9674
__main__:1150 [INFO]     [g1][r8/8] adapter=0 R_exec=2.5787 true_MI=0.00000 RMI=0.0000 R_total=2.5787 correct=1 tokens=10360
__main__:1167 [INFO]   [g1] group true_MI: mean=0.00000 std=0.00000 max=0.00000 normalized=[0.00 0.00 0.00 0.00 0.00 0.00 0.00 0.00]
tinker_cookbook.utils.ml_log:143 [INFO] Wrote metrics to logs/aws/wave1-rerun/cp26-base-seed2/metrics.jsonl
tinker_cookbook.utils.ml_log:240 [INFO] Logging to: https://wandb.ai/kriaz-msee20seecs-nust/ugttt-rebuttal/runs/i08k0v16
tinker_cookbook.utils.ml_log:143 [INFO] Wrote metrics to logs/aws/wave1-rerun/cp26-base-seed2/metrics.jsonl
tinker_cookbook.utils.ml_log:240 [INFO] Logging to: https://wandb.ai/kriaz-msee20seecs-nust/ugttt-rebuttal/runs/i08k0v16
tinker_cookbook.utils.ml_log:143 [INFO] Wrote metrics to logs/aws/wave1-rerun/cp26-base-seed2/metrics.jsonl
tinker_cookbook.utils.ml_log:240 [INFO] Logging to: https://wandb.ai/kriaz-msee20seecs-nust/ugttt-rebuttal/runs/i08k0v16
tinker_cookbook.utils.ml_log:143 [INFO] Wrote metrics to logs/aws/wave1-rerun/cp26-base-seed2/metrics.jsonl
tinker_cookbook.utils.ml_log:240 [INFO] Logging to: https://wandb.ai/kriaz-msee20seecs-nust/ugttt-rebuttal/runs/i08k0v16
tinker_cookbook.utils.ml_log:143 [INFO] Wrote metrics to logs/aws/wave1-rerun/cp26-base-seed2/metrics.jsonl
tinker_cookbook.utils.ml_log:240 [INFO] Logging to: https://wandb.ai/kriaz-msee20seecs-nust/ugttt-rebuttal/runs/i08k0v16
tinker_cookbook.utils.ml_log:143 [INFO] Wrote metrics to logs/aws/wave1-rerun/cp26-base-seed2/metrics.jsonl
tinker_cookbook.utils.ml_log:240 [INFO] Logging to: https://wandb.ai/kriaz-msee20seecs-nust/ugttt-rebuttal/runs/i08k0v16
tinker_cookbook.utils.ml_log:143 [INFO] Wrote metrics to logs/aws/wave1-rerun/cp26-base-seed2/metrics.jsonl
tinker_cookbook.utils.ml_log:240 [INFO] Logging to: https://wandb.ai/kriaz-msee20seecs-nust/ugttt-rebuttal/runs/i08k0v16
tinker_cookbook.utils.ml_log:143 [INFO] Wrote metrics to logs/aws/wave1-rerun/cp26-base-seed2/metrics.jsonl
tinker_cookbook.utils.ml_log:240 [INFO] Logging to: https://wandb.ai/kriaz-msee20seecs-nust/ugttt-rebuttal/runs/i08k0v16
__main__:1949 [INFO]   [3][2/8] KEPT | R_exec=1.9534 (max=2.6181) RMI=0.0000 R_total=1.9534 | 884.3s | GPU: 18.1/60.9GB
tinker_cookbook.utils.ml_log:143 [INFO] Wrote metrics to logs/aws/wave1-rerun/cp26-base-seed2/metrics.jsonl
tinker_cookbook.utils.ml_log:240 [INFO] Logging to: https://wandb.ai/kriaz-msee20seecs-nust/ugttt-rebuttal/runs/i08k0v16
tinker_cookbook.rl.ensemble:1082 [INFO]   generate_batch_multi_adapter_two_phase: N=8 phase1_max=26000 streaming_mi=False kv_q=False
tinker_cookbook.rl.ensemble:1270 [INFO]     [gen/p1] step=2048/23554 active=8/8 mi_stopped=0
tinker_cookbook.rl.ensemble:1270 [INFO]     [gen/p1] step=4096/23554 active=8/8 mi_stopped=0
tinker_cookbook.rl.ensemble:1270 [INFO]     [gen/p1] step=6144/23554 active=8/8 mi_stopped=0
tinker_cookbook.rl.ensemble:1270 [INFO]     [gen/p1] step=8192/23554 active=7/8 mi_stopped=0
tinker_cookbook.rl.ensemble:1270 [INFO]     [gen/p1] step=10240/23554 active=2/8 mi_stopped=0
__main__:1078 [INFO]   Group 2: multi-adapter generation 8 seqs in 1006.8s
__main__:1108 [INFO]   Group 2: rewards computed in 5.2s
__main__:1150 [INFO]     [g2][r1/8] adapter=0 R_exec=2.6181 true_MI=0.00000 RMI=0.0000 R_total=2.6181 correct=1 tokens=11517
__main__:1150 [INFO]     [g2][r2/8] adapter=0 R_exec=2.5880 true_MI=0.00000 RMI=0.0000 R_total=2.5880 correct=1 tokens=9881
__main__:1150 [INFO]     [g2][r3/8] adapter=0 R_exec=2.6181 true_MI=0.00000 RMI=0.0000 R_total=2.6181 correct=1 tokens=7709
__main__:1150 [INFO]     [g2][r4/8] adapter=0 R_exec=0.0000 true_MI=0.00000 RMI=0.0000 R_total=0.0000 correct=0 tokens=10148
__main__:1150 [INFO]     [g2][r5/8] adapter=0 R_exec=2.6259 true_MI=0.00000 RMI=0.0000 R_total=2.6259 correct=1 tokens=10170
__main__:1150 [INFO]     [g2][r6/8] adapter=0 R_exec=2.5746 true_MI=0.00000 RMI=0.0000 R_total=2.5746 correct=1 tokens=8257
__main__:1150 [INFO]     [g2][r7/8] adapter=0 R_exec=2.6181 true_MI=0.00000 RMI=0.0000 R_total=2.6181 correct=1 tokens=11590
__main__:1150 [INFO]     [g2][r8/8] adapter=0 R_exec=2.5965 true_MI=0.00000 RMI=0.0000 R_total=2.5965 correct=1 tokens=9005
__main__:1167 [INFO]   [g2] group true_MI: mean=0.00000 std=0.00000 max=0.00000 normalized=[0.00 0.00 0.00 0.00 0.00 0.00 0.00 0.00]
tinker_cookbook.utils.ml_log:143 [INFO] Wrote metrics to logs/aws/wave1-rerun/cp26-base-seed2/metrics.jsonl
tinker_cookbook.utils.ml_log:240 [INFO] Logging to: https://wandb.ai/kriaz-msee20seecs-nust/ugttt-rebuttal/runs/i08k0v16
tinker_cookbook.utils.ml_log:143 [INFO] Wrote metrics to logs/aws/wave1-rerun/cp26-base-seed2/metrics.jsonl
tinker_cookbook.utils.ml_log:240 [INFO] Logging to: https://wandb.ai/kriaz-msee20seecs-nust/ugttt-rebuttal/runs/i08k0v16
tinker_cookbook.utils.ml_log:143 [INFO] Wrote metrics to logs/aws/wave1-rerun/cp26-base-seed2/metrics.jsonl
tinker_cookbook.utils.ml_log:240 [INFO] Logging to: https://wandb.ai/kriaz-msee20seecs-nust/ugttt-rebuttal/runs/i08k0v16
tinker_cookbook.utils.ml_log:143 [INFO] Wrote metrics to logs/aws/wave1-rerun/cp26-base-seed2/metrics.jsonl
tinker_cookbook.utils.ml_log:240 [INFO] Logging to: https://wandb.ai/kriaz-msee20seecs-nust/ugttt-rebuttal/runs/i08k0v16
tinker_cookbook.utils.ml_log:143 [INFO] Wrote metrics to logs/aws/wave1-rerun/cp26-base-seed2/metrics.jsonl
tinker_cookbook.utils.ml_log:240 [INFO] Logging to: https://wandb.ai/kriaz-msee20seecs-nust/ugttt-rebuttal/runs/i08k0v16
tinker_cookbook.utils.ml_log:143 [INFO] Wrote metrics to logs/aws/wave1-rerun/cp26-base-seed2/metrics.jsonl
tinker_cookbook.utils.ml_log:240 [INFO] Logging to: https://wandb.ai/kriaz-msee20seecs-nust/ugttt-rebuttal/runs/i08k0v16
tinker_cookbook.utils.ml_log:143 [INFO] Wrote metrics to logs/aws/wave1-rerun/cp26-base-seed2/metrics.jsonl
tinker_cookbook.utils.ml_log:240 [INFO] Logging to: https://wandb.ai/kriaz-msee20seecs-nust/ugttt-rebuttal/runs/i08k0v16
tinker_cookbook.utils.ml_log:143 [INFO] Wrote metrics to logs/aws/wave1-rerun/cp26-base-seed2/metrics.jsonl
tinker_cookbook.utils.ml_log:240 [INFO] Logging to: https://wandb.ai/kriaz-msee20seecs-nust/ugttt-rebuttal/runs/i08k0v16
__main__:1949 [INFO]   [3][3/8] KEPT | R_exec=2.2799 (max=2.6259) RMI=0.0000 R_total=2.2799 | 1012.0s | GPU: 18.1/61.4GB
tinker_cookbook.utils.ml_log:143 [INFO] Wrote metrics to logs/aws/wave1-rerun/cp26-base-seed2/metrics.jsonl
tinker_cookbook.utils.ml_log:240 [INFO] Logging to: https://wandb.ai/kriaz-msee20seecs-nust/ugttt-rebuttal/runs/i08k0v16
tinker_cookbook.rl.ensemble:1082 [INFO]   generate_batch_multi_adapter_two_phase: N=8 phase1_max=26000 streaming_mi=False kv_q=False
tinker_cookbook.rl.ensemble:1270 [INFO]     [gen/p1] step=2048/23698 active=8/8 mi_stopped=0
tinker_cookbook.rl.ensemble:1270 [INFO]     [gen/p1] step=4096/23698 active=8/8 mi_stopped=0
tinker_cookbook.rl.ensemble:1270 [INFO]     [gen/p1] step=6144/23698 active=8/8 mi_stopped=0
tinker_cookbook.rl.ensemble:1270 [INFO]     [gen/p1] step=8192/23698 active=7/8 mi_stopped=0
tinker_cookbook.rl.ensemble:1270 [INFO]     [gen/p1] step=10240/23698 active=4/8 mi_stopped=0
tinker_cookbook.rl.ensemble:1270 [INFO]     [gen/p1] step=12288/23698 active=2/8 mi_stopped=0
tinker_cookbook.rl.ensemble:1270 [INFO]     [gen/p1] step=14336/23698 active=1/8 mi_stopped=0
__main__:1078 [INFO]   Group 3: multi-adapter generation 8 seqs in 1569.9s
__main__:1108 [INFO]   Group 3: rewards computed in 8.3s
__main__:1150 [INFO]     [g3][r1/8] adapter=0 R_exec=2.6095 true_MI=0.00000 RMI=0.0000 R_total=2.6095 correct=1 tokens=8504
__main__:1150 [INFO]     [g3][r2/8] adapter=0 R_exec=2.5709 true_MI=0.00000 RMI=0.0000 R_total=2.5709 correct=1 tokens=7946
__main__:1150 [INFO]     [g3][r3/8] adapter=0 R_exec=2.6270 true_MI=0.00000 RMI=0.0000 R_total=2.6270 correct=1 tokens=9301
__main__:1150 [INFO]     [g3][r4/8] adapter=0 R_exec=0.0000 true_MI=0.00000 RMI=0.0000 R_total=0.0000 correct=0 tokens=10915
__main__:1150 [INFO]     [g3][r5/8] adapter=0 R_exec=2.6181 true_MI=0.00000 RMI=0.0000 R_total=2.6181 correct=1 tokens=15692
__main__:1150 [INFO]     [g3][r6/8] adapter=0 R_exec=0.0000 true_MI=0.00000 RMI=0.0000 R_total=0.0000 correct=0 tokens=10717
__main__:1150 [INFO]     [g3][r7/8] adapter=0 R_exec=0.0000 true_MI=0.00000 RMI=0.0000 R_total=0.0000 correct=0 tokens=10005
__main__:1150 [INFO]     [g3][r8/8] adapter=0 R_exec=2.5819 true_MI=0.00000 RMI=0.0000 R_total=2.5819 correct=1 tokens=13089
__main__:1167 [INFO]   [g3] group true_MI: mean=0.00000 std=0.00000 max=0.00000 normalized=[0.00 0.00 0.00 0.00 0.00 0.00 0.00 0.00]
tinker_cookbook.utils.ml_log:143 [INFO] Wrote metrics to logs/aws/wave1-rerun/cp26-base-seed2/metrics.jsonl
tinker_cookbook.utils.ml_log:240 [INFO] Logging to: https://wandb.ai/kriaz-msee20seecs-nust/ugttt-rebuttal/runs/i08k0v16
tinker_cookbook.utils.ml_log:143 [INFO] Wrote metrics to logs/aws/wave1-rerun/cp26-base-seed2/metrics.jsonl
tinker_cookbook.utils.ml_log:240 [INFO] Logging to: https://wandb.ai/kriaz-msee20seecs-nust/ugttt-rebuttal/runs/i08k0v16
tinker_cookbook.utils.ml_log:143 [INFO] Wrote metrics to logs/aws/wave1-rerun/cp26-base-seed2/metrics.jsonl
tinker_cookbook.utils.ml_log:240 [INFO] Logging to: https://wandb.ai/kriaz-msee20seecs-nust/ugttt-rebuttal/runs/i08k0v16
tinker_cookbook.utils.ml_log:143 [INFO] Wrote metrics to logs/aws/wave1-rerun/cp26-base-seed2/metrics.jsonl
tinker_cookbook.utils.ml_log:240 [INFO] Logging to: https://wandb.ai/kriaz-msee20seecs-nust/ugttt-rebuttal/runs/i08k0v16
tinker_cookbook.utils.ml_log:143 [INFO] Wrote metrics to logs/aws/wave1-rerun/cp26-base-seed2/metrics.jsonl
tinker_cookbook.utils.ml_log:240 [INFO] Logging to: https://wandb.ai/kriaz-msee20seecs-nust/ugttt-rebuttal/runs/i08k0v16
tinker_cookbook.utils.ml_log:143 [INFO] Wrote metrics to logs/aws/wave1-rerun/cp26-base-seed2/metrics.jsonl
tinker_cookbook.utils.ml_log:240 [INFO] Logging to: https://wandb.ai/kriaz-msee20seecs-nust/ugttt-rebuttal/runs/i08k0v16
tinker_cookbook.utils.ml_log:143 [INFO] Wrote metrics to logs/aws/wave1-rerun/cp26-base-seed2/metrics.jsonl
tinker_cookbook.utils.ml_log:240 [INFO] Logging to: https://wandb.ai/kriaz-msee20seecs-nust/ugttt-rebuttal/runs/i08k0v16
tinker_cookbook.utils.ml_log:143 [INFO] Wrote metrics to logs/aws/wave1-rerun/cp26-base-seed2/metrics.jsonl
tinker_cookbook.utils.ml_log:240 [INFO] Logging to: https://wandb.ai/kriaz-msee20seecs-nust/ugttt-rebuttal/runs/i08k0v16
__main__:1949 [INFO]   [3][4/8] KEPT | R_exec=1.6259 (max=2.6270) RMI=0.0000 R_total=1.6259 | 1578.3s | GPU: 18.1/61.6GB
tinker_cookbook.utils.ml_log:143 [INFO] Wrote metrics to logs/aws/wave1-rerun/cp26-base-seed2/metrics.jsonl
tinker_cookbook.utils.ml_log:240 [INFO] Logging to: https://wandb.ai/kriaz-msee20seecs-nust/ugttt-rebuttal/runs/i08k0v16
tinker_cookbook.rl.ensemble:1082 [INFO]   generate_batch_multi_adapter_two_phase: N=8 phase1_max=26000 streaming_mi=False kv_q=False
tinker_cookbook.rl.ensemble:1270 [INFO]     [gen/p1] step=2048/23453 active=8/8 mi_stopped=0
tinker_cookbook.rl.ensemble:1270 [INFO]     [gen/p1] step=4096/23453 active=8/8 mi_stopped=0
tinker_cookbook.rl.ensemble:1270 [INFO]     [gen/p1] step=6144/23453 active=8/8 mi_stopped=0
tinker_cookbook.rl.ensemble:1270 [INFO]     [gen/p1] step=8192/23453 active=5/8 mi_stopped=0
tinker_cookbook.rl.ensemble:1270 [INFO]     [gen/p1] step=10240/23453 active=3/8 mi_stopped=0
__main__:1078 [INFO]   Group 4: multi-adapter generation 8 seqs in 1072.3s
__main__:1108 [INFO]   Group 4: rewards computed in 17.5s
__main__:1150 [INFO]     [g4][r1/8] adapter=0 R_exec=2.6196 true_MI=0.00000 RMI=0.0000 R_total=2.6196 correct=1 tokens=7101
__main__:1150 [INFO]     [g4][r2/8] adapter=0 R_exec=0.0000 true_MI=0.00000 RMI=0.0000 R_total=0.0000 correct=0 tokens=8209
__main__:1150 [INFO]     [g4][r3/8] adapter=0 R_exec=2.6196 true_MI=0.00000 RMI=0.0000 R_total=2.6196 correct=1 tokens=10243
__main__:1150 [INFO]     [g4][r4/8] adapter=0 R_exec=0.0000 true_MI=0.00000 RMI=0.0000 R_total=0.0000 correct=0 tokens=7095
__main__:1150 [INFO]     [g4][r5/8] adapter=0 R_exec=0.0000 true_MI=0.00000 RMI=0.0000 R_total=0.0000 correct=0 tokens=8007
__main__:1150 [INFO]     [g4][r6/8] adapter=0 R_exec=0.0000 true_MI=0.00000 RMI=0.0000 R_total=0.0000 correct=0 tokens=10698
__main__:1150 [INFO]     [g4][r7/8] adapter=0 R_exec=0.0000 true_MI=0.00000 RMI=0.0000 R_total=0.0000 correct=0 tokens=12074
__main__:1150 [INFO]     [g4][r8/8] adapter=0 R_exec=0.0000 true_MI=0.00000 RMI=0.0000 R_total=0.0000 correct=0 tokens=9364
__main__:1167 [INFO]   [g4] group true_MI: mean=0.00000 std=0.00000 max=0.00000 normalized=[0.00 0.00 0.00 0.00 0.00 0.00 0.00 0.00]
tinker_cookbook.utils.ml_log:143 [INFO] Wrote metrics to logs/aws/wave1-rerun/cp26-base-seed2/metrics.jsonl
tinker_cookbook.utils.ml_log:240 [INFO] Logging to: https://wandb.ai/kriaz-msee20seecs-nust/ugttt-rebuttal/runs/i08k0v16
tinker_cookbook.utils.ml_log:143 [INFO] Wrote metrics to logs/aws/wave1-rerun/cp26-base-seed2/metrics.jsonl
tinker_cookbook.utils.ml_log:240 [INFO] Logging to: https://wandb.ai/kriaz-msee20seecs-nust/ugttt-rebuttal/runs/i08k0v16
tinker_cookbook.utils.ml_log:143 [INFO] Wrote metrics to logs/aws/wave1-rerun/cp26-base-seed2/metrics.jsonl
tinker_cookbook.utils.ml_log:240 [INFO] Logging to: https://wandb.ai/kriaz-msee20seecs-nust/ugttt-rebuttal/runs/i08k0v16
tinker_cookbook.utils.ml_log:143 [INFO] Wrote metrics to logs/aws/wave1-rerun/cp26-base-seed2/metrics.jsonl
tinker_cookbook.utils.ml_log:240 [INFO] Logging to: https://wandb.ai/kriaz-msee20seecs-nust/ugttt-rebuttal/runs/i08k0v16
tinker_cookbook.utils.ml_log:143 [INFO] Wrote metrics to logs/aws/wave1-rerun/cp26-base-seed2/metrics.jsonl
tinker_cookbook.utils.ml_log:240 [INFO] Logging to: https://wandb.ai/kriaz-msee20seecs-nust/ugttt-rebuttal/runs/i08k0v16
tinker_cookbook.utils.ml_log:143 [INFO] Wrote metrics to logs/aws/wave1-rerun/cp26-base-seed2/metrics.jsonl
tinker_cookbook.utils.ml_log:240 [INFO] Logging to: https://wandb.ai/kriaz-msee20seecs-nust/ugttt-rebuttal/runs/i08k0v16
tinker_cookbook.utils.ml_log:143 [INFO] Wrote metrics to logs/aws/wave1-rerun/cp26-base-seed2/metrics.jsonl
tinker_cookbook.utils.ml_log:240 [INFO] Logging to: https://wandb.ai/kriaz-msee20seecs-nust/ugttt-rebuttal/runs/i08k0v16
tinker_cookbook.utils.ml_log:143 [INFO] Wrote metrics to logs/aws/wave1-rerun/cp26-base-seed2/metrics.jsonl
tinker_cookbook.utils.ml_log:240 [INFO] Logging to: https://wandb.ai/kriaz-msee20seecs-nust/ugttt-rebuttal/runs/i08k0v16
__main__:1949 [INFO]   [3][5/8] KEPT | R_exec=0.6549 (max=2.6196) RMI=0.0000 R_total=0.6549 | 1089.9s | GPU: 18.1/61.2GB
tinker_cookbook.utils.ml_log:143 [INFO] Wrote metrics to logs/aws/wave1-rerun/cp26-base-seed2/metrics.jsonl
tinker_cookbook.utils.ml_log:240 [INFO] Logging to: https://wandb.ai/kriaz-msee20seecs-nust/ugttt-rebuttal/runs/i08k0v16
tinker_cookbook.rl.ensemble:1082 [INFO]   generate_batch_multi_adapter_two_phase: N=8 phase1_max=26000 streaming_mi=False kv_q=False
tinker_cookbook.rl.ensemble:1270 [INFO]     [gen/p1] step=2048/23663 active=8/8 mi_stopped=0
tinker_cookbook.rl.ensemble:1270 [INFO]     [gen/p1] step=4096/23663 active=8/8 mi_stopped=0
tinker_cookbook.rl.ensemble:1270 [INFO]     [gen/p1] step=6144/23663 active=8/8 mi_stopped=0
tinker_cookbook.rl.ensemble:1270 [INFO]     [gen/p1] step=8192/23663 active=7/8 mi_stopped=0
tinker_cookbook.rl.ensemble:1270 [INFO]     [gen/p1] step=10240/23663 active=3/8 mi_stopped=0
__main__:1078 [INFO]   Group 5: multi-adapter generation 8 seqs in 1082.6s
__main__:1108 [INFO]   Group 5: rewards computed in 3.5s
__main__:1150 [INFO]     [g5][r1/8] adapter=0 R_exec=0.0000 true_MI=0.00000 RMI=0.0000 R_total=0.0000 correct=0 tokens=8527
__main__:1150 [INFO]     [g5][r2/8] adapter=0 R_exec=2.6151 true_MI=0.00000 RMI=0.0000 R_total=2.6151 correct=1 tokens=9694
__main__:1150 [INFO]     [g5][r3/8] adapter=0 R_exec=2.6181 true_MI=0.00000 RMI=0.0000 R_total=2.6181 correct=1 tokens=8787
__main__:1150 [INFO]     [g5][r4/8] adapter=0 R_exec=0.0000 true_MI=0.00000 RMI=0.0000 R_total=0.0000 correct=0 tokens=6487
__main__:1150 [INFO]     [g5][r5/8] adapter=0 R_exec=0.0000 true_MI=0.00000 RMI=0.0000 R_total=0.0000 correct=0 tokens=11834
__main__:1150 [INFO]     [g5][r6/8] adapter=0 R_exec=0.0000 true_MI=0.00000 RMI=0.0000 R_total=0.0000 correct=0 tokens=11167
__main__:1150 [INFO]     [g5][r7/8] adapter=0 R_exec=0.0000 true_MI=0.00000 RMI=0.0000 R_total=0.0000 correct=0 tokens=12238
__main__:1150 [INFO]     [g5][r8/8] adapter=0 R_exec=2.5939 true_MI=0.00000 RMI=0.0000 R_total=2.5939 correct=1 tokens=9773
__main__:1167 [INFO]   [g5] group true_MI: mean=0.00000 std=0.00000 max=0.00000 normalized=[0.00 0.00 0.00 0.00 0.00 0.00 0.00 0.00]
tinker_cookbook.utils.ml_log:143 [INFO] Wrote metrics to logs/aws/wave1-rerun/cp26-base-seed2/metrics.jsonl
tinker_cookbook.utils.ml_log:240 [INFO] Logging to: https://wandb.ai/kriaz-msee20seecs-nust/ugttt-rebuttal/runs/i08k0v16
tinker_cookbook.utils.ml_log:143 [INFO] Wrote metrics to logs/aws/wave1-rerun/cp26-base-seed2/metrics.jsonl
tinker_cookbook.utils.ml_log:240 [INFO] Logging to: https://wandb.ai/kriaz-msee20seecs-nust/ugttt-rebuttal/runs/i08k0v16
tinker_cookbook.utils.ml_log:143 [INFO] Wrote metrics to logs/aws/wave1-rerun/cp26-base-seed2/metrics.jsonl
tinker_cookbook.utils.ml_log:240 [INFO] Logging to: https://wandb.ai/kriaz-msee20seecs-nust/ugttt-rebuttal/runs/i08k0v16
tinker_cookbook.utils.ml_log:143 [INFO] Wrote metrics to logs/aws/wave1-rerun/cp26-base-seed2/metrics.jsonl
tinker_cookbook.utils.ml_log:240 [INFO] Logging to: https://wandb.ai/kriaz-msee20seecs-nust/ugttt-rebuttal/runs/i08k0v16
tinker_cookbook.utils.ml_log:143 [INFO] Wrote metrics to logs/aws/wave1-rerun/cp26-base-seed2/metrics.jsonl
tinker_cookbook.utils.ml_log:240 [INFO] Logging to: https://wandb.ai/kriaz-msee20seecs-nust/ugttt-rebuttal/runs/i08k0v16
tinker_cookbook.utils.ml_log:143 [INFO] Wrote metrics to logs/aws/wave1-rerun/cp26-base-seed2/metrics.jsonl
tinker_cookbook.utils.ml_log:240 [INFO] Logging to: https://wandb.ai/kriaz-msee20seecs-nust/ugttt-rebuttal/runs/i08k0v16
tinker_cookbook.utils.ml_log:143 [INFO] Wrote metrics to logs/aws/wave1-rerun/cp26-base-seed2/metrics.jsonl
tinker_cookbook.utils.ml_log:240 [INFO] Logging to: https://wandb.ai/kriaz-msee20seecs-nust/ugttt-rebuttal/runs/i08k0v16
tinker_cookbook.utils.ml_log:143 [INFO] Wrote metrics to logs/aws/wave1-rerun/cp26-base-seed2/metrics.jsonl
tinker_cookbook.utils.ml_log:240 [INFO] Logging to: https://wandb.ai/kriaz-msee20seecs-nust/ugttt-rebuttal/runs/i08k0v16
__main__:1949 [INFO]   [3][6/8] KEPT | R_exec=0.9784 (max=2.6181) RMI=0.0000 R_total=0.9784 | 1086.1s | GPU: 18.1/61.2GB
tinker_cookbook.utils.ml_log:143 [INFO] Wrote metrics to logs/aws/wave1-rerun/cp26-base-seed2/metrics.jsonl
tinker_cookbook.utils.ml_log:240 [INFO] Logging to: https://wandb.ai/kriaz-msee20seecs-nust/ugttt-rebuttal/runs/i08k0v16
tinker_cookbook.rl.ensemble:1082 [INFO]   generate_batch_multi_adapter_two_phase: N=8 phase1_max=26000 streaming_mi=False kv_q=False
tinker_cookbook.rl.ensemble:1270 [INFO]     [gen/p1] step=2048/23988 active=8/8 mi_stopped=0
tinker_cookbook.rl.ensemble:1270 [INFO]     [gen/p1] step=4096/23988 active=8/8 mi_stopped=0
tinker_cookbook.rl.ensemble:1270 [INFO]     [gen/p1] step=6144/23988 active=7/8 mi_stopped=0
tinker_cookbook.rl.ensemble:1270 [INFO]     [gen/p1] step=8192/23988 active=7/8 mi_stopped=0
tinker_cookbook.rl.ensemble:1270 [INFO]     [gen/p1] step=10240/23988 active=4/8 mi_stopped=0
tinker_cookbook.rl.ensemble:1270 [INFO]     [gen/p1] step=12288/23988 active=1/8 mi_stopped=0
__main__:1078 [INFO]   Group 6: multi-adapter generation 8 seqs in 1084.5s
__main__:1108 [INFO]   Group 6: rewards computed in 3.5s
__main__:1150 [INFO]     [g6][r1/8] adapter=0 R_exec=0.0000 true_MI=0.00000 RMI=0.0000 R_total=0.0000 correct=0 tokens=11491
__main__:1150 [INFO]     [g6][r2/8] adapter=0 R_exec=0.0000 true_MI=0.00000 RMI=0.0000 R_total=0.0000 correct=0 tokens=8272
__main__:1150 [INFO]     [g6][r3/8] adapter=0 R_exec=2.6177 true_MI=0.00000 RMI=0.0000 R_total=2.6177 correct=1 tokens=8499
__main__:1150 [INFO]     [g6][r4/8] adapter=0 R_exec=2.5893 true_MI=0.00000 RMI=0.0000 R_total=2.5893 correct=1 tokens=9181
__main__:1150 [INFO]     [g6][r5/8] adapter=0 R_exec=0.0000 true_MI=0.00000 RMI=0.0000 R_total=0.0000 correct=0 tokens=10691
__main__:1150 [INFO]     [g6][r6/8] adapter=0 R_exec=2.6208 true_MI=0.00000 RMI=0.0000 R_total=2.6208 correct=1 tokens=12465
__main__:1150 [INFO]     [g6][r7/8] adapter=0 R_exec=0.0000 true_MI=0.00000 RMI=0.0000 R_total=0.0000 correct=0 tokens=5874
__main__:1150 [INFO]     [g6][r8/8] adapter=0 R_exec=2.6211 true_MI=0.00000 RMI=0.0000 R_total=2.6211 correct=1 tokens=11389
__main__:1167 [INFO]   [g6] group true_MI: mean=0.00000 std=0.00000 max=0.00000 normalized=[0.00 0.00 0.00 0.00 0.00 0.00 0.00 0.00]
tinker_cookbook.utils.ml_log:143 [INFO] Wrote metrics to logs/aws/wave1-rerun/cp26-base-seed2/metrics.jsonl
tinker_cookbook.utils.ml_log:240 [INFO] Logging to: https://wandb.ai/kriaz-msee20seecs-nust/ugttt-rebuttal/runs/i08k0v16
tinker_cookbook.utils.ml_log:143 [INFO] Wrote metrics to logs/aws/wave1-rerun/cp26-base-seed2/metrics.jsonl
tinker_cookbook.utils.ml_log:240 [INFO] Logging to: https://wandb.ai/kriaz-msee20seecs-nust/ugttt-rebuttal/runs/i08k0v16
tinker_cookbook.utils.ml_log:143 [INFO] Wrote metrics to logs/aws/wave1-rerun/cp26-base-seed2/metrics.jsonl
tinker_cookbook.utils.ml_log:240 [INFO] Logging to: https://wandb.ai/kriaz-msee20seecs-nust/ugttt-rebuttal/runs/i08k0v16
tinker_cookbook.utils.ml_log:143 [INFO] Wrote metrics to logs/aws/wave1-rerun/cp26-base-seed2/metrics.jsonl
tinker_cookbook.utils.ml_log:240 [INFO] Logging to: https://wandb.ai/kriaz-msee20seecs-nust/ugttt-rebuttal/runs/i08k0v16
tinker_cookbook.utils.ml_log:143 [INFO] Wrote metrics to logs/aws/wave1-rerun/cp26-base-seed2/metrics.jsonl
tinker_cookbook.utils.ml_log:240 [INFO] Logging to: https://wandb.ai/kriaz-msee20seecs-nust/ugttt-rebuttal/runs/i08k0v16
tinker_cookbook.utils.ml_log:143 [INFO] Wrote metrics to logs/aws/wave1-rerun/cp26-base-seed2/metrics.jsonl
tinker_cookbook.utils.ml_log:240 [INFO] Logging to: https://wandb.ai/kriaz-msee20seecs-nust/ugttt-rebuttal/runs/i08k0v16
tinker_cookbook.utils.ml_log:143 [INFO] Wrote metrics to logs/aws/wave1-rerun/cp26-base-seed2/metrics.jsonl
tinker_cookbook.utils.ml_log:240 [INFO] Logging to: https://wandb.ai/kriaz-msee20seecs-nust/ugttt-rebuttal/runs/i08k0v16
tinker_cookbook.utils.ml_log:143 [INFO] Wrote metrics to logs/aws/wave1-rerun/cp26-base-seed2/metrics.jsonl
tinker_cookbook.utils.ml_log:240 [INFO] Logging to: https://wandb.ai/kriaz-msee20seecs-nust/ugttt-rebuttal/runs/i08k0v16
__main__:1949 [INFO]   [3][7/8] KEPT | R_exec=1.3061 (max=2.6211) RMI=0.0000 R_total=1.3061 | 1088.1s | GPU: 18.1/61.1GB
tinker_cookbook.utils.ml_log:143 [INFO] Wrote metrics to logs/aws/wave1-rerun/cp26-base-seed2/metrics.jsonl
tinker_cookbook.utils.ml_log:240 [INFO] Logging to: https://wandb.ai/kriaz-msee20seecs-nust/ugttt-rebuttal/runs/i08k0v16
tinker_cookbook.rl.ensemble:1082 [INFO]   generate_batch_multi_adapter_two_phase: N=8 phase1_max=26000 streaming_mi=False kv_q=False
tinker_cookbook.rl.ensemble:1270 [INFO]     [gen/p1] step=2048/24019 active=8/8 mi_stopped=0
tinker_cookbook.rl.ensemble:1270 [INFO]     [gen/p1] step=4096/24019 active=8/8 mi_stopped=0
tinker_cookbook.rl.ensemble:1270 [INFO]     [gen/p1] step=6144/24019 active=8/8 mi_stopped=0
tinker_cookbook.rl.ensemble:1270 [INFO]     [gen/p1] step=8192/24019 active=8/8 mi_stopped=0
tinker_cookbook.rl.ensemble:1270 [INFO]     [gen/p1] step=10240/24019 active=5/8 mi_stopped=0
tinker_cookbook.rl.ensemble:1270 [INFO]     [gen/p1] step=12288/24019 active=2/8 mi_stopped=0
__main__:1078 [INFO]   Group 7: multi-adapter generation 8 seqs in 1155.1s
__main__:1108 [INFO]   Group 7: rewards computed in 4.3s
__main__:1150 [INFO]     [g7][r1/8] adapter=0 R_exec=2.5680 true_MI=0.00000 RMI=0.0000 R_total=2.5680 correct=1 tokens=11980
__main__:1150 [INFO]     [g7][r2/8] adapter=0 R_exec=0.0000 true_MI=0.00000 RMI=0.0000 R_total=0.0000 correct=0 tokens=10957
__main__:1150 [INFO]     [g7][r3/8] adapter=0 R_exec=0.0000 true_MI=0.00000 RMI=0.0000 R_total=0.0000 correct=0 tokens=10067
__main__:1150 [INFO]     [g7][r4/8] adapter=0 R_exec=2.6006 true_MI=0.00000 RMI=0.0000 R_total=2.6006 correct=1 tokens=11324
__main__:1150 [INFO]     [g7][r5/8] adapter=0 R_exec=2.6231 true_MI=0.00000 RMI=0.0000 R_total=2.6231 correct=1 tokens=13036
__main__:1150 [INFO]     [g7][r6/8] adapter=0 R_exec=0.0000 true_MI=0.00000 RMI=0.0000 R_total=0.0000 correct=0 tokens=9819
__main__:1150 [INFO]     [g7][r7/8] adapter=0 R_exec=0.0000 true_MI=0.00000 RMI=0.0000 R_total=0.0000 correct=0 tokens=9922
__main__:1150 [INFO]     [g7][r8/8] adapter=0 R_exec=0.0000 true_MI=0.00000 RMI=0.0000 R_total=0.0000 correct=0 tokens=12770
__main__:1167 [INFO]   [g7] group true_MI: mean=0.00000 std=0.00000 max=0.00000 normalized=[0.00 0.00 0.00 0.00 0.00 0.00 0.00 0.00]
tinker_cookbook.utils.ml_log:143 [INFO] Wrote metrics to logs/aws/wave1-rerun/cp26-base-seed2/metrics.jsonl
tinker_cookbook.utils.ml_log:240 [INFO] Logging to: https://wandb.ai/kriaz-msee20seecs-nust/ugttt-rebuttal/runs/i08k0v16
tinker_cookbook.utils.ml_log:143 [INFO] Wrote metrics to logs/aws/wave1-rerun/cp26-base-seed2/metrics.jsonl
tinker_cookbook.utils.ml_log:240 [INFO] Logging to: https://wandb.ai/kriaz-msee20seecs-nust/ugttt-rebuttal/runs/i08k0v16
tinker_cookbook.utils.ml_log:143 [INFO] Wrote metrics to logs/aws/wave1-rerun/cp26-base-seed2/metrics.jsonl
tinker_cookbook.utils.ml_log:240 [INFO] Logging to: https://wandb.ai/kriaz-msee20seecs-nust/ugttt-rebuttal/runs/i08k0v16
tinker_cookbook.utils.ml_log:143 [INFO] Wrote metrics to logs/aws/wave1-rerun/cp26-base-seed2/metrics.jsonl
tinker_cookbook.utils.ml_log:240 [INFO] Logging to: https://wandb.ai/kriaz-msee20seecs-nust/ugttt-rebuttal/runs/i08k0v16
tinker_cookbook.utils.ml_log:143 [INFO] Wrote metrics to logs/aws/wave1-rerun/cp26-base-seed2/metrics.jsonl
tinker_cookbook.utils.ml_log:240 [INFO] Logging to: https://wandb.ai/kriaz-msee20seecs-nust/ugttt-rebuttal/runs/i08k0v16
tinker_cookbook.utils.ml_log:143 [INFO] Wrote metrics to logs/aws/wave1-rerun/cp26-base-seed2/metrics.jsonl
tinker_cookbook.utils.ml_log:240 [INFO] Logging to: https://wandb.ai/kriaz-msee20seecs-nust/ugttt-rebuttal/runs/i08k0v16
tinker_cookbook.utils.ml_log:143 [INFO] Wrote metrics to logs/aws/wave1-rerun/cp26-base-seed2/metrics.jsonl
tinker_cookbook.utils.ml_log:240 [INFO] Logging to: https://wandb.ai/kriaz-msee20seecs-nust/ugttt-rebuttal/runs/i08k0v16
tinker_cookbook.utils.ml_log:143 [INFO] Wrote metrics to logs/aws/wave1-rerun/cp26-base-seed2/metrics.jsonl
tinker_cookbook.utils.ml_log:240 [INFO] Logging to: https://wandb.ai/kriaz-msee20seecs-nust/ugttt-rebuttal/runs/i08k0v16
__main__:1949 [INFO]   [3][8/8] KEPT | R_exec=0.9740 (max=2.6231) RMI=0.0000 R_total=0.9740 | 1159.5s | GPU: 18.1/61.1GB
tinker_cookbook.utils.ml_log:143 [INFO] Wrote metrics to logs/aws/wave1-rerun/cp26-base-seed2/metrics.jsonl
tinker_cookbook.utils.ml_log:240 [INFO] Logging to: https://wandb.ai/kriaz-msee20seecs-nust/ugttt-rebuttal/runs/i08k0v16
__main__:1988 [INFO] [Epoch 3] Rollout phase done in 8629.6s. Training on 8/8 groups...
tinker_cookbook.utils.ml_log:143 [INFO] Wrote metrics to logs/aws/wave1-rerun/cp26-base-seed2/metrics.jsonl
tinker_cookbook.utils.ml_log:195 [INFO] 
┏━━━━━━━━━━━━━━━━━━━━━━━━━━━━━━━━┳━━━━━━━━━━━━━━┓
┃ Metric                         ┃ Value        ┃
┡━━━━━━━━━━━━━━━━━━━━━━━━━━━━━━━━╇━━━━━━━━━━━━━━┩
│ gpu/memory_allocated_gb        │ 18.092511    │
│ gpu/memory_peak_gb             │ 61.003018    │
│ gpu/memory_reserved_gb         │ 18.140365    │
│ kl_policy_base                 │ 0.014841     │
│ optim/entropy                  │ 0.450543     │
│ optim/kl_sample_train_v1       │ 0.000093     │
│ optim/kl_sample_train_v2       │ 0.000122     │
│ progress/done_frac             │ 0.666667     │
│ progress/epoch                 │ 3            │
│ rollout/groups_attempted       │ 8.000000     │
│ rollout/groups_filtered        │ 0.000000     │
│ rollout/groups_kept            │ 8.000000     │
│ rollout/intra_group_reward_std │ 1.166017     │
│ time/rollout                   │ 8629.577825  │
│ time/total                     │ 8929.182250  │
│ time/train                     │ 299.512787   │
│ train/advantage/max            │ 6.363873     │
│ train/advantage/mean           │ 0.279002     │
│ train/advantage/min            │ -1.000000    │
│ train/advantage/std            │ 1.784336     │
│ train/beta/mean                │ 39.918634    │
│ train/beta/std                 │ 44.875118    │
│ train/correctness/mean         │ 0.562500     │
│ train/correctness/rate         │ 0.562500     │
│ train/ensemble/frac_high_disa… │ 0.000000     │
│ train/ensemble/max_token_disa… │ nan          │
│ train/ensemble/member_logprob… │ 0.000000     │
│ train/ensemble/member_logprob… │ nan          │
│ train/gamma_eff/mean           │ 0.000000     │
│ train/gen/num_tokens/max       │ 15692.000000 │
│ train/gen/num_tokens/mean      │ 9645.718750  │
│ train/gen/num_tokens/std       │ 1936.492080  │
│ train/loss                     │ -0.278975    │
│ train/nnm_loss                 │ 0.000000     │
│ train/nnm_nuclear_norm         │ 0.000000     │
│ train/num_groups               │ 8.000000     │
│ train/num_rollouts             │ 64.000000    │
│ train/num_rollouts_total       │ 64.000000    │
│ train/reward/exec/best         │ 2.628631     │
│ train/reward/exec/max          │ 2.626968     │
│ train/reward/exec/mean         │ 1.463561     │
│ train/reward/exec/min          │ 0.000000     │
│ train/reward/exec/std          │ 1.290827     │
│ train/reward/rmi/max           │ 0.000000     │
│ train/reward/rmi/mean          │ 0.000000     │
│ train/reward/rmi/min           │ 0.000000     │
│ train/reward/rmi/std           │ 0.000000     │
│ train/reward/total/best        │ 2.628631     │
│ train/reward/total/max         │ 2.626968     │
│ train/reward/total/mean        │ 1.463561     │
│ train/reward/total/min         │ 0.000000     │
│ train/reward/total/std         │ 1.290827     │
│ train/streaming_mi/stop_rate   │ 0.000000     │
│ train/streaming_mi/tokens_sav… │ 0.000000     │
│ train/streaming_mi/tokens_sav… │ 0.000000     │
│ train/two_phase/phase1_tokens… │ 9645.718750  │
│ train/two_phase/phase2_tokens… │ 0.000000     │
│ train/two_phase/prefill_rate   │ 0.000000     │
│ train/uncertainty/predictive_… │ 0.000000     │
│ train/uncertainty/predictive_… │ 0.000000     │
│ train/uncertainty/predictive_… │ 0.000000     │
│ train/uncertainty/predictive_… │ 0.000000     │
│ train/uncertainty/predictive_… │ 0.000000     │
│ train/uncertainty/predictive_… │ 0.000000     │
│ train/uncertainty/predictive_… │ 0.000000     │
│ train/uncertainty/predictive_… │ 0.000000     │
│ train/uncertainty/rmi/max      │ 0.000000     │
│ train/uncertainty/rmi/mean     │ 0.000000     │
│ train/uncertainty/rmi/min      │ 0.000000     │
│ train/uncertainty/rmi/std      │ 0.000000     │
│ train/uncertainty/rmi_top7/max │ 0.000000     │
│ train/uncertainty/rmi_top7/me… │ 0.000000     │
│ train/uncertainty/rmi_top7/min │ 0.000000     │
│ train/uncertainty/rmi_top7/std │ 0.000000     │
│ train/uncertainty/top7_mi_cod… │ 0.000000     │
│ train/uncertainty/top7_mi_cod… │ 0.000000     │
│ train/uncertainty/top7_mi_thi… │ 0.000000     │
│ train/uncertainty/top7_mi_thi… │ 0.000000     │
│ train/uncertainty/top7_pct_co… │ 0.000000     │
│ train/uncertainty/top7_pct_co… │ 0.000000     │
│ train/uncertainty/top7_pct_th… │ 1.000000     │
│ train/uncertainty/top7_pct_th… │ 0.000000     │
│ train/uncertainty/true_mi/max  │ 0.000000     │
│ train/uncertainty/true_mi/mean │ 0.000000     │
│ train/uncertainty/true_mi/min  │ 0.000000     │
│ train/uncertainty/true_mi/std  │ 0.000000     │
│ train/uncertainty/variance/max │ nan          │
│ train/uncertainty/variance/me… │ nan          │
│ train/uncertainty/variance/min │ nan          │
│ train/uncertainty/variance/std │ nan          │
│ train/uncertainty/variance_to… │ nan          │
│ train/uncertainty/variance_to… │ nan          │
│ train/uncertainty/variance_to… │ nan          │
│ train/uncertainty/variance_to… │ nan          │
└────────────────────────────────┴──────────────┘
tinker_cookbook.utils.ml_log:240 [INFO] Logging to: https://wandb.ai/kriaz-msee20seecs-nust/ugttt-rebuttal/runs/i08k0v16
__main__:2062 [INFO] [Epoch 3] R_exec=1.4636 (max=2.6270 best=2.6286) RMI=0.0000 beta=39.92 corr=56.2% loss=-0.2790 groups=8/8 time=8929.2s
__main__:2073 [INFO] Checkpoint saved at epoch 3
__main__:1836 [INFO] [Epoch 4/6] Starting rollout phase: 8 groups × 8 rollouts
tinker_cookbook.rl.ensemble:1082 [INFO]   generate_batch_multi_adapter_two_phase: N=8 phase1_max=26000 streaming_mi=False kv_q=False
tinker_cookbook.rl.ensemble:1270 [INFO]     [gen/p1] step=2048/23572 active=8/8 mi_stopped=0
tinker_cookbook.rl.ensemble:1270 [INFO]     [gen/p1] step=4096/23572 active=8/8 mi_stopped=0
tinker_cookbook.rl.ensemble:1270 [INFO]     [gen/p1] step=6144/23572 active=8/8 mi_stopped=0
tinker_cookbook.rl.ensemble:1270 [INFO]     [gen/p1] step=8192/23572 active=4/8 mi_stopped=0
__main__:1078 [INFO]   Group 0: multi-adapter generation 8 seqs in 810.8s
__main__:1108 [INFO]   Group 0: rewards computed in 21.2s
__main__:1150 [INFO]     [g0][r1/8] adapter=0 R_exec=2.6188 true_MI=0.00000 RMI=0.0000 R_total=2.6188 correct=1 tokens=8457
__main__:1150 [INFO]     [g0][r2/8] adapter=0 R_exec=0.0000 true_MI=0.00000 RMI=0.0000 R_total=0.0000 correct=0 tokens=7413
__main__:1150 [INFO]     [g0][r3/8] adapter=0 R_exec=0.0000 true_MI=0.00000 RMI=0.0000 R_total=0.0000 correct=0 tokens=7101
__main__:1150 [INFO]     [g0][r4/8] adapter=0 R_exec=2.6250 true_MI=0.00000 RMI=0.0000 R_total=2.6250 correct=1 tokens=9166
__main__:1150 [INFO]     [g0][r5/8] adapter=0 R_exec=2.6097 true_MI=0.00000 RMI=0.0000 R_total=2.6097 correct=1 tokens=6564
__main__:1150 [INFO]     [g0][r6/8] adapter=0 R_exec=2.5821 true_MI=0.00000 RMI=0.0000 R_total=2.5821 correct=1 tokens=8346
__main__:1150 [INFO]     [g0][r7/8] adapter=0 R_exec=2.6185 true_MI=0.00000 RMI=0.0000 R_total=2.6185 correct=1 tokens=7481
__main__:1150 [INFO]     [g0][r8/8] adapter=0 R_exec=0.0000 true_MI=0.00000 RMI=0.0000 R_total=0.0000 correct=0 tokens=9974
__main__:1167 [INFO]   [g0] group true_MI: mean=0.00000 std=0.00000 max=0.00000 normalized=[0.00 0.00 0.00 0.00 0.00 0.00 0.00 0.00]
tinker_cookbook.utils.ml_log:143 [INFO] Wrote metrics to logs/aws/wave1-rerun/cp26-base-seed2/metrics.jsonl
tinker_cookbook.utils.ml_log:240 [INFO] Logging to: https://wandb.ai/kriaz-msee20seecs-nust/ugttt-rebuttal/runs/i08k0v16
tinker_cookbook.utils.ml_log:143 [INFO] Wrote metrics to logs/aws/wave1-rerun/cp26-base-seed2/metrics.jsonl
tinker_cookbook.utils.ml_log:240 [INFO] Logging to: https://wandb.ai/kriaz-msee20seecs-nust/ugttt-rebuttal/runs/i08k0v16
tinker_cookbook.utils.ml_log:143 [INFO] Wrote metrics to logs/aws/wave1-rerun/cp26-base-seed2/metrics.jsonl
tinker_cookbook.utils.ml_log:240 [INFO] Logging to: https://wandb.ai/kriaz-msee20seecs-nust/ugttt-rebuttal/runs/i08k0v16
tinker_cookbook.utils.ml_log:143 [INFO] Wrote metrics to logs/aws/wave1-rerun/cp26-base-seed2/metrics.jsonl
tinker_cookbook.utils.ml_log:240 [INFO] Logging to: https://wandb.ai/kriaz-msee20seecs-nust/ugttt-rebuttal/runs/i08k0v16
tinker_cookbook.utils.ml_log:143 [INFO] Wrote metrics to logs/aws/wave1-rerun/cp26-base-seed2/metrics.jsonl
tinker_cookbook.utils.ml_log:240 [INFO] Logging to: https://wandb.ai/kriaz-msee20seecs-nust/ugttt-rebuttal/runs/i08k0v16
tinker_cookbook.utils.ml_log:143 [INFO] Wrote metrics to logs/aws/wave1-rerun/cp26-base-seed2/metrics.jsonl
tinker_cookbook.utils.ml_log:240 [INFO] Logging to: https://wandb.ai/kriaz-msee20seecs-nust/ugttt-rebuttal/runs/i08k0v16
tinker_cookbook.utils.ml_log:143 [INFO] Wrote metrics to logs/aws/wave1-rerun/cp26-base-seed2/metrics.jsonl
tinker_cookbook.utils.ml_log:240 [INFO] Logging to: https://wandb.ai/kriaz-msee20seecs-nust/ugttt-rebuttal/runs/i08k0v16
tinker_cookbook.utils.ml_log:143 [INFO] Wrote metrics to logs/aws/wave1-rerun/cp26-base-seed2/metrics.jsonl
tinker_cookbook.utils.ml_log:240 [INFO] Logging to: https://wandb.ai/kriaz-msee20seecs-nust/ugttt-rebuttal/runs/i08k0v16
__main__:1949 [INFO]   [4][1/8] KEPT | R_exec=1.6318 (max=2.6250) RMI=0.0000 R_total=1.6318 | 832.1s | GPU: 18.1/61.1GB
tinker_cookbook.utils.ml_log:143 [INFO] Wrote metrics to logs/aws/wave1-rerun/cp26-base-seed2/metrics.jsonl
tinker_cookbook.utils.ml_log:240 [INFO] Logging to: https://wandb.ai/kriaz-msee20seecs-nust/ugttt-rebuttal/runs/i08k0v16
tinker_cookbook.rl.ensemble:1082 [INFO]   generate_batch_multi_adapter_two_phase: N=8 phase1_max=26000 streaming_mi=False kv_q=False
tinker_cookbook.rl.ensemble:1270 [INFO]     [gen/p1] step=2048/23703 active=8/8 mi_stopped=0
tinker_cookbook.rl.ensemble:1270 [INFO]     [gen/p1] step=4096/23703 active=8/8 mi_stopped=0
tinker_cookbook.rl.ensemble:1270 [INFO]     [gen/p1] step=6144/23703 active=8/8 mi_stopped=0
tinker_cookbook.rl.ensemble:1270 [INFO]     [gen/p1] step=8192/23703 active=5/8 mi_stopped=0
tinker_cookbook.rl.ensemble:1270 [INFO]     [gen/p1] step=10240/23703 active=1/8 mi_stopped=0
__main__:1078 [INFO]   Group 1: multi-adapter generation 8 seqs in 910.0s
__main__:1108 [INFO]   Group 1: rewards computed in 4.9s
__main__:1150 [INFO]     [g1][r1/8] adapter=0 R_exec=1.0400 true_MI=0.00000 RMI=0.0000 R_total=1.0400 correct=1 tokens=10128
__main__:1150 [INFO]     [g1][r2/8] adapter=0 R_exec=2.6181 true_MI=0.00000 RMI=0.0000 R_total=2.6181 correct=1 tokens=7623
__main__:1150 [INFO]     [g1][r3/8] adapter=0 R_exec=0.0000 true_MI=0.00000 RMI=0.0000 R_total=0.0000 correct=0 tokens=10945
__main__:1150 [INFO]     [g1][r4/8] adapter=0 R_exec=0.0000 true_MI=0.00000 RMI=0.0000 R_total=0.0000 correct=0 tokens=7728
__main__:1150 [INFO]     [g1][r5/8] adapter=0 R_exec=2.6061 true_MI=0.00000 RMI=0.0000 R_total=2.6061 correct=1 tokens=8806
__main__:1150 [INFO]     [g1][r6/8] adapter=0 R_exec=2.6275 true_MI=0.00000 RMI=0.0000 R_total=2.6275 correct=1 tokens=8158
__main__:1150 [INFO]     [g1][r7/8] adapter=0 R_exec=2.5694 true_MI=0.00000 RMI=0.0000 R_total=2.5694 correct=1 tokens=8855
__main__:1150 [INFO]     [g1][r8/8] adapter=0 R_exec=2.6259 true_MI=0.00000 RMI=0.0000 R_total=2.6259 correct=1 tokens=8984
__main__:1167 [INFO]   [g1] group true_MI: mean=0.00000 std=0.00000 max=0.00000 normalized=[0.00 0.00 0.00 0.00 0.00 0.00 0.00 0.00]
tinker_cookbook.utils.ml_log:143 [INFO] Wrote metrics to logs/aws/wave1-rerun/cp26-base-seed2/metrics.jsonl
tinker_cookbook.utils.ml_log:240 [INFO] Logging to: https://wandb.ai/kriaz-msee20seecs-nust/ugttt-rebuttal/runs/i08k0v16
tinker_cookbook.utils.ml_log:143 [INFO] Wrote metrics to logs/aws/wave1-rerun/cp26-base-seed2/metrics.jsonl
tinker_cookbook.utils.ml_log:240 [INFO] Logging to: https://wandb.ai/kriaz-msee20seecs-nust/ugttt-rebuttal/runs/i08k0v16
tinker_cookbook.utils.ml_log:143 [INFO] Wrote metrics to logs/aws/wave1-rerun/cp26-base-seed2/metrics.jsonl
tinker_cookbook.utils.ml_log:240 [INFO] Logging to: https://wandb.ai/kriaz-msee20seecs-nust/ugttt-rebuttal/runs/i08k0v16
tinker_cookbook.utils.ml_log:143 [INFO] Wrote metrics to logs/aws/wave1-rerun/cp26-base-seed2/metrics.jsonl
tinker_cookbook.utils.ml_log:240 [INFO] Logging to: https://wandb.ai/kriaz-msee20seecs-nust/ugttt-rebuttal/runs/i08k0v16
tinker_cookbook.utils.ml_log:143 [INFO] Wrote metrics to logs/aws/wave1-rerun/cp26-base-seed2/metrics.jsonl
tinker_cookbook.utils.ml_log:240 [INFO] Logging to: https://wandb.ai/kriaz-msee20seecs-nust/ugttt-rebuttal/runs/i08k0v16
tinker_cookbook.utils.ml_log:143 [INFO] Wrote metrics to logs/aws/wave1-rerun/cp26-base-seed2/metrics.jsonl
tinker_cookbook.utils.ml_log:240 [INFO] Logging to: https://wandb.ai/kriaz-msee20seecs-nust/ugttt-rebuttal/runs/i08k0v16
tinker_cookbook.utils.ml_log:143 [INFO] Wrote metrics to logs/aws/wave1-rerun/cp26-base-seed2/metrics.jsonl
tinker_cookbook.utils.ml_log:240 [INFO] Logging to: https://wandb.ai/kriaz-msee20seecs-nust/ugttt-rebuttal/runs/i08k0v16
tinker_cookbook.utils.ml_log:143 [INFO] Wrote metrics to logs/aws/wave1-rerun/cp26-base-seed2/metrics.jsonl
tinker_cookbook.utils.ml_log:240 [INFO] Logging to: https://wandb.ai/kriaz-msee20seecs-nust/ugttt-rebuttal/runs/i08k0v16
__main__:1949 [INFO]   [4][2/8] KEPT | R_exec=1.7609 (max=2.6275) RMI=0.0000 R_total=1.7609 | 915.0s | GPU: 18.1/61.0GB
tinker_cookbook.utils.ml_log:143 [INFO] Wrote metrics to logs/aws/wave1-rerun/cp26-base-seed2/metrics.jsonl
tinker_cookbook.utils.ml_log:240 [INFO] Logging to: https://wandb.ai/kriaz-msee20seecs-nust/ugttt-rebuttal/runs/i08k0v16
tinker_cookbook.rl.ensemble:1082 [INFO]   generate_batch_multi_adapter_two_phase: N=8 phase1_max=26000 streaming_mi=False kv_q=False
tinker_cookbook.rl.ensemble:1270 [INFO]     [gen/p1] step=2048/24115 active=8/8 mi_stopped=0
tinker_cookbook.rl.ensemble:1270 [INFO]     [gen/p1] step=4096/24115 active=8/8 mi_stopped=0
tinker_cookbook.rl.ensemble:1270 [INFO]     [gen/p1] step=6144/24115 active=8/8 mi_stopped=0
tinker_cookbook.rl.ensemble:1270 [INFO]     [gen/p1] step=8192/24115 active=8/8 mi_stopped=0
tinker_cookbook.rl.ensemble:1270 [INFO]     [gen/p1] step=10240/24115 active=7/8 mi_stopped=0
tinker_cookbook.rl.ensemble:1270 [INFO]     [gen/p1] step=12288/24115 active=3/8 mi_stopped=0
__main__:1078 [INFO]   Group 2: multi-adapter generation 8 seqs in 1227.8s
__main__:1108 [INFO]   Group 2: rewards computed in 8.0s
__main__:1150 [INFO]     [g2][r1/8] adapter=0 R_exec=2.6113 true_MI=0.00000 RMI=0.0000 R_total=2.6113 correct=1 tokens=12589
__main__:1150 [INFO]     [g2][r2/8] adapter=0 R_exec=0.0000 true_MI=0.00000 RMI=0.0000 R_total=0.0000 correct=0 tokens=13601
__main__:1150 [INFO]     [g2][r3/8] adapter=0 R_exec=2.6243 true_MI=0.00000 RMI=0.0000 R_total=2.6243 correct=1 tokens=8905
__main__:1150 [INFO]     [g2][r4/8] adapter=0 R_exec=2.6168 true_MI=0.00000 RMI=0.0000 R_total=2.6168 correct=1 tokens=11869
__main__:1150 [INFO]     [g2][r5/8] adapter=0 R_exec=0.0000 true_MI=0.00000 RMI=0.0000 R_total=0.0000 correct=0 tokens=12662
__main__:1150 [INFO]     [g2][r6/8] adapter=0 R_exec=2.6104 true_MI=0.00000 RMI=0.0000 R_total=2.6104 correct=1 tokens=11593
__main__:1150 [INFO]     [g2][r7/8] adapter=0 R_exec=2.5931 true_MI=0.00000 RMI=0.0000 R_total=2.5931 correct=1 tokens=10305
__main__:1150 [INFO]     [g2][r8/8] adapter=0 R_exec=2.5347 true_MI=0.00000 RMI=0.0000 R_total=2.5347 correct=1 tokens=11839
__main__:1167 [INFO]   [g2] group true_MI: mean=0.00000 std=0.00000 max=0.00000 normalized=[0.00 0.00 0.00 0.00 0.00 0.00 0.00 0.00]
tinker_cookbook.utils.ml_log:143 [INFO] Wrote metrics to logs/aws/wave1-rerun/cp26-base-seed2/metrics.jsonl
tinker_cookbook.utils.ml_log:240 [INFO] Logging to: https://wandb.ai/kriaz-msee20seecs-nust/ugttt-rebuttal/runs/i08k0v16
tinker_cookbook.utils.ml_log:143 [INFO] Wrote metrics to logs/aws/wave1-rerun/cp26-base-seed2/metrics.jsonl
tinker_cookbook.utils.ml_log:240 [INFO] Logging to: https://wandb.ai/kriaz-msee20seecs-nust/ugttt-rebuttal/runs/i08k0v16
tinker_cookbook.utils.ml_log:143 [INFO] Wrote metrics to logs/aws/wave1-rerun/cp26-base-seed2/metrics.jsonl
tinker_cookbook.utils.ml_log:240 [INFO] Logging to: https://wandb.ai/kriaz-msee20seecs-nust/ugttt-rebuttal/runs/i08k0v16
tinker_cookbook.utils.ml_log:143 [INFO] Wrote metrics to logs/aws/wave1-rerun/cp26-base-seed2/metrics.jsonl
tinker_cookbook.utils.ml_log:240 [INFO] Logging to: https://wandb.ai/kriaz-msee20seecs-nust/ugttt-rebuttal/runs/i08k0v16
tinker_cookbook.utils.ml_log:143 [INFO] Wrote metrics to logs/aws/wave1-rerun/cp26-base-seed2/metrics.jsonl
tinker_cookbook.utils.ml_log:240 [INFO] Logging to: https://wandb.ai/kriaz-msee20seecs-nust/ugttt-rebuttal/runs/i08k0v16
tinker_cookbook.utils.ml_log:143 [INFO] Wrote metrics to logs/aws/wave1-rerun/cp26-base-seed2/metrics.jsonl
tinker_cookbook.utils.ml_log:240 [INFO] Logging to: https://wandb.ai/kriaz-msee20seecs-nust/ugttt-rebuttal/runs/i08k0v16
tinker_cookbook.utils.ml_log:143 [INFO] Wrote metrics to logs/aws/wave1-rerun/cp26-base-seed2/metrics.jsonl
tinker_cookbook.utils.ml_log:240 [INFO] Logging to: https://wandb.ai/kriaz-msee20seecs-nust/ugttt-rebuttal/runs/i08k0v16
tinker_cookbook.utils.ml_log:143 [INFO] Wrote metrics to logs/aws/wave1-rerun/cp26-base-seed2/metrics.jsonl
tinker_cookbook.utils.ml_log:240 [INFO] Logging to: https://wandb.ai/kriaz-msee20seecs-nust/ugttt-rebuttal/runs/i08k0v16
__main__:1949 [INFO]   [4][3/8] KEPT | R_exec=1.9488 (max=2.6243) RMI=0.0000 R_total=1.9488 | 1235.8s | GPU: 18.1/61.0GB
tinker_cookbook.utils.ml_log:143 [INFO] Wrote metrics to logs/aws/wave1-rerun/cp26-base-seed2/metrics.jsonl
tinker_cookbook.utils.ml_log:240 [INFO] Logging to: https://wandb.ai/kriaz-msee20seecs-nust/ugttt-rebuttal/runs/i08k0v16
tinker_cookbook.rl.ensemble:1082 [INFO]   generate_batch_multi_adapter_two_phase: N=8 phase1_max=26000 streaming_mi=False kv_q=False
tinker_cookbook.rl.ensemble:1270 [INFO]     [gen/p1] step=2048/23994 active=8/8 mi_stopped=0
tinker_cookbook.rl.ensemble:1270 [INFO]     [gen/p1] step=4096/23994 active=8/8 mi_stopped=0
tinker_cookbook.rl.ensemble:1270 [INFO]     [gen/p1] step=6144/23994 active=8/8 mi_stopped=0
tinker_cookbook.rl.ensemble:1270 [INFO]     [gen/p1] step=8192/23994 active=8/8 mi_stopped=0
tinker_cookbook.rl.ensemble:1270 [INFO]     [gen/p1] step=10240/23994 active=6/8 mi_stopped=0
tinker_cookbook.rl.ensemble:1270 [INFO]     [gen/p1] step=12288/23994 active=5/8 mi_stopped=0
__main__:1078 [INFO]   Group 3: multi-adapter generation 8 seqs in 1234.1s
__main__:1108 [INFO]   Group 3: rewards computed in 4.2s
__main__:1150 [INFO]     [g3][r1/8] adapter=0 R_exec=2.6208 true_MI=0.00000 RMI=0.0000 R_total=2.6208 correct=1 tokens=13487
__main__:1150 [INFO]     [g3][r2/8] adapter=0 R_exec=0.0000 true_MI=0.00000 RMI=0.0000 R_total=0.0000 correct=0 tokens=12453
__main__:1150 [INFO]     [g3][r3/8] adapter=0 R_exec=2.6245 true_MI=0.00000 RMI=0.0000 R_total=2.6245 correct=1 tokens=12501
__main__:1150 [INFO]     [g3][r4/8] adapter=0 R_exec=2.5861 true_MI=0.00000 RMI=0.0000 R_total=2.5861 correct=1 tokens=13585
__main__:1150 [INFO]     [g3][r5/8] adapter=0 R_exec=2.6181 true_MI=0.00000 RMI=0.0000 R_total=2.6181 correct=1 tokens=10316
__main__:1150 [INFO]     [g3][r6/8] adapter=0 R_exec=2.6150 true_MI=0.00000 RMI=0.0000 R_total=2.6150 correct=1 tokens=8534
__main__:1150 [INFO]     [g3][r7/8] adapter=0 R_exec=0.0000 true_MI=0.00000 RMI=0.0000 R_total=0.0000 correct=0 tokens=10015
__main__:1150 [INFO]     [g3][r8/8] adapter=0 R_exec=0.0000 true_MI=0.00000 RMI=0.0000 R_total=0.0000 correct=0 tokens=13102
__main__:1167 [INFO]   [g3] group true_MI: mean=0.00000 std=0.00000 max=0.00000 normalized=[0.00 0.00 0.00 0.00 0.00 0.00 0.00 0.00]
tinker_cookbook.utils.ml_log:143 [INFO] Wrote metrics to logs/aws/wave1-rerun/cp26-base-seed2/metrics.jsonl
tinker_cookbook.utils.ml_log:240 [INFO] Logging to: https://wandb.ai/kriaz-msee20seecs-nust/ugttt-rebuttal/runs/i08k0v16
tinker_cookbook.utils.ml_log:143 [INFO] Wrote metrics to logs/aws/wave1-rerun/cp26-base-seed2/metrics.jsonl
tinker_cookbook.utils.ml_log:240 [INFO] Logging to: https://wandb.ai/kriaz-msee20seecs-nust/ugttt-rebuttal/runs/i08k0v16
tinker_cookbook.utils.ml_log:143 [INFO] Wrote metrics to logs/aws/wave1-rerun/cp26-base-seed2/metrics.jsonl
tinker_cookbook.utils.ml_log:240 [INFO] Logging to: https://wandb.ai/kriaz-msee20seecs-nust/ugttt-rebuttal/runs/i08k0v16
tinker_cookbook.utils.ml_log:143 [INFO] Wrote metrics to logs/aws/wave1-rerun/cp26-base-seed2/metrics.jsonl
tinker_cookbook.utils.ml_log:240 [INFO] Logging to: https://wandb.ai/kriaz-msee20seecs-nust/ugttt-rebuttal/runs/i08k0v16
tinker_cookbook.utils.ml_log:143 [INFO] Wrote metrics to logs/aws/wave1-rerun/cp26-base-seed2/metrics.jsonl
tinker_cookbook.utils.ml_log:240 [INFO] Logging to: https://wandb.ai/kriaz-msee20seecs-nust/ugttt-rebuttal/runs/i08k0v16
tinker_cookbook.utils.ml_log:143 [INFO] Wrote metrics to logs/aws/wave1-rerun/cp26-base-seed2/metrics.jsonl
tinker_cookbook.utils.ml_log:240 [INFO] Logging to: https://wandb.ai/kriaz-msee20seecs-nust/ugttt-rebuttal/runs/i08k0v16
tinker_cookbook.utils.ml_log:143 [INFO] Wrote metrics to logs/aws/wave1-rerun/cp26-base-seed2/metrics.jsonl
tinker_cookbook.utils.ml_log:240 [INFO] Logging to: https://wandb.ai/kriaz-msee20seecs-nust/ugttt-rebuttal/runs/i08k0v16
tinker_cookbook.utils.ml_log:143 [INFO] Wrote metrics to logs/aws/wave1-rerun/cp26-base-seed2/metrics.jsonl
tinker_cookbook.utils.ml_log:240 [INFO] Logging to: https://wandb.ai/kriaz-msee20seecs-nust/ugttt-rebuttal/runs/i08k0v16
__main__:1949 [INFO]   [4][4/8] KEPT | R_exec=1.6331 (max=2.6245) RMI=0.0000 R_total=1.6331 | 1238.3s | GPU: 18.1/61.2GB
tinker_cookbook.utils.ml_log:143 [INFO] Wrote metrics to logs/aws/wave1-rerun/cp26-base-seed2/metrics.jsonl
tinker_cookbook.utils.ml_log:240 [INFO] Logging to: https://wandb.ai/kriaz-msee20seecs-nust/ugttt-rebuttal/runs/i08k0v16
tinker_cookbook.rl.ensemble:1082 [INFO]   generate_batch_multi_adapter_two_phase: N=8 phase1_max=26000 streaming_mi=False kv_q=False
tinker_cookbook.rl.ensemble:1270 [INFO]     [gen/p1] step=2048/24013 active=8/8 mi_stopped=0
tinker_cookbook.rl.ensemble:1270 [INFO]     [gen/p1] step=4096/24013 active=8/8 mi_stopped=0
tinker_cookbook.rl.ensemble:1270 [INFO]     [gen/p1] step=6144/24013 active=8/8 mi_stopped=0
tinker_cookbook.rl.ensemble:1270 [INFO]     [gen/p1] step=8192/24013 active=6/8 mi_stopped=0
tinker_cookbook.rl.ensemble:1270 [INFO]     [gen/p1] step=10240/24013 active=2/8 mi_stopped=0
tinker_cookbook.rl.ensemble:1270 [INFO]     [gen/p1] step=12288/24013 active=2/8 mi_stopped=0
__main__:1078 [INFO]   Group 4: multi-adapter generation 8 seqs in 1296.6s
__main__:1108 [INFO]   Group 4: rewards computed in 25.9s
__main__:1150 [INFO]     [g4][r1/8] adapter=0 R_exec=0.0000 true_MI=0.00000 RMI=0.0000 R_total=0.0000 correct=0 tokens=10173
__main__:1150 [INFO]     [g4][r2/8] adapter=0 R_exec=2.6264 true_MI=0.00000 RMI=0.0000 R_total=2.6264 correct=1 tokens=7627
__main__:1150 [INFO]     [g4][r3/8] adapter=0 R_exec=0.0000 true_MI=0.00000 RMI=0.0000 R_total=0.0000 correct=0 tokens=9078
__main__:1150 [INFO]     [g4][r4/8] adapter=0 R_exec=0.0000 true_MI=0.00000 RMI=0.0000 R_total=0.0000 correct=0 tokens=8639
__main__:1150 [INFO]     [g4][r5/8] adapter=0 R_exec=0.0000 true_MI=0.00000 RMI=0.0000 R_total=0.0000 correct=0 tokens=9991
__main__:1150 [INFO]     [g4][r6/8] adapter=0 R_exec=2.5827 true_MI=0.00000 RMI=0.0000 R_total=2.5827 correct=1 tokens=12628
__main__:1150 [INFO]     [g4][r7/8] adapter=0 R_exec=2.5788 true_MI=0.00000 RMI=0.0000 R_total=2.5788 correct=1 tokens=7386
__main__:1150 [INFO]     [g4][r8/8] adapter=0 R_exec=2.5860 true_MI=0.00000 RMI=0.0000 R_total=2.5860 correct=1 tokens=14052
__main__:1167 [INFO]   [g4] group true_MI: mean=0.00000 std=0.00000 max=0.00000 normalized=[0.00 0.00 0.00 0.00 0.00 0.00 0.00 0.00]
tinker_cookbook.utils.ml_log:143 [INFO] Wrote metrics to logs/aws/wave1-rerun/cp26-base-seed2/metrics.jsonl
tinker_cookbook.utils.ml_log:240 [INFO] Logging to: https://wandb.ai/kriaz-msee20seecs-nust/ugttt-rebuttal/runs/i08k0v16
tinker_cookbook.utils.ml_log:143 [INFO] Wrote metrics to logs/aws/wave1-rerun/cp26-base-seed2/metrics.jsonl
tinker_cookbook.utils.ml_log:240 [INFO] Logging to: https://wandb.ai/kriaz-msee20seecs-nust/ugttt-rebuttal/runs/i08k0v16
tinker_cookbook.utils.ml_log:143 [INFO] Wrote metrics to logs/aws/wave1-rerun/cp26-base-seed2/metrics.jsonl
tinker_cookbook.utils.ml_log:240 [INFO] Logging to: https://wandb.ai/kriaz-msee20seecs-nust/ugttt-rebuttal/runs/i08k0v16
tinker_cookbook.utils.ml_log:143 [INFO] Wrote metrics to logs/aws/wave1-rerun/cp26-base-seed2/metrics.jsonl
tinker_cookbook.utils.ml_log:240 [INFO] Logging to: https://wandb.ai/kriaz-msee20seecs-nust/ugttt-rebuttal/runs/i08k0v16
tinker_cookbook.utils.ml_log:143 [INFO] Wrote metrics to logs/aws/wave1-rerun/cp26-base-seed2/metrics.jsonl
tinker_cookbook.utils.ml_log:240 [INFO] Logging to: https://wandb.ai/kriaz-msee20seecs-nust/ugttt-rebuttal/runs/i08k0v16
tinker_cookbook.utils.ml_log:143 [INFO] Wrote metrics to logs/aws/wave1-rerun/cp26-base-seed2/metrics.jsonl
tinker_cookbook.utils.ml_log:240 [INFO] Logging to: https://wandb.ai/kriaz-msee20seecs-nust/ugttt-rebuttal/runs/i08k0v16
tinker_cookbook.utils.ml_log:143 [INFO] Wrote metrics to logs/aws/wave1-rerun/cp26-base-seed2/metrics.jsonl
tinker_cookbook.utils.ml_log:240 [INFO] Logging to: https://wandb.ai/kriaz-msee20seecs-nust/ugttt-rebuttal/runs/i08k0v16
tinker_cookbook.utils.ml_log:143 [INFO] Wrote metrics to logs/aws/wave1-rerun/cp26-base-seed2/metrics.jsonl
tinker_cookbook.utils.ml_log:240 [INFO] Logging to: https://wandb.ai/kriaz-msee20seecs-nust/ugttt-rebuttal/runs/i08k0v16
__main__:1949 [INFO]   [4][5/8] KEPT | R_exec=1.2967 (max=2.6264) RMI=0.0000 R_total=1.2967 | 1322.5s | GPU: 18.1/61.3GB
tinker_cookbook.utils.ml_log:143 [INFO] Wrote metrics to logs/aws/wave1-rerun/cp26-base-seed2/metrics.jsonl
tinker_cookbook.utils.ml_log:240 [INFO] Logging to: https://wandb.ai/kriaz-msee20seecs-nust/ugttt-rebuttal/runs/i08k0v16
tinker_cookbook.rl.ensemble:1082 [INFO]   generate_batch_multi_adapter_two_phase: N=8 phase1_max=26000 streaming_mi=False kv_q=False
tinker_cookbook.rl.ensemble:1270 [INFO]     [gen/p1] step=2048/23732 active=8/8 mi_stopped=0
tinker_cookbook.rl.ensemble:1270 [INFO]     [gen/p1] step=4096/23732 active=8/8 mi_stopped=0
tinker_cookbook.rl.ensemble:1270 [INFO]     [gen/p1] step=6144/23732 active=8/8 mi_stopped=0
tinker_cookbook.rl.ensemble:1270 [INFO]     [gen/p1] step=8192/23732 active=5/8 mi_stopped=0
tinker_cookbook.rl.ensemble:1270 [INFO]     [gen/p1] step=10240/23732 active=2/8 mi_stopped=0
tinker_cookbook.rl.ensemble:1270 [INFO]     [gen/p1] step=12288/23732 active=1/8 mi_stopped=0
tinker_cookbook.rl.ensemble:1270 [INFO]     [gen/p1] step=14336/23732 active=1/8 mi_stopped=0
__main__:1078 [INFO]   Group 5: multi-adapter generation 8 seqs in 1509.0s
__main__:1108 [INFO]   Group 5: rewards computed in 5.4s
__main__:1150 [INFO]     [g5][r1/8] adapter=0 R_exec=2.6231 true_MI=0.00000 RMI=0.0000 R_total=2.6231 correct=1 tokens=9839
__main__:1150 [INFO]     [g5][r2/8] adapter=0 R_exec=2.6165 true_MI=0.00000 RMI=0.0000 R_total=2.6165 correct=1 tokens=9196
__main__:1150 [INFO]     [g5][r3/8] adapter=0 R_exec=2.5958 true_MI=0.00000 RMI=0.0000 R_total=2.5958 correct=1 tokens=10916
__main__:1150 [INFO]     [g5][r4/8] adapter=0 R_exec=2.5528 true_MI=0.00000 RMI=0.0000 R_total=2.5528 correct=1 tokens=9798
__main__:1150 [INFO]     [g5][r5/8] adapter=0 R_exec=2.6023 true_MI=0.00000 RMI=0.0000 R_total=2.6023 correct=1 tokens=6895
__main__:1150 [INFO]     [g5][r6/8] adapter=0 R_exec=0.3900 true_MI=0.00000 RMI=0.0000 R_total=0.3900 correct=1 tokens=15318
__main__:1150 [INFO]     [g5][r7/8] adapter=0 R_exec=0.0000 true_MI=0.00000 RMI=0.0000 R_total=0.0000 correct=0 tokens=7538
__main__:1150 [INFO]     [g5][r8/8] adapter=0 R_exec=0.0000 true_MI=0.00000 RMI=0.0000 R_total=0.0000 correct=0 tokens=8142
__main__:1167 [INFO]   [g5] group true_MI: mean=0.00000 std=0.00000 max=0.00000 normalized=[0.00 0.00 0.00 0.00 0.00 0.00 0.00 0.00]
tinker_cookbook.utils.ml_log:143 [INFO] Wrote metrics to logs/aws/wave1-rerun/cp26-base-seed2/metrics.jsonl
tinker_cookbook.utils.ml_log:240 [INFO] Logging to: https://wandb.ai/kriaz-msee20seecs-nust/ugttt-rebuttal/runs/i08k0v16
tinker_cookbook.utils.ml_log:143 [INFO] Wrote metrics to logs/aws/wave1-rerun/cp26-base-seed2/metrics.jsonl
tinker_cookbook.utils.ml_log:240 [INFO] Logging to: https://wandb.ai/kriaz-msee20seecs-nust/ugttt-rebuttal/runs/i08k0v16
tinker_cookbook.utils.ml_log:143 [INFO] Wrote metrics to logs/aws/wave1-rerun/cp26-base-seed2/metrics.jsonl
tinker_cookbook.utils.ml_log:240 [INFO] Logging to: https://wandb.ai/kriaz-msee20seecs-nust/ugttt-rebuttal/runs/i08k0v16
tinker_cookbook.utils.ml_log:143 [INFO] Wrote metrics to logs/aws/wave1-rerun/cp26-base-seed2/metrics.jsonl
tinker_cookbook.utils.ml_log:240 [INFO] Logging to: https://wandb.ai/kriaz-msee20seecs-nust/ugttt-rebuttal/runs/i08k0v16
tinker_cookbook.utils.ml_log:143 [INFO] Wrote metrics to logs/aws/wave1-rerun/cp26-base-seed2/metrics.jsonl
tinker_cookbook.utils.ml_log:240 [INFO] Logging to: https://wandb.ai/kriaz-msee20seecs-nust/ugttt-rebuttal/runs/i08k0v16
tinker_cookbook.utils.ml_log:143 [INFO] Wrote metrics to logs/aws/wave1-rerun/cp26-base-seed2/metrics.jsonl
tinker_cookbook.utils.ml_log:240 [INFO] Logging to: https://wandb.ai/kriaz-msee20seecs-nust/ugttt-rebuttal/runs/i08k0v16
tinker_cookbook.utils.ml_log:143 [INFO] Wrote metrics to logs/aws/wave1-rerun/cp26-base-seed2/metrics.jsonl
tinker_cookbook.utils.ml_log:240 [INFO] Logging to: https://wandb.ai/kriaz-msee20seecs-nust/ugttt-rebuttal/runs/i08k0v16
tinker_cookbook.utils.ml_log:143 [INFO] Wrote metrics to logs/aws/wave1-rerun/cp26-base-seed2/metrics.jsonl
tinker_cookbook.utils.ml_log:240 [INFO] Logging to: https://wandb.ai/kriaz-msee20seecs-nust/ugttt-rebuttal/runs/i08k0v16
__main__:1949 [INFO]   [4][6/8] KEPT | R_exec=1.6726 (max=2.6231) RMI=0.0000 R_total=1.6726 | 1514.5s | GPU: 18.1/61.5GB
tinker_cookbook.utils.ml_log:143 [INFO] Wrote metrics to logs/aws/wave1-rerun/cp26-base-seed2/metrics.jsonl
tinker_cookbook.utils.ml_log:240 [INFO] Logging to: https://wandb.ai/kriaz-msee20seecs-nust/ugttt-rebuttal/runs/i08k0v16
tinker_cookbook.rl.ensemble:1082 [INFO]   generate_batch_multi_adapter_two_phase: N=8 phase1_max=26000 streaming_mi=False kv_q=False
tinker_cookbook.rl.ensemble:1270 [INFO]     [gen/p1] step=2048/23368 active=8/8 mi_stopped=0
tinker_cookbook.rl.ensemble:1270 [INFO]     [gen/p1] step=4096/23368 active=8/8 mi_stopped=0
tinker_cookbook.rl.ensemble:1270 [INFO]     [gen/p1] step=6144/23368 active=8/8 mi_stopped=0
tinker_cookbook.rl.ensemble:1270 [INFO]     [gen/p1] step=8192/23368 active=5/8 mi_stopped=0
tinker_cookbook.rl.ensemble:1270 [INFO]     [gen/p1] step=10240/23368 active=1/8 mi_stopped=0
__main__:1078 [INFO]   Group 6: multi-adapter generation 8 seqs in 999.2s
__main__:1108 [INFO]   Group 6: rewards computed in 4.8s
__main__:1150 [INFO]     [g6][r1/8] adapter=0 R_exec=2.6181 true_MI=0.00000 RMI=0.0000 R_total=2.6181 correct=1 tokens=6183
__main__:1150 [INFO]     [g6][r2/8] adapter=0 R_exec=2.6181 true_MI=0.00000 RMI=0.0000 R_total=2.6181 correct=1 tokens=9047
__main__:1150 [INFO]     [g6][r3/8] adapter=0 R_exec=0.0000 true_MI=0.00000 RMI=0.0000 R_total=0.0000 correct=0 tokens=7648
__main__:1150 [INFO]     [g6][r4/8] adapter=0 R_exec=2.5787 true_MI=0.00000 RMI=0.0000 R_total=2.5787 correct=1 tokens=6885
__main__:1150 [INFO]     [g6][r5/8] adapter=0 R_exec=0.0000 true_MI=0.00000 RMI=0.0000 R_total=0.0000 correct=0 tokens=9275
__main__:1150 [INFO]     [g6][r6/8] adapter=0 R_exec=2.6023 true_MI=0.00000 RMI=0.0000 R_total=2.6023 correct=1 tokens=9118
__main__:1150 [INFO]     [g6][r7/8] adapter=0 R_exec=2.5840 true_MI=0.00000 RMI=0.0000 R_total=2.5840 correct=1 tokens=8243
__main__:1150 [INFO]     [g6][r8/8] adapter=0 R_exec=2.6259 true_MI=0.00000 RMI=0.0000 R_total=2.6259 correct=1 tokens=11443
__main__:1167 [INFO]   [g6] group true_MI: mean=0.00000 std=0.00000 max=0.00000 normalized=[0.00 0.00 0.00 0.00 0.00 0.00 0.00 0.00]
tinker_cookbook.utils.ml_log:143 [INFO] Wrote metrics to logs/aws/wave1-rerun/cp26-base-seed2/metrics.jsonl
tinker_cookbook.utils.ml_log:240 [INFO] Logging to: https://wandb.ai/kriaz-msee20seecs-nust/ugttt-rebuttal/runs/i08k0v16
tinker_cookbook.utils.ml_log:143 [INFO] Wrote metrics to logs/aws/wave1-rerun/cp26-base-seed2/metrics.jsonl
tinker_cookbook.utils.ml_log:240 [INFO] Logging to: https://wandb.ai/kriaz-msee20seecs-nust/ugttt-rebuttal/runs/i08k0v16
tinker_cookbook.utils.ml_log:143 [INFO] Wrote metrics to logs/aws/wave1-rerun/cp26-base-seed2/metrics.jsonl
tinker_cookbook.utils.ml_log:240 [INFO] Logging to: https://wandb.ai/kriaz-msee20seecs-nust/ugttt-rebuttal/runs/i08k0v16
tinker_cookbook.utils.ml_log:143 [INFO] Wrote metrics to logs/aws/wave1-rerun/cp26-base-seed2/metrics.jsonl
tinker_cookbook.utils.ml_log:240 [INFO] Logging to: https://wandb.ai/kriaz-msee20seecs-nust/ugttt-rebuttal/runs/i08k0v16
tinker_cookbook.utils.ml_log:143 [INFO] Wrote metrics to logs/aws/wave1-rerun/cp26-base-seed2/metrics.jsonl
tinker_cookbook.utils.ml_log:240 [INFO] Logging to: https://wandb.ai/kriaz-msee20seecs-nust/ugttt-rebuttal/runs/i08k0v16
tinker_cookbook.utils.ml_log:143 [INFO] Wrote metrics to logs/aws/wave1-rerun/cp26-base-seed2/metrics.jsonl
tinker_cookbook.utils.ml_log:240 [INFO] Logging to: https://wandb.ai/kriaz-msee20seecs-nust/ugttt-rebuttal/runs/i08k0v16
tinker_cookbook.utils.ml_log:143 [INFO] Wrote metrics to logs/aws/wave1-rerun/cp26-base-seed2/metrics.jsonl
tinker_cookbook.utils.ml_log:240 [INFO] Logging to: https://wandb.ai/kriaz-msee20seecs-nust/ugttt-rebuttal/runs/i08k0v16
tinker_cookbook.utils.ml_log:143 [INFO] Wrote metrics to logs/aws/wave1-rerun/cp26-base-seed2/metrics.jsonl
tinker_cookbook.utils.ml_log:240 [INFO] Logging to: https://wandb.ai/kriaz-msee20seecs-nust/ugttt-rebuttal/runs/i08k0v16
__main__:1949 [INFO]   [4][7/8] KEPT | R_exec=1.9534 (max=2.6259) RMI=0.0000 R_total=1.9534 | 1004.1s | GPU: 18.1/61.8GB
tinker_cookbook.utils.ml_log:143 [INFO] Wrote metrics to logs/aws/wave1-rerun/cp26-base-seed2/metrics.jsonl
tinker_cookbook.utils.ml_log:240 [INFO] Logging to: https://wandb.ai/kriaz-msee20seecs-nust/ugttt-rebuttal/runs/i08k0v16
tinker_cookbook.rl.ensemble:1082 [INFO]   generate_batch_multi_adapter_two_phase: N=8 phase1_max=26000 streaming_mi=False kv_q=False
tinker_cookbook.rl.ensemble:1270 [INFO]     [gen/p1] step=2048/23782 active=8/8 mi_stopped=0
tinker_cookbook.rl.ensemble:1270 [INFO]     [gen/p1] step=4096/23782 active=8/8 mi_stopped=0
tinker_cookbook.rl.ensemble:1270 [INFO]     [gen/p1] step=6144/23782 active=8/8 mi_stopped=0
tinker_cookbook.rl.ensemble:1270 [INFO]     [gen/p1] step=8192/23782 active=7/8 mi_stopped=0
tinker_cookbook.rl.ensemble:1270 [INFO]     [gen/p1] step=10240/23782 active=3/8 mi_stopped=0
__main__:1078 [INFO]   Group 7: multi-adapter generation 8 seqs in 1025.1s
__main__:1108 [INFO]   Group 7: rewards computed in 8.6s
__main__:1150 [INFO]     [g7][r1/8] adapter=0 R_exec=2.6178 true_MI=0.00000 RMI=0.0000 R_total=2.6178 correct=1 tokens=8683
__main__:1150 [INFO]     [g7][r2/8] adapter=0 R_exec=0.0000 true_MI=0.00000 RMI=0.0000 R_total=0.0000 correct=0 tokens=11877
__main__:1150 [INFO]     [g7][r3/8] adapter=0 R_exec=2.5938 true_MI=0.00000 RMI=0.0000 R_total=2.5938 correct=1 tokens=8073
__main__:1150 [INFO]     [g7][r4/8] adapter=0 R_exec=0.0000 true_MI=0.00000 RMI=0.0000 R_total=0.0000 correct=0 tokens=8441
__main__:1150 [INFO]     [g7][r5/8] adapter=0 R_exec=0.0000 true_MI=0.00000 RMI=0.0000 R_total=0.0000 correct=0 tokens=10628
__main__:1150 [INFO]     [g7][r6/8] adapter=0 R_exec=2.5458 true_MI=0.00000 RMI=0.0000 R_total=2.5458 correct=1 tokens=8598
__main__:1150 [INFO]     [g7][r7/8] adapter=0 R_exec=2.5161 true_MI=0.00000 RMI=0.0000 R_total=2.5161 correct=1 tokens=11785
__main__:1150 [INFO]     [g7][r8/8] adapter=0 R_exec=2.6121 true_MI=0.00000 RMI=0.0000 R_total=2.6121 correct=1 tokens=9379
__main__:1167 [INFO]   [g7] group true_MI: mean=0.00000 std=0.00000 max=0.00000 normalized=[0.00 0.00 0.00 0.00 0.00 0.00 0.00 0.00]
tinker_cookbook.utils.ml_log:143 [INFO] Wrote metrics to logs/aws/wave1-rerun/cp26-base-seed2/metrics.jsonl
tinker_cookbook.utils.ml_log:240 [INFO] Logging to: https://wandb.ai/kriaz-msee20seecs-nust/ugttt-rebuttal/runs/i08k0v16
tinker_cookbook.utils.ml_log:143 [INFO] Wrote metrics to logs/aws/wave1-rerun/cp26-base-seed2/metrics.jsonl
tinker_cookbook.utils.ml_log:240 [INFO] Logging to: https://wandb.ai/kriaz-msee20seecs-nust/ugttt-rebuttal/runs/i08k0v16
tinker_cookbook.utils.ml_log:143 [INFO] Wrote metrics to logs/aws/wave1-rerun/cp26-base-seed2/metrics.jsonl
tinker_cookbook.utils.ml_log:240 [INFO] Logging to: https://wandb.ai/kriaz-msee20seecs-nust/ugttt-rebuttal/runs/i08k0v16
tinker_cookbook.utils.ml_log:143 [INFO] Wrote metrics to logs/aws/wave1-rerun/cp26-base-seed2/metrics.jsonl
tinker_cookbook.utils.ml_log:240 [INFO] Logging to: https://wandb.ai/kriaz-msee20seecs-nust/ugttt-rebuttal/runs/i08k0v16
tinker_cookbook.utils.ml_log:143 [INFO] Wrote metrics to logs/aws/wave1-rerun/cp26-base-seed2/metrics.jsonl
tinker_cookbook.utils.ml_log:240 [INFO] Logging to: https://wandb.ai/kriaz-msee20seecs-nust/ugttt-rebuttal/runs/i08k0v16
tinker_cookbook.utils.ml_log:143 [INFO] Wrote metrics to logs/aws/wave1-rerun/cp26-base-seed2/metrics.jsonl
tinker_cookbook.utils.ml_log:240 [INFO] Logging to: https://wandb.ai/kriaz-msee20seecs-nust/ugttt-rebuttal/runs/i08k0v16
tinker_cookbook.utils.ml_log:143 [INFO] Wrote metrics to logs/aws/wave1-rerun/cp26-base-seed2/metrics.jsonl
tinker_cookbook.utils.ml_log:240 [INFO] Logging to: https://wandb.ai/kriaz-msee20seecs-nust/ugttt-rebuttal/runs/i08k0v16
tinker_cookbook.utils.ml_log:143 [INFO] Wrote metrics to logs/aws/wave1-rerun/cp26-base-seed2/metrics.jsonl
tinker_cookbook.utils.ml_log:240 [INFO] Logging to: https://wandb.ai/kriaz-msee20seecs-nust/ugttt-rebuttal/runs/i08k0v16
__main__:1949 [INFO]   [4][8/8] KEPT | R_exec=1.6107 (max=2.6178) RMI=0.0000 R_total=1.6107 | 1033.8s | GPU: 18.1/60.9GB
tinker_cookbook.utils.ml_log:143 [INFO] Wrote metrics to logs/aws/wave1-rerun/cp26-base-seed2/metrics.jsonl
tinker_cookbook.utils.ml_log:240 [INFO] Logging to: https://wandb.ai/kriaz-msee20seecs-nust/ugttt-rebuttal/runs/i08k0v16
__main__:1988 [INFO] [Epoch 4] Rollout phase done in 9097.6s. Training on 8/8 groups...
tinker_cookbook.utils.ml_log:143 [INFO] Wrote metrics to logs/aws/wave1-rerun/cp26-base-seed2/metrics.jsonl
tinker_cookbook.utils.ml_log:195 [INFO] 
┏━━━━━━━━━━━━━━━━━━━━━━━━━━━━━━━━┳━━━━━━━━━━━━━━┓
┃ Metric                         ┃ Value        ┃
┡━━━━━━━━━━━━━━━━━━━━━━━━━━━━━━━━╇━━━━━━━━━━━━━━┩
│ gpu/memory_allocated_gb        │ 18.092511    │
│ gpu/memory_peak_gb             │ 61.003018    │
│ gpu/memory_reserved_gb         │ 18.140365    │
│ kl_policy_base                 │ 0.017158     │
│ optim/entropy                  │ 0.470528     │
│ optim/kl_sample_train_v1       │ 0.000122     │
│ optim/kl_sample_train_v2       │ 0.000120     │
│ progress/done_frac             │ 0.833333     │
│ progress/epoch                 │ 4            │
│ rollout/groups_attempted       │ 8.000000     │
│ rollout/groups_filtered        │ 0.000000     │
│ rollout/groups_kept            │ 8.000000     │
│ rollout/intra_group_reward_std │ 1.207934     │
│ time/rollout                   │ 9097.617893  │
│ time/total                     │ 9397.164269  │
│ time/train                     │ 299.449661   │
│ train/advantage/max            │ 4.376544     │
│ train/advantage/mean           │ 0.228290     │
│ train/advantage/min            │ -1.000000    │
│ train/advantage/std            │ 1.567925     │
│ train/beta/mean                │ 53.141359    │
│ train/beta/std                 │ 28.324931    │
│ train/correctness/mean         │ 0.671875     │
│ train/correctness/rate         │ 0.671875     │
│ train/ensemble/frac_high_disa… │ 0.000000     │
│ train/ensemble/max_token_disa… │ nan          │
│ train/ensemble/member_logprob… │ 0.000000     │
│ train/ensemble/member_logprob… │ nan          │
│ train/gamma_eff/mean           │ 0.000000     │
│ train/gen/num_tokens/max       │ 15318.000000 │
│ train/gen/num_tokens/mean      │ 9775.109375  │
│ train/gen/num_tokens/std       │ 2104.134718  │
│ train/loss                     │ -0.228277    │
│ train/nnm_loss                 │ 0.000000     │
│ train/nnm_nuclear_norm         │ 0.000000     │
│ train/num_groups               │ 8.000000     │
│ train/num_rollouts             │ 64.000000    │
│ train/num_rollouts_total       │ 64.000000    │
│ train/reward/exec/best         │ 2.628631     │
│ train/reward/exec/max          │ 2.627522     │
│ train/reward/exec/mean         │ 1.688485     │
│ train/reward/exec/min          │ 0.000000     │
│ train/reward/exec/std          │ 1.225584     │
│ train/reward/rmi/max           │ 0.000000     │
│ train/reward/rmi/mean          │ 0.000000     │
│ train/reward/rmi/min           │ 0.000000     │
│ train/reward/rmi/std           │ 0.000000     │
│ train/reward/total/best        │ 2.628631     │
│ train/reward/total/max         │ 2.627522     │
│ train/reward/total/mean        │ 1.688485     │
│ train/reward/total/min         │ 0.000000     │
│ train/reward/total/std         │ 1.225584     │
│ train/streaming_mi/stop_rate   │ 0.000000     │
│ train/streaming_mi/tokens_sav… │ 0.000000     │
│ train/streaming_mi/tokens_sav… │ 0.000000     │
│ train/two_phase/phase1_tokens… │ 9775.109375  │
│ train/two_phase/phase2_tokens… │ 0.000000     │
│ train/two_phase/prefill_rate   │ 0.000000     │
│ train/uncertainty/predictive_… │ 0.000000     │
│ train/uncertainty/predictive_… │ 0.000000     │
│ train/uncertainty/predictive_… │ 0.000000     │
│ train/uncertainty/predictive_… │ 0.000000     │
│ train/uncertainty/predictive_… │ 0.000000     │
│ train/uncertainty/predictive_… │ 0.000000     │
│ train/uncertainty/predictive_… │ 0.000000     │
│ train/uncertainty/predictive_… │ 0.000000     │
│ train/uncertainty/rmi/max      │ 0.000000     │
│ train/uncertainty/rmi/mean     │ 0.000000     │
│ train/uncertainty/rmi/min      │ 0.000000     │
│ train/uncertainty/rmi/std      │ 0.000000     │
│ train/uncertainty/rmi_top7/max │ 0.000000     │
│ train/uncertainty/rmi_top7/me… │ 0.000000     │
│ train/uncertainty/rmi_top7/min │ 0.000000     │
│ train/uncertainty/rmi_top7/std │ 0.000000     │
│ train/uncertainty/top7_mi_cod… │ 0.000000     │
│ train/uncertainty/top7_mi_cod… │ 0.000000     │
│ train/uncertainty/top7_mi_thi… │ 0.000000     │
│ train/uncertainty/top7_mi_thi… │ 0.000000     │
│ train/uncertainty/top7_pct_co… │ 0.000000     │
│ train/uncertainty/top7_pct_co… │ 0.000000     │
│ train/uncertainty/top7_pct_th… │ 1.000000     │
│ train/uncertainty/top7_pct_th… │ 0.000000     │
│ train/uncertainty/true_mi/max  │ 0.000000     │
│ train/uncertainty/true_mi/mean │ 0.000000     │
│ train/uncertainty/true_mi/min  │ 0.000000     │
│ train/uncertainty/true_mi/std  │ 0.000000     │
│ train/uncertainty/variance/max │ nan          │
│ train/uncertainty/variance/me… │ nan          │
│ train/uncertainty/variance/min │ nan          │
│ train/uncertainty/variance/std │ nan          │
│ train/uncertainty/variance_to… │ nan          │
│ train/uncertainty/variance_to… │ nan          │
│ train/uncertainty/variance_to… │ nan          │
│ train/uncertainty/variance_to… │ nan          │
└────────────────────────────────┴──────────────┘
tinker_cookbook.utils.ml_log:240 [INFO] Logging to: https://wandb.ai/kriaz-msee20seecs-nust/ugttt-rebuttal/runs/i08k0v16
__main__:2062 [INFO] [Epoch 4] R_exec=1.6885 (max=2.6275 best=2.6286) RMI=0.0000 beta=53.14 corr=67.2% loss=-0.2283 groups=8/8 time=9397.2s
__main__:1836 [INFO] [Epoch 5/6] Starting rollout phase: 8 groups × 8 rollouts
tinker_cookbook.rl.ensemble:1082 [INFO]   generate_batch_multi_adapter_two_phase: N=8 phase1_max=26000 streaming_mi=False kv_q=False
tinker_cookbook.rl.ensemble:1270 [INFO]     [gen/p1] step=2048/23783 active=8/8 mi_stopped=0
tinker_cookbook.rl.ensemble:1270 [INFO]     [gen/p1] step=4096/23783 active=8/8 mi_stopped=0
tinker_cookbook.rl.ensemble:1270 [INFO]     [gen/p1] step=6144/23783 active=8/8 mi_stopped=0
tinker_cookbook.rl.ensemble:1270 [INFO]     [gen/p1] step=8192/23783 active=7/8 mi_stopped=0
tinker_cookbook.rl.ensemble:1270 [INFO]     [gen/p1] step=10240/23783 active=4/8 mi_stopped=0
tinker_cookbook.rl.ensemble:1270 [INFO]     [gen/p1] step=12288/23783 active=1/8 mi_stopped=0
tinker_cookbook.rl.ensemble:1270 [INFO]     [gen/p1] step=14336/23783 active=1/8 mi_stopped=0
__main__:1078 [INFO]   Group 0: multi-adapter generation 8 seqs in 1399.8s
__main__:1108 [INFO]   Group 0: rewards computed in 1005.2s
__main__:1150 [INFO]     [g0][r1/8] adapter=0 R_exec=2.5849 true_MI=0.00000 RMI=0.0000 R_total=2.5849 correct=1 tokens=8997
__main__:1150 [INFO]     [g0][r2/8] adapter=0 R_exec=0.0000 true_MI=0.00000 RMI=0.0000 R_total=0.0000 correct=0 tokens=11747
__main__:1150 [INFO]     [g0][r3/8] adapter=0 R_exec=0.0000 true_MI=0.00000 RMI=0.0000 R_total=0.0000 correct=0 tokens=10416
__main__:1150 [INFO]     [g0][r4/8] adapter=0 R_exec=0.0000 true_MI=0.00000 RMI=0.0000 R_total=0.0000 correct=0 tokens=9068
__main__:1150 [INFO]     [g0][r5/8] adapter=0 R_exec=0.0000 true_MI=0.00000 RMI=0.0000 R_total=0.0000 correct=0 tokens=14603
__main__:1150 [INFO]     [g0][r6/8] adapter=0 R_exec=0.0000 true_MI=0.00000 RMI=0.0000 R_total=0.0000 correct=0 tokens=8742
__main__:1150 [INFO]     [g0][r7/8] adapter=0 R_exec=0.0000 true_MI=0.00000 RMI=0.0000 R_total=0.0000 correct=0 tokens=10804
__main__:1150 [INFO]     [g0][r8/8] adapter=0 R_exec=0.0000 true_MI=0.00000 RMI=0.0000 R_total=0.0000 correct=0 tokens=8180
__main__:1167 [INFO]   [g0] group true_MI: mean=0.00000 std=0.00000 max=0.00000 normalized=[0.00 0.00 0.00 0.00 0.00 0.00 0.00 0.00]
tinker_cookbook.utils.ml_log:143 [INFO] Wrote metrics to logs/aws/wave1-rerun/cp26-base-seed2/metrics.jsonl
tinker_cookbook.utils.ml_log:240 [INFO] Logging to: https://wandb.ai/kriaz-msee20seecs-nust/ugttt-rebuttal/runs/i08k0v16
tinker_cookbook.utils.ml_log:143 [INFO] Wrote metrics to logs/aws/wave1-rerun/cp26-base-seed2/metrics.jsonl
tinker_cookbook.utils.ml_log:240 [INFO] Logging to: https://wandb.ai/kriaz-msee20seecs-nust/ugttt-rebuttal/runs/i08k0v16
tinker_cookbook.utils.ml_log:143 [INFO] Wrote metrics to logs/aws/wave1-rerun/cp26-base-seed2/metrics.jsonl
tinker_cookbook.utils.ml_log:240 [INFO] Logging to: https://wandb.ai/kriaz-msee20seecs-nust/ugttt-rebuttal/runs/i08k0v16
tinker_cookbook.utils.ml_log:143 [INFO] Wrote metrics to logs/aws/wave1-rerun/cp26-base-seed2/metrics.jsonl
tinker_cookbook.utils.ml_log:240 [INFO] Logging to: https://wandb.ai/kriaz-msee20seecs-nust/ugttt-rebuttal/runs/i08k0v16
tinker_cookbook.utils.ml_log:143 [INFO] Wrote metrics to logs/aws/wave1-rerun/cp26-base-seed2/metrics.jsonl
tinker_cookbook.utils.ml_log:240 [INFO] Logging to: https://wandb.ai/kriaz-msee20seecs-nust/ugttt-rebuttal/runs/i08k0v16
tinker_cookbook.utils.ml_log:143 [INFO] Wrote metrics to logs/aws/wave1-rerun/cp26-base-seed2/metrics.jsonl
tinker_cookbook.utils.ml_log:240 [INFO] Logging to: https://wandb.ai/kriaz-msee20seecs-nust/ugttt-rebuttal/runs/i08k0v16
tinker_cookbook.utils.ml_log:143 [INFO] Wrote metrics to logs/aws/wave1-rerun/cp26-base-seed2/metrics.jsonl
tinker_cookbook.utils.ml_log:240 [INFO] Logging to: https://wandb.ai/kriaz-msee20seecs-nust/ugttt-rebuttal/runs/i08k0v16
tinker_cookbook.utils.ml_log:143 [INFO] Wrote metrics to logs/aws/wave1-rerun/cp26-base-seed2/metrics.jsonl
tinker_cookbook.utils.ml_log:240 [INFO] Logging to: https://wandb.ai/kriaz-msee20seecs-nust/ugttt-rebuttal/runs/i08k0v16
__main__:1949 [INFO]   [5][1/8] KEPT | R_exec=0.3231 (max=2.5849) RMI=0.0000 R_total=0.3231 | 2405.1s | GPU: 18.1/61.3GB
tinker_cookbook.utils.ml_log:143 [INFO] Wrote metrics to logs/aws/wave1-rerun/cp26-base-seed2/metrics.jsonl
tinker_cookbook.utils.ml_log:240 [INFO] Logging to: https://wandb.ai/kriaz-msee20seecs-nust/ugttt-rebuttal/runs/i08k0v16
tinker_cookbook.rl.ensemble:1082 [INFO]   generate_batch_multi_adapter_two_phase: N=8 phase1_max=26000 streaming_mi=False kv_q=False
tinker_cookbook.rl.ensemble:1270 [INFO]     [gen/p1] step=2048/23952 active=8/8 mi_stopped=0
tinker_cookbook.rl.ensemble:1270 [INFO]     [gen/p1] step=4096/23952 active=8/8 mi_stopped=0
tinker_cookbook.rl.ensemble:1270 [INFO]     [gen/p1] step=6144/23952 active=8/8 mi_stopped=0
tinker_cookbook.rl.ensemble:1270 [INFO]     [gen/p1] step=8192/23952 active=5/8 mi_stopped=0
__main__:1078 [INFO]   Group 1: multi-adapter generation 8 seqs in 738.3s
__main__:1108 [INFO]   Group 1: rewards computed in 7.5s
__main__:1150 [INFO]     [g1][r1/8] adapter=0 R_exec=0.0000 true_MI=0.00000 RMI=0.0000 R_total=0.0000 correct=0 tokens=8999
__main__:1150 [INFO]     [g1][r2/8] adapter=0 R_exec=2.6053 true_MI=0.00000 RMI=0.0000 R_total=2.6053 correct=1 tokens=9202
__main__:1150 [INFO]     [g1][r3/8] adapter=0 R_exec=2.5859 true_MI=0.00000 RMI=0.0000 R_total=2.5859 correct=1 tokens=9520
__main__:1150 [INFO]     [g1][r4/8] adapter=0 R_exec=2.6053 true_MI=0.00000 RMI=0.0000 R_total=2.6053 correct=1 tokens=8581
__main__:1150 [INFO]     [g1][r5/8] adapter=0 R_exec=2.5876 true_MI=0.00000 RMI=0.0000 R_total=2.5876 correct=1 tokens=7328
__main__:1150 [INFO]     [g1][r6/8] adapter=0 R_exec=2.5788 true_MI=0.00000 RMI=0.0000 R_total=2.5788 correct=1 tokens=7492
__main__:1150 [INFO]     [g1][r7/8] adapter=0 R_exec=2.5866 true_MI=0.00000 RMI=0.0000 R_total=2.5866 correct=1 tokens=8651
__main__:1150 [INFO]     [g1][r8/8] adapter=0 R_exec=0.0000 true_MI=0.00000 RMI=0.0000 R_total=0.0000 correct=0 tokens=6607
__main__:1167 [INFO]   [g1] group true_MI: mean=0.00000 std=0.00000 max=0.00000 normalized=[0.00 0.00 0.00 0.00 0.00 0.00 0.00 0.00]
tinker_cookbook.utils.ml_log:143 [INFO] Wrote metrics to logs/aws/wave1-rerun/cp26-base-seed2/metrics.jsonl
tinker_cookbook.utils.ml_log:240 [INFO] Logging to: https://wandb.ai/kriaz-msee20seecs-nust/ugttt-rebuttal/runs/i08k0v16
tinker_cookbook.utils.ml_log:143 [INFO] Wrote metrics to logs/aws/wave1-rerun/cp26-base-seed2/metrics.jsonl
tinker_cookbook.utils.ml_log:240 [INFO] Logging to: https://wandb.ai/kriaz-msee20seecs-nust/ugttt-rebuttal/runs/i08k0v16
tinker_cookbook.utils.ml_log:143 [INFO] Wrote metrics to logs/aws/wave1-rerun/cp26-base-seed2/metrics.jsonl
tinker_cookbook.utils.ml_log:240 [INFO] Logging to: https://wandb.ai/kriaz-msee20seecs-nust/ugttt-rebuttal/runs/i08k0v16
tinker_cookbook.utils.ml_log:143 [INFO] Wrote metrics to logs/aws/wave1-rerun/cp26-base-seed2/metrics.jsonl
tinker_cookbook.utils.ml_log:240 [INFO] Logging to: https://wandb.ai/kriaz-msee20seecs-nust/ugttt-rebuttal/runs/i08k0v16
tinker_cookbook.utils.ml_log:143 [INFO] Wrote metrics to logs/aws/wave1-rerun/cp26-base-seed2/metrics.jsonl
tinker_cookbook.utils.ml_log:240 [INFO] Logging to: https://wandb.ai/kriaz-msee20seecs-nust/ugttt-rebuttal/runs/i08k0v16
tinker_cookbook.utils.ml_log:143 [INFO] Wrote metrics to logs/aws/wave1-rerun/cp26-base-seed2/metrics.jsonl
tinker_cookbook.utils.ml_log:240 [INFO] Logging to: https://wandb.ai/kriaz-msee20seecs-nust/ugttt-rebuttal/runs/i08k0v16
tinker_cookbook.utils.ml_log:143 [INFO] Wrote metrics to logs/aws/wave1-rerun/cp26-base-seed2/metrics.jsonl
tinker_cookbook.utils.ml_log:240 [INFO] Logging to: https://wandb.ai/kriaz-msee20seecs-nust/ugttt-rebuttal/runs/i08k0v16
tinker_cookbook.utils.ml_log:143 [INFO] Wrote metrics to logs/aws/wave1-rerun/cp26-base-seed2/metrics.jsonl
tinker_cookbook.utils.ml_log:240 [INFO] Logging to: https://wandb.ai/kriaz-msee20seecs-nust/ugttt-rebuttal/runs/i08k0v16
__main__:1949 [INFO]   [5][2/8] KEPT | R_exec=1.9437 (max=2.6053) RMI=0.0000 R_total=1.9437 | 745.9s | GPU: 18.1/60.8GB
tinker_cookbook.utils.ml_log:143 [INFO] Wrote metrics to logs/aws/wave1-rerun/cp26-base-seed2/metrics.jsonl
tinker_cookbook.utils.ml_log:240 [INFO] Logging to: https://wandb.ai/kriaz-msee20seecs-nust/ugttt-rebuttal/runs/i08k0v16
tinker_cookbook.rl.ensemble:1082 [INFO]   generate_batch_multi_adapter_two_phase: N=8 phase1_max=26000 streaming_mi=False kv_q=False
tinker_cookbook.rl.ensemble:1270 [INFO]     [gen/p1] step=2048/23648 active=8/8 mi_stopped=0
tinker_cookbook.rl.ensemble:1270 [INFO]     [gen/p1] step=4096/23648 active=8/8 mi_stopped=0
tinker_cookbook.rl.ensemble:1270 [INFO]     [gen/p1] step=6144/23648 active=8/8 mi_stopped=0
tinker_cookbook.rl.ensemble:1270 [INFO]     [gen/p1] step=8192/23648 active=6/8 mi_stopped=0
tinker_cookbook.rl.ensemble:1270 [INFO]     [gen/p1] step=10240/23648 active=2/8 mi_stopped=0
__main__:1078 [INFO]   Group 2: multi-adapter generation 8 seqs in 978.5s
__main__:1108 [INFO]   Group 2: rewards computed in 5.8s
__main__:1150 [INFO]     [g2][r1/8] adapter=0 R_exec=0.0000 true_MI=0.00000 RMI=0.0000 R_total=0.0000 correct=0 tokens=8765
__main__:1150 [INFO]     [g2][r2/8] adapter=0 R_exec=2.6275 true_MI=0.00000 RMI=0.0000 R_total=2.6275 correct=1 tokens=10566
__main__:1150 [INFO]     [g2][r3/8] adapter=0 R_exec=0.0000 true_MI=0.00000 RMI=0.0000 R_total=0.0000 correct=0 tokens=8067
__main__:1150 [INFO]     [g2][r4/8] adapter=0 R_exec=1.3000 true_MI=0.00000 RMI=0.0000 R_total=1.3000 correct=1 tokens=8679
__main__:1150 [INFO]     [g2][r5/8] adapter=0 R_exec=0.0000 true_MI=0.00000 RMI=0.0000 R_total=0.0000 correct=0 tokens=7747
__main__:1150 [INFO]     [g2][r6/8] adapter=0 R_exec=1.9312 true_MI=0.00000 RMI=0.0000 R_total=1.9312 correct=1 tokens=11422
__main__:1150 [INFO]     [g2][r7/8] adapter=0 R_exec=2.6168 true_MI=0.00000 RMI=0.0000 R_total=2.6168 correct=1 tokens=8767
__main__:1150 [INFO]     [g2][r8/8] adapter=0 R_exec=2.6023 true_MI=0.00000 RMI=0.0000 R_total=2.6023 correct=1 tokens=9801
__main__:1167 [INFO]   [g2] group true_MI: mean=0.00000 std=0.00000 max=0.00000 normalized=[0.00 0.00 0.00 0.00 0.00 0.00 0.00 0.00]
tinker_cookbook.utils.ml_log:143 [INFO] Wrote metrics to logs/aws/wave1-rerun/cp26-base-seed2/metrics.jsonl
tinker_cookbook.utils.ml_log:240 [INFO] Logging to: https://wandb.ai/kriaz-msee20seecs-nust/ugttt-rebuttal/runs/i08k0v16
tinker_cookbook.utils.ml_log:143 [INFO] Wrote metrics to logs/aws/wave1-rerun/cp26-base-seed2/metrics.jsonl
tinker_cookbook.utils.ml_log:240 [INFO] Logging to: https://wandb.ai/kriaz-msee20seecs-nust/ugttt-rebuttal/runs/i08k0v16
tinker_cookbook.utils.ml_log:143 [INFO] Wrote metrics to logs/aws/wave1-rerun/cp26-base-seed2/metrics.jsonl
tinker_cookbook.utils.ml_log:240 [INFO] Logging to: https://wandb.ai/kriaz-msee20seecs-nust/ugttt-rebuttal/runs/i08k0v16
tinker_cookbook.utils.ml_log:143 [INFO] Wrote metrics to logs/aws/wave1-rerun/cp26-base-seed2/metrics.jsonl
tinker_cookbook.utils.ml_log:240 [INFO] Logging to: https://wandb.ai/kriaz-msee20seecs-nust/ugttt-rebuttal/runs/i08k0v16
tinker_cookbook.utils.ml_log:143 [INFO] Wrote metrics to logs/aws/wave1-rerun/cp26-base-seed2/metrics.jsonl
tinker_cookbook.utils.ml_log:240 [INFO] Logging to: https://wandb.ai/kriaz-msee20seecs-nust/ugttt-rebuttal/runs/i08k0v16
tinker_cookbook.utils.ml_log:143 [INFO] Wrote metrics to logs/aws/wave1-rerun/cp26-base-seed2/metrics.jsonl
tinker_cookbook.utils.ml_log:240 [INFO] Logging to: https://wandb.ai/kriaz-msee20seecs-nust/ugttt-rebuttal/runs/i08k0v16
tinker_cookbook.utils.ml_log:143 [INFO] Wrote metrics to logs/aws/wave1-rerun/cp26-base-seed2/metrics.jsonl
tinker_cookbook.utils.ml_log:240 [INFO] Logging to: https://wandb.ai/kriaz-msee20seecs-nust/ugttt-rebuttal/runs/i08k0v16
tinker_cookbook.utils.ml_log:143 [INFO] Wrote metrics to logs/aws/wave1-rerun/cp26-base-seed2/metrics.jsonl
tinker_cookbook.utils.ml_log:240 [INFO] Logging to: https://wandb.ai/kriaz-msee20seecs-nust/ugttt-rebuttal/runs/i08k0v16
__main__:1949 [INFO]   [5][3/8] KEPT | R_exec=1.3847 (max=2.6275) RMI=0.0000 R_total=1.3847 | 984.4s | GPU: 18.1/61.1GB
tinker_cookbook.utils.ml_log:143 [INFO] Wrote metrics to logs/aws/wave1-rerun/cp26-base-seed2/metrics.jsonl
tinker_cookbook.utils.ml_log:240 [INFO] Logging to: https://wandb.ai/kriaz-msee20seecs-nust/ugttt-rebuttal/runs/i08k0v16
tinker_cookbook.rl.ensemble:1082 [INFO]   generate_batch_multi_adapter_two_phase: N=8 phase1_max=26000 streaming_mi=False kv_q=False
tinker_cookbook.rl.ensemble:1270 [INFO]     [gen/p1] step=2048/23367 active=8/8 mi_stopped=0
tinker_cookbook.rl.ensemble:1270 [INFO]     [gen/p1] step=4096/23367 active=8/8 mi_stopped=0
tinker_cookbook.rl.ensemble:1270 [INFO]     [gen/p1] step=6144/23367 active=7/8 mi_stopped=0
tinker_cookbook.rl.ensemble:1270 [INFO]     [gen/p1] step=8192/23367 active=6/8 mi_stopped=0
__main__:1078 [INFO]   Group 3: multi-adapter generation 8 seqs in 852.4s
__main__:1108 [INFO]   Group 3: rewards computed in 4.0s
__main__:1150 [INFO]     [g3][r1/8] adapter=0 R_exec=0.0000 true_MI=0.00000 RMI=0.0000 R_total=0.0000 correct=0 tokens=7114
__main__:1150 [INFO]     [g3][r2/8] adapter=0 R_exec=2.6083 true_MI=0.00000 RMI=0.0000 R_total=2.6083 correct=1 tokens=9552
__main__:1150 [INFO]     [g3][r3/8] adapter=0 R_exec=0.0000 true_MI=0.00000 RMI=0.0000 R_total=0.0000 correct=0 tokens=8690
__main__:1150 [INFO]     [g3][r4/8] adapter=0 R_exec=2.6083 true_MI=0.00000 RMI=0.0000 R_total=2.6083 correct=1 tokens=8861
__main__:1150 [INFO]     [g3][r5/8] adapter=0 R_exec=2.6259 true_MI=0.00000 RMI=0.0000 R_total=2.6259 correct=1 tokens=9194
__main__:1150 [INFO]     [g3][r6/8] adapter=0 R_exec=2.6083 true_MI=0.00000 RMI=0.0000 R_total=2.6083 correct=1 tokens=4097
__main__:1150 [INFO]     [g3][r7/8] adapter=0 R_exec=2.6083 true_MI=0.00000 RMI=0.0000 R_total=2.6083 correct=1 tokens=8223
__main__:1150 [INFO]     [g3][r8/8] adapter=0 R_exec=2.6145 true_MI=0.00000 RMI=0.0000 R_total=2.6145 correct=1 tokens=10203
__main__:1167 [INFO]   [g3] group true_MI: mean=0.00000 std=0.00000 max=0.00000 normalized=[0.00 0.00 0.00 0.00 0.00 0.00 0.00 0.00]
tinker_cookbook.utils.ml_log:143 [INFO] Wrote metrics to logs/aws/wave1-rerun/cp26-base-seed2/metrics.jsonl
tinker_cookbook.utils.ml_log:240 [INFO] Logging to: https://wandb.ai/kriaz-msee20seecs-nust/ugttt-rebuttal/runs/i08k0v16
tinker_cookbook.utils.ml_log:143 [INFO] Wrote metrics to logs/aws/wave1-rerun/cp26-base-seed2/metrics.jsonl
tinker_cookbook.utils.ml_log:240 [INFO] Logging to: https://wandb.ai/kriaz-msee20seecs-nust/ugttt-rebuttal/runs/i08k0v16
tinker_cookbook.utils.ml_log:143 [INFO] Wrote metrics to logs/aws/wave1-rerun/cp26-base-seed2/metrics.jsonl
tinker_cookbook.utils.ml_log:240 [INFO] Logging to: https://wandb.ai/kriaz-msee20seecs-nust/ugttt-rebuttal/runs/i08k0v16
tinker_cookbook.utils.ml_log:143 [INFO] Wrote metrics to logs/aws/wave1-rerun/cp26-base-seed2/metrics.jsonl
tinker_cookbook.utils.ml_log:240 [INFO] Logging to: https://wandb.ai/kriaz-msee20seecs-nust/ugttt-rebuttal/runs/i08k0v16
tinker_cookbook.utils.ml_log:143 [INFO] Wrote metrics to logs/aws/wave1-rerun/cp26-base-seed2/metrics.jsonl
tinker_cookbook.utils.ml_log:240 [INFO] Logging to: https://wandb.ai/kriaz-msee20seecs-nust/ugttt-rebuttal/runs/i08k0v16
tinker_cookbook.utils.ml_log:143 [INFO] Wrote metrics to logs/aws/wave1-rerun/cp26-base-seed2/metrics.jsonl
tinker_cookbook.utils.ml_log:240 [INFO] Logging to: https://wandb.ai/kriaz-msee20seecs-nust/ugttt-rebuttal/runs/i08k0v16
tinker_cookbook.utils.ml_log:143 [INFO] Wrote metrics to logs/aws/wave1-rerun/cp26-base-seed2/metrics.jsonl
tinker_cookbook.utils.ml_log:240 [INFO] Logging to: https://wandb.ai/kriaz-msee20seecs-nust/ugttt-rebuttal/runs/i08k0v16
tinker_cookbook.utils.ml_log:143 [INFO] Wrote metrics to logs/aws/wave1-rerun/cp26-base-seed2/metrics.jsonl
tinker_cookbook.utils.ml_log:240 [INFO] Logging to: https://wandb.ai/kriaz-msee20seecs-nust/ugttt-rebuttal/runs/i08k0v16
__main__:1949 [INFO]   [5][4/8] KEPT | R_exec=1.9592 (max=2.6259) RMI=0.0000 R_total=1.9592 | 856.5s | GPU: 18.1/61.6GB
tinker_cookbook.utils.ml_log:143 [INFO] Wrote metrics to logs/aws/wave1-rerun/cp26-base-seed2/metrics.jsonl
tinker_cookbook.utils.ml_log:240 [INFO] Logging to: https://wandb.ai/kriaz-msee20seecs-nust/ugttt-rebuttal/runs/i08k0v16
tinker_cookbook.rl.ensemble:1082 [INFO]   generate_batch_multi_adapter_two_phase: N=8 phase1_max=26000 streaming_mi=False kv_q=False
tinker_cookbook.rl.ensemble:1270 [INFO]     [gen/p1] step=2048/23406 active=8/8 mi_stopped=0
tinker_cookbook.rl.ensemble:1270 [INFO]     [gen/p1] step=4096/23406 active=8/8 mi_stopped=0
tinker_cookbook.rl.ensemble:1270 [INFO]     [gen/p1] step=6144/23406 active=8/8 mi_stopped=0
tinker_cookbook.rl.ensemble:1270 [INFO]     [gen/p1] step=8192/23406 active=4/8 mi_stopped=0
__main__:1078 [INFO]   Group 4: multi-adapter generation 8 seqs in 820.5s
__main__:1108 [INFO]   Group 4: rewards computed in 51.1s
__main__:1150 [INFO]     [g4][r1/8] adapter=0 R_exec=2.6237 true_MI=0.00000 RMI=0.0000 R_total=2.6237 correct=1 tokens=8998
__main__:1150 [INFO]     [g4][r2/8] adapter=0 R_exec=2.6186 true_MI=0.00000 RMI=0.0000 R_total=2.6186 correct=1 tokens=7292
__main__:1150 [INFO]     [g4][r3/8] adapter=0 R_exec=2.6185 true_MI=0.00000 RMI=0.0000 R_total=2.6185 correct=1 tokens=10024
__main__:1150 [INFO]     [g4][r4/8] adapter=0 R_exec=2.6286 true_MI=0.00000 RMI=0.0000 R_total=2.6286 correct=1 tokens=7907
__main__:1150 [INFO]     [g4][r5/8] adapter=0 R_exec=0.0000 true_MI=0.00000 RMI=0.0000 R_total=0.0000 correct=0 tokens=9878
__main__:1150 [INFO]     [g4][r6/8] adapter=0 R_exec=0.0000 true_MI=0.00000 RMI=0.0000 R_total=0.0000 correct=0 tokens=6975
__main__:1150 [INFO]     [g4][r7/8] adapter=0 R_exec=2.6246 true_MI=0.00000 RMI=0.0000 R_total=2.6246 correct=1 tokens=8813
__main__:1150 [INFO]     [g4][r8/8] adapter=0 R_exec=2.6198 true_MI=0.00000 RMI=0.0000 R_total=2.6198 correct=1 tokens=7682
__main__:1167 [INFO]   [g4] group true_MI: mean=0.00000 std=0.00000 max=0.00000 normalized=[0.00 0.00 0.00 0.00 0.00 0.00 0.00 0.00]
tinker_cookbook.utils.ml_log:143 [INFO] Wrote metrics to logs/aws/wave1-rerun/cp26-base-seed2/metrics.jsonl
tinker_cookbook.utils.ml_log:240 [INFO] Logging to: https://wandb.ai/kriaz-msee20seecs-nust/ugttt-rebuttal/runs/i08k0v16
tinker_cookbook.utils.ml_log:143 [INFO] Wrote metrics to logs/aws/wave1-rerun/cp26-base-seed2/metrics.jsonl
tinker_cookbook.utils.ml_log:240 [INFO] Logging to: https://wandb.ai/kriaz-msee20seecs-nust/ugttt-rebuttal/runs/i08k0v16
tinker_cookbook.utils.ml_log:143 [INFO] Wrote metrics to logs/aws/wave1-rerun/cp26-base-seed2/metrics.jsonl
tinker_cookbook.utils.ml_log:240 [INFO] Logging to: https://wandb.ai/kriaz-msee20seecs-nust/ugttt-rebuttal/runs/i08k0v16
tinker_cookbook.utils.ml_log:143 [INFO] Wrote metrics to logs/aws/wave1-rerun/cp26-base-seed2/metrics.jsonl
tinker_cookbook.utils.ml_log:240 [INFO] Logging to: https://wandb.ai/kriaz-msee20seecs-nust/ugttt-rebuttal/runs/i08k0v16
tinker_cookbook.utils.ml_log:143 [INFO] Wrote metrics to logs/aws/wave1-rerun/cp26-base-seed2/metrics.jsonl
tinker_cookbook.utils.ml_log:240 [INFO] Logging to: https://wandb.ai/kriaz-msee20seecs-nust/ugttt-rebuttal/runs/i08k0v16
tinker_cookbook.utils.ml_log:143 [INFO] Wrote metrics to logs/aws/wave1-rerun/cp26-base-seed2/metrics.jsonl
tinker_cookbook.utils.ml_log:240 [INFO] Logging to: https://wandb.ai/kriaz-msee20seecs-nust/ugttt-rebuttal/runs/i08k0v16
tinker_cookbook.utils.ml_log:143 [INFO] Wrote metrics to logs/aws/wave1-rerun/cp26-base-seed2/metrics.jsonl
tinker_cookbook.utils.ml_log:240 [INFO] Logging to: https://wandb.ai/kriaz-msee20seecs-nust/ugttt-rebuttal/runs/i08k0v16
tinker_cookbook.utils.ml_log:143 [INFO] Wrote metrics to logs/aws/wave1-rerun/cp26-base-seed2/metrics.jsonl
tinker_cookbook.utils.ml_log:240 [INFO] Logging to: https://wandb.ai/kriaz-msee20seecs-nust/ugttt-rebuttal/runs/i08k0v16
__main__:1949 [INFO]   [5][5/8] KEPT | R_exec=1.9667 (max=2.6286) RMI=0.0000 R_total=1.9667 | 871.6s | GPU: 18.1/61.5GB
tinker_cookbook.utils.ml_log:143 [INFO] Wrote metrics to logs/aws/wave1-rerun/cp26-base-seed2/metrics.jsonl
tinker_cookbook.utils.ml_log:240 [INFO] Logging to: https://wandb.ai/kriaz-msee20seecs-nust/ugttt-rebuttal/runs/i08k0v16
tinker_cookbook.rl.ensemble:1082 [INFO]   generate_batch_multi_adapter_two_phase: N=8 phase1_max=26000 streaming_mi=False kv_q=False
tinker_cookbook.rl.ensemble:1270 [INFO]     [gen/p1] step=2048/23969 active=8/8 mi_stopped=0
tinker_cookbook.rl.ensemble:1270 [INFO]     [gen/p1] step=4096/23969 active=8/8 mi_stopped=0
tinker_cookbook.rl.ensemble:1270 [INFO]     [gen/p1] step=6144/23969 active=8/8 mi_stopped=0
tinker_cookbook.rl.ensemble:1270 [INFO]     [gen/p1] step=8192/23969 active=7/8 mi_stopped=0
tinker_cookbook.rl.ensemble:1270 [INFO]     [gen/p1] step=10240/23969 active=4/8 mi_stopped=0
__main__:1078 [INFO]   Group 5: multi-adapter generation 8 seqs in 906.1s
__main__:1108 [INFO]   Group 5: rewards computed in 3.1s
__main__:1150 [INFO]     [g5][r1/8] adapter=0 R_exec=2.6211 true_MI=0.00000 RMI=0.0000 R_total=2.6211 correct=1 tokens=10243
__main__:1150 [INFO]     [g5][r2/8] adapter=0 R_exec=2.6178 true_MI=0.00000 RMI=0.0000 R_total=2.6178 correct=1 tokens=8376
__main__:1150 [INFO]     [g5][r3/8] adapter=0 R_exec=2.6211 true_MI=0.00000 RMI=0.0000 R_total=2.6211 correct=1 tokens=7475
__main__:1150 [INFO]     [g5][r4/8] adapter=0 R_exec=2.6211 true_MI=0.00000 RMI=0.0000 R_total=2.6211 correct=1 tokens=11025
__main__:1150 [INFO]     [g5][r5/8] adapter=0 R_exec=2.6211 true_MI=0.00000 RMI=0.0000 R_total=2.6211 correct=1 tokens=10649
__main__:1150 [INFO]     [g5][r6/8] adapter=0 R_exec=0.0000 true_MI=0.00000 RMI=0.0000 R_total=0.0000 correct=0 tokens=8539
__main__:1150 [INFO]     [g5][r7/8] adapter=0 R_exec=2.6299 true_MI=0.00000 RMI=0.0000 R_total=2.6299 correct=1 tokens=10545
__main__:1150 [INFO]     [g5][r8/8] adapter=0 R_exec=2.5550 true_MI=0.00000 RMI=0.0000 R_total=2.5550 correct=1 tokens=8663
__main__:1167 [INFO]   [g5] group true_MI: mean=0.00000 std=0.00000 max=0.00000 normalized=[0.00 0.00 0.00 0.00 0.00 0.00 0.00 0.00]
tinker_cookbook.utils.ml_log:143 [INFO] Wrote metrics to logs/aws/wave1-rerun/cp26-base-seed2/metrics.jsonl
tinker_cookbook.utils.ml_log:240 [INFO] Logging to: https://wandb.ai/kriaz-msee20seecs-nust/ugttt-rebuttal/runs/i08k0v16
tinker_cookbook.utils.ml_log:143 [INFO] Wrote metrics to logs/aws/wave1-rerun/cp26-base-seed2/metrics.jsonl
tinker_cookbook.utils.ml_log:240 [INFO] Logging to: https://wandb.ai/kriaz-msee20seecs-nust/ugttt-rebuttal/runs/i08k0v16
tinker_cookbook.utils.ml_log:143 [INFO] Wrote metrics to logs/aws/wave1-rerun/cp26-base-seed2/metrics.jsonl
tinker_cookbook.utils.ml_log:240 [INFO] Logging to: https://wandb.ai/kriaz-msee20seecs-nust/ugttt-rebuttal/runs/i08k0v16
tinker_cookbook.utils.ml_log:143 [INFO] Wrote metrics to logs/aws/wave1-rerun/cp26-base-seed2/metrics.jsonl
tinker_cookbook.utils.ml_log:240 [INFO] Logging to: https://wandb.ai/kriaz-msee20seecs-nust/ugttt-rebuttal/runs/i08k0v16
tinker_cookbook.utils.ml_log:143 [INFO] Wrote metrics to logs/aws/wave1-rerun/cp26-base-seed2/metrics.jsonl
tinker_cookbook.utils.ml_log:240 [INFO] Logging to: https://wandb.ai/kriaz-msee20seecs-nust/ugttt-rebuttal/runs/i08k0v16
tinker_cookbook.utils.ml_log:143 [INFO] Wrote metrics to logs/aws/wave1-rerun/cp26-base-seed2/metrics.jsonl
tinker_cookbook.utils.ml_log:240 [INFO] Logging to: https://wandb.ai/kriaz-msee20seecs-nust/ugttt-rebuttal/runs/i08k0v16
tinker_cookbook.utils.ml_log:143 [INFO] Wrote metrics to logs/aws/wave1-rerun/cp26-base-seed2/metrics.jsonl
tinker_cookbook.utils.ml_log:240 [INFO] Logging to: https://wandb.ai/kriaz-msee20seecs-nust/ugttt-rebuttal/runs/i08k0v16
tinker_cookbook.utils.ml_log:143 [INFO] Wrote metrics to logs/aws/wave1-rerun/cp26-base-seed2/metrics.jsonl
tinker_cookbook.utils.ml_log:240 [INFO] Logging to: https://wandb.ai/kriaz-msee20seecs-nust/ugttt-rebuttal/runs/i08k0v16
__main__:1949 [INFO]   [5][6/8] KEPT | R_exec=2.2859 (max=2.6299) RMI=0.0000 R_total=2.2859 | 909.3s | GPU: 18.1/60.9GB
tinker_cookbook.utils.ml_log:143 [INFO] Wrote metrics to logs/aws/wave1-rerun/cp26-base-seed2/metrics.jsonl
tinker_cookbook.utils.ml_log:240 [INFO] Logging to: https://wandb.ai/kriaz-msee20seecs-nust/ugttt-rebuttal/runs/i08k0v16
tinker_cookbook.rl.ensemble:1082 [INFO]   generate_batch_multi_adapter_two_phase: N=8 phase1_max=26000 streaming_mi=False kv_q=False
tinker_cookbook.rl.ensemble:1270 [INFO]     [gen/p1] step=2048/24044 active=8/8 mi_stopped=0
tinker_cookbook.rl.ensemble:1270 [INFO]     [gen/p1] step=4096/24044 active=8/8 mi_stopped=0
tinker_cookbook.rl.ensemble:1270 [INFO]     [gen/p1] step=6144/24044 active=8/8 mi_stopped=0
tinker_cookbook.rl.ensemble:1270 [INFO]     [gen/p1] step=8192/24044 active=8/8 mi_stopped=0
tinker_cookbook.rl.ensemble:1270 [INFO]     [gen/p1] step=10240/24044 active=7/8 mi_stopped=0
tinker_cookbook.rl.ensemble:1270 [INFO]     [gen/p1] step=12288/24044 active=1/8 mi_stopped=0
__main__:1078 [INFO]   Group 6: multi-adapter generation 8 seqs in 1087.8s
__main__:1108 [INFO]   Group 6: rewards computed in 3.5s
__main__:1150 [INFO]     [g6][r1/8] adapter=0 R_exec=2.6030 true_MI=0.00000 RMI=0.0000 R_total=2.6030 correct=1 tokens=10503
__main__:1150 [INFO]     [g6][r2/8] adapter=0 R_exec=0.0000 true_MI=0.00000 RMI=0.0000 R_total=0.0000 correct=0 tokens=10399
__main__:1150 [INFO]     [g6][r3/8] adapter=0 R_exec=2.6030 true_MI=0.00000 RMI=0.0000 R_total=2.6030 correct=1 tokens=10272
__main__:1150 [INFO]     [g6][r4/8] adapter=0 R_exec=2.6030 true_MI=0.00000 RMI=0.0000 R_total=2.6030 correct=1 tokens=12550
__main__:1150 [INFO]     [g6][r5/8] adapter=0 R_exec=0.0000 true_MI=0.00000 RMI=0.0000 R_total=0.0000 correct=0 tokens=11249
__main__:1150 [INFO]     [g6][r6/8] adapter=0 R_exec=2.6168 true_MI=0.00000 RMI=0.0000 R_total=2.6168 correct=1 tokens=10832
__main__:1150 [INFO]     [g6][r7/8] adapter=0 R_exec=2.5115 true_MI=0.00000 RMI=0.0000 R_total=2.5115 correct=1 tokens=11807
__main__:1150 [INFO]     [g6][r8/8] adapter=0 R_exec=2.6182 true_MI=0.00000 RMI=0.0000 R_total=2.6182 correct=1 tokens=8776
__main__:1167 [INFO]   [g6] group true_MI: mean=0.00000 std=0.00000 max=0.00000 normalized=[0.00 0.00 0.00 0.00 0.00 0.00 0.00 0.00]
tinker_cookbook.utils.ml_log:143 [INFO] Wrote metrics to logs/aws/wave1-rerun/cp26-base-seed2/metrics.jsonl
tinker_cookbook.utils.ml_log:240 [INFO] Logging to: https://wandb.ai/kriaz-msee20seecs-nust/ugttt-rebuttal/runs/i08k0v16
tinker_cookbook.utils.ml_log:143 [INFO] Wrote metrics to logs/aws/wave1-rerun/cp26-base-seed2/metrics.jsonl
tinker_cookbook.utils.ml_log:240 [INFO] Logging to: https://wandb.ai/kriaz-msee20seecs-nust/ugttt-rebuttal/runs/i08k0v16
tinker_cookbook.utils.ml_log:143 [INFO] Wrote metrics to logs/aws/wave1-rerun/cp26-base-seed2/metrics.jsonl
tinker_cookbook.utils.ml_log:240 [INFO] Logging to: https://wandb.ai/kriaz-msee20seecs-nust/ugttt-rebuttal/runs/i08k0v16
tinker_cookbook.utils.ml_log:143 [INFO] Wrote metrics to logs/aws/wave1-rerun/cp26-base-seed2/metrics.jsonl
tinker_cookbook.utils.ml_log:240 [INFO] Logging to: https://wandb.ai/kriaz-msee20seecs-nust/ugttt-rebuttal/runs/i08k0v16
tinker_cookbook.utils.ml_log:143 [INFO] Wrote metrics to logs/aws/wave1-rerun/cp26-base-seed2/metrics.jsonl
tinker_cookbook.utils.ml_log:240 [INFO] Logging to: https://wandb.ai/kriaz-msee20seecs-nust/ugttt-rebuttal/runs/i08k0v16
tinker_cookbook.utils.ml_log:143 [INFO] Wrote metrics to logs/aws/wave1-rerun/cp26-base-seed2/metrics.jsonl
tinker_cookbook.utils.ml_log:240 [INFO] Logging to: https://wandb.ai/kriaz-msee20seecs-nust/ugttt-rebuttal/runs/i08k0v16
tinker_cookbook.utils.ml_log:143 [INFO] Wrote metrics to logs/aws/wave1-rerun/cp26-base-seed2/metrics.jsonl
tinker_cookbook.utils.ml_log:240 [INFO] Logging to: https://wandb.ai/kriaz-msee20seecs-nust/ugttt-rebuttal/runs/i08k0v16
tinker_cookbook.utils.ml_log:143 [INFO] Wrote metrics to logs/aws/wave1-rerun/cp26-base-seed2/metrics.jsonl
tinker_cookbook.utils.ml_log:240 [INFO] Logging to: https://wandb.ai/kriaz-msee20seecs-nust/ugttt-rebuttal/runs/i08k0v16
__main__:1949 [INFO]   [5][7/8] KEPT | R_exec=1.9444 (max=2.6182) RMI=0.0000 R_total=1.9444 | 1091.4s | GPU: 18.1/61.0GB
tinker_cookbook.utils.ml_log:143 [INFO] Wrote metrics to logs/aws/wave1-rerun/cp26-base-seed2/metrics.jsonl
tinker_cookbook.utils.ml_log:240 [INFO] Logging to: https://wandb.ai/kriaz-msee20seecs-nust/ugttt-rebuttal/runs/i08k0v16
tinker_cookbook.rl.ensemble:1082 [INFO]   generate_batch_multi_adapter_two_phase: N=8 phase1_max=26000 streaming_mi=False kv_q=False
tinker_cookbook.rl.ensemble:1270 [INFO]     [gen/p1] step=2048/23849 active=8/8 mi_stopped=0
tinker_cookbook.rl.ensemble:1270 [INFO]     [gen/p1] step=4096/23849 active=8/8 mi_stopped=0
tinker_cookbook.rl.ensemble:1270 [INFO]     [gen/p1] step=6144/23849 active=8/8 mi_stopped=0
tinker_cookbook.rl.ensemble:1270 [INFO]     [gen/p1] step=8192/23849 active=7/8 mi_stopped=0
tinker_cookbook.rl.ensemble:1270 [INFO]     [gen/p1] step=10240/23849 active=3/8 mi_stopped=0
__main__:1078 [INFO]   Group 7: multi-adapter generation 8 seqs in 1065.7s
__main__:1108 [INFO]   Group 7: rewards computed in 6.4s
__main__:1150 [INFO]     [g7][r1/8] adapter=0 R_exec=0.0000 true_MI=0.00000 RMI=0.0000 R_total=0.0000 correct=0 tokens=8764
__main__:1150 [INFO]     [g7][r2/8] adapter=0 R_exec=2.6259 true_MI=0.00000 RMI=0.0000 R_total=2.6259 correct=1 tokens=11152
__main__:1150 [INFO]     [g7][r3/8] adapter=0 R_exec=0.0000 true_MI=0.00000 RMI=0.0000 R_total=0.0000 correct=0 tokens=7317
__main__:1150 [INFO]     [g7][r4/8] adapter=0 R_exec=0.0000 true_MI=0.00000 RMI=0.0000 R_total=0.0000 correct=0 tokens=12248
__main__:1150 [INFO]     [g7][r5/8] adapter=0 R_exec=2.6131 true_MI=0.00000 RMI=0.0000 R_total=2.6131 correct=1 tokens=8895
__main__:1150 [INFO]     [g7][r6/8] adapter=0 R_exec=0.0000 true_MI=0.00000 RMI=0.0000 R_total=0.0000 correct=0 tokens=8658
__main__:1150 [INFO]     [g7][r7/8] adapter=0 R_exec=2.6231 true_MI=0.00000 RMI=0.0000 R_total=2.6231 correct=1 tokens=8743
__main__:1150 [INFO]     [g7][r8/8] adapter=0 R_exec=0.0000 true_MI=0.00000 RMI=0.0000 R_total=0.0000 correct=0 tokens=12181
__main__:1167 [INFO]   [g7] group true_MI: mean=0.00000 std=0.00000 max=0.00000 normalized=[0.00 0.00 0.00 0.00 0.00 0.00 0.00 0.00]
tinker_cookbook.utils.ml_log:143 [INFO] Wrote metrics to logs/aws/wave1-rerun/cp26-base-seed2/metrics.jsonl
tinker_cookbook.utils.ml_log:240 [INFO] Logging to: https://wandb.ai/kriaz-msee20seecs-nust/ugttt-rebuttal/runs/i08k0v16
tinker_cookbook.utils.ml_log:143 [INFO] Wrote metrics to logs/aws/wave1-rerun/cp26-base-seed2/metrics.jsonl
tinker_cookbook.utils.ml_log:240 [INFO] Logging to: https://wandb.ai/kriaz-msee20seecs-nust/ugttt-rebuttal/runs/i08k0v16
tinker_cookbook.utils.ml_log:143 [INFO] Wrote metrics to logs/aws/wave1-rerun/cp26-base-seed2/metrics.jsonl
tinker_cookbook.utils.ml_log:240 [INFO] Logging to: https://wandb.ai/kriaz-msee20seecs-nust/ugttt-rebuttal/runs/i08k0v16
tinker_cookbook.utils.ml_log:143 [INFO] Wrote metrics to logs/aws/wave1-rerun/cp26-base-seed2/metrics.jsonl
tinker_cookbook.utils.ml_log:240 [INFO] Logging to: https://wandb.ai/kriaz-msee20seecs-nust/ugttt-rebuttal/runs/i08k0v16
tinker_cookbook.utils.ml_log:143 [INFO] Wrote metrics to logs/aws/wave1-rerun/cp26-base-seed2/metrics.jsonl
tinker_cookbook.utils.ml_log:240 [INFO] Logging to: https://wandb.ai/kriaz-msee20seecs-nust/ugttt-rebuttal/runs/i08k0v16
tinker_cookbook.utils.ml_log:143 [INFO] Wrote metrics to logs/aws/wave1-rerun/cp26-base-seed2/metrics.jsonl
tinker_cookbook.utils.ml_log:240 [INFO] Logging to: https://wandb.ai/kriaz-msee20seecs-nust/ugttt-rebuttal/runs/i08k0v16
tinker_cookbook.utils.ml_log:143 [INFO] Wrote metrics to logs/aws/wave1-rerun/cp26-base-seed2/metrics.jsonl
tinker_cookbook.utils.ml_log:240 [INFO] Logging to: https://wandb.ai/kriaz-msee20seecs-nust/ugttt-rebuttal/runs/i08k0v16
tinker_cookbook.utils.ml_log:143 [INFO] Wrote metrics to logs/aws/wave1-rerun/cp26-base-seed2/metrics.jsonl
tinker_cookbook.utils.ml_log:240 [INFO] Logging to: https://wandb.ai/kriaz-msee20seecs-nust/ugttt-rebuttal/runs/i08k0v16
__main__:1949 [INFO]   [5][8/8] KEPT | R_exec=0.9828 (max=2.6259) RMI=0.0000 R_total=0.9828 | 1072.1s | GPU: 18.1/60.8GB
tinker_cookbook.utils.ml_log:143 [INFO] Wrote metrics to logs/aws/wave1-rerun/cp26-base-seed2/metrics.jsonl
tinker_cookbook.utils.ml_log:240 [INFO] Logging to: https://wandb.ai/kriaz-msee20seecs-nust/ugttt-rebuttal/runs/i08k0v16
__main__:1988 [INFO] [Epoch 5] Rollout phase done in 8937.7s. Training on 8/8 groups...
tinker_cookbook.utils.ml_log:143 [INFO] Wrote metrics to logs/aws/wave1-rerun/cp26-base-seed2/metrics.jsonl
tinker_cookbook.utils.ml_log:195 [INFO] 
┏━━━━━━━━━━━━━━━━━━━━━━━━━━━━━━━━┳━━━━━━━━━━━━━━┓
┃ Metric                         ┃ Value        ┃
┡━━━━━━━━━━━━━━━━━━━━━━━━━━━━━━━━╇━━━━━━━━━━━━━━┩
│ gpu/memory_allocated_gb        │ 18.092511    │
│ gpu/memory_peak_gb             │ 61.003018    │
│ gpu/memory_reserved_gb         │ 18.140365    │
│ kl_policy_base                 │ 0.019304     │
│ optim/entropy                  │ 0.484907     │
│ optim/kl_sample_train_v1       │ 0.000095     │
│ optim/kl_sample_train_v2       │ 0.000123     │
│ progress/done_frac             │ 1.000000     │
│ progress/epoch                 │ 5            │
│ rollout/groups_attempted       │ 8.000000     │
│ rollout/groups_filtered        │ 0.000000     │
│ rollout/groups_kept            │ 8.000000     │
│ rollout/intra_group_reward_std │ 1.081390     │
│ time/rollout                   │ 8937.690937  │
│ time/total                     │ 9223.257347  │
│ time/train                     │ 285.467752   │
│ train/advantage/max            │ 10.768051    │
│ train/advantage/mean           │ 0.413455     │
│ train/advantage/min            │ -1.000000    │
│ train/advantage/std            │ 2.381909     │
│ train/beta/mean                │ 94.154556    │
│ train/beta/std                 │ 86.810028    │
│ train/correctness/mean         │ 0.625000     │
│ train/correctness/rate         │ 0.625000     │
│ train/ensemble/frac_high_disa… │ 0.000000     │
│ train/ensemble/max_token_disa… │ nan          │
│ train/ensemble/member_logprob… │ 0.000000     │
│ train/ensemble/member_logprob… │ nan          │
│ train/gamma_eff/mean           │ 0.000000     │
│ train/gen/num_tokens/max       │ 14603.000000 │
│ train/gen/num_tokens/mean      │ 9314.296875  │
│ train/gen/num_tokens/std       │ 1679.390186  │
│ train/loss                     │ -0.413436    │
│ train/nnm_loss                 │ 0.000000     │
│ train/nnm_nuclear_norm         │ 0.000000     │
│ train/num_groups               │ 8.000000     │
│ train/num_rollouts             │ 64.000000    │
│ train/num_rollouts_total       │ 64.000000    │
│ train/reward/exec/best         │ 2.629868     │
│ train/reward/exec/max          │ 2.629868     │
│ train/reward/exec/mean         │ 1.598820     │
│ train/reward/exec/min          │ 0.000000     │
│ train/reward/exec/std          │ 1.251546     │
│ train/reward/rmi/max           │ 0.000000     │
│ train/reward/rmi/mean          │ 0.000000     │
│ train/reward/rmi/min           │ 0.000000     │
│ train/reward/rmi/std           │ 0.000000     │
│ train/reward/total/best        │ 2.629868     │
│ train/reward/total/max         │ 2.629868     │
│ train/reward/total/mean        │ 1.598820     │
│ train/reward/total/min         │ 0.000000     │
│ train/reward/total/std         │ 1.251546     │
│ train/streaming_mi/stop_rate   │ 0.000000     │
│ train/streaming_mi/tokens_sav… │ 0.000000     │
│ train/streaming_mi/tokens_sav… │ 0.000000     │
│ train/two_phase/phase1_tokens… │ 9314.296875  │
│ train/two_phase/phase2_tokens… │ 0.000000     │
│ train/two_phase/prefill_rate   │ 0.000000     │
│ train/uncertainty/predictive_… │ 0.000000     │
│ train/uncertainty/predictive_… │ 0.000000     │
│ train/uncertainty/predictive_… │ 0.000000     │
│ train/uncertainty/predictive_… │ 0.000000     │
│ train/uncertainty/predictive_… │ 0.000000     │
│ train/uncertainty/predictive_… │ 0.000000     │
│ train/uncertainty/predictive_… │ 0.000000     │
│ train/uncertainty/predictive_… │ 0.000000     │
│ train/uncertainty/rmi/max      │ 0.000000     │
│ train/uncertainty/rmi/mean     │ 0.000000     │
│ train/uncertainty/rmi/min      │ 0.000000     │
│ train/uncertainty/rmi/std      │ 0.000000     │
│ train/uncertainty/rmi_top7/max │ 0.000000     │
│ train/uncertainty/rmi_top7/me… │ 0.000000     │
│ train/uncertainty/rmi_top7/min │ 0.000000     │
│ train/uncertainty/rmi_top7/std │ 0.000000     │
│ train/uncertainty/top7_mi_cod… │ 0.000000     │
│ train/uncertainty/top7_mi_cod… │ 0.000000     │
│ train/uncertainty/top7_mi_thi… │ 0.000000     │
│ train/uncertainty/top7_mi_thi… │ 0.000000     │
│ train/uncertainty/top7_pct_co… │ 0.000000     │
│ train/uncertainty/top7_pct_co… │ 0.000000     │
│ train/uncertainty/top7_pct_th… │ 1.000000     │
│ train/uncertainty/top7_pct_th… │ 0.000000     │
│ train/uncertainty/true_mi/max  │ 0.000000     │
│ train/uncertainty/true_mi/mean │ 0.000000     │
│ train/uncertainty/true_mi/min  │ 0.000000     │
│ train/uncertainty/true_mi/std  │ 0.000000     │
│ train/uncertainty/variance/max │ nan          │
│ train/uncertainty/variance/me… │ nan          │
│ train/uncertainty/variance/min │ nan          │
│ train/uncertainty/variance/std │ nan          │
│ train/uncertainty/variance_to… │ nan          │
│ train/uncertainty/variance_to… │ nan          │
│ train/uncertainty/variance_to… │ nan          │
│ train/uncertainty/variance_to… │ nan          │
└────────────────────────────────┴──────────────┘
tinker_cookbook.utils.ml_log:240 [INFO] Logging to: https://wandb.ai/kriaz-msee20seecs-nust/ugttt-rebuttal/runs/i08k0v16
__main__:2062 [INFO] [Epoch 5] R_exec=1.5988 (max=2.6299 best=2.6299) RMI=0.0000 beta=94.15 corr=62.5% loss=-0.4134 groups=8/8 time=9223.3s
__main__:2073 [INFO] Checkpoint saved at epoch 5
__main__:2082 [INFO] Training complete
