2026-07-30 12:27:42,008	INFO worker.py:1691 -- Using address auto set in the environment variable RAY_ADDRESS
2026-07-30 12:27:42,049	INFO worker.py:1832 -- Connecting to existing Ray cluster at address: 172.31.86.150:6379...
2026-07-30 12:27:42,060	INFO worker.py:2012 -- Connected to Ray cluster.
/opt/dlami/nvme/ugttt-venv/lib/python3.12/site-packages/ray/_private/worker.py:2051: FutureWarning: Tip: In future versions of Ray, Ray will no longer override accelerator visible devices env var if num_gpus=0 or num_gpus=None (default). To enable this behavior and turn off this error message, set RAY_ACCEL_ENV_VAR_OVERRIDE_ON_ZERO=0
  warnings.warn(
wandb: Currently logged in as: kriaz-msee20seecs (kriaz-msee20seecs-nust) to https://api.wandb.ai. Use `wandb login --relogin` to force relogin
wandb: setting up run y6y1mt4y
wandb: Tracking run with wandb version 0.23.0
wandb: Run data is saved locally in ./logs/aws/wave4/ahc039-base/wandb/run-20260730_122743-y6y1mt4y
wandb: Run `wandb offline` to turn off syncing.
wandb: Resuming run ahc039-base
wandb: ⭐️ View project at https://wandb.ai/kriaz-msee20seecs-nust/ugttt-rebuttal
wandb: 🚀 View run at https://wandb.ai/kriaz-msee20seecs-nust/ugttt-rebuttal/runs/y6y1mt4y
2026-07-30 12:27:44,720 [INFO] tinker_cookbook.utils.ml_log: 
Configuration:
  base_model: 'Qwen/Qwen3-8B'
  precision: 'fp16'
  device: 'cuda'
  env: 'ahc039'
  problem_idx: 'ahc039'
  budget_s: 1000
  group_size: 8
  groups_per_batch: 8
  learning_rate: 4e-05
  num_epochs: 6
  max_tokens: 260000
  temperature: 1.0
  adv_estimator: 'entropic_adaptive_beta'
  adv_estimator_beta: 2.0
  loss_fn: 'importance_sampling'
  ppo_clip: 0.2
  num_substeps: 1
  remove_constant_reward_groups: True
  kl_penalty_coef: 0.01
  kl_discount_factor: 0.0
  compute_post_kl: False
  dynamic_max_tokens: True
  two_phase_sampling: True
  phase1_max_tokens: 26000
  context_window: 32768
  context_buffer: 50
  eval_timeout: 1000
  dataset_timeout: 1000
  num_cpus_per_task: 2
  gpu_mode_score_scale: 3000.0
  num_ensemble_members: 1
  lora_rank: 16
  lora_alpha: 32
  lora_dropout: 0.05
  target_modules: {'q_proj': True, 'k_proj': True, 'v_proj': True, 'o_proj': 
True}
  rmi_coef: 0.0
  uncertainty_metric: 'true_mi'
  gamma_max_ratio: 10.0
  nnm_coef: 0.0
  nnm_use_fro_norm: False
  streaming_mi_enabled: False
  streaming_mi_window_size: 4096
  streaming_mi_check_interval: 2048
  streaming_mi_min_gen: 4096
  streaming_mi_warmup_epochs: 3
  streaming_mi_wrap_budget: 6000
  streaming_mi_threshold_percentile: 25.0
  kv_quantize: False
  sampler_type: 'puct_backprop'
  initial_exp_type: 'random'
  log_path: './logs/aws/wave4/ahc039-base'
  wandb_project: 'ugttt-rebuttal'
  wandb_name: 'ahc039-base'
  eval_every: 3
  save_every: 1
  seed: 42
  dataset_builder: None
tinker_cookbook.utils.ml_log:525 [[92mINFO[0m] Logging to: logs/aws/wave4/ahc039-base
__main__:1657 [[92mINFO[0m] Active loggers: ['JsonLogger', 'PrettyPrintLogger', 'WandbLogger']
__main__:1690 [[92mINFO[0m] Loading base model: Qwen/Qwen3-8B (fp16)
root:227 [[92mINFO[0m] Loading model with precision - fp16
`torch_dtype` is deprecated! Use `dtype` instead!
Loading checkpoint shards:   0%|          | 0/5 [00:00<?, ?it/s]Loading checkpoint shards:  20%|██        | 1/5 [00:00<00:03,  1.22it/s]Loading checkpoint shards:  40%|████      | 2/5 [00:01<00:02,  1.18it/s]Loading checkpoint shards:  60%|██████    | 3/5 [00:02<00:01,  1.18it/s]Loading checkpoint shards:  80%|████████  | 4/5 [00:03<00:00,  1.27it/s]Loading checkpoint shards: 100%|██████████| 5/5 [00:03<00:00,  1.69it/s]Loading checkpoint shards: 100%|██████████| 5/5 [00:03<00:00,  1.44it/s]
root:255 [[92mINFO[0m] loading llama compatible model - qwen3
root:49 [[92mINFO[0m] Adapter ensemble_0 without lr_scheduler.
tinker_cookbook.rl.ensemble:123 [[92mINFO[0m] Initialized 1 LoRA ensemble members (rank=16)
tinker_cookbook.rl.ensemble:1688 [[92mINFO[0m] Loaded ensemble member 0 from ./logs/aws/wave4/ahc039-base/ensemble_0/step_2/adapter.pt
__main__:1747 [[92mINFO[0m] Resumed from epoch 3
__main__:1779 [[92mINFO[0m] Training: 6 epochs, 8 groups/batch × 8 rollouts/group, K=1 adapters, γ=0.0
__main__:1784 [[92mINFO[0m] Parallelism: batched generation (8 seqs/batch), threaded rewards (8 workers), batched ensemble scoring
__main__:1807 [[92mINFO[0m] Two-phase sampling enabled: phase1_max=26000, context_window=32768, prefill_len=22, stop_ids=[151645]
__main__:1836 [[92mINFO[0m] [Epoch 3/6] Starting rollout phase: 8 groups × 8 rollouts
tinker_cookbook.rl.ensemble:1082 [[92mINFO[0m]   generate_batch_multi_adapter_two_phase: N=8 phase1_max=26000 streaming_mi=False kv_q=False
/opt/dlami/nvme/ugttt-venv/lib/python3.12/site-packages/torch/utils/checkpoint.py:85: UserWarning: None of the inputs have requires_grad=True. Gradients will be None
  warnings.warn(
[2026-07-30 12:28:12,300 E 889829 890736] core_worker_process.cc:825: Failed to establish connection to the metrics exporter agent. Metrics will not be exported. Exporter agent status: RpcError: Running out of retries to initialize the metrics agent. rpc_code: 14
[36m(pid=890024)[0m [2026-07-30 12:28:12,293 E 890024 890760] core_worker_process.cc:825: Failed to establish connection to the metrics exporter agent. Metrics will not be exported. Exporter agent status: RpcError: Running out of retries to initialize the metrics agent. rpc_code: 14
[36m(pid=890034)[0m [2026-07-30 12:28:12,303 E 890034 890734] core_worker_process.cc:825: Failed to establish connection to the metrics exporter agent. Metrics will not be exported. Exporter agent status: RpcError: Running out of retries to initialize the metrics agent. rpc_code: 14
[36m(pid=890032)[0m [2026-07-30 12:28:12,293 E 890032 890779] core_worker_process.cc:825: Failed to establish connection to the metrics exporter agent. Metrics will not be exported. Exporter agent status: RpcError: Running out of retries to initialize the metrics agent. rpc_code: 14
[36m(pid=890029)[0m [2026-07-30 12:28:12,301 E 890029 890733] core_worker_process.cc:825: Failed to establish connection to the metrics exporter agent. Metrics will not be exported. Exporter agent status: RpcError: Running out of retries to initialize the metrics agent. rpc_code: 14
[36m(pid=890036)[0m [2026-07-30 12:28:12,297 E 890036 891053] core_worker_process.cc:825: Failed to establish connection to the metrics exporter agent. Metrics will not be exported. Exporter agent status: RpcError: Running out of retries to initialize the metrics agent. rpc_code: 14
[36m(pid=890033)[0m [2026-07-30 12:28:12,292 E 890033 890798] core_worker_process.cc:825: Failed to establish connection to the metrics exporter agent. Metrics will not be exported. Exporter agent status: RpcError: Running out of retries to initialize the metrics agent. rpc_code: 14
[36m(pid=890043)[0m [2026-07-30 12:28:12,292 E 890043 890757] core_worker_process.cc:825: Failed to establish connection to the metrics exporter agent. Metrics will not be exported. Exporter agent status: RpcError: Running out of retries to initialize the metrics agent. rpc_code: 14
[36m(pid=890038)[0m [2026-07-30 12:28:12,292 E 890038 890773] core_worker_process.cc:825: Failed to establish connection to the metrics exporter agent. Metrics will not be exported. Exporter agent status: RpcError: Running out of retries to initialize the metrics agent. rpc_code: 14
[36m(pid=890023)[0m [2026-07-30 12:28:12,295 E 890023 890729] core_worker_process.cc:825: Failed to establish connection to the metrics exporter agent. Metrics will not be exported. Exporter agent status: RpcError: Running out of retries to initialize the metrics agent. rpc_code: 14
[36m(pid=890025)[0m [2026-07-30 12:28:12,293 E 890025 890724] core_worker_process.cc:825: Failed to establish connection to the metrics exporter agent. Metrics will not be exported. Exporter agent status: RpcError: Running out of retries to initialize the metrics agent. rpc_code: 14
[36m(pid=890028)[0m [2026-07-30 12:28:12,293 E 890028 890735] core_worker_process.cc:825: Failed to establish connection to the metrics exporter agent. Metrics will not be exported. Exporter agent status: RpcError: Running out of retries to initialize the metrics agent. rpc_code: 14
[36m(pid=890026)[0m [2026-07-30 12:28:12,303 E 890026 890727] core_worker_process.cc:825: Failed to establish connection to the metrics exporter agent. Metrics will not be exported. Exporter agent status: RpcError: Running out of retries to initialize the metrics agent. rpc_code: 14
[36m(pid=890037)[0m [2026-07-30 12:28:12,301 E 890037 890780] core_worker_process.cc:825: Failed to establish connection to the metrics exporter agent. Metrics will not be exported. Exporter agent status: RpcError: Running out of retries to initialize the metrics agent. rpc_code: 14
[36m(pid=890027)[0m [2026-07-30 12:28:12,295 E 890027 890732] core_worker_process.cc:825: Failed to establish connection to the metrics exporter agent. Metrics will not be exported. Exporter agent status: RpcError: Running out of retries to initialize the metrics agent. rpc_code: 14
[36m(pid=890035)[0m [2026-07-30 12:28:12,304 E 890035 890782] core_worker_process.cc:825: Failed to establish connection to the metrics exporter agent. Metrics will not be exported. Exporter agent status: RpcError: Running out of retries to initialize the metrics agent. rpc_code: 14
[36m(pid=890031)[0m [2026-07-30 12:28:12,304 E 890031 890775] core_worker_process.cc:825: Failed to establish connection to the metrics exporter agent. Metrics will not be exported. Exporter agent status: RpcError: Running out of retries to initialize the metrics agent. rpc_code: 14
[36m(pid=890030)[0m [2026-07-30 12:28:12,292 E 890030 890781] core_worker_process.cc:825: Failed to establish connection to the metrics exporter agent. Metrics will not be exported. Exporter agent status: RpcError: Running out of retries to initialize the metrics agent. rpc_code: 14
[36m(pid=890057)[0m [2026-07-30 12:28:12,341 E 890057 891522] core_worker_process.cc:825: Failed to establish connection to the metrics exporter agent. Metrics will not be exported. Exporter agent status: RpcError: Running out of retries to initialize the metrics agent. rpc_code: 14
[36m(pid=890053)[0m [2026-07-30 12:28:12,332 E 890053 891389] core_worker_process.cc:825: Failed to establish connection to the metrics exporter agent. Metrics will not be exported. Exporter agent status: RpcError: Running out of retries to initialize the metrics agent. rpc_code: 14
[36m(pid=890056)[0m [2026-07-30 12:28:12,334 E 890056 891455] core_worker_process.cc:825: Failed to establish connection to the metrics exporter agent. Metrics will not be exported. Exporter agent status: RpcError: Running out of retries to initialize the metrics agent. rpc_code: 14
[36m(pid=890052)[0m [2026-07-30 12:28:12,334 E 890052 891393] core_worker_process.cc:825: Failed to establish connection to the metrics exporter agent. Metrics will not be exported. Exporter agent status: RpcError: Running out of retries to initialize the metrics agent. rpc_code: 14
[36m(pid=890040)[0m [2026-07-30 12:28:12,327 E 890040 891351] core_worker_process.cc:825: Failed to establish connection to the metrics exporter agent. Metrics will not be exported. Exporter agent status: RpcError: Running out of retries to initialize the metrics agent. rpc_code: 14
[36m(pid=890059)[0m [2026-07-30 12:28:12,349 E 890059 891709] core_worker_process.cc:825: Failed to establish connection to the metrics exporter agent. Metrics will not be exported. Exporter agent status: RpcError: Running out of retries to initialize the metrics agent. rpc_code: 14
[36m(pid=890109)[0m [2026-07-30 12:28:12,353 E 890109 891771] core_worker_process.cc:825: Failed to establish connection to the metrics exporter agent. Metrics will not be exported. Exporter agent status: RpcError: Running out of retries to initialize the metrics agent. rpc_code: 14
[36m(pid=890061)[0m [2026-07-30 12:28:12,373 E 890061 891866] core_worker_process.cc:825: Failed to establish connection to the metrics exporter agent. Metrics will not be exported. Exporter agent status: RpcError: Running out of retries to initialize the metrics agent. rpc_code: 14
[36m(pid=890105)[0m [2026-07-30 12:28:12,359 E 890105 891816] core_worker_process.cc:825: Failed to establish connection to the metrics exporter agent. Metrics will not be exported. Exporter agent status: RpcError: Running out of retries to initialize the metrics agent. rpc_code: 14
[36m(pid=890055)[0m [2026-07-30 12:28:12,382 E 890055 892047] core_worker_process.cc:825: Failed to establish connection to the metrics exporter agent. Metrics will not be exported. Exporter agent status: RpcError: Running out of retries to initialize the metrics agent. rpc_code: 14
[36m(pid=890063)[0m [2026-07-30 12:28:12,384 E 890063 892112] core_worker_process.cc:825: Failed to establish connection to the metrics exporter agent. Metrics will not be exported. Exporter agent status: RpcError: Running out of retries to initialize the metrics agent. rpc_code: 14
[36m(pid=890065)[0m [2026-07-30 12:28:12,391 E 890065 892196] core_worker_process.cc:825: Failed to establish connection to the metrics exporter agent. Metrics will not be exported. Exporter agent status: RpcError: Running out of retries to initialize the metrics agent. rpc_code: 14
[36m(pid=890054)[0m [2026-07-30 12:28:12,381 E 890054 892041] core_worker_process.cc:825: Failed to establish connection to the metrics exporter agent. Metrics will not be exported. Exporter agent status: RpcError: Running out of retries to initialize the metrics agent. rpc_code: 14
[36m(pid=890062)[0m [2026-07-30 12:28:12,371 E 890062 891924] core_worker_process.cc:825: Failed to establish connection to the metrics exporter agent. Metrics will not be exported. Exporter agent status: RpcError: Running out of retries to initialize the metrics agent. rpc_code: 14
[36m(pid=890064)[0m [2026-07-30 12:28:12,387 E 890064 892139] core_worker_process.cc:825: Failed to establish connection to the metrics exporter agent. Metrics will not be exported. Exporter agent status: RpcError: Running out of retries to initialize the metrics agent. rpc_code: 14
[36m(pid=890110)[0m [2026-07-30 12:28:12,370 E 890110 891894] core_worker_process.cc:825: Failed to establish connection to the metrics exporter agent. Metrics will not be exported. Exporter agent status: RpcError: Running out of retries to initialize the metrics agent. rpc_code: 14
[36m(pid=890066)[0m [2026-07-30 12:28:12,398 E 890066 892258] core_worker_process.cc:825: Failed to establish connection to the metrics exporter agent. Metrics will not be exported. Exporter agent status: RpcError: Running out of retries to initialize the metrics agent. rpc_code: 14
[36m(pid=890068)[0m [2026-07-30 12:28:12,434 E 890068 892397] core_worker_process.cc:825: Failed to establish connection to the metrics exporter agent. Metrics will not be exported. Exporter agent status: RpcError: Running out of retries to initialize the metrics agent. rpc_code: 14
[36m(pid=890104)[0m [2026-07-30 12:28:12,436 E 890104 892654] core_worker_process.cc:825: Failed to establish connection to the metrics exporter agent. Metrics will not be exported. Exporter agent status: RpcError: Running out of retries to initialize the metrics agent. rpc_code: 14
[36m(pid=890067)[0m [2026-07-30 12:28:12,402 E 890067 892323] core_worker_process.cc:825: Failed to establish connection to the metrics exporter agent. Metrics will not be exported. Exporter agent status: RpcError: Running out of retries to initialize the metrics agent. rpc_code: 14
[36m(pid=890070)[0m [2026-07-30 12:28:12,433 E 890070 892643] core_worker_process.cc:825: Failed to establish connection to the metrics exporter agent. Metrics will not be exported. Exporter agent status: RpcError: Running out of retries to initialize the metrics agent. rpc_code: 14
[36m(pid=890072)[0m [2026-07-30 12:28:12,438 E 890072 892748] core_worker_process.cc:825: Failed to establish connection to the metrics exporter agent. Metrics will not be exported. Exporter agent status: RpcError: Running out of retries to initialize the metrics agent. rpc_code: 14
[36m(pid=890108)[0m [2026-07-30 12:28:12,458 E 890108 892902] core_worker_process.cc:825: Failed to establish connection to the metrics exporter agent. Metrics will not be exported. Exporter agent status: RpcError: Running out of retries to initialize the metrics agent. rpc_code: 14
[36m(pid=890099)[0m [2026-07-30 12:28:12,447 E 890099 892864] core_worker_process.cc:825: Failed to establish connection to the metrics exporter agent. Metrics will not be exported. Exporter agent status: RpcError: Running out of retries to initialize the metrics agent. rpc_code: 14
[36m(pid=890123)[0m [2026-07-30 12:28:12,478 E 890123 893669] core_worker_process.cc:825: Failed to establish connection to the metrics exporter agent. Metrics will not be exported. Exporter agent status: RpcError: Running out of retries to initialize the metrics agent. rpc_code: 14
[36m(pid=890117)[0m [2026-07-30 12:28:12,476 E 890117 893540] core_worker_process.cc:825: Failed to establish connection to the metrics exporter agent. Metrics will not be exported. Exporter agent status: RpcError: Running out of retries to initialize the metrics agent. rpc_code: 14
[36m(pid=890095)[0m [2026-07-30 12:28:12,446 E 890095 892806] core_worker_process.cc:825: Failed to establish connection to the metrics exporter agent. Metrics will not be exported. Exporter agent status: RpcError: Running out of retries to initialize the metrics agent. rpc_code: 14
[36m(pid=890071)[0m [2026-07-30 12:28:12,436 E 890071 892651] core_worker_process.cc:825: Failed to establish connection to the metrics exporter agent. Metrics will not be exported. Exporter agent status: RpcError: Running out of retries to initialize the metrics agent. rpc_code: 14
[36m(pid=890119)[0m [2026-07-30 12:28:12,477 E 890119 893601] core_worker_process.cc:825: Failed to establish connection to the metrics exporter agent. Metrics will not be exported. Exporter agent status: RpcError: Running out of retries to initialize the metrics agent. rpc_code: 14
[36m(pid=890111)[0m [2026-07-30 12:28:12,433 E 890111 892640] core_worker_process.cc:825: Failed to establish connection to the metrics exporter agent. Metrics will not be exported. Exporter agent status: RpcError: Running out of retries to initialize the metrics agent. rpc_code: 14
[36m(pid=890096)[0m [2026-07-30 12:28:12,449 E 890096 892839] core_worker_process.cc:825: Failed to establish connection to the metrics exporter agent. Metrics will not be exported. Exporter agent status: RpcError: Running out of retries to initialize the metrics agent. rpc_code: 14
[36m(pid=890060)[0m [2026-07-30 12:28:12,425 E 890060 892360] core_worker_process.cc:825: Failed to establish connection to the metrics exporter agent. Metrics will not be exported. Exporter agent status: RpcError: Running out of retries to initialize the metrics agent. rpc_code: 14
[36m(pid=890069)[0m [2026-07-30 12:28:12,436 E 890069 892653] core_worker_process.cc:825: Failed to establish connection to the metrics exporter agent. Metrics will not be exported. Exporter agent status: RpcError: Running out of retries to initialize the metrics agent. rpc_code: 14
[36m(pid=890144)[0m [2026-07-30 12:28:12,477 E 890144 893630] core_worker_process.cc:825: Failed to establish connection to the metrics exporter agent. Metrics will not be exported. Exporter agent status: RpcError: Running out of retries to initialize the metrics agent. rpc_code: 14
[36m(pid=890125)[0m [2026-07-30 12:28:12,481 E 890125 893752] core_worker_process.cc:825: Failed to establish connection to the metrics exporter agent. Metrics will not be exported. Exporter agent status: RpcError: Running out of retries to initialize the metrics agent. rpc_code: 14
[36m(pid=890116)[0m [2026-07-30 12:28:12,473 E 890116 893376] core_worker_process.cc:825: Failed to establish connection to the metrics exporter agent. Metrics will not be exported. Exporter agent status: RpcError: Running out of retries to initialize the metrics agent. rpc_code: 14
[36m(pid=890122)[0m [2026-07-30 12:28:12,483 E 890122 893839] core_worker_process.cc:825: Failed to establish connection to the metrics exporter agent. Metrics will not be exported. Exporter agent status: RpcError: Running out of retries to initialize the metrics agent. rpc_code: 14
[36m(pid=890121)[0m [2026-07-30 12:28:12,479 E 890121 893725] core_worker_process.cc:825: Failed to establish connection to the metrics exporter agent. Metrics will not be exported. Exporter agent status: RpcError: Running out of retries to initialize the metrics agent. rpc_code: 14
[36m(pid=890154)[0m [2026-07-30 12:28:12,483 E 890154 893599] core_worker_process.cc:825: Failed to establish connection to the metrics exporter agent. Metrics will not be exported. Exporter agent status: RpcError: Running out of retries to initialize the metrics agent. rpc_code: 14
[36m(pid=890126)[0m [2026-07-30 12:28:12,484 E 890126 893853] core_worker_process.cc:825: Failed to establish connection to the metrics exporter agent. Metrics will not be exported. Exporter agent status: RpcError: Running out of retries to initialize the metrics agent. rpc_code: 14
[36m(pid=890120)[0m [2026-07-30 12:28:12,487 E 890120 893925] core_worker_process.cc:825: Failed to establish connection to the metrics exporter agent. Metrics will not be exported. Exporter agent status: RpcError: Running out of retries to initialize the metrics agent. rpc_code: 14
[36m(pid=890128)[0m [2026-07-30 12:28:12,487 E 890128 894008] core_worker_process.cc:825: Failed to establish connection to the metrics exporter agent. Metrics will not be exported. Exporter agent status: RpcError: Running out of retries to initialize the metrics agent. rpc_code: 14
[36m(pid=890131)[0m [2026-07-30 12:28:12,486 E 890131 893977] core_worker_process.cc:825: Failed to establish connection to the metrics exporter agent. Metrics will not be exported. Exporter agent status: RpcError: Running out of retries to initialize the metrics agent. rpc_code: 14
[36m(pid=890317)[0m [2026-07-30 12:28:12,488 E 890317 894019] core_worker_process.cc:825: Failed to establish connection to the metrics exporter agent. Metrics will not be exported. Exporter agent status: RpcError: Running out of retries to initialize the metrics agent. rpc_code: 14
[36m(pid=890431)[0m [2026-07-30 12:28:12,506 E 890431 894200] core_worker_process.cc:825: Failed to establish connection to the metrics exporter agent. Metrics will not be exported. Exporter agent status: RpcError: Running out of retries to initialize the metrics agent. rpc_code: 14
[36m(pid=890133)[0m [2026-07-30 12:28:12,498 E 890133 894124] core_worker_process.cc:825: Failed to establish connection to the metrics exporter agent. Metrics will not be exported. Exporter agent status: RpcError: Running out of retries to initialize the metrics agent. rpc_code: 14
[36m(pid=890134)[0m [2026-07-30 12:28:12,497 E 890134 894122] core_worker_process.cc:825: Failed to establish connection to the metrics exporter agent. Metrics will not be exported. Exporter agent status: RpcError: Running out of retries to initialize the metrics agent. rpc_code: 14
[36m(pid=890129)[0m [2026-07-30 12:28:12,509 E 890129 894230] core_worker_process.cc:825: Failed to establish connection to the metrics exporter agent. Metrics will not be exported. Exporter agent status: RpcError: Running out of retries to initialize the metrics agent. rpc_code: 14
[36m(pid=890113)[0m [2026-07-30 12:28:12,525 E 890113 894426] core_worker_process.cc:825: Failed to establish connection to the metrics exporter agent. Metrics will not be exported. Exporter agent status: RpcError: Running out of retries to initialize the metrics agent. rpc_code: 14
[36m(pid=890300)[0m [2026-07-30 12:28:12,541 E 890300 894775] core_worker_process.cc:825: Failed to establish connection to the metrics exporter agent. Metrics will not be exported. Exporter agent status: RpcError: Running out of retries to initialize the metrics agent. rpc_code: 14
[36m(pid=890669)[0m [2026-07-30 12:28:12,528 E 890669 894519] core_worker_process.cc:825: Failed to establish connection to the metrics exporter agent. Metrics will not be exported. Exporter agent status: RpcError: Running out of retries to initialize the metrics agent. rpc_code: 14
[36m(pid=890130)[0m [2026-07-30 12:28:12,588 E 890130 895100] core_worker_process.cc:825: Failed to establish connection to the metrics exporter agent. Metrics will not be exported. Exporter agent status: RpcError: Running out of retries to initialize the metrics agent. rpc_code: 14
[36m(pid=890655)[0m [2026-07-30 12:28:12,528 E 890655 894517] core_worker_process.cc:825: Failed to establish connection to the metrics exporter agent. Metrics will not be exported. Exporter agent status: RpcError: Running out of retries to initialize the metrics agent. rpc_code: 14
[36m(pid=890135)[0m [2026-07-30 12:28:12,538 E 890135 894747] core_worker_process.cc:825: Failed to establish connection to the metrics exporter agent. Metrics will not be exported. Exporter agent status: RpcError: Running out of retries to initialize the metrics agent. rpc_code: 14
[36m(pid=890670)[0m [2026-07-30 12:28:12,578 E 890670 895029] core_worker_process.cc:825: Failed to establish connection to the metrics exporter agent. Metrics will not be exported. Exporter agent status: RpcError: Running out of retries to initialize the metrics agent. rpc_code: 14
[36m(pid=890136)[0m [2026-07-30 12:28:12,574 E 890136 894978] core_worker_process.cc:825: Failed to establish connection to the metrics exporter agent. Metrics will not be exported. Exporter agent status: RpcError: Running out of retries to initialize the metrics agent. rpc_code: 14
[36m(pid=890118)[0m [2026-07-30 12:28:12,527 E 890118 894485] core_worker_process.cc:825: Failed to establish connection to the metrics exporter agent. Metrics will not be exported. Exporter agent status: RpcError: Running out of retries to initialize the metrics agent. rpc_code: 14
[36m(pid=890127)[0m [2026-07-30 12:28:12,537 E 890127 894730] core_worker_process.cc:825: Failed to establish connection to the metrics exporter agent. Metrics will not be exported. Exporter agent status: RpcError: Running out of retries to initialize the metrics agent. rpc_code: 14
[36m(pid=890215)[0m [2026-07-30 12:28:12,559 E 890215 894920] core_worker_process.cc:825: Failed to establish connection to the metrics exporter agent. Metrics will not be exported. Exporter agent status: RpcError: Running out of retries to initialize the metrics agent. rpc_code: 14
[36m(pid=890124)[0m [2026-07-30 12:28:12,529 E 890124 894587] core_worker_process.cc:825: Failed to establish connection to the metrics exporter agent. Metrics will not be exported. Exporter agent status: RpcError: Running out of retries to initialize the metrics agent. rpc_code: 14
[36m(pid=890671)[0m [2026-07-30 12:28:12,529 E 890671 894589] core_worker_process.cc:825: Failed to establish connection to the metrics exporter agent. Metrics will not be exported. Exporter agent status: RpcError: Running out of retries to initialize the metrics agent. rpc_code: 14
[36m(pid=890114)[0m [2026-07-30 12:28:12,526 E 890114 894439] core_worker_process.cc:825: Failed to establish connection to the metrics exporter agent. Metrics will not be exported. Exporter agent status: RpcError: Running out of retries to initialize the metrics agent. rpc_code: 14
[36m(pid=890112)[0m [2026-07-30 12:28:12,577 E 890112 895003] core_worker_process.cc:825: Failed to establish connection to the metrics exporter agent. Metrics will not be exported. Exporter agent status: RpcError: Running out of retries to initialize the metrics agent. rpc_code: 14
[36m(pid=890607)[0m [2026-07-30 12:28:12,525 E 890607 894407] core_worker_process.cc:825: Failed to establish connection to the metrics exporter agent. Metrics will not be exported. Exporter agent status: RpcError: Running out of retries to initialize the metrics agent. rpc_code: 14
[36m(pid=890250)[0m [2026-07-30 12:28:12,546 E 890250 894875] core_worker_process.cc:825: Failed to establish connection to the metrics exporter agent. Metrics will not be exported. Exporter agent status: RpcError: Running out of retries to initialize the metrics agent. rpc_code: 14
[36m(pid=890132)[0m [2026-07-30 12:28:12,544 E 890132 894844] core_worker_process.cc:825: Failed to establish connection to the metrics exporter agent. Metrics will not be exported. Exporter agent status: RpcError: Running out of retries to initialize the metrics agent. rpc_code: 14
[36m(pid=890672)[0m [2026-07-30 12:28:12,542 E 890672 894810] core_worker_process.cc:825: Failed to establish connection to the metrics exporter agent. Metrics will not be exported. Exporter agent status: RpcError: Running out of retries to initialize the metrics agent. rpc_code: 14
[36m(pid=890115)[0m [2026-07-30 12:28:12,529 E 890115 894523] core_worker_process.cc:825: Failed to establish connection to the metrics exporter agent. Metrics will not be exported. Exporter agent status: RpcError: Running out of retries to initialize the metrics agent. rpc_code: 14
[36m(pid=890489)[0m [2026-07-30 12:28:12,595 E 890489 895174] core_worker_process.cc:825: Failed to establish connection to the metrics exporter agent. Metrics will not be exported. Exporter agent status: RpcError: Running out of retries to initialize the metrics agent. rpc_code: 14
[36m(pid=890515)[0m [2026-07-30 12:28:12,605 E 890515 895211] core_worker_process.cc:825: Failed to establish connection to the metrics exporter agent. Metrics will not be exported. Exporter agent status: RpcError: Running out of retries to initialize the metrics agent. rpc_code: 14
[36m(pid=890594)[0m [2026-07-30 12:28:12,605 E 890594 895239] core_worker_process.cc:825: Failed to establish connection to the metrics exporter agent. Metrics will not be exported. Exporter agent status: RpcError: Running out of retries to initialize the metrics agent. rpc_code: 14
[36m(pid=890674)[0m [2026-07-30 12:28:12,684 E 890674 895640] core_worker_process.cc:825: Failed to establish connection to the metrics exporter agent. Metrics will not be exported. Exporter agent status: RpcError: Running out of retries to initialize the metrics agent. rpc_code: 14
[36m(pid=890677)[0m [2026-07-30 12:28:12,657 E 890677 895603] core_worker_process.cc:825: Failed to establish connection to the metrics exporter agent. Metrics will not be exported. Exporter agent status: RpcError: Running out of retries to initialize the metrics agent. rpc_code: 14
[36m(pid=890673)[0m [2026-07-30 12:28:12,633 E 890673 895435] core_worker_process.cc:825: Failed to establish connection to the metrics exporter agent. Metrics will not be exported. Exporter agent status: RpcError: Running out of retries to initialize the metrics agent. rpc_code: 14
[36m(pid=890663)[0m [2026-07-30 12:28:12,632 E 890663 895407] core_worker_process.cc:825: Failed to establish connection to the metrics exporter agent. Metrics will not be exported. Exporter agent status: RpcError: Running out of retries to initialize the metrics agent. rpc_code: 14
[36m(pid=890675)[0m [2026-07-30 12:28:12,654 E 890675 895578] core_worker_process.cc:825: Failed to establish connection to the metrics exporter agent. Metrics will not be exported. Exporter agent status: RpcError: Running out of retries to initialize the metrics agent. rpc_code: 14
[36m(pid=890666)[0m [2026-07-30 12:28:12,626 E 890666 895373] core_worker_process.cc:825: Failed to establish connection to the metrics exporter agent. Metrics will not be exported. Exporter agent status: RpcError: Running out of retries to initialize the metrics agent. rpc_code: 14
[36m(pid=890676)[0m [2026-07-30 12:28:12,646 E 890676 895540] core_worker_process.cc:825: Failed to establish connection to the metrics exporter agent. Metrics will not be exported. Exporter agent status: RpcError: Running out of retries to initialize the metrics agent. rpc_code: 14
tinker_cookbook.rl.ensemble:1270 [[92mINFO[0m]     [gen/p1] step=2048/22695 active=8/8 mi_stopped=0
tinker_cookbook.rl.ensemble:1270 [[92mINFO[0m]     [gen/p1] step=4096/22695 active=8/8 mi_stopped=0
tinker_cookbook.rl.ensemble:1270 [[92mINFO[0m]     [gen/p1] step=6144/22695 active=8/8 mi_stopped=0
tinker_cookbook.rl.ensemble:1270 [[92mINFO[0m]     [gen/p1] step=8192/22695 active=8/8 mi_stopped=0
tinker_cookbook.rl.ensemble:1270 [[92mINFO[0m]     [gen/p1] step=10240/22695 active=8/8 mi_stopped=0
tinker_cookbook.rl.ensemble:1270 [[92mINFO[0m]     [gen/p1] step=12288/22695 active=8/8 mi_stopped=0
tinker_cookbook.rl.ensemble:1270 [[92mINFO[0m]     [gen/p1] step=14336/22695 active=7/8 mi_stopped=0
tinker_cookbook.rl.ensemble:1270 [[92mINFO[0m]     [gen/p1] step=16384/22695 active=3/8 mi_stopped=0
tinker_cookbook.rl.ensemble:1270 [[92mINFO[0m]     [gen/p1] step=18432/22695 active=1/8 mi_stopped=0
__main__:1078 [[92mINFO[0m]   Group 0: multi-adapter generation 8 seqs in 2427.4s
[36m(run_cases_remote pid=890033)[0m 2026-07-30 13:09:24,703 - WARNING - [GEN 32c779f1] [RUN_CASES] Slow evaluation: 65.3s for 150 cases (avg 0.44s/case)
[36m(run_cases_remote pid=890030)[0m 2026-07-30 13:10:04,896 - WARNING - [GEN fa97cc81] [RUN_CASES] Slow evaluation: 105.5s for 150 cases (avg 0.70s/case)
[36m(run_cases_remote pid=890038)[0m 2026-07-30 13:10:11,562 - WARNING - [GEN 496c9e74] [RUN_CASES] Slow evaluation: 112.3s for 150 cases (avg 0.75s/case)
[36m(run_cases_remote pid=890025)[0m 2026-07-30 13:10:48,403 - WARNING - [GEN d8fe57d6] [RUN_CASES] Slow evaluation: 149.0s for 150 cases (avg 0.99s/case)
[36m(run_cases_remote pid=890043)[0m 2026-07-30 13:11:19,793 - WARNING - [GEN f81e0f02] [RUN_CASES] Slow evaluation: 180.4s for 150 cases (avg 1.20s/case)
[36m(run_cases_remote pid=890028)[0m 2026-07-30 13:11:33,359 - WARNING - [GEN 4534a118] [RUN_CASES] Slow evaluation: 193.8s for 150 cases (avg 1.29s/case)
__main__:1108 [[92mINFO[0m]   Group 0: rewards computed in 196.4s
/opt/dlami/nvme/experiments/Uncertainty-Guided-Exploration-For-Discovery/tinker_cookbook/rl/uncertainty.py:193: UserWarning: var(): degrees of freedom is <= 0. Correction should be strictly less than the reduction factor (input numel divided by output numel). (Triggered internally at /pytorch/aten/src/ATen/native/ReduceOps.cpp:1857.)
  per_token_var = ensemble_logprobs.var(dim=0)
/opt/dlami/nvme/experiments/Uncertainty-Guided-Exploration-For-Discovery/tinker_cookbook/rl/mlora_train.py:899: UserWarning: std(): degrees of freedom is <= 0. Correction should be strictly less than the reduction factor (input numel divided by output numel). (Triggered internally at /pytorch/aten/src/ATen/native/ReduceOps.cpp:1857.)
  member_logprob_spread = float(per_member_mean_lp.std())
/opt/dlami/nvme/experiments/Uncertainty-Guided-Exploration-For-Discovery/tinker_cookbook/rl/mlora_train.py:902: UserWarning: var(): degrees of freedom is <= 0. Correction should be strictly less than the reduction factor (input numel divided by output numel). (Triggered internally at /pytorch/aten/src/ATen/native/ReduceOps.cpp:1857.)
  per_token_var = ensemble_logprobs.var(dim=0)
__main__:1150 [[92mINFO[0m]     [g0][r1/8] adapter=0 R_exec=1.2496 true_MI=0.00000 RMI=0.0000 R_total=1.2496 correct=1 tokens=15951
__main__:1150 [[92mINFO[0m]     [g0][r2/8] adapter=0 R_exec=1.2558 true_MI=0.00000 RMI=0.0000 R_total=1.2558 correct=1 tokens=18275
__main__:1150 [[92mINFO[0m]     [g0][r3/8] adapter=0 R_exec=0.0947 true_MI=0.00000 RMI=0.0000 R_total=0.0947 correct=1 tokens=14046
__main__:1150 [[92mINFO[0m]     [g0][r4/8] adapter=0 R_exec=1.2558 true_MI=0.00000 RMI=0.0000 R_total=1.2558 correct=1 tokens=16454
__main__:1150 [[92mINFO[0m]     [g0][r5/8] adapter=0 R_exec=1.2558 true_MI=0.00000 RMI=0.0000 R_total=1.2558 correct=1 tokens=14555
__main__:1150 [[92mINFO[0m]     [g0][r6/8] adapter=0 R_exec=0.0000 true_MI=0.00000 RMI=0.0000 R_total=0.0000 correct=0 tokens=19942
__main__:1150 [[92mINFO[0m]     [g0][r7/8] adapter=0 R_exec=0.0000 true_MI=0.00000 RMI=0.0000 R_total=0.0000 correct=0 tokens=14613
__main__:1150 [[92mINFO[0m]     [g0][r8/8] adapter=0 R_exec=1.2532 true_MI=0.00000 RMI=0.0000 R_total=1.2532 correct=1 tokens=15619
__main__:1167 [[92mINFO[0m]   [g0] group true_MI: mean=0.00000 std=0.00000 max=0.00000 normalized=[0.00 0.00 0.00 0.00 0.00 0.00 0.00 0.00]
tinker_cookbook.utils.ml_log:143 [[92mINFO[0m] Wrote metrics to logs/aws/wave4/ahc039-base/metrics.jsonl
tinker_cookbook.utils.ml_log:240 [[92mINFO[0m] Logging to: https://wandb.ai/kriaz-msee20seecs-nust/ugttt-rebuttal/runs/y6y1mt4y
tinker_cookbook.utils.ml_log:143 [[92mINFO[0m] Wrote metrics to logs/aws/wave4/ahc039-base/metrics.jsonl
tinker_cookbook.utils.ml_log:240 [[92mINFO[0m] Logging to: https://wandb.ai/kriaz-msee20seecs-nust/ugttt-rebuttal/runs/y6y1mt4y
tinker_cookbook.utils.ml_log:143 [[92mINFO[0m] Wrote metrics to logs/aws/wave4/ahc039-base/metrics.jsonl
tinker_cookbook.utils.ml_log:240 [[92mINFO[0m] Logging to: https://wandb.ai/kriaz-msee20seecs-nust/ugttt-rebuttal/runs/y6y1mt4y
tinker_cookbook.utils.ml_log:143 [[92mINFO[0m] Wrote metrics to logs/aws/wave4/ahc039-base/metrics.jsonl
tinker_cookbook.utils.ml_log:240 [[92mINFO[0m] Logging to: https://wandb.ai/kriaz-msee20seecs-nust/ugttt-rebuttal/runs/y6y1mt4y
tinker_cookbook.utils.ml_log:143 [[92mINFO[0m] Wrote metrics to logs/aws/wave4/ahc039-base/metrics.jsonl
tinker_cookbook.utils.ml_log:240 [[92mINFO[0m] Logging to: https://wandb.ai/kriaz-msee20seecs-nust/ugttt-rebuttal/runs/y6y1mt4y
tinker_cookbook.utils.ml_log:143 [[92mINFO[0m] Wrote metrics to logs/aws/wave4/ahc039-base/metrics.jsonl
tinker_cookbook.utils.ml_log:240 [[92mINFO[0m] Logging to: https://wandb.ai/kriaz-msee20seecs-nust/ugttt-rebuttal/runs/y6y1mt4y
tinker_cookbook.utils.ml_log:143 [[92mINFO[0m] Wrote metrics to logs/aws/wave4/ahc039-base/metrics.jsonl
tinker_cookbook.utils.ml_log:240 [[92mINFO[0m] Logging to: https://wandb.ai/kriaz-msee20seecs-nust/ugttt-rebuttal/runs/y6y1mt4y
tinker_cookbook.utils.ml_log:143 [[92mINFO[0m] Wrote metrics to logs/aws/wave4/ahc039-base/metrics.jsonl
tinker_cookbook.utils.ml_log:240 [[92mINFO[0m] Logging to: https://wandb.ai/kriaz-msee20seecs-nust/ugttt-rebuttal/runs/y6y1mt4y
__main__:1949 [[92mINFO[0m]   [3][1/8] KEPT | R_exec=0.7956 (max=1.2558) RMI=0.0000 R_total=0.7956 | 2623.9s | GPU: 18.0/63.2GB
tinker_cookbook.utils.ml_log:143 [[92mINFO[0m] Wrote metrics to logs/aws/wave4/ahc039-base/metrics.jsonl
tinker_cookbook.utils.ml_log:240 [[92mINFO[0m] Logging to: https://wandb.ai/kriaz-msee20seecs-nust/ugttt-rebuttal/runs/y6y1mt4y
tinker_cookbook.rl.ensemble:1082 [[92mINFO[0m]   generate_batch_multi_adapter_two_phase: N=8 phase1_max=26000 streaming_mi=False kv_q=False
tinker_cookbook.rl.ensemble:1270 [[92mINFO[0m]     [gen/p1] step=2048/23229 active=8/8 mi_stopped=0
tinker_cookbook.rl.ensemble:1270 [[92mINFO[0m]     [gen/p1] step=4096/23229 active=8/8 mi_stopped=0
tinker_cookbook.rl.ensemble:1270 [[92mINFO[0m]     [gen/p1] step=6144/23229 active=8/8 mi_stopped=0
tinker_cookbook.rl.ensemble:1270 [[92mINFO[0m]     [gen/p1] step=8192/23229 active=8/8 mi_stopped=0
tinker_cookbook.rl.ensemble:1270 [[92mINFO[0m]     [gen/p1] step=10240/23229 active=8/8 mi_stopped=0
tinker_cookbook.rl.ensemble:1270 [[92mINFO[0m]     [gen/p1] step=12288/23229 active=7/8 mi_stopped=0
tinker_cookbook.rl.ensemble:1270 [[92mINFO[0m]     [gen/p1] step=14336/23229 active=6/8 mi_stopped=0
tinker_cookbook.rl.ensemble:1270 [[92mINFO[0m]     [gen/p1] step=16384/23229 active=2/8 mi_stopped=0
tinker_cookbook.rl.ensemble:1270 [[92mINFO[0m]     [gen/p1] step=18432/23229 active=2/8 mi_stopped=0
__main__:1078 [[92mINFO[0m]   Group 1: multi-adapter generation 8 seqs in 2229.8s
[36m(run_cases_remote pid=913712)[0m [2026-07-30 13:49:13,782 E 913712 914021] core_worker_process.cc:825: Failed to establish connection to the metrics exporter agent. Metrics will not be exported. Exporter agent status: RpcError: Running out of retries to initialize the metrics agent. rpc_code: 14
[36m(run_cases_remote pid=913710)[0m [2026-07-30 13:49:13,778 E 913710 913970] core_worker_process.cc:825: Failed to establish connection to the metrics exporter agent. Metrics will not be exported. Exporter agent status: RpcError: Running out of retries to initialize the metrics agent. rpc_code: 14
[36m(run_cases_remote pid=913709)[0m [2026-07-30 13:49:13,770 E 913709 913880] core_worker_process.cc:825: Failed to establish connection to the metrics exporter agent. Metrics will not be exported. Exporter agent status: RpcError: Running out of retries to initialize the metrics agent. rpc_code: 14
[36m(run_cases_remote pid=913708)[0m [2026-07-30 13:49:13,819 E 913708 914148] core_worker_process.cc:825: Failed to establish connection to the metrics exporter agent. Metrics will not be exported. Exporter agent status: RpcError: Running out of retries to initialize the metrics agent. rpc_code: 14
[36m(run_single_case_remote pid=914370)[0m [2026-07-30 13:49:16,244 E 914370 914550] core_worker_process.cc:825: Failed to establish connection to the metrics exporter agent. Metrics will not be exported. Exporter agent status: RpcError: Running out of retries to initialize the metrics agent. rpc_code: 14
[36m(run_single_case_remote pid=914371)[0m [2026-07-30 13:49:16,269 E 914371 914637] core_worker_process.cc:825: Failed to establish connection to the metrics exporter agent. Metrics will not be exported. Exporter agent status: RpcError: Running out of retries to initialize the metrics agent. rpc_code: 14
[36m(run_single_case_remote pid=914909)[0m [2026-07-30 13:49:19,489 E 914909 914962] core_worker_process.cc:825: Failed to establish connection to the metrics exporter agent. Metrics will not be exported. Exporter agent status: RpcError: Running out of retries to initialize the metrics agent. rpc_code: 14
[36m(run_cases_remote pid=913714)[0m 2026-07-30 13:50:11,519 - WARNING - [GEN 3c01b2d0] [RUN_CASES] Slow evaluation: 85.4s for 150 cases (avg 0.57s/case)
[36m(run_cases_remote pid=913713)[0m 2026-07-30 13:50:18,298 - WARNING - [GEN a77eb0e5] [RUN_CASES] Slow evaluation: 92.2s for 150 cases (avg 0.61s/case)
[36m(run_cases_remote pid=913710)[0m 2026-07-30 13:51:02,287 - WARNING - [GEN 1cc8595d] [RUN_CASES] Slow evaluation: 136.1s for 150 cases (avg 0.91s/case)
[36m(run_cases_remote pid=913712)[0m 2026-07-30 13:51:05,765 - WARNING - [GEN c79bda5e] [RUN_CASES] Slow evaluation: 139.8s for 150 cases (avg 0.93s/case)
__main__:1108 [[92mINFO[0m]   Group 1: rewards computed in 189.0s
__main__:1150 [[92mINFO[0m]     [g1][r1/8] adapter=0 R_exec=1.2530 true_MI=0.00000 RMI=0.0000 R_total=1.2530 correct=1 tokens=11644
__main__:1150 [[92mINFO[0m]     [g1][r2/8] adapter=0 R_exec=1.2532 true_MI=0.00000 RMI=0.0000 R_total=1.2532 correct=1 tokens=14714
__main__:1150 [[92mINFO[0m]     [g1][r3/8] adapter=0 R_exec=1.2532 true_MI=0.00000 RMI=0.0000 R_total=1.2532 correct=1 tokens=15577
__main__:1150 [[92mINFO[0m]     [g1][r4/8] adapter=0 R_exec=1.2530 true_MI=0.00000 RMI=0.0000 R_total=1.2530 correct=1 tokens=18523
__main__:1150 [[92mINFO[0m]     [g1][r5/8] adapter=0 R_exec=1.2532 true_MI=0.00000 RMI=0.0000 R_total=1.2532 correct=1 tokens=15888
__main__:1150 [[92mINFO[0m]     [g1][r6/8] adapter=0 R_exec=0.0968 true_MI=0.00000 RMI=0.0000 R_total=0.0968 correct=1 tokens=14001
__main__:1150 [[92mINFO[0m]     [g1][r7/8] adapter=0 R_exec=1.2530 true_MI=0.00000 RMI=0.0000 R_total=1.2530 correct=1 tokens=14921
[36m(run_cases_remote pid=913709)[0m 2026-07-30 13:51:52,391 - WARNING - [GEN c66b474e] [RUN_CASES] Slow evaluation: 186.4s for 150 cases (avg 1.24s/case)
__main__:1150 [[92mINFO[0m]     [g1][r8/8] adapter=0 R_exec=0.0000 true_MI=0.00000 RMI=0.0000 R_total=0.0000 correct=0 tokens=19279
__main__:1167 [[92mINFO[0m]   [g1] group true_MI: mean=0.00000 std=0.00000 max=0.00000 normalized=[0.00 0.00 0.00 0.00 0.00 0.00 0.00 0.00]
tinker_cookbook.utils.ml_log:143 [[92mINFO[0m] Wrote metrics to logs/aws/wave4/ahc039-base/metrics.jsonl
tinker_cookbook.utils.ml_log:240 [[92mINFO[0m] Logging to: https://wandb.ai/kriaz-msee20seecs-nust/ugttt-rebuttal/runs/y6y1mt4y
tinker_cookbook.utils.ml_log:143 [[92mINFO[0m] Wrote metrics to logs/aws/wave4/ahc039-base/metrics.jsonl
tinker_cookbook.utils.ml_log:240 [[92mINFO[0m] Logging to: https://wandb.ai/kriaz-msee20seecs-nust/ugttt-rebuttal/runs/y6y1mt4y
tinker_cookbook.utils.ml_log:143 [[92mINFO[0m] Wrote metrics to logs/aws/wave4/ahc039-base/metrics.jsonl
tinker_cookbook.utils.ml_log:240 [[92mINFO[0m] Logging to: https://wandb.ai/kriaz-msee20seecs-nust/ugttt-rebuttal/runs/y6y1mt4y
tinker_cookbook.utils.ml_log:143 [[92mINFO[0m] Wrote metrics to logs/aws/wave4/ahc039-base/metrics.jsonl
tinker_cookbook.utils.ml_log:240 [[92mINFO[0m] Logging to: https://wandb.ai/kriaz-msee20seecs-nust/ugttt-rebuttal/runs/y6y1mt4y
tinker_cookbook.utils.ml_log:143 [[92mINFO[0m] Wrote metrics to logs/aws/wave4/ahc039-base/metrics.jsonl
tinker_cookbook.utils.ml_log:240 [[92mINFO[0m] Logging to: https://wandb.ai/kriaz-msee20seecs-nust/ugttt-rebuttal/runs/y6y1mt4y
tinker_cookbook.utils.ml_log:143 [[92mINFO[0m] Wrote metrics to logs/aws/wave4/ahc039-base/metrics.jsonl
tinker_cookbook.utils.ml_log:240 [[92mINFO[0m] Logging to: https://wandb.ai/kriaz-msee20seecs-nust/ugttt-rebuttal/runs/y6y1mt4y
tinker_cookbook.utils.ml_log:143 [[92mINFO[0m] Wrote metrics to logs/aws/wave4/ahc039-base/metrics.jsonl
tinker_cookbook.utils.ml_log:240 [[92mINFO[0m] Logging to: https://wandb.ai/kriaz-msee20seecs-nust/ugttt-rebuttal/runs/y6y1mt4y
tinker_cookbook.utils.ml_log:143 [[92mINFO[0m] Wrote metrics to logs/aws/wave4/ahc039-base/metrics.jsonl
tinker_cookbook.utils.ml_log:240 [[92mINFO[0m] Logging to: https://wandb.ai/kriaz-msee20seecs-nust/ugttt-rebuttal/runs/y6y1mt4y
__main__:1949 [[92mINFO[0m]   [3][2/8] KEPT | R_exec=0.9519 (max=1.2532) RMI=0.0000 R_total=0.9519 | 2418.8s | GPU: 18.0/62.4GB
tinker_cookbook.utils.ml_log:143 [[92mINFO[0m] Wrote metrics to logs/aws/wave4/ahc039-base/metrics.jsonl
tinker_cookbook.utils.ml_log:240 [[92mINFO[0m] Logging to: https://wandb.ai/kriaz-msee20seecs-nust/ugttt-rebuttal/runs/y6y1mt4y
tinker_cookbook.rl.ensemble:1082 [[92mINFO[0m]   generate_batch_multi_adapter_two_phase: N=8 phase1_max=26000 streaming_mi=False kv_q=False
tinker_cookbook.rl.ensemble:1270 [[92mINFO[0m]     [gen/p1] step=2048/23012 active=8/8 mi_stopped=0
tinker_cookbook.rl.ensemble:1270 [[92mINFO[0m]     [gen/p1] step=4096/23012 active=8/8 mi_stopped=0
tinker_cookbook.rl.ensemble:1270 [[92mINFO[0m]     [gen/p1] step=6144/23012 active=8/8 mi_stopped=0
tinker_cookbook.rl.ensemble:1270 [[92mINFO[0m]     [gen/p1] step=8192/23012 active=8/8 mi_stopped=0
tinker_cookbook.rl.ensemble:1270 [[92mINFO[0m]     [gen/p1] step=10240/23012 active=8/8 mi_stopped=0
tinker_cookbook.rl.ensemble:1270 [[92mINFO[0m]     [gen/p1] step=12288/23012 active=8/8 mi_stopped=0
tinker_cookbook.rl.ensemble:1270 [[92mINFO[0m]     [gen/p1] step=14336/23012 active=6/8 mi_stopped=0
tinker_cookbook.rl.ensemble:1270 [[92mINFO[0m]     [gen/p1] step=16384/23012 active=3/8 mi_stopped=0
tinker_cookbook.rl.ensemble:1270 [[92mINFO[0m]     [gen/p1] step=18432/23012 active=3/8 mi_stopped=0
tinker_cookbook.rl.ensemble:1270 [[92mINFO[0m]     [gen/p1] step=20480/23012 active=1/8 mi_stopped=0
__main__:1078 [[92mINFO[0m]   Group 2: multi-adapter generation 8 seqs in 2879.8s
[36m(run_cases_remote pid=929106)[0m [2026-07-30 14:40:22,798 E 929106 929232] core_worker_process.cc:825: Failed to establish connection to the metrics exporter agent. Metrics will not be exported. Exporter agent status: RpcError: Running out of retries to initialize the metrics agent. rpc_code: 14
[36m(run_cases_remote pid=929108)[0m [2026-07-30 14:40:22,808 E 929108 929340] core_worker_process.cc:825: Failed to establish connection to the metrics exporter agent. Metrics will not be exported. Exporter agent status: RpcError: Running out of retries to initialize the metrics agent. rpc_code: 14
[36m(run_cases_remote pid=929111)[0m [2026-07-30 14:40:22,817 E 929111 929476] core_worker_process.cc:825: Failed to establish connection to the metrics exporter agent. Metrics will not be exported. Exporter agent status: RpcError: Running out of retries to initialize the metrics agent. rpc_code: 14
[36m(run_cases_remote pid=929105)[0m [2026-07-30 14:40:22,847 E 929105 929546] core_worker_process.cc:825: Failed to establish connection to the metrics exporter agent. Metrics will not be exported. Exporter agent status: RpcError: Running out of retries to initialize the metrics agent. rpc_code: 14
[36m(run_single_case_remote pid=929784)[0m [2026-07-30 14:40:24,333 E 929784 930003] core_worker_process.cc:825: Failed to establish connection to the metrics exporter agent. Metrics will not be exported. Exporter agent status: RpcError: Running out of retries to initialize the metrics agent. rpc_code: 14
[36m(run_single_case_remote pid=930981)[0m [2026-07-30 14:40:27,525 E 930981 931077] core_worker_process.cc:825: Failed to establish connection to the metrics exporter agent. Metrics will not be exported. Exporter agent status: RpcError: Running out of retries to initialize the metrics agent. rpc_code: 14
[36m(run_cases_remote pid=929110)[0m 2026-07-30 14:41:08,772 - WARNING - [GEN 79f28a1e] [RUN_CASES] Slow evaluation: 74.7s for 150 cases (avg 0.50s/case)
[36m(run_cases_remote pid=929105)[0m 2026-07-30 14:41:42,697 - WARNING - [GEN 6faa07b7] [RUN_CASES] Early stop: Case 59 failed with TIME_LIMIT_EXCEEDED. Message: Time limit exceeded: CPU time exceeded: 2.050s > 2.0s
[36m(run_cases_remote pid=929105)[0m 2026-07-30 14:41:42,698 - WARNING - [GEN 6faa07b7] [RUN_CASES] Slow evaluation: 108.6s for 150 cases (avg 0.72s/case)
[36m(run_cases_remote pid=929112)[0m 2026-07-30 14:41:46,300 - WARNING - [GEN 2ca8a168] [RUN_CASES] Slow evaluation: 112.1s for 150 cases (avg 0.75s/case)
[36m(run_cases_remote pid=929106)[0m 2026-07-30 14:42:05,940 - WARNING - [GEN bd17d7e3] [RUN_CASES] Slow evaluation: 131.6s for 150 cases (avg 0.88s/case)
[36m(run_cases_remote pid=929111)[0m 2026-07-30 14:42:40,704 - WARNING - [GEN c0e85079] [RUN_CASES] Slow evaluation: 166.7s for 150 cases (avg 1.11s/case)
__main__:1108 [[92mINFO[0m]   Group 2: rewards computed in 215.8s
__main__:1150 [[92mINFO[0m]     [g2][r1/8] adapter=0 R_exec=0.9380 true_MI=0.00000 RMI=0.0000 R_total=0.9380 correct=1 tokens=14157
__main__:1150 [[92mINFO[0m]     [g2][r2/8] adapter=0 R_exec=0.0968 true_MI=0.00000 RMI=0.0000 R_total=0.0968 correct=1 tokens=14328
__main__:1150 [[92mINFO[0m]     [g2][r3/8] adapter=0 R_exec=0.0000 true_MI=0.00000 RMI=0.0000 R_total=0.0000 correct=0 tokens=18627
__main__:1150 [[92mINFO[0m]     [g2][r4/8] adapter=0 R_exec=1.2532 true_MI=0.00000 RMI=0.0000 R_total=1.2532 correct=1 tokens=22445
__main__:1150 [[92mINFO[0m]     [g2][r5/8] adapter=0 R_exec=1.2532 true_MI=0.00000 RMI=0.0000 R_total=1.2532 correct=1 tokens=14622
__main__:1150 [[92mINFO[0m]     [g2][r6/8] adapter=0 R_exec=1.2532 true_MI=0.00000 RMI=0.0000 R_total=1.2532 correct=1 tokens=18674
__main__:1150 [[92mINFO[0m]     [g2][r7/8] adapter=0 R_exec=0.0000 true_MI=0.00000 RMI=0.0000 R_total=0.0000 correct=0 tokens=15177
__main__:1150 [[92mINFO[0m]     [g2][r8/8] adapter=0 R_exec=1.2530 true_MI=0.00000 RMI=0.0000 R_total=1.2530 correct=1 tokens=14690
__main__:1167 [[92mINFO[0m]   [g2] group true_MI: mean=0.00000 std=0.00000 max=0.00000 normalized=[0.00 0.00 0.00 0.00 0.00 0.00 0.00 0.00]
[36m(run_cases_remote pid=929108)[0m 2026-07-30 14:43:28,302 - WARNING - [GEN 907834bf] [RUN_CASES] Slow evaluation: 214.2s for 150 cases (avg 1.43s/case)
tinker_cookbook.utils.ml_log:143 [[92mINFO[0m] Wrote metrics to logs/aws/wave4/ahc039-base/metrics.jsonl
tinker_cookbook.utils.ml_log:240 [[92mINFO[0m] Logging to: https://wandb.ai/kriaz-msee20seecs-nust/ugttt-rebuttal/runs/y6y1mt4y
tinker_cookbook.utils.ml_log:143 [[92mINFO[0m] Wrote metrics to logs/aws/wave4/ahc039-base/metrics.jsonl
tinker_cookbook.utils.ml_log:240 [[92mINFO[0m] Logging to: https://wandb.ai/kriaz-msee20seecs-nust/ugttt-rebuttal/runs/y6y1mt4y
tinker_cookbook.utils.ml_log:143 [[92mINFO[0m] Wrote metrics to logs/aws/wave4/ahc039-base/metrics.jsonl
tinker_cookbook.utils.ml_log:240 [[92mINFO[0m] Logging to: https://wandb.ai/kriaz-msee20seecs-nust/ugttt-rebuttal/runs/y6y1mt4y
tinker_cookbook.utils.ml_log:143 [[92mINFO[0m] Wrote metrics to logs/aws/wave4/ahc039-base/metrics.jsonl
tinker_cookbook.utils.ml_log:240 [[92mINFO[0m] Logging to: https://wandb.ai/kriaz-msee20seecs-nust/ugttt-rebuttal/runs/y6y1mt4y
tinker_cookbook.utils.ml_log:143 [[92mINFO[0m] Wrote metrics to logs/aws/wave4/ahc039-base/metrics.jsonl
tinker_cookbook.utils.ml_log:240 [[92mINFO[0m] Logging to: https://wandb.ai/kriaz-msee20seecs-nust/ugttt-rebuttal/runs/y6y1mt4y
tinker_cookbook.utils.ml_log:143 [[92mINFO[0m] Wrote metrics to logs/aws/wave4/ahc039-base/metrics.jsonl
tinker_cookbook.utils.ml_log:240 [[92mINFO[0m] Logging to: https://wandb.ai/kriaz-msee20seecs-nust/ugttt-rebuttal/runs/y6y1mt4y
tinker_cookbook.utils.ml_log:143 [[92mINFO[0m] Wrote metrics to logs/aws/wave4/ahc039-base/metrics.jsonl
tinker_cookbook.utils.ml_log:240 [[92mINFO[0m] Logging to: https://wandb.ai/kriaz-msee20seecs-nust/ugttt-rebuttal/runs/y6y1mt4y
tinker_cookbook.utils.ml_log:143 [[92mINFO[0m] Wrote metrics to logs/aws/wave4/ahc039-base/metrics.jsonl
tinker_cookbook.utils.ml_log:240 [[92mINFO[0m] Logging to: https://wandb.ai/kriaz-msee20seecs-nust/ugttt-rebuttal/runs/y6y1mt4y
__main__:1949 [[92mINFO[0m]   [3][3/8] KEPT | R_exec=0.7559 (max=1.2532) RMI=0.0000 R_total=0.7559 | 3095.7s | GPU: 18.0/63.3GB
tinker_cookbook.utils.ml_log:143 [[92mINFO[0m] Wrote metrics to logs/aws/wave4/ahc039-base/metrics.jsonl
tinker_cookbook.utils.ml_log:240 [[92mINFO[0m] Logging to: https://wandb.ai/kriaz-msee20seecs-nust/ugttt-rebuttal/runs/y6y1mt4y
tinker_cookbook.rl.ensemble:1082 [[92mINFO[0m]   generate_batch_multi_adapter_two_phase: N=8 phase1_max=26000 streaming_mi=False kv_q=False
tinker_cookbook.rl.ensemble:1270 [[92mINFO[0m]     [gen/p1] step=2048/23169 active=8/8 mi_stopped=0
tinker_cookbook.rl.ensemble:1270 [[92mINFO[0m]     [gen/p1] step=4096/23169 active=8/8 mi_stopped=0
tinker_cookbook.rl.ensemble:1270 [[92mINFO[0m]     [gen/p1] step=6144/23169 active=8/8 mi_stopped=0
tinker_cookbook.rl.ensemble:1270 [[92mINFO[0m]     [gen/p1] step=8192/23169 active=8/8 mi_stopped=0
tinker_cookbook.rl.ensemble:1270 [[92mINFO[0m]     [gen/p1] step=10240/23169 active=8/8 mi_stopped=0
tinker_cookbook.rl.ensemble:1270 [[92mINFO[0m]     [gen/p1] step=12288/23169 active=8/8 mi_stopped=0
tinker_cookbook.rl.ensemble:1270 [[92mINFO[0m]     [gen/p1] step=14336/23169 active=8/8 mi_stopped=0
tinker_cookbook.rl.ensemble:1270 [[92mINFO[0m]     [gen/p1] step=16384/23169 active=6/8 mi_stopped=0
tinker_cookbook.rl.ensemble:1270 [[92mINFO[0m]     [gen/p1] step=18432/23169 active=3/8 mi_stopped=0
__main__:1078 [[92mINFO[0m]   Group 3: multi-adapter generation 8 seqs in 2286.5s
[36m(run_cases_remote pid=942571)[0m [2026-07-30 15:22:05,482 E 942571 942805] core_worker_process.cc:825: Failed to establish connection to the metrics exporter agent. Metrics will not be exported. Exporter agent status: RpcError: Running out of retries to initialize the metrics agent. rpc_code: 14
[36m(run_cases_remote pid=942575)[0m [2026-07-30 15:22:05,491 E 942575 942895] core_worker_process.cc:825: Failed to establish connection to the metrics exporter agent. Metrics will not be exported. Exporter agent status: RpcError: Running out of retries to initialize the metrics agent. rpc_code: 14
[36m(run_cases_remote pid=942574)[0m [2026-07-30 15:22:05,530 E 942574 943022] core_worker_process.cc:825: Failed to establish connection to the metrics exporter agent. Metrics will not be exported. Exporter agent status: RpcError: Running out of retries to initialize the metrics agent. rpc_code: 14
[36m(run_single_case_remote pid=945320)[0m [2026-07-30 15:22:48,697 E 945320 945355] core_worker_process.cc:825: Failed to establish connection to the metrics exporter agent. Metrics will not be exported. Exporter agent status: RpcError: Running out of retries to initialize the metrics agent. rpc_code: 14
[36m(run_cases_remote pid=942572)[0m 2026-07-30 15:23:23,634 - WARNING - [GEN 3eabb49d] [RUN_CASES] Slow evaluation: 106.9s for 150 cases (avg 0.71s/case)
[36m(run_single_case_remote pid=946988)[0m [2026-07-30 15:23:38,311 E 946988 947031] core_worker_process.cc:825: Failed to establish connection to the metrics exporter agent. Metrics will not be exported. Exporter agent status: RpcError: Running out of retries to initialize the metrics agent. rpc_code: 14
[36m(run_single_case_remote pid=948471)[0m [2026-07-30 15:23:47,136 E 948471 948514] core_worker_process.cc:825: Failed to establish connection to the metrics exporter agent. Metrics will not be exported. Exporter agent status: RpcError: Running out of retries to initialize the metrics agent. rpc_code: 14
[36m(run_cases_remote pid=942576)[0m 2026-07-30 15:23:56,261 - WARNING - [GEN 77e7ebed] [RUN_CASES] Slow evaluation: 139.5s for 150 cases (avg 0.93s/case)
[36m(run_cases_remote pid=942571)[0m 2026-07-30 15:24:44,490 - WARNING - [GEN 4af0b06d] [RUN_CASES] Early stop: Case 42 failed with TIME_LIMIT_EXCEEDED. Message: Time limit exceeded: CPU limit exceeded (prlimit killed process)
[36m(run_cases_remote pid=942571)[0m 2026-07-30 15:24:44,490 - WARNING - [GEN 4af0b06d] [RUN_CASES] Slow evaluation: 187.4s for 150 cases (avg 1.25s/case)
[36m(run_cases_remote pid=942574)[0m 2026-07-30 15:25:43,507 - WARNING - [GEN 792ec0b1] [RUN_CASES] Early stop: Case 99 failed with TIME_LIMIT_EXCEEDED. Message: Time limit exceeded: CPU time exceeded: 2.230s > 2.0s
[36m(run_cases_remote pid=942574)[0m 2026-07-30 15:25:43,508 - WARNING - [GEN 792ec0b1] [RUN_CASES] Slow evaluation: 246.4s for 150 cases (avg 1.64s/case)
__main__:1108 [[92mINFO[0m]   Group 3: rewards computed in 296.8s
__main__:1150 [[92mINFO[0m]     [g3][r1/8] adapter=0 R_exec=1.2532 true_MI=0.00000 RMI=0.0000 R_total=1.2532 correct=1 tokens=15149
__main__:1150 [[92mINFO[0m]     [g3][r2/8] adapter=0 R_exec=0.0000 true_MI=0.00000 RMI=0.0000 R_total=0.0000 correct=0 tokens=15572
__main__:1150 [[92mINFO[0m]     [g3][r3/8] adapter=0 R_exec=1.0028 true_MI=0.00000 RMI=0.0000 R_total=1.0028 correct=1 tokens=16559
__main__:1150 [[92mINFO[0m]     [g3][r4/8] adapter=0 R_exec=0.0000 true_MI=0.00000 RMI=0.0000 R_total=0.0000 correct=0 tokens=18009
__main__:1150 [[92mINFO[0m]     [g3][r5/8] adapter=0 R_exec=0.0000 true_MI=0.00000 RMI=0.0000 R_total=0.0000 correct=0 tokens=18930
__main__:1150 [[92mINFO[0m]     [g3][r6/8] adapter=0 R_exec=0.0000 true_MI=0.00000 RMI=0.0000 R_total=0.0000 correct=0 tokens=19524
__main__:1150 [[92mINFO[0m]     [g3][r7/8] adapter=0 R_exec=0.0000 true_MI=0.00000 RMI=0.0000 R_total=0.0000 correct=0 tokens=18746
__main__:1150 [[92mINFO[0m]     [g3][r8/8] adapter=0 R_exec=1.0169 true_MI=0.00000 RMI=0.0000 R_total=1.0169 correct=1 tokens=17222
__main__:1167 [[92mINFO[0m]   [g3] group true_MI: mean=0.00000 std=0.00000 max=0.00000 normalized=[0.00 0.00 0.00 0.00 0.00 0.00 0.00 0.00]
[36m(run_cases_remote pid=942575)[0m 2026-07-30 15:26:31,902 - WARNING - [GEN 7f98867a] [RUN_CASES] Slow evaluation: 295.1s for 150 cases (avg 1.97s/case)
tinker_cookbook.utils.ml_log:143 [[92mINFO[0m] Wrote metrics to logs/aws/wave4/ahc039-base/metrics.jsonl
tinker_cookbook.utils.ml_log:240 [[92mINFO[0m] Logging to: https://wandb.ai/kriaz-msee20seecs-nust/ugttt-rebuttal/runs/y6y1mt4y
tinker_cookbook.utils.ml_log:143 [[92mINFO[0m] Wrote metrics to logs/aws/wave4/ahc039-base/metrics.jsonl
tinker_cookbook.utils.ml_log:240 [[92mINFO[0m] Logging to: https://wandb.ai/kriaz-msee20seecs-nust/ugttt-rebuttal/runs/y6y1mt4y
tinker_cookbook.utils.ml_log:143 [[92mINFO[0m] Wrote metrics to logs/aws/wave4/ahc039-base/metrics.jsonl
tinker_cookbook.utils.ml_log:240 [[92mINFO[0m] Logging to: https://wandb.ai/kriaz-msee20seecs-nust/ugttt-rebuttal/runs/y6y1mt4y
tinker_cookbook.utils.ml_log:143 [[92mINFO[0m] Wrote metrics to logs/aws/wave4/ahc039-base/metrics.jsonl
tinker_cookbook.utils.ml_log:240 [[92mINFO[0m] Logging to: https://wandb.ai/kriaz-msee20seecs-nust/ugttt-rebuttal/runs/y6y1mt4y
tinker_cookbook.utils.ml_log:143 [[92mINFO[0m] Wrote metrics to logs/aws/wave4/ahc039-base/metrics.jsonl
tinker_cookbook.utils.ml_log:240 [[92mINFO[0m] Logging to: https://wandb.ai/kriaz-msee20seecs-nust/ugttt-rebuttal/runs/y6y1mt4y
tinker_cookbook.utils.ml_log:143 [[92mINFO[0m] Wrote metrics to logs/aws/wave4/ahc039-base/metrics.jsonl
tinker_cookbook.utils.ml_log:240 [[92mINFO[0m] Logging to: https://wandb.ai/kriaz-msee20seecs-nust/ugttt-rebuttal/runs/y6y1mt4y
tinker_cookbook.utils.ml_log:143 [[92mINFO[0m] Wrote metrics to logs/aws/wave4/ahc039-base/metrics.jsonl
tinker_cookbook.utils.ml_log:240 [[92mINFO[0m] Logging to: https://wandb.ai/kriaz-msee20seecs-nust/ugttt-rebuttal/runs/y6y1mt4y
tinker_cookbook.utils.ml_log:143 [[92mINFO[0m] Wrote metrics to logs/aws/wave4/ahc039-base/metrics.jsonl
tinker_cookbook.utils.ml_log:240 [[92mINFO[0m] Logging to: https://wandb.ai/kriaz-msee20seecs-nust/ugttt-rebuttal/runs/y6y1mt4y
__main__:1949 [[92mINFO[0m]   [3][4/8] KEPT | R_exec=0.4091 (max=1.2532) RMI=0.0000 R_total=0.4091 | 2583.4s | GPU: 18.0/62.6GB
tinker_cookbook.utils.ml_log:143 [[92mINFO[0m] Wrote metrics to logs/aws/wave4/ahc039-base/metrics.jsonl
tinker_cookbook.utils.ml_log:240 [[92mINFO[0m] Logging to: https://wandb.ai/kriaz-msee20seecs-nust/ugttt-rebuttal/runs/y6y1mt4y
tinker_cookbook.rl.ensemble:1082 [[92mINFO[0m]   generate_batch_multi_adapter_two_phase: N=8 phase1_max=26000 streaming_mi=False kv_q=False
tinker_cookbook.rl.ensemble:1270 [[92mINFO[0m]     [gen/p1] step=2048/23024 active=8/8 mi_stopped=0
tinker_cookbook.rl.ensemble:1270 [[92mINFO[0m]     [gen/p1] step=4096/23024 active=8/8 mi_stopped=0
tinker_cookbook.rl.ensemble:1270 [[92mINFO[0m]     [gen/p1] step=6144/23024 active=8/8 mi_stopped=0
tinker_cookbook.rl.ensemble:1270 [[92mINFO[0m]     [gen/p1] step=8192/23024 active=8/8 mi_stopped=0
tinker_cookbook.rl.ensemble:1270 [[92mINFO[0m]     [gen/p1] step=10240/23024 active=8/8 mi_stopped=0
tinker_cookbook.rl.ensemble:1270 [[92mINFO[0m]     [gen/p1] step=12288/23024 active=7/8 mi_stopped=0
tinker_cookbook.rl.ensemble:1270 [[92mINFO[0m]     [gen/p1] step=14336/23024 active=6/8 mi_stopped=0
tinker_cookbook.rl.ensemble:1270 [[92mINFO[0m]     [gen/p1] step=16384/23024 active=5/8 mi_stopped=0
tinker_cookbook.rl.ensemble:1270 [[92mINFO[0m]     [gen/p1] step=18432/23024 active=4/8 mi_stopped=0
tinker_cookbook.rl.ensemble:1270 [[92mINFO[0m]     [gen/p1] step=20480/23024 active=1/8 mi_stopped=0
tinker_cookbook.rl.ensemble:1270 [[92mINFO[0m]     [gen/p1] step=22528/23024 active=1/8 mi_stopped=0
__main__:1078 [[92mINFO[0m]   Group 4: multi-adapter generation 8 seqs in 2898.2s
[36m(run_cases_remote pid=960220)[0m [2026-07-30 16:15:20,792 E 960220 960558] core_worker_process.cc:825: Failed to establish connection to the metrics exporter agent. Metrics will not be exported. Exporter agent status: RpcError: Running out of retries to initialize the metrics agent. rpc_code: 14
[36m(run_cases_remote pid=960213)[0m [2026-07-30 16:15:20,764 E 960213 960264] core_worker_process.cc:825: Failed to establish connection to the metrics exporter agent. Metrics will not be exported. Exporter agent status: RpcError: Running out of retries to initialize the metrics agent. rpc_code: 14
[36m(run_cases_remote pid=960214)[0m [2026-07-30 16:15:20,832 E 960214 960627] core_worker_process.cc:825: Failed to establish connection to the metrics exporter agent. Metrics will not be exported. Exporter agent status: RpcError: Running out of retries to initialize the metrics agent. rpc_code: 14
[36m(run_cases_remote pid=960215)[0m [2026-07-30 16:15:20,829 E 960215 960594] core_worker_process.cc:825: Failed to establish connection to the metrics exporter agent. Metrics will not be exported. Exporter agent status: RpcError: Running out of retries to initialize the metrics agent. rpc_code: 14
[36m(run_single_case_remote pid=960866)[0m [2026-07-30 16:15:22,383 E 960866 961152] core_worker_process.cc:825: Failed to establish connection to the metrics exporter agent. Metrics will not be exported. Exporter agent status: RpcError: Running out of retries to initialize the metrics agent. rpc_code: 14
[36m(run_single_case_remote pid=961394)[0m [2026-07-30 16:15:25,566 E 961394 961429] core_worker_process.cc:825: Failed to establish connection to the metrics exporter agent. Metrics will not be exported. Exporter agent status: RpcError: Running out of retries to initialize the metrics agent. rpc_code: 14
[36m(run_cases_remote pid=960216)[0m 2026-07-30 16:15:53,955 - WARNING - [GEN cbebedfa] [RUN_CASES] Slow evaluation: 61.9s for 150 cases (avg 0.41s/case)
[36m(run_cases_remote pid=960213)[0m 2026-07-30 16:16:35,741 - WARNING - [GEN 898916ef] [RUN_CASES] Early stop: Case 92 failed with TIME_LIMIT_EXCEEDED. Message: Time limit exceeded: CPU time exceeded: 2.110s > 2.0s
[36m(run_cases_remote pid=960213)[0m 2026-07-30 16:16:35,742 - WARNING - [GEN 898916ef] [RUN_CASES] Slow evaluation: 103.6s for 150 cases (avg 0.69s/case)
[36m(run_cases_remote pid=960220)[0m 2026-07-30 16:17:18,706 - WARNING - [GEN aa2af29e] [RUN_CASES] Early stop: Case 42 failed with TIME_LIMIT_EXCEEDED. Message: Time limit exceeded: CPU limit exceeded (prlimit killed process)
[36m(run_cases_remote pid=960220)[0m 2026-07-30 16:17:18,706 - WARNING - [GEN aa2af29e] [RUN_CASES] Slow evaluation: 146.3s for 150 cases (avg 0.98s/case)
[36m(run_cases_remote pid=960218)[0m 2026-07-30 16:18:08,515 - WARNING - [GEN 1e23af66] [RUN_CASES] Slow evaluation: 196.4s for 150 cases (avg 1.31s/case)
[36m(run_cases_remote pid=960219)[0m 2026-07-30 16:18:17,662 - WARNING - [GEN ab83fab3] [RUN_CASES] Slow evaluation: 205.5s for 150 cases (avg 1.37s/case)
[36m(run_cases_remote pid=960214)[0m 2026-07-30 16:19:14,124 - WARNING - [GEN 46a0e624] [RUN_CASES] Slow evaluation: 262.0s for 150 cases (avg 1.75s/case)
[36m(run_cases_remote pid=960217)[0m 2026-07-30 16:19:42,279 - WARNING - [GEN f290dd2a] [RUN_CASES] Early stop: Case 92 failed with TIME_LIMIT_EXCEEDED. Message: Time limit exceeded: CPU time exceeded: 2.080s > 2.0s
[36m(run_cases_remote pid=960217)[0m 2026-07-30 16:19:42,280 - WARNING - [GEN f290dd2a] [RUN_CASES] Slow evaluation: 290.1s for 150 cases (avg 1.93s/case)
__main__:1108 [[92mINFO[0m]   Group 4: rewards computed in 339.9s
__main__:1150 [[92mINFO[0m]     [g4][r1/8] adapter=0 R_exec=1.2532 true_MI=0.00000 RMI=0.0000 R_total=1.2532 correct=1 tokens=20255
__main__:1150 [[92mINFO[0m]     [g4][r2/8] adapter=0 R_exec=0.0000 true_MI=0.00000 RMI=0.0000 R_total=0.0000 correct=0 tokens=13262
__main__:1150 [[92mINFO[0m]     [g4][r3/8] adapter=0 R_exec=1.2532 true_MI=0.00000 RMI=0.0000 R_total=1.2532 correct=1 tokens=17216
__main__:1150 [[92mINFO[0m]     [g4][r4/8] adapter=0 R_exec=1.2532 true_MI=0.00000 RMI=0.0000 R_total=1.2532 correct=1 tokens=19355
__main__:1150 [[92mINFO[0m]     [g4][r5/8] adapter=0 R_exec=0.0000 true_MI=0.00000 RMI=0.0000 R_total=0.0000 correct=0 tokens=18459
__main__:1150 [[92mINFO[0m]     [g4][r6/8] adapter=0 R_exec=0.0000 true_MI=0.00000 RMI=0.0000 R_total=0.0000 correct=0 tokens=22547
__main__:1150 [[92mINFO[0m]     [g4][r7/8] adapter=0 R_exec=1.2532 true_MI=0.00000 RMI=0.0000 R_total=1.2532 correct=1 tokens=12176
__main__:1150 [[92mINFO[0m]     [g4][r8/8] adapter=0 R_exec=0.0000 true_MI=0.00000 RMI=0.0000 R_total=0.0000 correct=0 tokens=15454
__main__:1167 [[92mINFO[0m]   [g4] group true_MI: mean=0.00000 std=0.00000 max=0.00000 normalized=[0.00 0.00 0.00 0.00 0.00 0.00 0.00 0.00]
[36m(run_cases_remote pid=960215)[0m 2026-07-30 16:20:30,336 - WARNING - [GEN 08e0e8d6] [RUN_CASES] Early stop: Case 92 failed with TIME_LIMIT_EXCEEDED. Message: Time limit exceeded: CPU time exceeded: 2.060s > 2.0s
[36m(run_cases_remote pid=960215)[0m 2026-07-30 16:20:30,336 - WARNING - [GEN 08e0e8d6] [RUN_CASES] Slow evaluation: 338.1s for 150 cases (avg 2.25s/case)
tinker_cookbook.utils.ml_log:143 [[92mINFO[0m] Wrote metrics to logs/aws/wave4/ahc039-base/metrics.jsonl
tinker_cookbook.utils.ml_log:240 [[92mINFO[0m] Logging to: https://wandb.ai/kriaz-msee20seecs-nust/ugttt-rebuttal/runs/y6y1mt4y
tinker_cookbook.utils.ml_log:143 [[92mINFO[0m] Wrote metrics to logs/aws/wave4/ahc039-base/metrics.jsonl
tinker_cookbook.utils.ml_log:240 [[92mINFO[0m] Logging to: https://wandb.ai/kriaz-msee20seecs-nust/ugttt-rebuttal/runs/y6y1mt4y
tinker_cookbook.utils.ml_log:143 [[92mINFO[0m] Wrote metrics to logs/aws/wave4/ahc039-base/metrics.jsonl
tinker_cookbook.utils.ml_log:240 [[92mINFO[0m] Logging to: https://wandb.ai/kriaz-msee20seecs-nust/ugttt-rebuttal/runs/y6y1mt4y
tinker_cookbook.utils.ml_log:143 [[92mINFO[0m] Wrote metrics to logs/aws/wave4/ahc039-base/metrics.jsonl
tinker_cookbook.utils.ml_log:240 [[92mINFO[0m] Logging to: https://wandb.ai/kriaz-msee20seecs-nust/ugttt-rebuttal/runs/y6y1mt4y
tinker_cookbook.utils.ml_log:143 [[92mINFO[0m] Wrote metrics to logs/aws/wave4/ahc039-base/metrics.jsonl
tinker_cookbook.utils.ml_log:240 [[92mINFO[0m] Logging to: https://wandb.ai/kriaz-msee20seecs-nust/ugttt-rebuttal/runs/y6y1mt4y
tinker_cookbook.utils.ml_log:143 [[92mINFO[0m] Wrote metrics to logs/aws/wave4/ahc039-base/metrics.jsonl
tinker_cookbook.utils.ml_log:240 [[92mINFO[0m] Logging to: https://wandb.ai/kriaz-msee20seecs-nust/ugttt-rebuttal/runs/y6y1mt4y
tinker_cookbook.utils.ml_log:143 [[92mINFO[0m] Wrote metrics to logs/aws/wave4/ahc039-base/metrics.jsonl
tinker_cookbook.utils.ml_log:240 [[92mINFO[0m] Logging to: https://wandb.ai/kriaz-msee20seecs-nust/ugttt-rebuttal/runs/y6y1mt4y
tinker_cookbook.utils.ml_log:143 [[92mINFO[0m] Wrote metrics to logs/aws/wave4/ahc039-base/metrics.jsonl
tinker_cookbook.utils.ml_log:240 [[92mINFO[0m] Logging to: https://wandb.ai/kriaz-msee20seecs-nust/ugttt-rebuttal/runs/y6y1mt4y
__main__:1949 [[92mINFO[0m]   [3][5/8] KEPT | R_exec=0.6266 (max=1.2532) RMI=0.0000 R_total=0.6266 | 3238.2s | GPU: 18.0/63.3GB
tinker_cookbook.utils.ml_log:143 [[92mINFO[0m] Wrote metrics to logs/aws/wave4/ahc039-base/metrics.jsonl
tinker_cookbook.utils.ml_log:240 [[92mINFO[0m] Logging to: https://wandb.ai/kriaz-msee20seecs-nust/ugttt-rebuttal/runs/y6y1mt4y
tinker_cookbook.rl.ensemble:1082 [[92mINFO[0m]   generate_batch_multi_adapter_two_phase: N=8 phase1_max=26000 streaming_mi=False kv_q=False
tinker_cookbook.rl.ensemble:1270 [[92mINFO[0m]     [gen/p1] step=2048/23197 active=8/8 mi_stopped=0
tinker_cookbook.rl.ensemble:1270 [[92mINFO[0m]     [gen/p1] step=4096/23197 active=8/8 mi_stopped=0
tinker_cookbook.rl.ensemble:1270 [[92mINFO[0m]     [gen/p1] step=6144/23197 active=8/8 mi_stopped=0
tinker_cookbook.rl.ensemble:1270 [[92mINFO[0m]     [gen/p1] step=8192/23197 active=8/8 mi_stopped=0
tinker_cookbook.rl.ensemble:1270 [[92mINFO[0m]     [gen/p1] step=10240/23197 active=8/8 mi_stopped=0
tinker_cookbook.rl.ensemble:1270 [[92mINFO[0m]     [gen/p1] step=12288/23197 active=8/8 mi_stopped=0
tinker_cookbook.rl.ensemble:1270 [[92mINFO[0m]     [gen/p1] step=14336/23197 active=7/8 mi_stopped=0
tinker_cookbook.rl.ensemble:1270 [[92mINFO[0m]     [gen/p1] step=16384/23197 active=4/8 mi_stopped=0
tinker_cookbook.rl.ensemble:1270 [[92mINFO[0m]     [gen/p1] step=18432/23197 active=4/8 mi_stopped=0
tinker_cookbook.rl.ensemble:1270 [[92mINFO[0m]     [gen/p1] step=20480/23197 active=1/8 mi_stopped=0
__main__:1078 [[92mINFO[0m]   Group 5: multi-adapter generation 8 seqs in 2476.2s
[36m(run_cases_remote pid=970097)[0m [2026-07-30 17:02:17,210 E 970097 970260] core_worker_process.cc:825: Failed to establish connection to the metrics exporter agent. Metrics will not be exported. Exporter agent status: RpcError: Running out of retries to initialize the metrics agent. rpc_code: 14
[36m(run_cases_remote pid=970099)[0m [2026-07-30 17:02:17,210 E 970099 970266] core_worker_process.cc:825: Failed to establish connection to the metrics exporter agent. Metrics will not be exported. Exporter agent status: RpcError: Running out of retries to initialize the metrics agent. rpc_code: 14
[36m(run_cases_remote pid=970100)[0m [2026-07-30 17:02:17,216 E 970100 970331] core_worker_process.cc:825: Failed to establish connection to the metrics exporter agent. Metrics will not be exported. Exporter agent status: RpcError: Running out of retries to initialize the metrics agent. rpc_code: 14
[36m(run_single_case_remote pid=970103)[0m [2026-07-30 17:02:17,226 E 970103 970458] core_worker_process.cc:825: Failed to establish connection to the metrics exporter agent. Metrics will not be exported. Exporter agent status: RpcError: Running out of retries to initialize the metrics agent. rpc_code: 14
[36m(run_single_case_remote pid=970527)[0m [2026-07-30 17:02:17,847 E 970527 970639] core_worker_process.cc:825: Failed to establish connection to the metrics exporter agent. Metrics will not be exported. Exporter agent status: RpcError: Running out of retries to initialize the metrics agent. rpc_code: 14
[36m(run_cases_remote pid=970097)[0m 2026-07-30 17:04:09,375 - WARNING - [GEN c6e3a2fe] [RUN_CASES] Slow evaluation: 140.9s for 150 cases (avg 0.94s/case)
[36m(run_cases_remote pid=970098)[0m 2026-07-30 17:04:18,058 - WARNING - [GEN 301c3b00] [RUN_CASES] Early stop: Case 98 failed with TIME_LIMIT_EXCEEDED. Message: Time limit exceeded: CPU limit exceeded (prlimit killed process)
[36m(run_cases_remote pid=970098)[0m 2026-07-30 17:04:18,059 - WARNING - [GEN 301c3b00] [RUN_CASES] Slow evaluation: 149.5s for 150 cases (avg 1.00s/case)
[36m(run_single_case_remote pid=978962)[0m [2026-07-30 17:10:04,083 E 978962 978997] core_worker_process.cc:825: Failed to establish connection to the metrics exporter agent. Metrics will not be exported. Exporter agent status: RpcError: Running out of retries to initialize the metrics agent. rpc_code: 14
[36m(run_single_case_remote pid=979703)[0m [2026-07-30 17:10:36,402 E 979703 979738] core_worker_process.cc:825: Failed to establish connection to the metrics exporter agent. Metrics will not be exported. Exporter agent status: RpcError: Running out of retries to initialize the metrics agent. rpc_code: 14
[36m(run_single_case_remote pid=979819)[0m [2026-07-30 17:10:37,347 E 979819 979862] core_worker_process.cc:825: Failed to establish connection to the metrics exporter agent. Metrics will not be exported. Exporter agent status: RpcError: Running out of retries to initialize the metrics agent. rpc_code: 14
[36m(run_cases_remote pid=960866)[0m 2026-07-30 17:10:55,773 - WARNING - [GEN fceef088] [RUN_CASES] Early stop: Case 42 failed with TIME_LIMIT_EXCEEDED. Message: Time limit exceeded: CPU time exceeded: 2.120s > 2.0s
[36m(run_cases_remote pid=960866)[0m 2026-07-30 17:10:55,774 - WARNING - [GEN fceef088] [RUN_CASES] Slow evaluation: 548.2s for 150 cases (avg 3.65s/case)
[36m(run_cases_remote pid=961394)[0m 2026-07-30 17:11:36,103 - WARNING - [GEN 5384f25d] [RUN_CASES] Slow evaluation: 588.4s for 150 cases (avg 3.92s/case)
[36m(run_cases_remote pid=970100)[0m 2026-07-30 17:11:37,111 - WARNING - [GEN b64e8a47] [RUN_CASES] Slow evaluation: 588.6s for 150 cases (avg 3.92s/case)
__main__:1108 [[92mINFO[0m]   Group 5: rewards computed in 615.6s
__main__:1150 [[92mINFO[0m]     [g5][r1/8] adapter=0 R_exec=1.2531 true_MI=0.00000 RMI=0.0000 R_total=1.2531 correct=1 tokens=19492
__main__:1150 [[92mINFO[0m]     [g5][r2/8] adapter=0 R_exec=1.0169 true_MI=0.00000 RMI=0.0000 R_total=1.0169 correct=1 tokens=15081
__main__:1150 [[92mINFO[0m]     [g5][r3/8] adapter=0 R_exec=0.0000 true_MI=0.00000 RMI=0.0000 R_total=0.0000 correct=0 tokens=14993
__main__:1150 [[92mINFO[0m]     [g5][r4/8] adapter=0 R_exec=1.2529 true_MI=0.00000 RMI=0.0000 R_total=1.2529 correct=1 tokens=16215
__main__:1150 [[92mINFO[0m]     [g5][r5/8] adapter=0 R_exec=0.0000 true_MI=0.00000 RMI=0.0000 R_total=0.0000 correct=0 tokens=14229
__main__:1150 [[92mINFO[0m]     [g5][r6/8] adapter=0 R_exec=0.0000 true_MI=0.00000 RMI=0.0000 R_total=0.0000 correct=0 tokens=19165
__main__:1150 [[92mINFO[0m]     [g5][r7/8] adapter=0 R_exec=0.0000 true_MI=0.00000 RMI=0.0000 R_total=0.0000 correct=0 tokens=19503
__main__:1150 [[92mINFO[0m]     [g5][r8/8] adapter=0 R_exec=1.2531 true_MI=0.00000 RMI=0.0000 R_total=1.2531 correct=1 tokens=20561
__main__:1167 [[92mINFO[0m]   [g5] group true_MI: mean=0.00000 std=0.00000 max=0.00000 normalized=[0.00 0.00 0.00 0.00 0.00 0.00 0.00 0.00]
[36m(run_cases_remote pid=970099)[0m 2026-07-30 17:12:02,426 - WARNING - [GEN 52c7b926] [RUN_CASES] Slow evaluation: 613.9s for 150 cases (avg 4.09s/case)
tinker_cookbook.utils.ml_log:143 [[92mINFO[0m] Wrote metrics to logs/aws/wave4/ahc039-base/metrics.jsonl
tinker_cookbook.utils.ml_log:240 [[92mINFO[0m] Logging to: https://wandb.ai/kriaz-msee20seecs-nust/ugttt-rebuttal/runs/y6y1mt4y
tinker_cookbook.utils.ml_log:143 [[92mINFO[0m] Wrote metrics to logs/aws/wave4/ahc039-base/metrics.jsonl
tinker_cookbook.utils.ml_log:240 [[92mINFO[0m] Logging to: https://wandb.ai/kriaz-msee20seecs-nust/ugttt-rebuttal/runs/y6y1mt4y
tinker_cookbook.utils.ml_log:143 [[92mINFO[0m] Wrote metrics to logs/aws/wave4/ahc039-base/metrics.jsonl
tinker_cookbook.utils.ml_log:240 [[92mINFO[0m] Logging to: https://wandb.ai/kriaz-msee20seecs-nust/ugttt-rebuttal/runs/y6y1mt4y
tinker_cookbook.utils.ml_log:143 [[92mINFO[0m] Wrote metrics to logs/aws/wave4/ahc039-base/metrics.jsonl
tinker_cookbook.utils.ml_log:240 [[92mINFO[0m] Logging to: https://wandb.ai/kriaz-msee20seecs-nust/ugttt-rebuttal/runs/y6y1mt4y
tinker_cookbook.utils.ml_log:143 [[92mINFO[0m] Wrote metrics to logs/aws/wave4/ahc039-base/metrics.jsonl
tinker_cookbook.utils.ml_log:240 [[92mINFO[0m] Logging to: https://wandb.ai/kriaz-msee20seecs-nust/ugttt-rebuttal/runs/y6y1mt4y
tinker_cookbook.utils.ml_log:143 [[92mINFO[0m] Wrote metrics to logs/aws/wave4/ahc039-base/metrics.jsonl
tinker_cookbook.utils.ml_log:240 [[92mINFO[0m] Logging to: https://wandb.ai/kriaz-msee20seecs-nust/ugttt-rebuttal/runs/y6y1mt4y
tinker_cookbook.utils.ml_log:143 [[92mINFO[0m] Wrote metrics to logs/aws/wave4/ahc039-base/metrics.jsonl
tinker_cookbook.utils.ml_log:240 [[92mINFO[0m] Logging to: https://wandb.ai/kriaz-msee20seecs-nust/ugttt-rebuttal/runs/y6y1mt4y
tinker_cookbook.utils.ml_log:143 [[92mINFO[0m] Wrote metrics to logs/aws/wave4/ahc039-base/metrics.jsonl
tinker_cookbook.utils.ml_log:240 [[92mINFO[0m] Logging to: https://wandb.ai/kriaz-msee20seecs-nust/ugttt-rebuttal/runs/y6y1mt4y
__main__:1949 [[92mINFO[0m]   [3][6/8] KEPT | R_exec=0.5970 (max=1.2531) RMI=0.0000 R_total=0.5970 | 3091.9s | GPU: 18.0/62.6GB
tinker_cookbook.utils.ml_log:143 [[92mINFO[0m] Wrote metrics to logs/aws/wave4/ahc039-base/metrics.jsonl
tinker_cookbook.utils.ml_log:240 [[92mINFO[0m] Logging to: https://wandb.ai/kriaz-msee20seecs-nust/ugttt-rebuttal/runs/y6y1mt4y
tinker_cookbook.rl.ensemble:1082 [[92mINFO[0m]   generate_batch_multi_adapter_two_phase: N=8 phase1_max=26000 streaming_mi=False kv_q=False
tinker_cookbook.rl.ensemble:1270 [[92mINFO[0m]     [gen/p1] step=2048/22909 active=8/8 mi_stopped=0
tinker_cookbook.rl.ensemble:1270 [[92mINFO[0m]     [gen/p1] step=4096/22909 active=8/8 mi_stopped=0
tinker_cookbook.rl.ensemble:1270 [[92mINFO[0m]     [gen/p1] step=6144/22909 active=8/8 mi_stopped=0
tinker_cookbook.rl.ensemble:1270 [[92mINFO[0m]     [gen/p1] step=8192/22909 active=8/8 mi_stopped=0
tinker_cookbook.rl.ensemble:1270 [[92mINFO[0m]     [gen/p1] step=10240/22909 active=8/8 mi_stopped=0
tinker_cookbook.rl.ensemble:1270 [[92mINFO[0m]     [gen/p1] step=12288/22909 active=8/8 mi_stopped=0
tinker_cookbook.rl.ensemble:1270 [[92mINFO[0m]     [gen/p1] step=14336/22909 active=6/8 mi_stopped=0
tinker_cookbook.rl.ensemble:1270 [[92mINFO[0m]     [gen/p1] step=16384/22909 active=2/8 mi_stopped=0
__main__:1078 [[92mINFO[0m]   Group 6: multi-adapter generation 8 seqs in 1917.9s
[36m(run_cases_remote pid=984573)[0m [2026-07-30 17:44:31,022 E 984573 984722] core_worker_process.cc:825: Failed to establish connection to the metrics exporter agent. Metrics will not be exported. Exporter agent status: RpcError: Running out of retries to initialize the metrics agent. rpc_code: 14
[36m(run_cases_remote pid=984576)[0m [2026-07-30 17:44:31,034 E 984576 984872] core_worker_process.cc:825: Failed to establish connection to the metrics exporter agent. Metrics will not be exported. Exporter agent status: RpcError: Running out of retries to initialize the metrics agent. rpc_code: 14
[36m(run_single_case_remote pid=984571)[0m [2026-07-30 17:44:31,072 E 984571 984963] core_worker_process.cc:825: Failed to establish connection to the metrics exporter agent. Metrics will not be exported. Exporter agent status: RpcError: Running out of retries to initialize the metrics agent. rpc_code: 14
[36m(run_single_case_remote pid=985062)[0m [2026-07-30 17:44:31,859 E 985062 985139] core_worker_process.cc:825: Failed to establish connection to the metrics exporter agent. Metrics will not be exported. Exporter agent status: RpcError: Running out of retries to initialize the metrics agent. rpc_code: 14
[36m(run_cases_remote pid=978962)[0m 2026-07-30 17:46:00,293 - WARNING - [GEN 9491c921] [RUN_CASES] Early stop: Case 126 failed with TIME_LIMIT_EXCEEDED. Message: Time limit exceeded: CPU time exceeded: 2.400s > 2.0s
[36m(run_cases_remote pid=978962)[0m 2026-07-30 17:46:00,293 - WARNING - [GEN 9491c921] [RUN_CASES] Slow evaluation: 118.7s for 150 cases (avg 0.79s/case)
__main__:1108 [[92mINFO[0m]   Group 6: rewards computed in 135.5s
__main__:1150 [[92mINFO[0m]     [g6][r1/8] adapter=0 R_exec=1.1698 true_MI=0.00000 RMI=0.0000 R_total=1.1698 correct=1 tokens=15778
__main__:1150 [[92mINFO[0m]     [g6][r2/8] adapter=0 R_exec=1.2530 true_MI=0.00000 RMI=0.0000 R_total=1.2530 correct=1 tokens=14317
__main__:1150 [[92mINFO[0m]     [g6][r3/8] adapter=0 R_exec=0.0000 true_MI=0.00000 RMI=0.0000 R_total=0.0000 correct=0 tokens=16734
[36m(run_cases_remote pid=984576)[0m 2026-07-30 17:46:16,148 - WARNING - [GEN 387dcb83] [RUN_CASES] Slow evaluation: 133.6s for 150 cases (avg 0.89s/case)
__main__:1150 [[92mINFO[0m]     [g6][r4/8] adapter=0 R_exec=1.2530 true_MI=0.00000 RMI=0.0000 R_total=1.2530 correct=1 tokens=17294
__main__:1150 [[92mINFO[0m]     [g6][r5/8] adapter=0 R_exec=1.1538 true_MI=0.00000 RMI=0.0000 R_total=1.1538 correct=1 tokens=16258
__main__:1150 [[92mINFO[0m]     [g6][r6/8] adapter=0 R_exec=0.0000 true_MI=0.00000 RMI=0.0000 R_total=0.0000 correct=0 tokens=16342
__main__:1150 [[92mINFO[0m]     [g6][r7/8] adapter=0 R_exec=1.2530 true_MI=0.00000 RMI=0.0000 R_total=1.2530 correct=1 tokens=13924
__main__:1150 [[92mINFO[0m]     [g6][r8/8] adapter=0 R_exec=0.0000 true_MI=0.00000 RMI=0.0000 R_total=0.0000 correct=0 tokens=14831
__main__:1167 [[92mINFO[0m]   [g6] group true_MI: mean=0.00000 std=0.00000 max=0.00000 normalized=[0.00 0.00 0.00 0.00 0.00 0.00 0.00 0.00]
tinker_cookbook.utils.ml_log:143 [[92mINFO[0m] Wrote metrics to logs/aws/wave4/ahc039-base/metrics.jsonl
tinker_cookbook.utils.ml_log:240 [[92mINFO[0m] Logging to: https://wandb.ai/kriaz-msee20seecs-nust/ugttt-rebuttal/runs/y6y1mt4y
tinker_cookbook.utils.ml_log:143 [[92mINFO[0m] Wrote metrics to logs/aws/wave4/ahc039-base/metrics.jsonl
tinker_cookbook.utils.ml_log:240 [[92mINFO[0m] Logging to: https://wandb.ai/kriaz-msee20seecs-nust/ugttt-rebuttal/runs/y6y1mt4y
tinker_cookbook.utils.ml_log:143 [[92mINFO[0m] Wrote metrics to logs/aws/wave4/ahc039-base/metrics.jsonl
tinker_cookbook.utils.ml_log:240 [[92mINFO[0m] Logging to: https://wandb.ai/kriaz-msee20seecs-nust/ugttt-rebuttal/runs/y6y1mt4y
tinker_cookbook.utils.ml_log:143 [[92mINFO[0m] Wrote metrics to logs/aws/wave4/ahc039-base/metrics.jsonl
tinker_cookbook.utils.ml_log:240 [[92mINFO[0m] Logging to: https://wandb.ai/kriaz-msee20seecs-nust/ugttt-rebuttal/runs/y6y1mt4y
tinker_cookbook.utils.ml_log:143 [[92mINFO[0m] Wrote metrics to logs/aws/wave4/ahc039-base/metrics.jsonl
tinker_cookbook.utils.ml_log:240 [[92mINFO[0m] Logging to: https://wandb.ai/kriaz-msee20seecs-nust/ugttt-rebuttal/runs/y6y1mt4y
tinker_cookbook.utils.ml_log:143 [[92mINFO[0m] Wrote metrics to logs/aws/wave4/ahc039-base/metrics.jsonl
tinker_cookbook.utils.ml_log:240 [[92mINFO[0m] Logging to: https://wandb.ai/kriaz-msee20seecs-nust/ugttt-rebuttal/runs/y6y1mt4y
tinker_cookbook.utils.ml_log:143 [[92mINFO[0m] Wrote metrics to logs/aws/wave4/ahc039-base/metrics.jsonl
tinker_cookbook.utils.ml_log:240 [[92mINFO[0m] Logging to: https://wandb.ai/kriaz-msee20seecs-nust/ugttt-rebuttal/runs/y6y1mt4y
tinker_cookbook.utils.ml_log:143 [[92mINFO[0m] Wrote metrics to logs/aws/wave4/ahc039-base/metrics.jsonl
tinker_cookbook.utils.ml_log:240 [[92mINFO[0m] Logging to: https://wandb.ai/kriaz-msee20seecs-nust/ugttt-rebuttal/runs/y6y1mt4y
__main__:1949 [[92mINFO[0m]   [3][7/8] KEPT | R_exec=0.7603 (max=1.2530) RMI=0.0000 R_total=0.7603 | 2053.5s | GPU: 18.0/62.8GB
tinker_cookbook.utils.ml_log:143 [[92mINFO[0m] Wrote metrics to logs/aws/wave4/ahc039-base/metrics.jsonl
tinker_cookbook.utils.ml_log:240 [[92mINFO[0m] Logging to: https://wandb.ai/kriaz-msee20seecs-nust/ugttt-rebuttal/runs/y6y1mt4y
tinker_cookbook.rl.ensemble:1082 [[92mINFO[0m]   generate_batch_multi_adapter_two_phase: N=8 phase1_max=26000 streaming_mi=False kv_q=False
tinker_cookbook.rl.ensemble:1270 [[92mINFO[0m]     [gen/p1] step=2048/22918 active=8/8 mi_stopped=0
tinker_cookbook.rl.ensemble:1270 [[92mINFO[0m]     [gen/p1] step=4096/22918 active=8/8 mi_stopped=0
tinker_cookbook.rl.ensemble:1270 [[92mINFO[0m]     [gen/p1] step=6144/22918 active=8/8 mi_stopped=0
tinker_cookbook.rl.ensemble:1270 [[92mINFO[0m]     [gen/p1] step=8192/22918 active=8/8 mi_stopped=0
tinker_cookbook.rl.ensemble:1270 [[92mINFO[0m]     [gen/p1] step=10240/22918 active=8/8 mi_stopped=0
tinker_cookbook.rl.ensemble:1270 [[92mINFO[0m]     [gen/p1] step=12288/22918 active=8/8 mi_stopped=0
tinker_cookbook.rl.ensemble:1270 [[92mINFO[0m]     [gen/p1] step=14336/22918 active=8/8 mi_stopped=0
tinker_cookbook.rl.ensemble:1270 [[92mINFO[0m]     [gen/p1] step=16384/22918 active=6/8 mi_stopped=0
tinker_cookbook.rl.ensemble:1270 [[92mINFO[0m]     [gen/p1] step=18432/22918 active=4/8 mi_stopped=0
__main__:1078 [[92mINFO[0m]   Group 7: multi-adapter generation 8 seqs in 2436.4s
[36m(run_cases_remote pid=999266)[0m [2026-07-30 18:27:23,187 E 999266 999643] core_worker_process.cc:825: Failed to establish connection to the metrics exporter agent. Metrics will not be exported. Exporter agent status: RpcError: Running out of retries to initialize the metrics agent. rpc_code: 14
[36m(run_single_case_remote pid=1000050)[0m [2026-07-30 18:27:24,944 E 1000050 1000146] core_worker_process.cc:825: Failed to establish connection to the metrics exporter agent. Metrics will not be exported. Exporter agent status: RpcError: Running out of retries to initialize the metrics agent. rpc_code: 14
[36m(run_single_case_remote pid=1001199)[0m [2026-07-30 18:27:28,029 E 1001199 1001344] core_worker_process.cc:825: Failed to establish connection to the metrics exporter agent. Metrics will not be exported. Exporter agent status: RpcError: Running out of retries to initialize the metrics agent. rpc_code: 14
__main__:1108 [[92mINFO[0m]   Group 7: rewards computed in 50.8s
__main__:1150 [[92mINFO[0m]     [g7][r1/8] adapter=0 R_exec=0.0000 true_MI=0.00000 RMI=0.0000 R_total=0.0000 correct=0 tokens=20141
__main__:1150 [[92mINFO[0m]     [g7][r2/8] adapter=0 R_exec=0.0000 true_MI=0.00000 RMI=0.0000 R_total=0.0000 correct=0 tokens=16048
__main__:1150 [[92mINFO[0m]     [g7][r3/8] adapter=0 R_exec=0.0000 true_MI=0.00000 RMI=0.0000 R_total=0.0000 correct=0 tokens=19754
__main__:1150 [[92mINFO[0m]     [g7][r4/8] adapter=0 R_exec=0.0000 true_MI=0.00000 RMI=0.0000 R_total=0.0000 correct=0 tokens=17365
__main__:1150 [[92mINFO[0m]     [g7][r5/8] adapter=0 R_exec=0.0000 true_MI=0.00000 RMI=0.0000 R_total=0.0000 correct=0 tokens=18367
__main__:1150 [[92mINFO[0m]     [g7][r6/8] adapter=0 R_exec=0.0968 true_MI=0.00000 RMI=0.0000 R_total=0.0968 correct=1 tokens=18665
__main__:1150 [[92mINFO[0m]     [g7][r7/8] adapter=0 R_exec=0.0000 true_MI=0.00000 RMI=0.0000 R_total=0.0000 correct=0 tokens=15162
__main__:1150 [[92mINFO[0m]     [g7][r8/8] adapter=0 R_exec=0.0000 true_MI=0.00000 RMI=0.0000 R_total=0.0000 correct=0 tokens=18751
__main__:1167 [[92mINFO[0m]   [g7] group true_MI: mean=0.00000 std=0.00000 max=0.00000 normalized=[0.00 0.00 0.00 0.00 0.00 0.00 0.00 0.00]
[36m(run_cases_remote pid=999266)[0m 2026-07-30 18:27:43,653 - WARNING - [GEN 4e8c471f] [RUN_CASES] Early stop: Case 42 failed with TIME_LIMIT_EXCEEDED. Message: Time limit exceeded: CPU limit exceeded (prlimit killed process)
tinker_cookbook.utils.ml_log:143 [[92mINFO[0m] Wrote metrics to logs/aws/wave4/ahc039-base/metrics.jsonl
tinker_cookbook.utils.ml_log:240 [[92mINFO[0m] Logging to: https://wandb.ai/kriaz-msee20seecs-nust/ugttt-rebuttal/runs/y6y1mt4y
tinker_cookbook.utils.ml_log:143 [[92mINFO[0m] Wrote metrics to logs/aws/wave4/ahc039-base/metrics.jsonl
tinker_cookbook.utils.ml_log:240 [[92mINFO[0m] Logging to: https://wandb.ai/kriaz-msee20seecs-nust/ugttt-rebuttal/runs/y6y1mt4y
tinker_cookbook.utils.ml_log:143 [[92mINFO[0m] Wrote metrics to logs/aws/wave4/ahc039-base/metrics.jsonl
tinker_cookbook.utils.ml_log:240 [[92mINFO[0m] Logging to: https://wandb.ai/kriaz-msee20seecs-nust/ugttt-rebuttal/runs/y6y1mt4y
tinker_cookbook.utils.ml_log:143 [[92mINFO[0m] Wrote metrics to logs/aws/wave4/ahc039-base/metrics.jsonl
tinker_cookbook.utils.ml_log:240 [[92mINFO[0m] Logging to: https://wandb.ai/kriaz-msee20seecs-nust/ugttt-rebuttal/runs/y6y1mt4y
tinker_cookbook.utils.ml_log:143 [[92mINFO[0m] Wrote metrics to logs/aws/wave4/ahc039-base/metrics.jsonl
tinker_cookbook.utils.ml_log:240 [[92mINFO[0m] Logging to: https://wandb.ai/kriaz-msee20seecs-nust/ugttt-rebuttal/runs/y6y1mt4y
tinker_cookbook.utils.ml_log:143 [[92mINFO[0m] Wrote metrics to logs/aws/wave4/ahc039-base/metrics.jsonl
tinker_cookbook.utils.ml_log:240 [[92mINFO[0m] Logging to: https://wandb.ai/kriaz-msee20seecs-nust/ugttt-rebuttal/runs/y6y1mt4y
tinker_cookbook.utils.ml_log:143 [[92mINFO[0m] Wrote metrics to logs/aws/wave4/ahc039-base/metrics.jsonl
tinker_cookbook.utils.ml_log:240 [[92mINFO[0m] Logging to: https://wandb.ai/kriaz-msee20seecs-nust/ugttt-rebuttal/runs/y6y1mt4y
tinker_cookbook.utils.ml_log:143 [[92mINFO[0m] Wrote metrics to logs/aws/wave4/ahc039-base/metrics.jsonl
tinker_cookbook.utils.ml_log:240 [[92mINFO[0m] Logging to: https://wandb.ai/kriaz-msee20seecs-nust/ugttt-rebuttal/runs/y6y1mt4y
__main__:1949 [[92mINFO[0m]   [3][8/8] KEPT | R_exec=0.0121 (max=0.0968) RMI=0.0000 R_total=0.0121 | 2487.3s | GPU: 18.0/63.2GB
tinker_cookbook.utils.ml_log:143 [[92mINFO[0m] Wrote metrics to logs/aws/wave4/ahc039-base/metrics.jsonl
tinker_cookbook.utils.ml_log:240 [[92mINFO[0m] Logging to: https://wandb.ai/kriaz-msee20seecs-nust/ugttt-rebuttal/runs/y6y1mt4y
__main__:1988 [[92mINFO[0m] [Epoch 3] Rollout phase done in 21594.4s. Training on 8/8 groups...
tinker_cookbook.utils.ml_log:143 [[92mINFO[0m] Wrote metrics to logs/aws/wave4/ahc039-base/metrics.jsonl
tinker_cookbook.utils.ml_log:195 [[92mINFO[0m] 
┏━━━━━━━━━━━━━━━━━━━━━━━━━━━━━━━━┳━━━━━━━━━━━━━━┓
┃ Metric                         ┃ Value        ┃
┡━━━━━━━━━━━━━━━━━━━━━━━━━━━━━━━━╇━━━━━━━━━━━━━━┩
│ gpu/memory_allocated_gb        │ 18.092511    │
│ gpu/memory_peak_gb             │ 62.411832    │
│ gpu/memory_reserved_gb         │ 18.123588    │
│ kl_policy_base                 │ 0.002988     │
│ optim/entropy                  │ 0.467360     │
│ optim/kl_sample_train_v1       │ 0.000107     │
│ optim/kl_sample_train_v2       │ 0.000098     │
│ progress/done_frac             │ 0.666667     │
│ progress/epoch                 │ 3            │
│ rollout/groups_attempted       │ 8.000000     │
│ rollout/groups_filtered        │ 0.000000     │
│ rollout/groups_kept            │ 8.000000     │
│ rollout/intra_group_reward_std │ 0.508428     │
│ time/rollout                   │ 21594.393903 │
│ time/total                     │ 22143.225083 │
│ time/train                     │ 548.722681   │
│ train/advantage/max            │ 10.768045    │
│ train/advantage/mean           │ 0.289625     │
│ train/advantage/min            │ -1.000000    │
│ train/advantage/std            │ 1.792866     │
│ train/beta/mean                │ 1750.152724  │
│ train/beta/std                 │ 4429.828870  │
│ train/correctness/mean         │ 0.562500     │
│ train/correctness/rate         │ 0.562500     │
│ train/ensemble/frac_high_disa… │ 0.000000     │
│ train/ensemble/max_token_disa… │ nan          │
│ train/ensemble/member_logprob… │ 0.000000     │
│ train/ensemble/member_logprob… │ nan          │
│ train/gamma_eff/mean           │ 0.000000     │
│ train/gen/num_tokens/max       │ 22547.000000 │
│ train/gen/num_tokens/mean      │ 16783.234375 │
│ train/gen/num_tokens/std       │ 2377.077202  │
│ train/loss                     │ -0.289657    │
│ train/nnm_loss                 │ 0.000000     │
│ train/nnm_nuclear_norm         │ 0.000000     │
│ train/num_groups               │ 8.000000     │
│ train/num_rollouts             │ 64.000000    │
│ train/num_rollouts_total       │ 64.000000    │
│ train/reward/exec/best         │ 1.255773     │
│ train/reward/exec/max          │ 1.255773     │
│ train/reward/exec/mean         │ 0.613561     │
│ train/reward/exec/min          │ 0.000000     │
│ train/reward/exec/std          │ 0.605111     │
│ train/reward/rmi/max           │ 0.000000     │
│ train/reward/rmi/mean          │ 0.000000     │
│ train/reward/rmi/min           │ 0.000000     │
│ train/reward/rmi/std           │ 0.000000     │
│ train/reward/total/best        │ 1.255773     │
│ train/reward/total/max         │ 1.255773     │
│ train/reward/total/mean        │ 0.613561     │
│ train/reward/total/min         │ 0.000000     │
│ train/reward/total/std         │ 0.605111     │
│ train/streaming_mi/stop_rate   │ 0.000000     │
│ train/streaming_mi/tokens_sav… │ 0.000000     │
│ train/streaming_mi/tokens_sav… │ 0.000000     │
│ train/two_phase/phase1_tokens… │ 16783.234375 │
│ train/two_phase/phase2_tokens… │ 0.000000     │
│ train/two_phase/prefill_rate   │ 0.000000     │
│ train/uncertainty/predictive_… │ 0.000000     │
│ train/uncertainty/predictive_… │ 0.000000     │
│ train/uncertainty/predictive_… │ 0.000000     │
│ train/uncertainty/predictive_… │ 0.000000     │
│ train/uncertainty/predictive_… │ 0.000000     │
│ train/uncertainty/predictive_… │ 0.000000     │
│ train/uncertainty/predictive_… │ 0.000000     │
│ train/uncertainty/predictive_… │ 0.000000     │
│ train/uncertainty/rmi/max      │ 0.000000     │
│ train/uncertainty/rmi/mean     │ 0.000000     │
│ train/uncertainty/rmi/min      │ 0.000000     │
│ train/uncertainty/rmi/std      │ 0.000000     │
│ train/uncertainty/rmi_top7/max │ 0.000000     │
│ train/uncertainty/rmi_top7/me… │ 0.000000     │
│ train/uncertainty/rmi_top7/min │ 0.000000     │
│ train/uncertainty/rmi_top7/std │ 0.000000     │
│ train/uncertainty/top7_mi_cod… │ 0.000000     │
│ train/uncertainty/top7_mi_cod… │ 0.000000     │
│ train/uncertainty/top7_mi_thi… │ 0.000000     │
│ train/uncertainty/top7_mi_thi… │ 0.000000     │
│ train/uncertainty/top7_pct_co… │ 0.000000     │
│ train/uncertainty/top7_pct_co… │ 0.000000     │
│ train/uncertainty/top7_pct_th… │ 1.000000     │
│ train/uncertainty/top7_pct_th… │ 0.000000     │
│ train/uncertainty/true_mi/max  │ 0.000000     │
│ train/uncertainty/true_mi/mean │ 0.000000     │
│ train/uncertainty/true_mi/min  │ 0.000000     │
│ train/uncertainty/true_mi/std  │ 0.000000     │
│ train/uncertainty/variance/max │ nan          │
│ train/uncertainty/variance/me… │ nan          │
│ train/uncertainty/variance/min │ nan          │
│ train/uncertainty/variance/std │ nan          │
│ train/uncertainty/variance_to… │ nan          │
│ train/uncertainty/variance_to… │ nan          │
│ train/uncertainty/variance_to… │ nan          │
│ train/uncertainty/variance_to… │ nan          │
└────────────────────────────────┴──────────────┘
tinker_cookbook.utils.ml_log:240 [[92mINFO[0m] Logging to: https://wandb.ai/kriaz-msee20seecs-nust/ugttt-rebuttal/runs/y6y1mt4y
__main__:2062 [[92mINFO[0m] [Epoch 3] R_exec=0.6136 (max=1.2558 best=1.2558) RMI=0.0000 beta=1750.15 corr=56.2% loss=-0.2897 groups=8/8 time=22143.2s
__main__:2073 [[92mINFO[0m] Checkpoint saved at epoch 3
__main__:1836 [[92mINFO[0m] [Epoch 4/6] Starting rollout phase: 8 groups × 8 rollouts
tinker_cookbook.rl.ensemble:1082 [[92mINFO[0m]   generate_batch_multi_adapter_two_phase: N=8 phase1_max=26000 streaming_mi=False kv_q=False
tinker_cookbook.rl.ensemble:1270 [[92mINFO[0m]     [gen/p1] step=2048/22760 active=8/8 mi_stopped=0
tinker_cookbook.rl.ensemble:1270 [[92mINFO[0m]     [gen/p1] step=4096/22760 active=8/8 mi_stopped=0
tinker_cookbook.rl.ensemble:1270 [[92mINFO[0m]     [gen/p1] step=6144/22760 active=8/8 mi_stopped=0
tinker_cookbook.rl.ensemble:1270 [[92mINFO[0m]     [gen/p1] step=8192/22760 active=8/8 mi_stopped=0
tinker_cookbook.rl.ensemble:1270 [[92mINFO[0m]     [gen/p1] step=10240/22760 active=8/8 mi_stopped=0
tinker_cookbook.rl.ensemble:1270 [[92mINFO[0m]     [gen/p1] step=12288/22760 active=7/8 mi_stopped=0
tinker_cookbook.rl.ensemble:1270 [[92mINFO[0m]     [gen/p1] step=14336/22760 active=4/8 mi_stopped=0
tinker_cookbook.rl.ensemble:1270 [[92mINFO[0m]     [gen/p1] step=16384/22760 active=2/8 mi_stopped=0
tinker_cookbook.rl.ensemble:1270 [[92mINFO[0m]     [gen/p1] step=18432/22760 active=2/8 mi_stopped=0
__main__:1078 [[92mINFO[0m]   Group 0: multi-adapter generation 8 seqs in 2200.3s
[36m(run_cases_remote pid=1011199)[0m [2026-07-30 19:14:03,523 E 1011199 1011535] core_worker_process.cc:825: Failed to establish connection to the metrics exporter agent. Metrics will not be exported. Exporter agent status: RpcError: Running out of retries to initialize the metrics agent. rpc_code: 14
[36m(run_cases_remote pid=1011193)[0m [2026-07-30 19:14:03,507 E 1011193 1011344] core_worker_process.cc:825: Failed to establish connection to the metrics exporter agent. Metrics will not be exported. Exporter agent status: RpcError: Running out of retries to initialize the metrics agent. rpc_code: 14
[36m(run_cases_remote pid=1011197)[0m [2026-07-30 19:14:03,513 E 1011197 1011446] core_worker_process.cc:825: Failed to establish connection to the metrics exporter agent. Metrics will not be exported. Exporter agent status: RpcError: Running out of retries to initialize the metrics agent. rpc_code: 14
[36m(run_cases_remote pid=1011194)[0m [2026-07-30 19:14:03,557 E 1011194 1011604] core_worker_process.cc:825: Failed to establish connection to the metrics exporter agent. Metrics will not be exported. Exporter agent status: RpcError: Running out of retries to initialize the metrics agent. rpc_code: 14
[36m(run_single_case_remote pid=1011853)[0m [2026-07-30 19:14:06,038 E 1011853 1012133] core_worker_process.cc:825: Failed to establish connection to the metrics exporter agent. Metrics will not be exported. Exporter agent status: RpcError: Running out of retries to initialize the metrics agent. rpc_code: 14
[36m(run_single_case_remote pid=1012361)[0m [2026-07-30 19:14:09,018 E 1012361 1012396] core_worker_process.cc:825: Failed to establish connection to the metrics exporter agent. Metrics will not be exported. Exporter agent status: RpcError: Running out of retries to initialize the metrics agent. rpc_code: 14
[36m(run_cases_remote pid=1011199)[0m 2026-07-30 19:14:49,637 - WARNING - [GEN 29b37f6f] [RUN_CASES] Early stop: Case 59 failed with TIME_LIMIT_EXCEEDED. Message: Time limit exceeded: CPU time exceeded: 2.080s > 2.0s
[36m(run_cases_remote pid=1011199)[0m 2026-07-30 19:14:49,637 - WARNING - [GEN 29b37f6f] [RUN_CASES] Slow evaluation: 73.9s for 150 cases (avg 0.49s/case)
[36m(run_cases_remote pid=1011198)[0m 2026-07-30 19:15:18,527 - WARNING - [GEN 5e930f1c] [RUN_CASES] Slow evaluation: 102.7s for 150 cases (avg 0.68s/case)
[36m(run_cases_remote pid=1011194)[0m 2026-07-30 19:16:17,948 - WARNING - [GEN 785aae42] [RUN_CASES] Early stop: Case 92 failed with TIME_LIMIT_EXCEEDED. Message: Time limit exceeded: CPU time exceeded: 2.190s > 2.0s
[36m(run_cases_remote pid=1011194)[0m 2026-07-30 19:16:17,948 - WARNING - [GEN 785aae42] [RUN_CASES] Slow evaluation: 162.2s for 150 cases (avg 1.08s/case)
[36m(run_cases_remote pid=1011193)[0m 2026-07-30 19:16:54,955 - WARNING - [GEN cb854143] [RUN_CASES] Slow evaluation: 199.2s for 150 cases (avg 1.33s/case)
[36m(run_cases_remote pid=1011200)[0m 2026-07-30 19:17:40,479 - WARNING - [GEN 9f1d9f07] [RUN_CASES] Slow evaluation: 244.7s for 150 cases (avg 1.63s/case)
[36m(run_cases_remote pid=1011195)[0m 2026-07-30 19:17:45,883 - WARNING - [GEN f09c891d] [RUN_CASES] Slow evaluation: 250.1s for 150 cases (avg 1.67s/case)
[36m(run_cases_remote pid=1011196)[0m 2026-07-30 19:18:09,430 - WARNING - [GEN 763a692b] [RUN_CASES] Early stop: Case 122 failed with TIME_LIMIT_EXCEEDED. Message: Time limit exceeded: CPU time exceeded: 2.080s > 2.0s
[36m(run_cases_remote pid=1011196)[0m 2026-07-30 19:18:09,431 - WARNING - [GEN 763a692b] [RUN_CASES] Slow evaluation: 273.6s for 150 cases (avg 1.82s/case)
__main__:1108 [[92mINFO[0m]   Group 0: rewards computed in 323.9s
__main__:1150 [[92mINFO[0m]     [g0][r1/8] adapter=0 R_exec=0.0000 true_MI=0.00000 RMI=0.0000 R_total=0.0000 correct=0 tokens=11348
__main__:1150 [[92mINFO[0m]     [g0][r2/8] adapter=0 R_exec=0.0968 true_MI=0.00000 RMI=0.0000 R_total=0.0968 correct=1 tokens=18609
__main__:1150 [[92mINFO[0m]     [g0][r3/8] adapter=0 R_exec=1.2558 true_MI=0.00000 RMI=0.0000 R_total=1.2558 correct=1 tokens=14842
__main__:1150 [[92mINFO[0m]     [g0][r4/8] adapter=0 R_exec=0.0000 true_MI=0.00000 RMI=0.0000 R_total=0.0000 correct=0 tokens=14500
__main__:1150 [[92mINFO[0m]     [g0][r5/8] adapter=0 R_exec=0.0000 true_MI=0.00000 RMI=0.0000 R_total=0.0000 correct=0 tokens=13657
__main__:1150 [[92mINFO[0m]     [g0][r6/8] adapter=0 R_exec=0.0000 true_MI=0.00000 RMI=0.0000 R_total=0.0000 correct=0 tokens=18781
[36m(run_cases_remote pid=1011197)[0m 2026-07-30 19:18:57,049 - WARNING - [GEN 520ee7f7] [RUN_CASES] Early stop: Case 122 failed with TIME_LIMIT_EXCEEDED. Message: Time limit exceeded: CPU time exceeded: 2.070s > 2.0s
[36m(run_cases_remote pid=1011197)[0m 2026-07-30 19:18:57,050 - WARNING - [GEN 520ee7f7] [RUN_CASES] Slow evaluation: 321.3s for 150 cases (avg 2.14s/case)
__main__:1150 [[92mINFO[0m]     [g0][r7/8] adapter=0 R_exec=1.2558 true_MI=0.00000 RMI=0.0000 R_total=1.2558 correct=1 tokens=13917
__main__:1150 [[92mINFO[0m]     [g0][r8/8] adapter=0 R_exec=1.2558 true_MI=0.00000 RMI=0.0000 R_total=1.2558 correct=1 tokens=14127
__main__:1167 [[92mINFO[0m]   [g0] group true_MI: mean=0.00000 std=0.00000 max=0.00000 normalized=[0.00 0.00 0.00 0.00 0.00 0.00 0.00 0.00]
tinker_cookbook.utils.ml_log:143 [[92mINFO[0m] Wrote metrics to logs/aws/wave4/ahc039-base/metrics.jsonl
tinker_cookbook.utils.ml_log:240 [[92mINFO[0m] Logging to: https://wandb.ai/kriaz-msee20seecs-nust/ugttt-rebuttal/runs/y6y1mt4y
tinker_cookbook.utils.ml_log:143 [[92mINFO[0m] Wrote metrics to logs/aws/wave4/ahc039-base/metrics.jsonl
tinker_cookbook.utils.ml_log:240 [[92mINFO[0m] Logging to: https://wandb.ai/kriaz-msee20seecs-nust/ugttt-rebuttal/runs/y6y1mt4y
tinker_cookbook.utils.ml_log:143 [[92mINFO[0m] Wrote metrics to logs/aws/wave4/ahc039-base/metrics.jsonl
tinker_cookbook.utils.ml_log:240 [[92mINFO[0m] Logging to: https://wandb.ai/kriaz-msee20seecs-nust/ugttt-rebuttal/runs/y6y1mt4y
tinker_cookbook.utils.ml_log:143 [[92mINFO[0m] Wrote metrics to logs/aws/wave4/ahc039-base/metrics.jsonl
tinker_cookbook.utils.ml_log:240 [[92mINFO[0m] Logging to: https://wandb.ai/kriaz-msee20seecs-nust/ugttt-rebuttal/runs/y6y1mt4y
tinker_cookbook.utils.ml_log:143 [[92mINFO[0m] Wrote metrics to logs/aws/wave4/ahc039-base/metrics.jsonl
tinker_cookbook.utils.ml_log:240 [[92mINFO[0m] Logging to: https://wandb.ai/kriaz-msee20seecs-nust/ugttt-rebuttal/runs/y6y1mt4y
tinker_cookbook.utils.ml_log:143 [[92mINFO[0m] Wrote metrics to logs/aws/wave4/ahc039-base/metrics.jsonl
tinker_cookbook.utils.ml_log:240 [[92mINFO[0m] Logging to: https://wandb.ai/kriaz-msee20seecs-nust/ugttt-rebuttal/runs/y6y1mt4y
tinker_cookbook.utils.ml_log:143 [[92mINFO[0m] Wrote metrics to logs/aws/wave4/ahc039-base/metrics.jsonl
tinker_cookbook.utils.ml_log:240 [[92mINFO[0m] Logging to: https://wandb.ai/kriaz-msee20seecs-nust/ugttt-rebuttal/runs/y6y1mt4y
tinker_cookbook.utils.ml_log:143 [[92mINFO[0m] Wrote metrics to logs/aws/wave4/ahc039-base/metrics.jsonl
tinker_cookbook.utils.ml_log:240 [[92mINFO[0m] Logging to: https://wandb.ai/kriaz-msee20seecs-nust/ugttt-rebuttal/runs/y6y1mt4y
__main__:1949 [[92mINFO[0m]   [4][1/8] KEPT | R_exec=0.4830 (max=1.2558) RMI=0.0000 R_total=0.4830 | 2524.3s | GPU: 18.1/63.0GB
tinker_cookbook.utils.ml_log:143 [[92mINFO[0m] Wrote metrics to logs/aws/wave4/ahc039-base/metrics.jsonl
tinker_cookbook.utils.ml_log:240 [[92mINFO[0m] Logging to: https://wandb.ai/kriaz-msee20seecs-nust/ugttt-rebuttal/runs/y6y1mt4y
tinker_cookbook.rl.ensemble:1082 [[92mINFO[0m]   generate_batch_multi_adapter_two_phase: N=8 phase1_max=26000 streaming_mi=False kv_q=False
tinker_cookbook.rl.ensemble:1270 [[92mINFO[0m]     [gen/p1] step=2048/22937 active=8/8 mi_stopped=0
tinker_cookbook.rl.ensemble:1270 [[92mINFO[0m]     [gen/p1] step=4096/22937 active=8/8 mi_stopped=0
tinker_cookbook.rl.ensemble:1270 [[92mINFO[0m]     [gen/p1] step=6144/22937 active=8/8 mi_stopped=0
tinker_cookbook.rl.ensemble:1270 [[92mINFO[0m]     [gen/p1] step=8192/22937 active=8/8 mi_stopped=0
tinker_cookbook.rl.ensemble:1270 [[92mINFO[0m]     [gen/p1] step=10240/22937 active=8/8 mi_stopped=0
tinker_cookbook.rl.ensemble:1270 [[92mINFO[0m]     [gen/p1] step=12288/22937 active=8/8 mi_stopped=0
tinker_cookbook.rl.ensemble:1270 [[92mINFO[0m]     [gen/p1] step=14336/22937 active=8/8 mi_stopped=0
tinker_cookbook.rl.ensemble:1270 [[92mINFO[0m]     [gen/p1] step=16384/22937 active=5/8 mi_stopped=0
tinker_cookbook.rl.ensemble:1270 [[92mINFO[0m]     [gen/p1] step=18432/22937 active=3/8 mi_stopped=0
__main__:1078 [[92mINFO[0m]   Group 1: multi-adapter generation 8 seqs in 2240.5s
[36m(run_cases_remote pid=1030051)[0m [2026-07-30 19:56:48,195 E 1030051 1030250] core_worker_process.cc:825: Failed to establish connection to the metrics exporter agent. Metrics will not be exported. Exporter agent status: RpcError: Running out of retries to initialize the metrics agent. rpc_code: 14
[36m(run_cases_remote pid=1030053)[0m [2026-07-30 19:56:48,199 E 1030053 1030304] core_worker_process.cc:825: Failed to establish connection to the metrics exporter agent. Metrics will not be exported. Exporter agent status: RpcError: Running out of retries to initialize the metrics agent. rpc_code: 14
[36m(run_cases_remote pid=1030054)[0m [2026-07-30 19:56:48,201 E 1030054 1030333] core_worker_process.cc:825: Failed to establish connection to the metrics exporter agent. Metrics will not be exported. Exporter agent status: RpcError: Running out of retries to initialize the metrics agent. rpc_code: 14
[36m(run_cases_remote pid=1030055)[0m [2026-07-30 19:56:48,228 E 1030055 1030426] core_worker_process.cc:825: Failed to establish connection to the metrics exporter agent. Metrics will not be exported. Exporter agent status: RpcError: Running out of retries to initialize the metrics agent. rpc_code: 14
[36m(run_single_case_remote pid=1030686)[0m [2026-07-30 19:56:50,702 E 1030686 1030945] core_worker_process.cc:825: Failed to establish connection to the metrics exporter agent. Metrics will not be exported. Exporter agent status: RpcError: Running out of retries to initialize the metrics agent. rpc_code: 14
[36m(run_single_case_remote pid=1031367)[0m [2026-07-30 19:56:53,931 E 1031367 1031427] core_worker_process.cc:825: Failed to establish connection to the metrics exporter agent. Metrics will not be exported. Exporter agent status: RpcError: Running out of retries to initialize the metrics agent. rpc_code: 14
[36m(run_cases_remote pid=1030051)[0m 2026-07-30 19:57:49,957 - WARNING - [GEN 8f810d14] [RUN_CASES] Early stop: Case 42 failed with TIME_LIMIT_EXCEEDED. Message: Time limit exceeded: CPU limit exceeded (prlimit killed process)
[36m(run_cases_remote pid=1030051)[0m 2026-07-30 19:57:49,957 - WARNING - [GEN 8f810d14] [RUN_CASES] Slow evaluation: 89.3s for 150 cases (avg 0.60s/case)
[36m(run_cases_remote pid=1030053)[0m 2026-07-30 19:58:09,361 - WARNING - [GEN 5c7bf09c] [RUN_CASES] Slow evaluation: 108.9s for 150 cases (avg 0.73s/case)
[36m(run_cases_remote pid=1030052)[0m 2026-07-30 19:58:27,535 - WARNING - [GEN cde9d69f] [RUN_CASES] Early stop: Case 42 failed with TIME_LIMIT_EXCEEDED. Message: Time limit exceeded: CPU limit exceeded (prlimit killed process)
[36m(run_cases_remote pid=1030052)[0m 2026-07-30 19:58:27,536 - WARNING - [GEN cde9d69f] [RUN_CASES] Slow evaluation: 126.8s for 150 cases (avg 0.85s/case)
[36m(run_cases_remote pid=1030054)[0m 2026-07-30 20:00:22,083 - WARNING - [GEN 5f5f8f17] [RUN_CASES] Early stop: Case 116 failed with TIME_LIMIT_EXCEEDED. Message: Time limit exceeded: CPU limit exceeded (prlimit killed process)
[36m(run_cases_remote pid=1030054)[0m 2026-07-30 20:00:22,084 - WARNING - [GEN 5f5f8f17] [RUN_CASES] Slow evaluation: 241.4s for 150 cases (avg 1.61s/case)
__main__:1108 [[92mINFO[0m]   Group 1: rewards computed in 309.8s
__main__:1150 [[92mINFO[0m]     [g1][r1/8] adapter=0 R_exec=0.8992 true_MI=0.00000 RMI=0.0000 R_total=0.8992 correct=1 tokens=18667
__main__:1150 [[92mINFO[0m]     [g1][r2/8] adapter=0 R_exec=0.9108 true_MI=0.00000 RMI=0.0000 R_total=0.9108 correct=1 tokens=15843
__main__:1150 [[92mINFO[0m]     [g1][r3/8] adapter=0 R_exec=0.0000 true_MI=0.00000 RMI=0.0000 R_total=0.0000 correct=0 tokens=18911
__main__:1150 [[92mINFO[0m]     [g1][r4/8] adapter=0 R_exec=0.0000 true_MI=0.00000 RMI=0.0000 R_total=0.0000 correct=0 tokens=18141
[36m(run_cases_remote pid=1030055)[0m 2026-07-30 20:01:27,674 - WARNING - [GEN d44bc988] [RUN_CASES] Early stop: Case 84 failed with WRONG_ANSWER. Message: Wrong answer.
[36m(run_cases_remote pid=1030055)[0m Standard error:
[36m(run_cases_remote pid=1030055)[0m wrong answer: Two consecutive vertices share the same coordinates.
[36m(run_cases_remote pid=1030055)[0m 2026-07-30 20:01:27,675 - WARNING - [GEN d44bc988] [RUN_CASES] Slow evaluation: 307.1s for 150 cases (avg 2.05s/case)
__main__:1150 [[92mINFO[0m]     [g1][r5/8] adapter=0 R_exec=0.9174 true_MI=0.00000 RMI=0.0000 R_total=0.9174 correct=1 tokens=19123
__main__:1150 [[92mINFO[0m]     [g1][r6/8] adapter=0 R_exec=0.0000 true_MI=0.00000 RMI=0.0000 R_total=0.0000 correct=0 tokens=15850
__main__:1150 [[92mINFO[0m]     [g1][r7/8] adapter=0 R_exec=0.0000 true_MI=0.00000 RMI=0.0000 R_total=0.0000 correct=0 tokens=17029
__main__:1150 [[92mINFO[0m]     [g1][r8/8] adapter=0 R_exec=0.0000 true_MI=0.00000 RMI=0.0000 R_total=0.0000 correct=0 tokens=16020
__main__:1167 [[92mINFO[0m]   [g1] group true_MI: mean=0.00000 std=0.00000 max=0.00000 normalized=[0.00 0.00 0.00 0.00 0.00 0.00 0.00 0.00]
tinker_cookbook.utils.ml_log:143 [[92mINFO[0m] Wrote metrics to logs/aws/wave4/ahc039-base/metrics.jsonl
tinker_cookbook.utils.ml_log:240 [[92mINFO[0m] Logging to: https://wandb.ai/kriaz-msee20seecs-nust/ugttt-rebuttal/runs/y6y1mt4y
tinker_cookbook.utils.ml_log:143 [[92mINFO[0m] Wrote metrics to logs/aws/wave4/ahc039-base/metrics.jsonl
tinker_cookbook.utils.ml_log:240 [[92mINFO[0m] Logging to: https://wandb.ai/kriaz-msee20seecs-nust/ugttt-rebuttal/runs/y6y1mt4y
tinker_cookbook.utils.ml_log:143 [[92mINFO[0m] Wrote metrics to logs/aws/wave4/ahc039-base/metrics.jsonl
tinker_cookbook.utils.ml_log:240 [[92mINFO[0m] Logging to: https://wandb.ai/kriaz-msee20seecs-nust/ugttt-rebuttal/runs/y6y1mt4y
tinker_cookbook.utils.ml_log:143 [[92mINFO[0m] Wrote metrics to logs/aws/wave4/ahc039-base/metrics.jsonl
tinker_cookbook.utils.ml_log:240 [[92mINFO[0m] Logging to: https://wandb.ai/kriaz-msee20seecs-nust/ugttt-rebuttal/runs/y6y1mt4y
tinker_cookbook.utils.ml_log:143 [[92mINFO[0m] Wrote metrics to logs/aws/wave4/ahc039-base/metrics.jsonl
tinker_cookbook.utils.ml_log:240 [[92mINFO[0m] Logging to: https://wandb.ai/kriaz-msee20seecs-nust/ugttt-rebuttal/runs/y6y1mt4y
tinker_cookbook.utils.ml_log:143 [[92mINFO[0m] Wrote metrics to logs/aws/wave4/ahc039-base/metrics.jsonl
tinker_cookbook.utils.ml_log:240 [[92mINFO[0m] Logging to: https://wandb.ai/kriaz-msee20seecs-nust/ugttt-rebuttal/runs/y6y1mt4y
tinker_cookbook.utils.ml_log:143 [[92mINFO[0m] Wrote metrics to logs/aws/wave4/ahc039-base/metrics.jsonl
tinker_cookbook.utils.ml_log:240 [[92mINFO[0m] Logging to: https://wandb.ai/kriaz-msee20seecs-nust/ugttt-rebuttal/runs/y6y1mt4y
tinker_cookbook.utils.ml_log:143 [[92mINFO[0m] Wrote metrics to logs/aws/wave4/ahc039-base/metrics.jsonl
tinker_cookbook.utils.ml_log:240 [[92mINFO[0m] Logging to: https://wandb.ai/kriaz-msee20seecs-nust/ugttt-rebuttal/runs/y6y1mt4y
__main__:1949 [[92mINFO[0m]   [4][2/8] KEPT | R_exec=0.3409 (max=0.9174) RMI=0.0000 R_total=0.3409 | 2550.5s | GPU: 18.1/63.1GB
tinker_cookbook.utils.ml_log:143 [[92mINFO[0m] Wrote metrics to logs/aws/wave4/ahc039-base/metrics.jsonl
tinker_cookbook.utils.ml_log:240 [[92mINFO[0m] Logging to: https://wandb.ai/kriaz-msee20seecs-nust/ugttt-rebuttal/runs/y6y1mt4y
tinker_cookbook.rl.ensemble:1082 [[92mINFO[0m]   generate_batch_multi_adapter_two_phase: N=8 phase1_max=26000 streaming_mi=False kv_q=False
tinker_cookbook.rl.ensemble:1270 [[92mINFO[0m]     [gen/p1] step=2048/22854 active=8/8 mi_stopped=0
tinker_cookbook.rl.ensemble:1270 [[92mINFO[0m]     [gen/p1] step=4096/22854 active=8/8 mi_stopped=0
tinker_cookbook.rl.ensemble:1270 [[92mINFO[0m]     [gen/p1] step=6144/22854 active=8/8 mi_stopped=0
tinker_cookbook.rl.ensemble:1270 [[92mINFO[0m]     [gen/p1] step=8192/22854 active=8/8 mi_stopped=0
tinker_cookbook.rl.ensemble:1270 [[92mINFO[0m]     [gen/p1] step=10240/22854 active=8/8 mi_stopped=0
tinker_cookbook.rl.ensemble:1270 [[92mINFO[0m]     [gen/p1] step=12288/22854 active=7/8 mi_stopped=0
tinker_cookbook.rl.ensemble:1270 [[92mINFO[0m]     [gen/p1] step=14336/22854 active=7/8 mi_stopped=0
tinker_cookbook.rl.ensemble:1270 [[92mINFO[0m]     [gen/p1] step=16384/22854 active=2/8 mi_stopped=0
tinker_cookbook.rl.ensemble:1270 [[92mINFO[0m]     [gen/p1] step=18432/22854 active=1/8 mi_stopped=0
__main__:1078 [[92mINFO[0m]   Group 2: multi-adapter generation 8 seqs in 2485.1s
[36m(run_cases_remote pid=1038169)[0m [2026-07-30 20:43:23,450 E 1038169 1038346] core_worker_process.cc:825: Failed to establish connection to the metrics exporter agent. Metrics will not be exported. Exporter agent status: RpcError: Running out of retries to initialize the metrics agent. rpc_code: 14
[36m(run_cases_remote pid=1038170)[0m [2026-07-30 20:43:23,455 E 1038170 1038393] core_worker_process.cc:825: Failed to establish connection to the metrics exporter agent. Metrics will not be exported. Exporter agent status: RpcError: Running out of retries to initialize the metrics agent. rpc_code: 14
[36m(run_cases_remote pid=1038172)[0m [2026-07-30 20:43:23,453 E 1038172 1038373] core_worker_process.cc:825: Failed to establish connection to the metrics exporter agent. Metrics will not be exported. Exporter agent status: RpcError: Running out of retries to initialize the metrics agent. rpc_code: 14
[36m(run_single_case_remote pid=1038168)[0m [2026-07-30 20:43:23,552 E 1038168 1038502] core_worker_process.cc:825: Failed to establish connection to the metrics exporter agent. Metrics will not be exported. Exporter agent status: RpcError: Running out of retries to initialize the metrics agent. rpc_code: 14
[36m(run_single_case_remote pid=1038570)[0m [2026-07-30 20:43:24,255 E 1038570 1038689] core_worker_process.cc:825: Failed to establish connection to the metrics exporter agent. Metrics will not be exported. Exporter agent status: RpcError: Running out of retries to initialize the metrics agent. rpc_code: 14
[36m(run_cases_remote pid=1038169)[0m 2026-07-30 20:44:15,577 - WARNING - [GEN f87f71a8] [RUN_CASES] Slow evaluation: 80.8s for 150 cases (avg 0.54s/case)
[36m(run_cases_remote pid=1038173)[0m 2026-07-30 20:44:54,435 - WARNING - [GEN 4f4efa17] [RUN_CASES] Slow evaluation: 119.6s for 150 cases (avg 0.80s/case)
[36m(run_cases_remote pid=1038172)[0m 2026-07-30 20:45:35,154 - WARNING - [GEN 1909f0d6] [RUN_CASES] Slow evaluation: 160.3s for 150 cases (avg 1.07s/case)
[36m(run_cases_remote pid=1038170)[0m 2026-07-30 20:46:07,730 - WARNING - [GEN 4e691509] [RUN_CASES] Slow evaluation: 192.9s for 150 cases (avg 1.29s/case)
__main__:1108 [[92mINFO[0m]   Group 2: rewards computed in 209.2s
[36m(run_cases_remote pid=1038171)[0m 2026-07-30 20:46:22,255 - WARNING - [GEN 201deb02] [RUN_CASES] Slow evaluation: 207.3s for 150 cases (avg 1.38s/case)
__main__:1150 [[92mINFO[0m]     [g2][r1/8] adapter=0 R_exec=1.2532 true_MI=0.00000 RMI=0.0000 R_total=1.2532 correct=1 tokens=14687
__main__:1150 [[92mINFO[0m]     [g2][r2/8] adapter=0 R_exec=1.2532 true_MI=0.00000 RMI=0.0000 R_total=1.2532 correct=1 tokens=11920
__main__:1150 [[92mINFO[0m]     [g2][r3/8] adapter=0 R_exec=1.2530 true_MI=0.00000 RMI=0.0000 R_total=1.2530 correct=1 tokens=20367
__main__:1150 [[92mINFO[0m]     [g2][r4/8] adapter=0 R_exec=1.2530 true_MI=0.00000 RMI=0.0000 R_total=1.2530 correct=1 tokens=15659
__main__:1150 [[92mINFO[0m]     [g2][r5/8] adapter=0 R_exec=0.0000 true_MI=0.00000 RMI=0.0000 R_total=0.0000 correct=0 tokens=14782
__main__:1150 [[92mINFO[0m]     [g2][r6/8] adapter=0 R_exec=1.2532 true_MI=0.00000 RMI=0.0000 R_total=1.2532 correct=1 tokens=14425
__main__:1150 [[92mINFO[0m]     [g2][r7/8] adapter=0 R_exec=0.0000 true_MI=0.00000 RMI=0.0000 R_total=0.0000 correct=0 tokens=16568
__main__:1150 [[92mINFO[0m]     [g2][r8/8] adapter=0 R_exec=1.2532 true_MI=0.00000 RMI=0.0000 R_total=1.2532 correct=1 tokens=15328
__main__:1167 [[92mINFO[0m]   [g2] group true_MI: mean=0.00000 std=0.00000 max=0.00000 normalized=[0.00 0.00 0.00 0.00 0.00 0.00 0.00 0.00]
tinker_cookbook.utils.ml_log:143 [[92mINFO[0m] Wrote metrics to logs/aws/wave4/ahc039-base/metrics.jsonl
tinker_cookbook.utils.ml_log:240 [[92mINFO[0m] Logging to: https://wandb.ai/kriaz-msee20seecs-nust/ugttt-rebuttal/runs/y6y1mt4y
tinker_cookbook.utils.ml_log:143 [[92mINFO[0m] Wrote metrics to logs/aws/wave4/ahc039-base/metrics.jsonl
tinker_cookbook.utils.ml_log:240 [[92mINFO[0m] Logging to: https://wandb.ai/kriaz-msee20seecs-nust/ugttt-rebuttal/runs/y6y1mt4y
tinker_cookbook.utils.ml_log:143 [[92mINFO[0m] Wrote metrics to logs/aws/wave4/ahc039-base/metrics.jsonl
tinker_cookbook.utils.ml_log:240 [[92mINFO[0m] Logging to: https://wandb.ai/kriaz-msee20seecs-nust/ugttt-rebuttal/runs/y6y1mt4y
tinker_cookbook.utils.ml_log:143 [[92mINFO[0m] Wrote metrics to logs/aws/wave4/ahc039-base/metrics.jsonl
tinker_cookbook.utils.ml_log:240 [[92mINFO[0m] Logging to: https://wandb.ai/kriaz-msee20seecs-nust/ugttt-rebuttal/runs/y6y1mt4y
tinker_cookbook.utils.ml_log:143 [[92mINFO[0m] Wrote metrics to logs/aws/wave4/ahc039-base/metrics.jsonl
tinker_cookbook.utils.ml_log:240 [[92mINFO[0m] Logging to: https://wandb.ai/kriaz-msee20seecs-nust/ugttt-rebuttal/runs/y6y1mt4y
tinker_cookbook.utils.ml_log:143 [[92mINFO[0m] Wrote metrics to logs/aws/wave4/ahc039-base/metrics.jsonl
tinker_cookbook.utils.ml_log:240 [[92mINFO[0m] Logging to: https://wandb.ai/kriaz-msee20seecs-nust/ugttt-rebuttal/runs/y6y1mt4y
tinker_cookbook.utils.ml_log:143 [[92mINFO[0m] Wrote metrics to logs/aws/wave4/ahc039-base/metrics.jsonl
tinker_cookbook.utils.ml_log:240 [[92mINFO[0m] Logging to: https://wandb.ai/kriaz-msee20seecs-nust/ugttt-rebuttal/runs/y6y1mt4y
tinker_cookbook.utils.ml_log:143 [[92mINFO[0m] Wrote metrics to logs/aws/wave4/ahc039-base/metrics.jsonl
tinker_cookbook.utils.ml_log:240 [[92mINFO[0m] Logging to: https://wandb.ai/kriaz-msee20seecs-nust/ugttt-rebuttal/runs/y6y1mt4y
__main__:1949 [[92mINFO[0m]   [4][3/8] KEPT | R_exec=0.9398 (max=1.2532) RMI=0.0000 R_total=0.9398 | 2694.4s | GPU: 18.1/63.5GB
tinker_cookbook.utils.ml_log:143 [[92mINFO[0m] Wrote metrics to logs/aws/wave4/ahc039-base/metrics.jsonl
tinker_cookbook.utils.ml_log:240 [[92mINFO[0m] Logging to: https://wandb.ai/kriaz-msee20seecs-nust/ugttt-rebuttal/runs/y6y1mt4y
tinker_cookbook.rl.ensemble:1082 [[92mINFO[0m]   generate_batch_multi_adapter_two_phase: N=8 phase1_max=26000 streaming_mi=False kv_q=False
tinker_cookbook.rl.ensemble:1270 [[92mINFO[0m]     [gen/p1] step=2048/23008 active=8/8 mi_stopped=0
tinker_cookbook.rl.ensemble:1270 [[92mINFO[0m]     [gen/p1] step=4096/23008 active=8/8 mi_stopped=0
tinker_cookbook.rl.ensemble:1270 [[92mINFO[0m]     [gen/p1] step=6144/23008 active=8/8 mi_stopped=0
tinker_cookbook.rl.ensemble:1270 [[92mINFO[0m]     [gen/p1] step=8192/23008 active=8/8 mi_stopped=0
tinker_cookbook.rl.ensemble:1270 [[92mINFO[0m]     [gen/p1] step=10240/23008 active=8/8 mi_stopped=0
tinker_cookbook.rl.ensemble:1270 [[92mINFO[0m]     [gen/p1] step=12288/23008 active=8/8 mi_stopped=0
tinker_cookbook.rl.ensemble:1270 [[92mINFO[0m]     [gen/p1] step=14336/23008 active=7/8 mi_stopped=0
tinker_cookbook.rl.ensemble:1270 [[92mINFO[0m]     [gen/p1] step=16384/23008 active=5/8 mi_stopped=0
__main__:1078 [[92mINFO[0m]   Group 3: multi-adapter generation 8 seqs in 2062.6s
[36m(run_cases_remote pid=1053442)[0m [2026-07-30 21:21:15,489 E 1053442 1053493] core_worker_process.cc:825: Failed to establish connection to the metrics exporter agent. Metrics will not be exported. Exporter agent status: RpcError: Running out of retries to initialize the metrics agent. rpc_code: 14
[36m(run_cases_remote pid=1053444)[0m [2026-07-30 21:21:15,499 E 1053444 1053651] core_worker_process.cc:825: Failed to establish connection to the metrics exporter agent. Metrics will not be exported. Exporter agent status: RpcError: Running out of retries to initialize the metrics agent. rpc_code: 14
[36m(run_cases_remote pid=1053446)[0m [2026-07-30 21:21:15,505 E 1053446 1053724] core_worker_process.cc:825: Failed to establish connection to the metrics exporter agent. Metrics will not be exported. Exporter agent status: RpcError: Running out of retries to initialize the metrics agent. rpc_code: 14
[36m(run_cases_remote pid=1053449)[0m [2026-07-30 21:21:15,510 E 1053449 1053769] core_worker_process.cc:825: Failed to establish connection to the metrics exporter agent. Metrics will not be exported. Exporter agent status: RpcError: Running out of retries to initialize the metrics agent. rpc_code: 14
[36m(run_single_case_remote pid=1054137)[0m [2026-07-30 21:21:17,128 E 1054137 1054341] core_worker_process.cc:825: Failed to establish connection to the metrics exporter agent. Metrics will not be exported. Exporter agent status: RpcError: Running out of retries to initialize the metrics agent. rpc_code: 14
[36m(run_single_case_remote pid=1054591)[0m [2026-07-30 21:21:20,314 E 1054591 1054626] core_worker_process.cc:825: Failed to establish connection to the metrics exporter agent. Metrics will not be exported. Exporter agent status: RpcError: Running out of retries to initialize the metrics agent. rpc_code: 14
[36m(run_cases_remote pid=1053444)[0m 2026-07-30 21:21:48,552 - WARNING - [GEN 7bca677a] [RUN_CASES] Slow evaluation: 61.7s for 150 cases (avg 0.41s/case)
[36m(run_cases_remote pid=1053449)[0m 2026-07-30 21:22:48,875 - WARNING - [GEN d3c45dcf] [RUN_CASES] Early stop: Case 48 failed with TIME_LIMIT_EXCEEDED. Message: Time limit exceeded: CPU time exceeded: 2.040s > 2.0s
[36m(run_cases_remote pid=1053449)[0m 2026-07-30 21:22:48,876 - WARNING - [GEN d3c45dcf] [RUN_CASES] Slow evaluation: 122.0s for 150 cases (avg 0.81s/case)
[36m(run_cases_remote pid=1053442)[0m 2026-07-30 21:23:32,087 - WARNING - [GEN 39f5823c] [RUN_CASES] Slow evaluation: 165.2s for 150 cases (avg 1.10s/case)
[36m(run_cases_remote pid=1053448)[0m 2026-07-30 21:23:32,199 - WARNING - [GEN a609c0ff] [RUN_CASES] Slow evaluation: 165.3s for 150 cases (avg 1.10s/case)
[36m(run_cases_remote pid=1053446)[0m 2026-07-30 21:23:46,874 - WARNING - [GEN 36a73624] [RUN_CASES] Slow evaluation: 179.7s for 150 cases (avg 1.20s/case)
__main__:1108 [[92mINFO[0m]   Group 3: rewards computed in 235.4s
__main__:1150 [[92mINFO[0m]     [g3][r1/8] adapter=0 R_exec=1.2530 true_MI=0.00000 RMI=0.0000 R_total=1.2530 correct=1 tokens=17132
__main__:1150 [[92mINFO[0m]     [g3][r2/8] adapter=0 R_exec=0.0000 true_MI=0.00000 RMI=0.0000 R_total=0.0000 correct=0 tokens=14050
__main__:1150 [[92mINFO[0m]     [g3][r3/8] adapter=0 R_exec=0.0000 true_MI=0.00000 RMI=0.0000 R_total=0.0000 correct=0 tokens=18000
__main__:1150 [[92mINFO[0m]     [g3][r4/8] adapter=0 R_exec=1.2532 true_MI=0.00000 RMI=0.0000 R_total=1.2532 correct=1 tokens=17942
__main__:1150 [[92mINFO[0m]     [g3][r5/8] adapter=0 R_exec=0.0000 true_MI=0.00000 RMI=0.0000 R_total=0.0000 correct=0 tokens=15434
__main__:1150 [[92mINFO[0m]     [g3][r6/8] adapter=0 R_exec=1.2532 true_MI=0.00000 RMI=0.0000 R_total=1.2532 correct=1 tokens=14410
__main__:1150 [[92mINFO[0m]     [g3][r7/8] adapter=0 R_exec=1.2530 true_MI=0.00000 RMI=0.0000 R_total=1.2530 correct=1 tokens=18123
__main__:1150 [[92mINFO[0m]     [g3][r8/8] adapter=0 R_exec=0.0000 true_MI=0.00000 RMI=0.0000 R_total=0.0000 correct=0 tokens=18188
__main__:1167 [[92mINFO[0m]   [g3] group true_MI: mean=0.00000 std=0.00000 max=0.00000 normalized=[0.00 0.00 0.00 0.00 0.00 0.00 0.00 0.00]
[36m(run_cases_remote pid=1053447)[0m 2026-07-30 21:24:40,587 - WARNING - [GEN 12e90fc8] [RUN_CASES] Early stop: Case 59 failed with TIME_LIMIT_EXCEEDED. Message: Time limit exceeded: CPU time exceeded: 2.980s > 2.0s
[36m(run_cases_remote pid=1053447)[0m 2026-07-30 21:24:40,588 - WARNING - [GEN 12e90fc8] [RUN_CASES] Slow evaluation: 233.7s for 150 cases (avg 1.56s/case)
tinker_cookbook.utils.ml_log:143 [[92mINFO[0m] Wrote metrics to logs/aws/wave4/ahc039-base/metrics.jsonl
tinker_cookbook.utils.ml_log:240 [[92mINFO[0m] Logging to: https://wandb.ai/kriaz-msee20seecs-nust/ugttt-rebuttal/runs/y6y1mt4y
tinker_cookbook.utils.ml_log:143 [[92mINFO[0m] Wrote metrics to logs/aws/wave4/ahc039-base/metrics.jsonl
tinker_cookbook.utils.ml_log:240 [[92mINFO[0m] Logging to: https://wandb.ai/kriaz-msee20seecs-nust/ugttt-rebuttal/runs/y6y1mt4y
tinker_cookbook.utils.ml_log:143 [[92mINFO[0m] Wrote metrics to logs/aws/wave4/ahc039-base/metrics.jsonl
tinker_cookbook.utils.ml_log:240 [[92mINFO[0m] Logging to: https://wandb.ai/kriaz-msee20seecs-nust/ugttt-rebuttal/runs/y6y1mt4y
tinker_cookbook.utils.ml_log:143 [[92mINFO[0m] Wrote metrics to logs/aws/wave4/ahc039-base/metrics.jsonl
tinker_cookbook.utils.ml_log:240 [[92mINFO[0m] Logging to: https://wandb.ai/kriaz-msee20seecs-nust/ugttt-rebuttal/runs/y6y1mt4y
tinker_cookbook.utils.ml_log:143 [[92mINFO[0m] Wrote metrics to logs/aws/wave4/ahc039-base/metrics.jsonl
tinker_cookbook.utils.ml_log:240 [[92mINFO[0m] Logging to: https://wandb.ai/kriaz-msee20seecs-nust/ugttt-rebuttal/runs/y6y1mt4y
tinker_cookbook.utils.ml_log:143 [[92mINFO[0m] Wrote metrics to logs/aws/wave4/ahc039-base/metrics.jsonl
tinker_cookbook.utils.ml_log:240 [[92mINFO[0m] Logging to: https://wandb.ai/kriaz-msee20seecs-nust/ugttt-rebuttal/runs/y6y1mt4y
tinker_cookbook.utils.ml_log:143 [[92mINFO[0m] Wrote metrics to logs/aws/wave4/ahc039-base/metrics.jsonl
tinker_cookbook.utils.ml_log:240 [[92mINFO[0m] Logging to: https://wandb.ai/kriaz-msee20seecs-nust/ugttt-rebuttal/runs/y6y1mt4y
tinker_cookbook.utils.ml_log:143 [[92mINFO[0m] Wrote metrics to logs/aws/wave4/ahc039-base/metrics.jsonl
tinker_cookbook.utils.ml_log:240 [[92mINFO[0m] Logging to: https://wandb.ai/kriaz-msee20seecs-nust/ugttt-rebuttal/runs/y6y1mt4y
__main__:1949 [[92mINFO[0m]   [4][4/8] KEPT | R_exec=0.6265 (max=1.2532) RMI=0.0000 R_total=0.6265 | 2298.2s | GPU: 18.1/62.9GB
tinker_cookbook.utils.ml_log:143 [[92mINFO[0m] Wrote metrics to logs/aws/wave4/ahc039-base/metrics.jsonl
tinker_cookbook.utils.ml_log:240 [[92mINFO[0m] Logging to: https://wandb.ai/kriaz-msee20seecs-nust/ugttt-rebuttal/runs/y6y1mt4y
tinker_cookbook.rl.ensemble:1082 [[92mINFO[0m]   generate_batch_multi_adapter_two_phase: N=8 phase1_max=26000 streaming_mi=False kv_q=False
tinker_cookbook.rl.ensemble:1270 [[92mINFO[0m]     [gen/p1] step=2048/22394 active=8/8 mi_stopped=0
tinker_cookbook.rl.ensemble:1270 [[92mINFO[0m]     [gen/p1] step=4096/22394 active=8/8 mi_stopped=0
tinker_cookbook.rl.ensemble:1270 [[92mINFO[0m]     [gen/p1] step=6144/22394 active=8/8 mi_stopped=0
tinker_cookbook.rl.ensemble:1270 [[92mINFO[0m]     [gen/p1] step=8192/22394 active=8/8 mi_stopped=0
tinker_cookbook.rl.ensemble:1270 [[92mINFO[0m]     [gen/p1] step=10240/22394 active=8/8 mi_stopped=0
tinker_cookbook.rl.ensemble:1270 [[92mINFO[0m]     [gen/p1] step=12288/22394 active=7/8 mi_stopped=0
tinker_cookbook.rl.ensemble:1270 [[92mINFO[0m]     [gen/p1] step=14336/22394 active=6/8 mi_stopped=0
tinker_cookbook.rl.ensemble:1270 [[92mINFO[0m]     [gen/p1] step=16384/22394 active=3/8 mi_stopped=0
__main__:1078 [[92mINFO[0m]   Group 4: multi-adapter generation 8 seqs in 2073.9s
[36m(run_cases_remote pid=1065858)[0m [2026-07-30 21:59:45,156 E 1065858 1066204] core_worker_process.cc:825: Failed to establish connection to the metrics exporter agent. Metrics will not be exported. Exporter agent status: RpcError: Running out of retries to initialize the metrics agent. rpc_code: 14
[36m(run_cases_remote pid=1065855)[0m [2026-07-30 21:59:45,145 E 1065855 1066070] core_worker_process.cc:825: Failed to establish connection to the metrics exporter agent. Metrics will not be exported. Exporter agent status: RpcError: Running out of retries to initialize the metrics agent. rpc_code: 14
[36m(run_cases_remote pid=1065853)[0m [2026-07-30 21:59:45,142 E 1065853 1066005] core_worker_process.cc:825: Failed to establish connection to the metrics exporter agent. Metrics will not be exported. Exporter agent status: RpcError: Running out of retries to initialize the metrics agent. rpc_code: 14
[36m(run_cases_remote pid=1065856)[0m [2026-07-30 21:59:45,155 E 1065856 1066179] core_worker_process.cc:825: Failed to establish connection to the metrics exporter agent. Metrics will not be exported. Exporter agent status: RpcError: Running out of retries to initialize the metrics agent. rpc_code: 14
[36m(run_single_case_remote pid=1066525)[0m [2026-07-30 21:59:46,775 E 1066525 1066749] core_worker_process.cc:825: Failed to establish connection to the metrics exporter agent. Metrics will not be exported. Exporter agent status: RpcError: Running out of retries to initialize the metrics agent. rpc_code: 14
[36m(run_single_case_remote pid=1066526)[0m [2026-07-30 21:59:46,823 E 1066526 1066784] core_worker_process.cc:825: Failed to establish connection to the metrics exporter agent. Metrics will not be exported. Exporter agent status: RpcError: Running out of retries to initialize the metrics agent. rpc_code: 14
[36m(run_single_case_remote pid=1067004)[0m [2026-07-30 21:59:50,019 E 1067004 1067039] core_worker_process.cc:825: Failed to establish connection to the metrics exporter agent. Metrics will not be exported. Exporter agent status: RpcError: Running out of retries to initialize the metrics agent. rpc_code: 14
[36m(run_cases_remote pid=1065855)[0m 2026-07-30 22:00:57,447 - WARNING - [GEN 786f5ed2] [RUN_CASES] Early stop: Case 92 failed with TIME_LIMIT_EXCEEDED. Message: Time limit exceeded: CPU time exceeded: 2.070s > 2.0s
[36m(run_cases_remote pid=1065855)[0m 2026-07-30 22:00:57,447 - WARNING - [GEN 786f5ed2] [RUN_CASES] Slow evaluation: 100.9s for 150 cases (avg 0.67s/case)
[36m(run_cases_remote pid=1065853)[0m 2026-07-30 22:01:47,917 - WARNING - [GEN a187167a] [RUN_CASES] Early stop: Case 56 failed with TIME_LIMIT_EXCEEDED. Message: Time limit exceeded: CPU limit exceeded (prlimit killed process)
[36m(run_cases_remote pid=1065853)[0m 2026-07-30 22:01:47,917 - WARNING - [GEN a187167a] [RUN_CASES] Slow evaluation: 151.4s for 150 cases (avg 1.01s/case)
[36m(run_cases_remote pid=1065857)[0m 2026-07-30 22:02:35,075 - WARNING - [GEN bacc6d32] [RUN_CASES] Slow evaluation: 198.4s for 150 cases (avg 1.32s/case)
[36m(run_cases_remote pid=1065856)[0m 2026-07-30 22:03:21,432 - WARNING - [GEN b8fd7915] [RUN_CASES] Slow evaluation: 244.6s for 150 cases (avg 1.63s/case)
[36m(run_cases_remote pid=1065854)[0m 2026-07-30 22:03:48,791 - WARNING - [GEN 0f005627] [RUN_CASES] Early stop: Case 23 failed with TIME_LIMIT_EXCEEDED. Message: Time limit exceeded: CPU time exceeded: 2.020s > 2.0s
[36m(run_cases_remote pid=1065854)[0m 2026-07-30 22:03:48,792 - WARNING - [GEN 0f005627] [RUN_CASES] Slow evaluation: 272.3s for 150 cases (avg 1.82s/case)
__main__:1108 [[92mINFO[0m]   Group 4: rewards computed in 319.3s
__main__:1150 [[92mINFO[0m]     [g4][r1/8] adapter=0 R_exec=0.0000 true_MI=0.00000 RMI=0.0000 R_total=0.0000 correct=0 tokens=17226
__main__:1150 [[92mINFO[0m]     [g4][r2/8] adapter=0 R_exec=0.0000 true_MI=0.00000 RMI=0.0000 R_total=0.0000 correct=0 tokens=17823
__main__:1150 [[92mINFO[0m]     [g4][r3/8] adapter=0 R_exec=0.0000 true_MI=0.00000 RMI=0.0000 R_total=0.0000 correct=0 tokens=13322
__main__:1150 [[92mINFO[0m]     [g4][r4/8] adapter=0 R_exec=0.0000 true_MI=0.00000 RMI=0.0000 R_total=0.0000 correct=0 tokens=17515
__main__:1150 [[92mINFO[0m]     [g4][r5/8] adapter=0 R_exec=0.0000 true_MI=0.00000 RMI=0.0000 R_total=0.0000 correct=0 tokens=16238
[36m(run_cases_remote pid=1065860)[0m 2026-07-30 22:04:34,065 - WARNING - [GEN 048083b3] [RUN_CASES] Early stop: Case 123 failed with TIME_LIMIT_EXCEEDED. Message: Time limit exceeded: CPU time exceeded: 2.520s > 2.0s
[36m(run_cases_remote pid=1065860)[0m 2026-07-30 22:04:34,066 - WARNING - [GEN 048083b3] [RUN_CASES] Slow evaluation: 317.5s for 150 cases (avg 2.12s/case)
__main__:1150 [[92mINFO[0m]     [g4][r6/8] adapter=0 R_exec=1.2532 true_MI=0.00000 RMI=0.0000 R_total=1.2532 correct=1 tokens=16252
__main__:1150 [[92mINFO[0m]     [g4][r7/8] adapter=0 R_exec=1.2532 true_MI=0.00000 RMI=0.0000 R_total=1.2532 correct=1 tokens=11947
__main__:1150 [[92mINFO[0m]     [g4][r8/8] adapter=0 R_exec=1.2388 true_MI=0.00000 RMI=0.0000 R_total=1.2388 correct=1 tokens=15777
__main__:1167 [[92mINFO[0m]   [g4] group true_MI: mean=0.00000 std=0.00000 max=0.00000 normalized=[0.00 0.00 0.00 0.00 0.00 0.00 0.00 0.00]
tinker_cookbook.utils.ml_log:143 [[92mINFO[0m] Wrote metrics to logs/aws/wave4/ahc039-base/metrics.jsonl
tinker_cookbook.utils.ml_log:240 [[92mINFO[0m] Logging to: https://wandb.ai/kriaz-msee20seecs-nust/ugttt-rebuttal/runs/y6y1mt4y
tinker_cookbook.utils.ml_log:143 [[92mINFO[0m] Wrote metrics to logs/aws/wave4/ahc039-base/metrics.jsonl
tinker_cookbook.utils.ml_log:240 [[92mINFO[0m] Logging to: https://wandb.ai/kriaz-msee20seecs-nust/ugttt-rebuttal/runs/y6y1mt4y
tinker_cookbook.utils.ml_log:143 [[92mINFO[0m] Wrote metrics to logs/aws/wave4/ahc039-base/metrics.jsonl
tinker_cookbook.utils.ml_log:240 [[92mINFO[0m] Logging to: https://wandb.ai/kriaz-msee20seecs-nust/ugttt-rebuttal/runs/y6y1mt4y
tinker_cookbook.utils.ml_log:143 [[92mINFO[0m] Wrote metrics to logs/aws/wave4/ahc039-base/metrics.jsonl
tinker_cookbook.utils.ml_log:240 [[92mINFO[0m] Logging to: https://wandb.ai/kriaz-msee20seecs-nust/ugttt-rebuttal/runs/y6y1mt4y
tinker_cookbook.utils.ml_log:143 [[92mINFO[0m] Wrote metrics to logs/aws/wave4/ahc039-base/metrics.jsonl
tinker_cookbook.utils.ml_log:240 [[92mINFO[0m] Logging to: https://wandb.ai/kriaz-msee20seecs-nust/ugttt-rebuttal/runs/y6y1mt4y
tinker_cookbook.utils.ml_log:143 [[92mINFO[0m] Wrote metrics to logs/aws/wave4/ahc039-base/metrics.jsonl
tinker_cookbook.utils.ml_log:240 [[92mINFO[0m] Logging to: https://wandb.ai/kriaz-msee20seecs-nust/ugttt-rebuttal/runs/y6y1mt4y
tinker_cookbook.utils.ml_log:143 [[92mINFO[0m] Wrote metrics to logs/aws/wave4/ahc039-base/metrics.jsonl
tinker_cookbook.utils.ml_log:240 [[92mINFO[0m] Logging to: https://wandb.ai/kriaz-msee20seecs-nust/ugttt-rebuttal/runs/y6y1mt4y
tinker_cookbook.utils.ml_log:143 [[92mINFO[0m] Wrote metrics to logs/aws/wave4/ahc039-base/metrics.jsonl
tinker_cookbook.utils.ml_log:240 [[92mINFO[0m] Logging to: https://wandb.ai/kriaz-msee20seecs-nust/ugttt-rebuttal/runs/y6y1mt4y
__main__:1949 [[92mINFO[0m]   [4][5/8] KEPT | R_exec=0.4681 (max=1.2532) RMI=0.0000 R_total=0.4681 | 2393.3s | GPU: 18.1/64.2GB
tinker_cookbook.utils.ml_log:143 [[92mINFO[0m] Wrote metrics to logs/aws/wave4/ahc039-base/metrics.jsonl
tinker_cookbook.utils.ml_log:240 [[92mINFO[0m] Logging to: https://wandb.ai/kriaz-msee20seecs-nust/ugttt-rebuttal/runs/y6y1mt4y
tinker_cookbook.rl.ensemble:1082 [[92mINFO[0m]   generate_batch_multi_adapter_two_phase: N=8 phase1_max=26000 streaming_mi=False kv_q=False
tinker_cookbook.rl.ensemble:1270 [[92mINFO[0m]     [gen/p1] step=2048/23114 active=8/8 mi_stopped=0
tinker_cookbook.rl.ensemble:1270 [[92mINFO[0m]     [gen/p1] step=4096/23114 active=8/8 mi_stopped=0
tinker_cookbook.rl.ensemble:1270 [[92mINFO[0m]     [gen/p1] step=6144/23114 active=8/8 mi_stopped=0
tinker_cookbook.rl.ensemble:1270 [[92mINFO[0m]     [gen/p1] step=8192/23114 active=8/8 mi_stopped=0
tinker_cookbook.rl.ensemble:1270 [[92mINFO[0m]     [gen/p1] step=10240/23114 active=8/8 mi_stopped=0
tinker_cookbook.rl.ensemble:1270 [[92mINFO[0m]     [gen/p1] step=12288/23114 active=7/8 mi_stopped=0
tinker_cookbook.rl.ensemble:1270 [[92mINFO[0m]     [gen/p1] step=14336/23114 active=3/8 mi_stopped=0
tinker_cookbook.rl.ensemble:1270 [[92mINFO[0m]     [gen/p1] step=16384/23114 active=1/8 mi_stopped=0
__main__:1078 [[92mINFO[0m]   Group 5: multi-adapter generation 8 seqs in 1931.3s
[36m(run_cases_remote pid=1078627)[0m [2026-07-30 22:37:22,753 E 1078627 1078816] core_worker_process.cc:825: Failed to establish connection to the metrics exporter agent. Metrics will not be exported. Exporter agent status: RpcError: Running out of retries to initialize the metrics agent. rpc_code: 14
[36m(run_cases_remote pid=1078630)[0m [2026-07-30 22:37:22,761 E 1078630 1078930] core_worker_process.cc:825: Failed to establish connection to the metrics exporter agent. Metrics will not be exported. Exporter agent status: RpcError: Running out of retries to initialize the metrics agent. rpc_code: 14
[36m(run_cases_remote pid=1078629)[0m [2026-07-30 22:37:22,758 E 1078629 1078898] core_worker_process.cc:825: Failed to establish connection to the metrics exporter agent. Metrics will not be exported. Exporter agent status: RpcError: Running out of retries to initialize the metrics agent. rpc_code: 14
[36m(run_single_case_remote pid=1083330)[0m [2026-07-30 22:37:57,320 E 1083330 1083379] core_worker_process.cc:825: Failed to establish connection to the metrics exporter agent. Metrics will not be exported. Exporter agent status: RpcError: Running out of retries to initialize the metrics agent. rpc_code: 14
[36m(run_single_case_remote pid=1084199)[0m [2026-07-30 22:38:11,864 E 1084199 1084234] core_worker_process.cc:825: Failed to establish connection to the metrics exporter agent. Metrics will not be exported. Exporter agent status: RpcError: Running out of retries to initialize the metrics agent. rpc_code: 14
[36m(run_single_case_remote pid=1084260)[0m [2026-07-30 22:38:12,190 E 1084260 1084296] core_worker_process.cc:825: Failed to establish connection to the metrics exporter agent. Metrics will not be exported. Exporter agent status: RpcError: Running out of retries to initialize the metrics agent. rpc_code: 14
[36m(run_cases_remote pid=1078629)[0m 2026-07-30 22:39:56,367 - WARNING - [GEN 461b6623] [RUN_CASES] Early stop: Case 95 failed with TIME_LIMIT_EXCEEDED. Message: Time limit exceeded: CPU limit exceeded (prlimit killed process)
[36m(run_cases_remote pid=1078629)[0m 2026-07-30 22:39:56,368 - WARNING - [GEN 461b6623] [RUN_CASES] Slow evaluation: 182.3s for 150 cases (avg 1.22s/case)
[36m(run_cases_remote pid=1078630)[0m 2026-07-30 22:42:17,846 - WARNING - [GEN cd4453ff] [RUN_CASES] Slow evaluation: 323.8s for 150 cases (avg 2.16s/case)
[36m(run_cases_remote pid=1078627)[0m 2026-07-30 22:42:30,006 - WARNING - [GEN eb315014] [RUN_CASES] Early stop: Case 144 failed with TIME_LIMIT_EXCEEDED. Message: Time limit exceeded: CPU limit exceeded (prlimit killed process)
[36m(run_cases_remote pid=1078627)[0m 2026-07-30 22:42:30,006 - WARNING - [GEN eb315014] [RUN_CASES] Slow evaluation: 336.0s for 150 cases (avg 2.24s/case)
[36m(run_cases_remote pid=1078632)[0m 2026-07-30 22:43:34,051 - WARNING - [GEN b13a0bb7] [RUN_CASES] Slow evaluation: 400.0s for 150 cases (avg 2.67s/case)
[36m(run_cases_remote pid=1078631)[0m 2026-07-30 22:43:52,202 - WARNING - [GEN 17133607] [RUN_CASES] Early stop: Case 37 failed with TIME_LIMIT_EXCEEDED. Message: Time limit exceeded: CPU limit exceeded (prlimit killed process)
[36m(run_cases_remote pid=1078631)[0m 2026-07-30 22:43:52,203 - WARNING - [GEN 17133607] [RUN_CASES] Slow evaluation: 418.1s for 150 cases (avg 2.79s/case)
__main__:1108 [[92mINFO[0m]   Group 5: rewards computed in 429.6s
__main__:1150 [[92mINFO[0m]     [g5][r1/8] adapter=0 R_exec=1.2532 true_MI=0.00000 RMI=0.0000 R_total=1.2532 correct=1 tokens=17518
__main__:1150 [[92mINFO[0m]     [g5][r2/8] adapter=0 R_exec=1.2532 true_MI=0.00000 RMI=0.0000 R_total=1.2532 correct=1 tokens=13529
__main__:1150 [[92mINFO[0m]     [g5][r3/8] adapter=0 R_exec=0.0000 true_MI=0.00000 RMI=0.0000 R_total=0.0000 correct=0 tokens=15347
__main__:1150 [[92mINFO[0m]     [g5][r4/8] adapter=0 R_exec=0.0968 true_MI=0.00000 RMI=0.0000 R_total=0.0968 correct=1 tokens=14678
__main__:1150 [[92mINFO[0m]     [g5][r5/8] adapter=0 R_exec=0.0947 true_MI=0.00000 RMI=0.0000 R_total=0.0947 correct=1 tokens=13965
__main__:1150 [[92mINFO[0m]     [g5][r6/8] adapter=0 R_exec=0.0000 true_MI=0.00000 RMI=0.0000 R_total=0.0000 correct=0 tokens=12658
__main__:1150 [[92mINFO[0m]     [g5][r7/8] adapter=0 R_exec=0.0000 true_MI=0.00000 RMI=0.0000 R_total=0.0000 correct=0 tokens=12135
[36m(run_cases_remote pid=1078628)[0m 2026-07-30 22:43:55,269 - WARNING - [GEN b53aac5b] [RUN_CASES] Slow evaluation: 421.0s for 150 cases (avg 2.81s/case)
__main__:1150 [[92mINFO[0m]     [g5][r8/8] adapter=0 R_exec=0.0000 true_MI=0.00000 RMI=0.0000 R_total=0.0000 correct=0 tokens=13976
__main__:1167 [[92mINFO[0m]   [g5] group true_MI: mean=0.00000 std=0.00000 max=0.00000 normalized=[0.00 0.00 0.00 0.00 0.00 0.00 0.00 0.00]
tinker_cookbook.utils.ml_log:143 [[92mINFO[0m] Wrote metrics to logs/aws/wave4/ahc039-base/metrics.jsonl
tinker_cookbook.utils.ml_log:240 [[92mINFO[0m] Logging to: https://wandb.ai/kriaz-msee20seecs-nust/ugttt-rebuttal/runs/y6y1mt4y
tinker_cookbook.utils.ml_log:143 [[92mINFO[0m] Wrote metrics to logs/aws/wave4/ahc039-base/metrics.jsonl
tinker_cookbook.utils.ml_log:240 [[92mINFO[0m] Logging to: https://wandb.ai/kriaz-msee20seecs-nust/ugttt-rebuttal/runs/y6y1mt4y
tinker_cookbook.utils.ml_log:143 [[92mINFO[0m] Wrote metrics to logs/aws/wave4/ahc039-base/metrics.jsonl
tinker_cookbook.utils.ml_log:240 [[92mINFO[0m] Logging to: https://wandb.ai/kriaz-msee20seecs-nust/ugttt-rebuttal/runs/y6y1mt4y
tinker_cookbook.utils.ml_log:143 [[92mINFO[0m] Wrote metrics to logs/aws/wave4/ahc039-base/metrics.jsonl
tinker_cookbook.utils.ml_log:240 [[92mINFO[0m] Logging to: https://wandb.ai/kriaz-msee20seecs-nust/ugttt-rebuttal/runs/y6y1mt4y
tinker_cookbook.utils.ml_log:143 [[92mINFO[0m] Wrote metrics to logs/aws/wave4/ahc039-base/metrics.jsonl
tinker_cookbook.utils.ml_log:240 [[92mINFO[0m] Logging to: https://wandb.ai/kriaz-msee20seecs-nust/ugttt-rebuttal/runs/y6y1mt4y
tinker_cookbook.utils.ml_log:143 [[92mINFO[0m] Wrote metrics to logs/aws/wave4/ahc039-base/metrics.jsonl
tinker_cookbook.utils.ml_log:240 [[92mINFO[0m] Logging to: https://wandb.ai/kriaz-msee20seecs-nust/ugttt-rebuttal/runs/y6y1mt4y
tinker_cookbook.utils.ml_log:143 [[92mINFO[0m] Wrote metrics to logs/aws/wave4/ahc039-base/metrics.jsonl
tinker_cookbook.utils.ml_log:240 [[92mINFO[0m] Logging to: https://wandb.ai/kriaz-msee20seecs-nust/ugttt-rebuttal/runs/y6y1mt4y
tinker_cookbook.utils.ml_log:143 [[92mINFO[0m] Wrote metrics to logs/aws/wave4/ahc039-base/metrics.jsonl
tinker_cookbook.utils.ml_log:240 [[92mINFO[0m] Logging to: https://wandb.ai/kriaz-msee20seecs-nust/ugttt-rebuttal/runs/y6y1mt4y
__main__:1949 [[92mINFO[0m]   [4][6/8] KEPT | R_exec=0.3372 (max=1.2532) RMI=0.0000 R_total=0.3372 | 2361.0s | GPU: 18.1/62.5GB
tinker_cookbook.utils.ml_log:143 [[92mINFO[0m] Wrote metrics to logs/aws/wave4/ahc039-base/metrics.jsonl
tinker_cookbook.utils.ml_log:240 [[92mINFO[0m] Logging to: https://wandb.ai/kriaz-msee20seecs-nust/ugttt-rebuttal/runs/y6y1mt4y
tinker_cookbook.rl.ensemble:1082 [[92mINFO[0m]   generate_batch_multi_adapter_two_phase: N=8 phase1_max=26000 streaming_mi=False kv_q=False
tinker_cookbook.rl.ensemble:1270 [[92mINFO[0m]     [gen/p1] step=2048/22771 active=8/8 mi_stopped=0
tinker_cookbook.rl.ensemble:1270 [[92mINFO[0m]     [gen/p1] step=4096/22771 active=8/8 mi_stopped=0
tinker_cookbook.rl.ensemble:1270 [[92mINFO[0m]     [gen/p1] step=6144/22771 active=8/8 mi_stopped=0
tinker_cookbook.rl.ensemble:1270 [[92mINFO[0m]     [gen/p1] step=8192/22771 active=8/8 mi_stopped=0
tinker_cookbook.rl.ensemble:1270 [[92mINFO[0m]     [gen/p1] step=10240/22771 active=8/8 mi_stopped=0
tinker_cookbook.rl.ensemble:1270 [[92mINFO[0m]     [gen/p1] step=12288/22771 active=8/8 mi_stopped=0
tinker_cookbook.rl.ensemble:1270 [[92mINFO[0m]     [gen/p1] step=14336/22771 active=6/8 mi_stopped=0
tinker_cookbook.rl.ensemble:1270 [[92mINFO[0m]     [gen/p1] step=16384/22771 active=3/8 mi_stopped=0
__main__:1078 [[92mINFO[0m]   Group 6: multi-adapter generation 8 seqs in 1991.4s
[36m(run_cases_remote pid=1089971)[0m [2026-07-30 23:17:37,295 E 1089971 1090140] core_worker_process.cc:825: Failed to establish connection to the metrics exporter agent. Metrics will not be exported. Exporter agent status: RpcError: Running out of retries to initialize the metrics agent. rpc_code: 14
[36m(run_cases_remote pid=1089972)[0m [2026-07-30 23:17:37,294 E 1089972 1090136] core_worker_process.cc:825: Failed to establish connection to the metrics exporter agent. Metrics will not be exported. Exporter agent status: RpcError: Running out of retries to initialize the metrics agent. rpc_code: 14
[36m(run_cases_remote pid=1089976)[0m [2026-07-30 23:17:37,304 E 1089976 1090278] core_worker_process.cc:825: Failed to establish connection to the metrics exporter agent. Metrics will not be exported. Exporter agent status: RpcError: Running out of retries to initialize the metrics agent. rpc_code: 14
[36m(run_single_case_remote pid=1089975)[0m [2026-07-30 23:17:37,307 E 1089975 1090326] core_worker_process.cc:825: Failed to establish connection to the metrics exporter agent. Metrics will not be exported. Exporter agent status: RpcError: Running out of retries to initialize the metrics agent. rpc_code: 14
[36m(run_single_case_remote pid=1089977)[0m [2026-07-30 23:17:37,316 E 1089977 1090363] core_worker_process.cc:825: Failed to establish connection to the metrics exporter agent. Metrics will not be exported. Exporter agent status: RpcError: Running out of retries to initialize the metrics agent. rpc_code: 14
[36m(run_single_case_remote pid=1090419)[0m [2026-07-30 23:17:37,900 E 1090419 1090515] core_worker_process.cc:825: Failed to establish connection to the metrics exporter agent. Metrics will not be exported. Exporter agent status: RpcError: Running out of retries to initialize the metrics agent. rpc_code: 14
[36m(run_cases_remote pid=1083330)[0m 2026-07-30 23:18:18,751 - WARNING - [GEN 0a8e1ed8] [RUN_CASES] Slow evaluation: 71.1s for 150 cases (avg 0.47s/case)
[36m(run_cases_remote pid=1084199)[0m 2026-07-30 23:18:51,577 - WARNING - [GEN baaedc59] [RUN_CASES] Early stop: Case 42 failed with TIME_LIMIT_EXCEEDED. Message: Time limit exceeded: CPU limit exceeded (prlimit killed process)
[36m(run_cases_remote pid=1084199)[0m 2026-07-30 23:18:51,578 - WARNING - [GEN baaedc59] [RUN_CASES] Slow evaluation: 104.0s for 150 cases (avg 0.69s/case)
[36m(run_cases_remote pid=1084260)[0m 2026-07-30 23:18:58,016 - WARNING - [GEN a29a4c06] [RUN_CASES] Slow evaluation: 110.4s for 150 cases (avg 0.74s/case)
[36m(run_cases_remote pid=1089976)[0m 2026-07-30 23:19:25,130 - WARNING - [GEN e441e4cc] [RUN_CASES] Slow evaluation: 136.5s for 150 cases (avg 0.91s/case)
[36m(run_cases_remote pid=1089974)[0m 2026-07-30 23:19:45,730 - WARNING - [GEN ebfdd732] [RUN_CASES] Slow evaluation: 157.2s for 150 cases (avg 1.05s/case)
[36m(run_cases_remote pid=1089971)[0m 2026-07-30 23:20:25,658 - WARNING - [GEN 0829cf68] [RUN_CASES] Slow evaluation: 197.1s for 150 cases (avg 1.31s/case)
__main__:1108 [[92mINFO[0m]   Group 6: rewards computed in 213.1s
__main__:1150 [[92mINFO[0m]     [g6][r1/8] adapter=0 R_exec=1.0169 true_MI=0.00000 RMI=0.0000 R_total=1.0169 correct=1 tokens=17274
__main__:1150 [[92mINFO[0m]     [g6][r2/8] adapter=0 R_exec=1.2532 true_MI=0.00000 RMI=0.0000 R_total=1.2532 correct=1 tokens=14441
__main__:1150 [[92mINFO[0m]     [g6][r3/8] adapter=0 R_exec=1.2532 true_MI=0.00000 RMI=0.0000 R_total=1.2532 correct=1 tokens=14058
__main__:1150 [[92mINFO[0m]     [g6][r4/8] adapter=0 R_exec=0.1518 true_MI=0.00000 RMI=0.0000 R_total=0.1518 correct=1 tokens=17621
__main__:1150 [[92mINFO[0m]     [g6][r5/8] adapter=0 R_exec=0.0000 true_MI=0.00000 RMI=0.0000 R_total=0.0000 correct=0 tokens=15406
__main__:1150 [[92mINFO[0m]     [g6][r6/8] adapter=0 R_exec=1.2532 true_MI=0.00000 RMI=0.0000 R_total=1.2532 correct=1 tokens=15251
__main__:1150 [[92mINFO[0m]     [g6][r7/8] adapter=0 R_exec=1.2532 true_MI=0.00000 RMI=0.0000 R_total=1.2532 correct=1 tokens=14100
__main__:1150 [[92mINFO[0m]     [g6][r8/8] adapter=0 R_exec=0.0000 true_MI=0.00000 RMI=0.0000 R_total=0.0000 correct=0 tokens=16822
__main__:1167 [[92mINFO[0m]   [g6] group true_MI: mean=0.00000 std=0.00000 max=0.00000 normalized=[0.00 0.00 0.00 0.00 0.00 0.00 0.00 0.00]
[36m(run_cases_remote pid=1089972)[0m 2026-07-30 23:20:40,007 - WARNING - [GEN 391780fe] [RUN_CASES] Slow evaluation: 211.3s for 150 cases (avg 1.41s/case)
tinker_cookbook.utils.ml_log:143 [[92mINFO[0m] Wrote metrics to logs/aws/wave4/ahc039-base/metrics.jsonl
tinker_cookbook.utils.ml_log:240 [[92mINFO[0m] Logging to: https://wandb.ai/kriaz-msee20seecs-nust/ugttt-rebuttal/runs/y6y1mt4y
tinker_cookbook.utils.ml_log:143 [[92mINFO[0m] Wrote metrics to logs/aws/wave4/ahc039-base/metrics.jsonl
tinker_cookbook.utils.ml_log:240 [[92mINFO[0m] Logging to: https://wandb.ai/kriaz-msee20seecs-nust/ugttt-rebuttal/runs/y6y1mt4y
tinker_cookbook.utils.ml_log:143 [[92mINFO[0m] Wrote metrics to logs/aws/wave4/ahc039-base/metrics.jsonl
tinker_cookbook.utils.ml_log:240 [[92mINFO[0m] Logging to: https://wandb.ai/kriaz-msee20seecs-nust/ugttt-rebuttal/runs/y6y1mt4y
tinker_cookbook.utils.ml_log:143 [[92mINFO[0m] Wrote metrics to logs/aws/wave4/ahc039-base/metrics.jsonl
tinker_cookbook.utils.ml_log:240 [[92mINFO[0m] Logging to: https://wandb.ai/kriaz-msee20seecs-nust/ugttt-rebuttal/runs/y6y1mt4y
tinker_cookbook.utils.ml_log:143 [[92mINFO[0m] Wrote metrics to logs/aws/wave4/ahc039-base/metrics.jsonl
tinker_cookbook.utils.ml_log:240 [[92mINFO[0m] Logging to: https://wandb.ai/kriaz-msee20seecs-nust/ugttt-rebuttal/runs/y6y1mt4y
tinker_cookbook.utils.ml_log:143 [[92mINFO[0m] Wrote metrics to logs/aws/wave4/ahc039-base/metrics.jsonl
tinker_cookbook.utils.ml_log:240 [[92mINFO[0m] Logging to: https://wandb.ai/kriaz-msee20seecs-nust/ugttt-rebuttal/runs/y6y1mt4y
tinker_cookbook.utils.ml_log:143 [[92mINFO[0m] Wrote metrics to logs/aws/wave4/ahc039-base/metrics.jsonl
tinker_cookbook.utils.ml_log:240 [[92mINFO[0m] Logging to: https://wandb.ai/kriaz-msee20seecs-nust/ugttt-rebuttal/runs/y6y1mt4y
tinker_cookbook.utils.ml_log:143 [[92mINFO[0m] Wrote metrics to logs/aws/wave4/ahc039-base/metrics.jsonl
tinker_cookbook.utils.ml_log:240 [[92mINFO[0m] Logging to: https://wandb.ai/kriaz-msee20seecs-nust/ugttt-rebuttal/runs/y6y1mt4y
__main__:1949 [[92mINFO[0m]   [4][7/8] KEPT | R_exec=0.7727 (max=1.2532) RMI=0.0000 R_total=0.7727 | 2204.5s | GPU: 18.1/62.8GB
tinker_cookbook.utils.ml_log:143 [[92mINFO[0m] Wrote metrics to logs/aws/wave4/ahc039-base/metrics.jsonl
tinker_cookbook.utils.ml_log:240 [[92mINFO[0m] Logging to: https://wandb.ai/kriaz-msee20seecs-nust/ugttt-rebuttal/runs/y6y1mt4y
tinker_cookbook.rl.ensemble:1082 [[92mINFO[0m]   generate_batch_multi_adapter_two_phase: N=8 phase1_max=26000 streaming_mi=False kv_q=False
tinker_cookbook.rl.ensemble:1270 [[92mINFO[0m]     [gen/p1] step=2048/23303 active=8/8 mi_stopped=0
tinker_cookbook.rl.ensemble:1270 [[92mINFO[0m]     [gen/p1] step=4096/23303 active=8/8 mi_stopped=0
tinker_cookbook.rl.ensemble:1270 [[92mINFO[0m]     [gen/p1] step=6144/23303 active=8/8 mi_stopped=0
tinker_cookbook.rl.ensemble:1270 [[92mINFO[0m]     [gen/p1] step=8192/23303 active=8/8 mi_stopped=0
tinker_cookbook.rl.ensemble:1270 [[92mINFO[0m]     [gen/p1] step=10240/23303 active=8/8 mi_stopped=0
tinker_cookbook.rl.ensemble:1270 [[92mINFO[0m]     [gen/p1] step=12288/23303 active=8/8 mi_stopped=0
tinker_cookbook.rl.ensemble:1270 [[92mINFO[0m]     [gen/p1] step=14336/23303 active=8/8 mi_stopped=0
tinker_cookbook.rl.ensemble:1270 [[92mINFO[0m]     [gen/p1] step=16384/23303 active=5/8 mi_stopped=0
tinker_cookbook.rl.ensemble:1270 [[92mINFO[0m]     [gen/p1] step=18432/23303 active=4/8 mi_stopped=0
__main__:1078 [[92mINFO[0m]   Group 7: multi-adapter generation 8 seqs in 2213.2s
[36m(run_cases_remote pid=1106591)[0m [2026-07-30 23:58:03,850 E 1106591 1106820] core_worker_process.cc:825: Failed to establish connection to the metrics exporter agent. Metrics will not be exported. Exporter agent status: RpcError: Running out of retries to initialize the metrics agent. rpc_code: 14
[36m(run_cases_remote pid=1106593)[0m [2026-07-30 23:58:03,858 E 1106593 1106922] core_worker_process.cc:825: Failed to establish connection to the metrics exporter agent. Metrics will not be exported. Exporter agent status: RpcError: Running out of retries to initialize the metrics agent. rpc_code: 14
[36m(run_cases_remote pid=1106596)[0m [2026-07-30 23:58:03,870 E 1106596 1107030] core_worker_process.cc:825: Failed to establish connection to the metrics exporter agent. Metrics will not be exported. Exporter agent status: RpcError: Running out of retries to initialize the metrics agent. rpc_code: 14
[36m(run_single_case_remote pid=1107310)[0m [2026-07-30 23:58:06,366 E 1107310 1107533] core_worker_process.cc:825: Failed to establish connection to the metrics exporter agent. Metrics will not be exported. Exporter agent status: RpcError: Running out of retries to initialize the metrics agent. rpc_code: 14
[36m(run_single_case_remote pid=1107727)[0m [2026-07-30 23:58:09,320 E 1107727 1107771] core_worker_process.cc:825: Failed to establish connection to the metrics exporter agent. Metrics will not be exported. Exporter agent status: RpcError: Running out of retries to initialize the metrics agent. rpc_code: 14
[36m(run_cases_remote pid=1106593)[0m 2026-07-30 23:58:51,188 - WARNING - [GEN 53b30274] [RUN_CASES] Early stop: Case 59 failed with TIME_LIMIT_EXCEEDED. Message: Time limit exceeded: CPU time exceeded: 2.070s > 2.0s
[36m(run_cases_remote pid=1106593)[0m 2026-07-30 23:58:51,189 - WARNING - [GEN 53b30274] [RUN_CASES] Slow evaluation: 75.1s for 150 cases (avg 0.50s/case)
[36m(run_cases_remote pid=1106596)[0m 2026-07-30 23:59:01,850 - WARNING - [GEN 24bdd19e] [RUN_CASES] Slow evaluation: 85.8s for 150 cases (avg 0.57s/case)
[36m(run_cases_remote pid=1106589)[0m 2026-07-30 23:59:06,864 - WARNING - [GEN 9e8205ce] [RUN_CASES] Slow evaluation: 90.8s for 150 cases (avg 0.61s/case)
[36m(run_cases_remote pid=1106595)[0m 2026-07-30 23:59:46,723 - WARNING - [GEN 483c9a06] [RUN_CASES] Early stop: Case 122 failed with TIME_LIMIT_EXCEEDED. Message: Time limit exceeded: CPU time exceeded: 2.020s > 2.0s
[36m(run_cases_remote pid=1106595)[0m 2026-07-30 23:59:46,724 - WARNING - [GEN 483c9a06] [RUN_CASES] Slow evaluation: 130.6s for 150 cases (avg 0.87s/case)
__main__:1108 [[92mINFO[0m]   Group 7: rewards computed in 145.0s
__main__:1150 [[92mINFO[0m]     [g7][r1/8] adapter=0 R_exec=0.0947 true_MI=0.00000 RMI=0.0000 R_total=0.0947 correct=1 tokens=18488
__main__:1150 [[92mINFO[0m]     [g7][r2/8] adapter=0 R_exec=0.9877 true_MI=0.00000 RMI=0.0000 R_total=0.9877 correct=1 tokens=18673
__main__:1150 [[92mINFO[0m]     [g7][r3/8] adapter=0 R_exec=0.0000 true_MI=0.00000 RMI=0.0000 R_total=0.0000 correct=0 tokens=15545
__main__:1150 [[92mINFO[0m]     [g7][r4/8] adapter=0 R_exec=0.0968 true_MI=0.00000 RMI=0.0000 R_total=0.0968 correct=1 tokens=16075
__main__:1150 [[92mINFO[0m]     [g7][r5/8] adapter=0 R_exec=0.0000 true_MI=0.00000 RMI=0.0000 R_total=0.0000 correct=0 tokens=17843
__main__:1150 [[92mINFO[0m]     [g7][r6/8] adapter=0 R_exec=0.0000 true_MI=0.00000 RMI=0.0000 R_total=0.0000 correct=0 tokens=18487
[36m(run_cases_remote pid=1106591)[0m 2026-07-30 23:59:58,516 - WARNING - [GEN 53e559b1] [RUN_CASES] Slow evaluation: 142.4s for 150 cases (avg 0.95s/case)
__main__:1150 [[92mINFO[0m]     [g7][r7/8] adapter=0 R_exec=0.0000 true_MI=0.00000 RMI=0.0000 R_total=0.0000 correct=0 tokens=19212
__main__:1150 [[92mINFO[0m]     [g7][r8/8] adapter=0 R_exec=0.0000 true_MI=0.00000 RMI=0.0000 R_total=0.0000 correct=0 tokens=15863
__main__:1167 [[92mINFO[0m]   [g7] group true_MI: mean=0.00000 std=0.00000 max=0.00000 normalized=[0.00 0.00 0.00 0.00 0.00 0.00 0.00 0.00]
tinker_cookbook.utils.ml_log:143 [[92mINFO[0m] Wrote metrics to logs/aws/wave4/ahc039-base/metrics.jsonl
tinker_cookbook.utils.ml_log:240 [[92mINFO[0m] Logging to: https://wandb.ai/kriaz-msee20seecs-nust/ugttt-rebuttal/runs/y6y1mt4y
tinker_cookbook.utils.ml_log:143 [[92mINFO[0m] Wrote metrics to logs/aws/wave4/ahc039-base/metrics.jsonl
tinker_cookbook.utils.ml_log:240 [[92mINFO[0m] Logging to: https://wandb.ai/kriaz-msee20seecs-nust/ugttt-rebuttal/runs/y6y1mt4y
tinker_cookbook.utils.ml_log:143 [[92mINFO[0m] Wrote metrics to logs/aws/wave4/ahc039-base/metrics.jsonl
tinker_cookbook.utils.ml_log:240 [[92mINFO[0m] Logging to: https://wandb.ai/kriaz-msee20seecs-nust/ugttt-rebuttal/runs/y6y1mt4y
tinker_cookbook.utils.ml_log:143 [[92mINFO[0m] Wrote metrics to logs/aws/wave4/ahc039-base/metrics.jsonl
tinker_cookbook.utils.ml_log:240 [[92mINFO[0m] Logging to: https://wandb.ai/kriaz-msee20seecs-nust/ugttt-rebuttal/runs/y6y1mt4y
tinker_cookbook.utils.ml_log:143 [[92mINFO[0m] Wrote metrics to logs/aws/wave4/ahc039-base/metrics.jsonl
tinker_cookbook.utils.ml_log:240 [[92mINFO[0m] Logging to: https://wandb.ai/kriaz-msee20seecs-nust/ugttt-rebuttal/runs/y6y1mt4y
tinker_cookbook.utils.ml_log:143 [[92mINFO[0m] Wrote metrics to logs/aws/wave4/ahc039-base/metrics.jsonl
tinker_cookbook.utils.ml_log:240 [[92mINFO[0m] Logging to: https://wandb.ai/kriaz-msee20seecs-nust/ugttt-rebuttal/runs/y6y1mt4y
tinker_cookbook.utils.ml_log:143 [[92mINFO[0m] Wrote metrics to logs/aws/wave4/ahc039-base/metrics.jsonl
tinker_cookbook.utils.ml_log:240 [[92mINFO[0m] Logging to: https://wandb.ai/kriaz-msee20seecs-nust/ugttt-rebuttal/runs/y6y1mt4y
tinker_cookbook.utils.ml_log:143 [[92mINFO[0m] Wrote metrics to logs/aws/wave4/ahc039-base/metrics.jsonl
tinker_cookbook.utils.ml_log:240 [[92mINFO[0m] Logging to: https://wandb.ai/kriaz-msee20seecs-nust/ugttt-rebuttal/runs/y6y1mt4y
__main__:1949 [[92mINFO[0m]   [4][8/8] KEPT | R_exec=0.1474 (max=0.9877) RMI=0.0000 R_total=0.1474 | 2358.3s | GPU: 18.1/62.9GB
tinker_cookbook.utils.ml_log:143 [[92mINFO[0m] Wrote metrics to logs/aws/wave4/ahc039-base/metrics.jsonl
tinker_cookbook.utils.ml_log:240 [[92mINFO[0m] Logging to: https://wandb.ai/kriaz-msee20seecs-nust/ugttt-rebuttal/runs/y6y1mt4y
__main__:1988 [[92mINFO[0m] [Epoch 4] Rollout phase done in 19386.0s. Training on 8/8 groups...
tinker_cookbook.utils.ml_log:143 [[92mINFO[0m] Wrote metrics to logs/aws/wave4/ahc039-base/metrics.jsonl
[36m(run_single_case_remote pid=1030687)[0m [ERROR] Command failed with exit code 1: wrong answer: Two consecutive vertices share the same coordinates.
[36m(run_single_case_remote pid=1030687)[0m 
[36m(run_single_case_remote pid=1030687)[0m [ERROR] Command failed with exit code 1: wrong answer: Two consecutive vertices share the same coordinates.
[36m(run_single_case_remote pid=1030687)[0m 
[36m(run_single_case_remote pid=1031367)[0m [ERROR] Command failed with exit code 1: wrong answer: Two consecutive vertices share the same coordinates.
[36m(run_single_case_remote pid=1031367)[0m 
tinker_cookbook.utils.ml_log:195 [[92mINFO[0m] 
┏━━━━━━━━━━━━━━━━━━━━━━━━━━━━━━━━┳━━━━━━━━━━━━━━┓
┃ Metric                         ┃ Value        ┃
┡━━━━━━━━━━━━━━━━━━━━━━━━━━━━━━━━╇━━━━━━━━━━━━━━┩
│ gpu/memory_allocated_gb        │ 18.092511    │
│ gpu/memory_peak_gb             │ 62.523490    │
│ gpu/memory_reserved_gb         │ 18.123588    │
│ kl_policy_base                 │ 0.002503     │
│ optim/entropy                  │ 0.478052     │
│ optim/kl_sample_train_v1       │ 0.000088     │
│ optim/kl_sample_train_v2       │ 0.000101     │
│ progress/done_frac             │ 0.833333     │
│ progress/epoch                 │ 4            │
│ rollout/groups_attempted       │ 8.000000     │
│ rollout/groups_filtered        │ 0.000000     │
│ rollout/groups_kept            │ 8.000000     │
│ rollout/intra_group_reward_std │ 0.528680     │
│ time/rollout                   │ 19385.973701 │
│ time/total                     │ 19909.704737 │
│ time/train                     │ 523.626452   │
│ train/advantage/max            │ 10.717886    │
│ train/advantage/mean           │ 0.300080     │
│ train/advantage/min            │ -1.000000    │
│ train/advantage/std            │ 1.822944     │
│ train/beta/mean                │ 13778.732726 │
│ train/beta/std                 │ 36415.329740 │
│ train/correctness/mean         │ 0.515625     │
│ train/correctness/rate         │ 0.515625     │
│ train/ensemble/frac_high_disa… │ 0.000000     │
│ train/ensemble/max_token_disa… │ nan          │
│ train/ensemble/member_logprob… │ 0.000000     │
│ train/ensemble/member_logprob… │ nan          │
│ train/gamma_eff/mean           │ 0.000000     │
│ train/gen/num_tokens/max       │ 20367.000000 │
│ train/gen/num_tokens/mean      │ 15960.078125 │
│ train/gen/num_tokens/std       │ 2077.665023  │
│ train/loss                     │ -0.300033    │
│ train/nnm_loss                 │ 0.000000     │
│ train/nnm_nuclear_norm         │ 0.000000     │
│ train/num_groups               │ 8.000000     │
│ train/num_rollouts             │ 64.000000    │
│ train/num_rollouts_total       │ 64.000000    │
│ train/reward/exec/best         │ 1.255773     │
│ train/reward/exec/max          │ 1.255773     │
│ train/reward/exec/mean         │ 0.514465     │
│ train/reward/exec/min          │ 0.000000     │
│ train/reward/exec/std          │ 0.588302     │
│ train/reward/rmi/max           │ 0.000000     │
│ train/reward/rmi/mean          │ 0.000000     │
│ train/reward/rmi/min           │ 0.000000     │
│ train/reward/rmi/std           │ 0.000000     │
│ train/reward/total/best        │ 1.255773     │
│ train/reward/total/max         │ 1.255773     │
│ train/reward/total/mean        │ 0.514465     │
│ train/reward/total/min         │ 0.000000     │
│ train/reward/total/std         │ 0.588302     │
│ train/streaming_mi/stop_rate   │ 0.000000     │
│ train/streaming_mi/tokens_sav… │ 0.000000     │
│ train/streaming_mi/tokens_sav… │ 0.000000     │
│ train/two_phase/phase1_tokens… │ 15960.078125 │
│ train/two_phase/phase2_tokens… │ 0.000000     │
│ train/two_phase/prefill_rate   │ 0.000000     │
│ train/uncertainty/predictive_… │ 0.000000     │
│ train/uncertainty/predictive_… │ 0.000000     │
│ train/uncertainty/predictive_… │ 0.000000     │
│ train/uncertainty/predictive_… │ 0.000000     │
│ train/uncertainty/predictive_… │ 0.000000     │
│ train/uncertainty/predictive_… │ 0.000000     │
│ train/uncertainty/predictive_… │ 0.000000     │
│ train/uncertainty/predictive_… │ 0.000000     │
│ train/uncertainty/rmi/max      │ 0.000000     │
│ train/uncertainty/rmi/mean     │ 0.000000     │
│ train/uncertainty/rmi/min      │ 0.000000     │
│ train/uncertainty/rmi/std      │ 0.000000     │
│ train/uncertainty/rmi_top7/max │ 0.000000     │
│ train/uncertainty/rmi_top7/me… │ 0.000000     │
│ train/uncertainty/rmi_top7/min │ 0.000000     │
│ train/uncertainty/rmi_top7/std │ 0.000000     │
│ train/uncertainty/top7_mi_cod… │ 0.000000     │
│ train/uncertainty/top7_mi_cod… │ 0.000000     │
│ train/uncertainty/top7_mi_thi… │ 0.000000     │
│ train/uncertainty/top7_mi_thi… │ 0.000000     │
│ train/uncertainty/top7_pct_co… │ 0.000000     │
│ train/uncertainty/top7_pct_co… │ 0.000000     │
│ train/uncertainty/top7_pct_th… │ 1.000000     │
│ train/uncertainty/top7_pct_th… │ 0.000000     │
│ train/uncertainty/true_mi/max  │ 0.000000     │
│ train/uncertainty/true_mi/mean │ 0.000000     │
│ train/uncertainty/true_mi/min  │ 0.000000     │
│ train/uncertainty/true_mi/std  │ 0.000000     │
│ train/uncertainty/variance/max │ nan          │
│ train/uncertainty/variance/me… │ nan          │
│ train/uncertainty/variance/min │ nan          │
│ train/uncertainty/variance/std │ nan          │
│ train/uncertainty/variance_to… │ nan          │
│ train/uncertainty/variance_to… │ nan          │
│ train/uncertainty/variance_to… │ nan          │
│ train/uncertainty/variance_to… │ nan          │
└────────────────────────────────┴──────────────┘
tinker_cookbook.utils.ml_log:240 [[92mINFO[0m] Logging to: https://wandb.ai/kriaz-msee20seecs-nust/ugttt-rebuttal/runs/y6y1mt4y
__main__:2062 [[92mINFO[0m] [Epoch 4] R_exec=0.5145 (max=1.2558 best=1.2558) RMI=0.0000 beta=13778.73 corr=51.6% loss=-0.3000 groups=8/8 time=19909.7s
__main__:2073 [[92mINFO[0m] Checkpoint saved at epoch 4
__main__:1836 [[92mINFO[0m] [Epoch 5/6] Starting rollout phase: 8 groups × 8 rollouts
tinker_cookbook.rl.ensemble:1082 [[92mINFO[0m]   generate_batch_multi_adapter_two_phase: N=8 phase1_max=26000 streaming_mi=False kv_q=False
tinker_cookbook.rl.ensemble:1270 [[92mINFO[0m]     [gen/p1] step=2048/22779 active=8/8 mi_stopped=0
tinker_cookbook.rl.ensemble:1270 [[92mINFO[0m]     [gen/p1] step=4096/22779 active=8/8 mi_stopped=0
tinker_cookbook.rl.ensemble:1270 [[92mINFO[0m]     [gen/p1] step=6144/22779 active=8/8 mi_stopped=0
tinker_cookbook.rl.ensemble:1270 [[92mINFO[0m]     [gen/p1] step=8192/22779 active=8/8 mi_stopped=0
tinker_cookbook.rl.ensemble:1270 [[92mINFO[0m]     [gen/p1] step=10240/22779 active=8/8 mi_stopped=0
tinker_cookbook.rl.ensemble:1270 [[92mINFO[0m]     [gen/p1] step=12288/22779 active=8/8 mi_stopped=0
tinker_cookbook.rl.ensemble:1270 [[92mINFO[0m]     [gen/p1] step=14336/22779 active=7/8 mi_stopped=0
tinker_cookbook.rl.ensemble:1270 [[92mINFO[0m]     [gen/p1] step=16384/22779 active=5/8 mi_stopped=0
tinker_cookbook.rl.ensemble:1270 [[92mINFO[0m]     [gen/p1] step=18432/22779 active=1/8 mi_stopped=0
__main__:1078 [[92mINFO[0m]   Group 0: multi-adapter generation 8 seqs in 2177.1s
[36m(run_cases_remote pid=1121733)[0m [2026-07-31 00:45:30,055 E 1121733 1121882] core_worker_process.cc:825: Failed to establish connection to the metrics exporter agent. Metrics will not be exported. Exporter agent status: RpcError: Running out of retries to initialize the metrics agent. rpc_code: 14
[36m(run_cases_remote pid=1121734)[0m [2026-07-31 00:45:30,058 E 1121734 1121919] core_worker_process.cc:825: Failed to establish connection to the metrics exporter agent. Metrics will not be exported. Exporter agent status: RpcError: Running out of retries to initialize the metrics agent. rpc_code: 14
[36m(run_cases_remote pid=1121740)[0m [2026-07-31 00:45:30,070 E 1121740 1122114] core_worker_process.cc:825: Failed to establish connection to the metrics exporter agent. Metrics will not be exported. Exporter agent status: RpcError: Running out of retries to initialize the metrics agent. rpc_code: 14
[36m(run_cases_remote pid=1121738)[0m [2026-07-31 00:45:30,072 E 1121738 1122164] core_worker_process.cc:825: Failed to establish connection to the metrics exporter agent. Metrics will not be exported. Exporter agent status: RpcError: Running out of retries to initialize the metrics agent. rpc_code: 14
[36m(run_single_case_remote pid=1122433)[0m [2026-07-31 00:45:32,569 E 1122433 1122656] core_worker_process.cc:825: Failed to establish connection to the metrics exporter agent. Metrics will not be exported. Exporter agent status: RpcError: Running out of retries to initialize the metrics agent. rpc_code: 14
[36m(run_single_case_remote pid=1122888)[0m [2026-07-31 00:45:35,650 E 1122888 1122931] core_worker_process.cc:825: Failed to establish connection to the metrics exporter agent. Metrics will not be exported. Exporter agent status: RpcError: Running out of retries to initialize the metrics agent. rpc_code: 14
[36m(run_cases_remote pid=1121736)[0m 2026-07-31 00:46:44,298 - WARNING - [GEN 89742634] [RUN_CASES] Early stop: Case 59 failed with TIME_LIMIT_EXCEEDED. Message: Time limit exceeded: CPU time exceeded: 2.070s > 2.0s
[36m(run_cases_remote pid=1121736)[0m 2026-07-31 00:46:44,298 - WARNING - [GEN 89742634] [RUN_CASES] Slow evaluation: 102.0s for 150 cases (avg 0.68s/case)
[36m(run_cases_remote pid=1121734)[0m 2026-07-31 00:47:22,670 - WARNING - [GEN b1019da3] [RUN_CASES] Slow evaluation: 140.3s for 150 cases (avg 0.94s/case)
[36m(run_cases_remote pid=1121740)[0m 2026-07-31 00:47:34,363 - WARNING - [GEN 841ce22e] [RUN_CASES] Slow evaluation: 151.9s for 150 cases (avg 1.01s/case)
[36m(run_cases_remote pid=1121733)[0m 2026-07-31 00:47:44,709 - WARNING - [GEN f9b50556] [RUN_CASES] Slow evaluation: 162.4s for 150 cases (avg 1.08s/case)
__main__:1108 [[92mINFO[0m]   Group 0: rewards computed in 210.0s
__main__:1150 [[92mINFO[0m]     [g0][r1/8] adapter=0 R_exec=0.0000 true_MI=0.00000 RMI=0.0000 R_total=0.0000 correct=0 tokens=14993
__main__:1150 [[92mINFO[0m]     [g0][r2/8] adapter=0 R_exec=1.2558 true_MI=0.00000 RMI=0.0000 R_total=1.2558 correct=1 tokens=18661
__main__:1150 [[92mINFO[0m]     [g0][r3/8] adapter=0 R_exec=1.2558 true_MI=0.00000 RMI=0.0000 R_total=1.2558 correct=1 tokens=17643
__main__:1150 [[92mINFO[0m]     [g0][r4/8] adapter=0 R_exec=1.2362 true_MI=0.00000 RMI=0.0000 R_total=1.2362 correct=1 tokens=17073
__main__:1150 [[92mINFO[0m]     [g0][r5/8] adapter=0 R_exec=0.3559 true_MI=0.00000 RMI=0.0000 R_total=0.3559 correct=1 tokens=16712
__main__:1150 [[92mINFO[0m]     [g0][r6/8] adapter=0 R_exec=0.0000 true_MI=0.00000 RMI=0.0000 R_total=0.0000 correct=0 tokens=13961
__main__:1150 [[92mINFO[0m]     [g0][r7/8] adapter=0 R_exec=0.0000 true_MI=0.00000 RMI=0.0000 R_total=0.0000 correct=0 tokens=16655
__main__:1150 [[92mINFO[0m]     [g0][r8/8] adapter=0 R_exec=1.2361 true_MI=0.00000 RMI=0.0000 R_total=1.2361 correct=1 tokens=16305
__main__:1167 [[92mINFO[0m]   [g0] group true_MI: mean=0.00000 std=0.00000 max=0.00000 normalized=[0.00 0.00 0.00 0.00 0.00 0.00 0.00 0.00]
[36m(run_cases_remote pid=1121738)[0m 2026-07-31 00:48:29,734 - WARNING - [GEN 4fdf495a] [RUN_CASES] Slow evaluation: 207.4s for 150 cases (avg 1.38s/case)
tinker_cookbook.utils.ml_log:143 [[92mINFO[0m] Wrote metrics to logs/aws/wave4/ahc039-base/metrics.jsonl
tinker_cookbook.utils.ml_log:240 [[92mINFO[0m] Logging to: https://wandb.ai/kriaz-msee20seecs-nust/ugttt-rebuttal/runs/y6y1mt4y
tinker_cookbook.utils.ml_log:143 [[92mINFO[0m] Wrote metrics to logs/aws/wave4/ahc039-base/metrics.jsonl
tinker_cookbook.utils.ml_log:240 [[92mINFO[0m] Logging to: https://wandb.ai/kriaz-msee20seecs-nust/ugttt-rebuttal/runs/y6y1mt4y
tinker_cookbook.utils.ml_log:143 [[92mINFO[0m] Wrote metrics to logs/aws/wave4/ahc039-base/metrics.jsonl
tinker_cookbook.utils.ml_log:240 [[92mINFO[0m] Logging to: https://wandb.ai/kriaz-msee20seecs-nust/ugttt-rebuttal/runs/y6y1mt4y
tinker_cookbook.utils.ml_log:143 [[92mINFO[0m] Wrote metrics to logs/aws/wave4/ahc039-base/metrics.jsonl
tinker_cookbook.utils.ml_log:240 [[92mINFO[0m] Logging to: https://wandb.ai/kriaz-msee20seecs-nust/ugttt-rebuttal/runs/y6y1mt4y
tinker_cookbook.utils.ml_log:143 [[92mINFO[0m] Wrote metrics to logs/aws/wave4/ahc039-base/metrics.jsonl
tinker_cookbook.utils.ml_log:240 [[92mINFO[0m] Logging to: https://wandb.ai/kriaz-msee20seecs-nust/ugttt-rebuttal/runs/y6y1mt4y
tinker_cookbook.utils.ml_log:143 [[92mINFO[0m] Wrote metrics to logs/aws/wave4/ahc039-base/metrics.jsonl
tinker_cookbook.utils.ml_log:240 [[92mINFO[0m] Logging to: https://wandb.ai/kriaz-msee20seecs-nust/ugttt-rebuttal/runs/y6y1mt4y
tinker_cookbook.utils.ml_log:143 [[92mINFO[0m] Wrote metrics to logs/aws/wave4/ahc039-base/metrics.jsonl
tinker_cookbook.utils.ml_log:240 [[92mINFO[0m] Logging to: https://wandb.ai/kriaz-msee20seecs-nust/ugttt-rebuttal/runs/y6y1mt4y
tinker_cookbook.utils.ml_log:143 [[92mINFO[0m] Wrote metrics to logs/aws/wave4/ahc039-base/metrics.jsonl
tinker_cookbook.utils.ml_log:240 [[92mINFO[0m] Logging to: https://wandb.ai/kriaz-msee20seecs-nust/ugttt-rebuttal/runs/y6y1mt4y
__main__:1949 [[92mINFO[0m]   [5][1/8] KEPT | R_exec=0.6675 (max=1.2558) RMI=0.0000 R_total=0.6675 | 2387.2s | GPU: 18.1/62.9GB
tinker_cookbook.utils.ml_log:143 [[92mINFO[0m] Wrote metrics to logs/aws/wave4/ahc039-base/metrics.jsonl
tinker_cookbook.utils.ml_log:240 [[92mINFO[0m] Logging to: https://wandb.ai/kriaz-msee20seecs-nust/ugttt-rebuttal/runs/y6y1mt4y
tinker_cookbook.rl.ensemble:1082 [[92mINFO[0m]   generate_batch_multi_adapter_two_phase: N=8 phase1_max=26000 streaming_mi=False kv_q=False
tinker_cookbook.rl.ensemble:1270 [[92mINFO[0m]     [gen/p1] step=2048/22705 active=8/8 mi_stopped=0
tinker_cookbook.rl.ensemble:1270 [[92mINFO[0m]     [gen/p1] step=4096/22705 active=8/8 mi_stopped=0
tinker_cookbook.rl.ensemble:1270 [[92mINFO[0m]     [gen/p1] step=6144/22705 active=8/8 mi_stopped=0
tinker_cookbook.rl.ensemble:1270 [[92mINFO[0m]     [gen/p1] step=8192/22705 active=8/8 mi_stopped=0
tinker_cookbook.rl.ensemble:1270 [[92mINFO[0m]     [gen/p1] step=10240/22705 active=8/8 mi_stopped=0
tinker_cookbook.rl.ensemble:1270 [[92mINFO[0m]     [gen/p1] step=12288/22705 active=8/8 mi_stopped=0
tinker_cookbook.rl.ensemble:1270 [[92mINFO[0m]     [gen/p1] step=14336/22705 active=7/8 mi_stopped=0
tinker_cookbook.rl.ensemble:1270 [[92mINFO[0m]     [gen/p1] step=16384/22705 active=5/8 mi_stopped=0
tinker_cookbook.rl.ensemble:1270 [[92mINFO[0m]     [gen/p1] step=18432/22705 active=1/8 mi_stopped=0
__main__:1078 [[92mINFO[0m]   Group 1: multi-adapter generation 8 seqs in 2309.2s
[36m(run_cases_remote pid=1137006)[0m [2026-07-31 01:27:29,583 E 1137006 1137111] core_worker_process.cc:825: Failed to establish connection to the metrics exporter agent. Metrics will not be exported. Exporter agent status: RpcError: Running out of retries to initialize the metrics agent. rpc_code: 14
[36m(run_cases_remote pid=1137012)[0m [2026-07-31 01:27:29,605 E 1137012 1137407] core_worker_process.cc:825: Failed to establish connection to the metrics exporter agent. Metrics will not be exported. Exporter agent status: RpcError: Running out of retries to initialize the metrics agent. rpc_code: 14
[36m(run_cases_remote pid=1137010)[0m [2026-07-31 01:27:29,602 E 1137010 1137376] core_worker_process.cc:825: Failed to establish connection to the metrics exporter agent. Metrics will not be exported. Exporter agent status: RpcError: Running out of retries to initialize the metrics agent. rpc_code: 14
[36m(run_cases_remote pid=1137008)[0m [2026-07-31 01:27:29,599 E 1137008 1137324] core_worker_process.cc:825: Failed to establish connection to the metrics exporter agent. Metrics will not be exported. Exporter agent status: RpcError: Running out of retries to initialize the metrics agent. rpc_code: 14
[36m(run_single_case_remote pid=1137649)[0m [2026-07-31 01:27:32,097 E 1137649 1137906] core_worker_process.cc:825: Failed to establish connection to the metrics exporter agent. Metrics will not be exported. Exporter agent status: RpcError: Running out of retries to initialize the metrics agent. rpc_code: 14
[36m(run_single_case_remote pid=1138171)[0m [2026-07-31 01:27:35,379 E 1138171 1138223] core_worker_process.cc:825: Failed to establish connection to the metrics exporter agent. Metrics will not be exported. Exporter agent status: RpcError: Running out of retries to initialize the metrics agent. rpc_code: 14
[36m(run_cases_remote pid=1137006)[0m 2026-07-31 01:28:41,794 - WARNING - [GEN a4c1495a] [RUN_CASES] Early stop: Case 59 failed with TIME_LIMIT_EXCEEDED. Message: Time limit exceeded: CPU time exceeded: 2.040s > 2.0s
[36m(run_cases_remote pid=1137006)[0m 2026-07-31 01:28:41,795 - WARNING - [GEN a4c1495a] [RUN_CASES] Slow evaluation: 100.0s for 150 cases (avg 0.67s/case)
[36m(run_cases_remote pid=1137009)[0m 2026-07-31 01:29:35,603 - WARNING - [GEN b91dd629] [RUN_CASES] Slow evaluation: 153.7s for 150 cases (avg 1.02s/case)
[36m(run_cases_remote pid=1137010)[0m 2026-07-31 01:30:05,385 - WARNING - [GEN ed50d36b] [RUN_CASES] Early stop: Case 37 failed with TIME_LIMIT_EXCEEDED. Message: Time limit exceeded: CPU limit exceeded (prlimit killed process)
[36m(run_cases_remote pid=1137010)[0m 2026-07-31 01:30:05,386 - WARNING - [GEN ed50d36b] [RUN_CASES] Slow evaluation: 183.2s for 150 cases (avg 1.22s/case)
[36m(run_cases_remote pid=1137007)[0m 2026-07-31 01:30:47,896 - WARNING - [GEN 45d9ef51] [RUN_CASES] Slow evaluation: 226.1s for 150 cases (avg 1.51s/case)
[36m(run_cases_remote pid=1137012)[0m 2026-07-31 01:30:59,995 - WARNING - [GEN 62151770] [RUN_CASES] Slow evaluation: 238.1s for 150 cases (avg 1.59s/case)
__main__:1108 [[92mINFO[0m]   Group 1: rewards computed in 289.3s
__main__:1150 [[92mINFO[0m]     [g1][r1/8] adapter=0 R_exec=0.0000 true_MI=0.00000 RMI=0.0000 R_total=0.0000 correct=0 tokens=15960
__main__:1150 [[92mINFO[0m]     [g1][r2/8] adapter=0 R_exec=0.0000 true_MI=0.00000 RMI=0.0000 R_total=0.0000 correct=0 tokens=16128
__main__:1150 [[92mINFO[0m]     [g1][r3/8] adapter=0 R_exec=1.2532 true_MI=0.00000 RMI=0.0000 R_total=1.2532 correct=1 tokens=17807
__main__:1150 [[92mINFO[0m]     [g1][r4/8] adapter=0 R_exec=0.0000 true_MI=0.00000 RMI=0.0000 R_total=0.0000 correct=0 tokens=17988
__main__:1150 [[92mINFO[0m]     [g1][r5/8] adapter=0 R_exec=1.0169 true_MI=0.00000 RMI=0.0000 R_total=1.0169 correct=1 tokens=12991
__main__:1150 [[92mINFO[0m]     [g1][r6/8] adapter=0 R_exec=1.1541 true_MI=0.00000 RMI=0.0000 R_total=1.1541 correct=1 tokens=19316
[36m(run_cases_remote pid=1137008)[0m 2026-07-31 01:31:48,537 - WARNING - [GEN 6337f65f] [RUN_CASES] Early stop: Case 49 failed with TIME_LIMIT_EXCEEDED. Message: Time limit exceeded: CPU limit exceeded (prlimit killed process)
[36m(run_cases_remote pid=1137008)[0m 2026-07-31 01:31:48,538 - WARNING - [GEN 6337f65f] [RUN_CASES] Slow evaluation: 286.3s for 150 cases (avg 1.91s/case)
__main__:1150 [[92mINFO[0m]     [g1][r7/8] adapter=0 R_exec=1.2361 true_MI=0.00000 RMI=0.0000 R_total=1.2361 correct=1 tokens=17183
__main__:1150 [[92mINFO[0m]     [g1][r8/8] adapter=0 R_exec=1.2362 true_MI=0.00000 RMI=0.0000 R_total=1.2362 correct=1 tokens=18256
__main__:1167 [[92mINFO[0m]   [g1] group true_MI: mean=0.00000 std=0.00000 max=0.00000 normalized=[0.00 0.00 0.00 0.00 0.00 0.00 0.00 0.00]
tinker_cookbook.utils.ml_log:143 [[92mINFO[0m] Wrote metrics to logs/aws/wave4/ahc039-base/metrics.jsonl
tinker_cookbook.utils.ml_log:240 [[92mINFO[0m] Logging to: https://wandb.ai/kriaz-msee20seecs-nust/ugttt-rebuttal/runs/y6y1mt4y
tinker_cookbook.utils.ml_log:143 [[92mINFO[0m] Wrote metrics to logs/aws/wave4/ahc039-base/metrics.jsonl
tinker_cookbook.utils.ml_log:240 [[92mINFO[0m] Logging to: https://wandb.ai/kriaz-msee20seecs-nust/ugttt-rebuttal/runs/y6y1mt4y
tinker_cookbook.utils.ml_log:143 [[92mINFO[0m] Wrote metrics to logs/aws/wave4/ahc039-base/metrics.jsonl
tinker_cookbook.utils.ml_log:240 [[92mINFO[0m] Logging to: https://wandb.ai/kriaz-msee20seecs-nust/ugttt-rebuttal/runs/y6y1mt4y
tinker_cookbook.utils.ml_log:143 [[92mINFO[0m] Wrote metrics to logs/aws/wave4/ahc039-base/metrics.jsonl
tinker_cookbook.utils.ml_log:240 [[92mINFO[0m] Logging to: https://wandb.ai/kriaz-msee20seecs-nust/ugttt-rebuttal/runs/y6y1mt4y
tinker_cookbook.utils.ml_log:143 [[92mINFO[0m] Wrote metrics to logs/aws/wave4/ahc039-base/metrics.jsonl
tinker_cookbook.utils.ml_log:240 [[92mINFO[0m] Logging to: https://wandb.ai/kriaz-msee20seecs-nust/ugttt-rebuttal/runs/y6y1mt4y
tinker_cookbook.utils.ml_log:143 [[92mINFO[0m] Wrote metrics to logs/aws/wave4/ahc039-base/metrics.jsonl
tinker_cookbook.utils.ml_log:240 [[92mINFO[0m] Logging to: https://wandb.ai/kriaz-msee20seecs-nust/ugttt-rebuttal/runs/y6y1mt4y
tinker_cookbook.utils.ml_log:143 [[92mINFO[0m] Wrote metrics to logs/aws/wave4/ahc039-base/metrics.jsonl
tinker_cookbook.utils.ml_log:240 [[92mINFO[0m] Logging to: https://wandb.ai/kriaz-msee20seecs-nust/ugttt-rebuttal/runs/y6y1mt4y
tinker_cookbook.utils.ml_log:143 [[92mINFO[0m] Wrote metrics to logs/aws/wave4/ahc039-base/metrics.jsonl
tinker_cookbook.utils.ml_log:240 [[92mINFO[0m] Logging to: https://wandb.ai/kriaz-msee20seecs-nust/ugttt-rebuttal/runs/y6y1mt4y
__main__:1949 [[92mINFO[0m]   [5][2/8] KEPT | R_exec=0.7371 (max=1.2532) RMI=0.0000 R_total=0.7371 | 2598.6s | GPU: 18.1/63.1GB
tinker_cookbook.utils.ml_log:143 [[92mINFO[0m] Wrote metrics to logs/aws/wave4/ahc039-base/metrics.jsonl
tinker_cookbook.utils.ml_log:240 [[92mINFO[0m] Logging to: https://wandb.ai/kriaz-msee20seecs-nust/ugttt-rebuttal/runs/y6y1mt4y
tinker_cookbook.rl.ensemble:1082 [[92mINFO[0m]   generate_batch_multi_adapter_two_phase: N=8 phase1_max=26000 streaming_mi=False kv_q=False
tinker_cookbook.rl.ensemble:1270 [[92mINFO[0m]     [gen/p1] step=2048/23035 active=8/8 mi_stopped=0
tinker_cookbook.rl.ensemble:1270 [[92mINFO[0m]     [gen/p1] step=4096/23035 active=8/8 mi_stopped=0
tinker_cookbook.rl.ensemble:1270 [[92mINFO[0m]     [gen/p1] step=6144/23035 active=8/8 mi_stopped=0
tinker_cookbook.rl.ensemble:1270 [[92mINFO[0m]     [gen/p1] step=8192/23035 active=8/8 mi_stopped=0
tinker_cookbook.rl.ensemble:1270 [[92mINFO[0m]     [gen/p1] step=10240/23035 active=8/8 mi_stopped=0
tinker_cookbook.rl.ensemble:1270 [[92mINFO[0m]     [gen/p1] step=12288/23035 active=8/8 mi_stopped=0
tinker_cookbook.rl.ensemble:1270 [[92mINFO[0m]     [gen/p1] step=14336/23035 active=6/8 mi_stopped=0
tinker_cookbook.rl.ensemble:1270 [[92mINFO[0m]     [gen/p1] step=16384/23035 active=4/8 mi_stopped=0
tinker_cookbook.rl.ensemble:1270 [[92mINFO[0m]     [gen/p1] step=18432/23035 active=2/8 mi_stopped=0
__main__:1078 [[92mINFO[0m]   Group 2: multi-adapter generation 8 seqs in 2227.2s
[36m(run_cases_remote pid=1146359)[0m [2026-07-31 02:09:26,438 E 1146359 1146593] core_worker_process.cc:825: Failed to establish connection to the metrics exporter agent. Metrics will not be exported. Exporter agent status: RpcError: Running out of retries to initialize the metrics agent. rpc_code: 14
[36m(run_cases_remote pid=1146362)[0m [2026-07-31 02:09:26,436 E 1146362 1146566] core_worker_process.cc:825: Failed to establish connection to the metrics exporter agent. Metrics will not be exported. Exporter agent status: RpcError: Running out of retries to initialize the metrics agent. rpc_code: 14
[36m(run_single_case_remote pid=1146364)[0m [2026-07-31 02:09:26,439 E 1146364 1146673] core_worker_process.cc:825: Failed to establish connection to the metrics exporter agent. Metrics will not be exported. Exporter agent status: RpcError: Running out of retries to initialize the metrics agent. rpc_code: 14
[36m(run_single_case_remote pid=1146737)[0m [2026-07-31 02:09:27,175 E 1146737 1146886] core_worker_process.cc:825: Failed to establish connection to the metrics exporter agent. Metrics will not be exported. Exporter agent status: RpcError: Running out of retries to initialize the metrics agent. rpc_code: 14
[36m(run_single_case_remote pid=1146736)[0m [2026-07-31 02:09:27,227 E 1146736 1146918] core_worker_process.cc:825: Failed to establish connection to the metrics exporter agent. Metrics will not be exported. Exporter agent status: RpcError: Running out of retries to initialize the metrics agent. rpc_code: 14
[36m(run_cases_remote pid=1137649)[0m 2026-07-31 02:11:47,377 - WARNING - [GEN c51ccfbe] [RUN_CASES] Early stop: Case 111 failed with TIME_LIMIT_EXCEEDED. Message: Time limit exceeded: CPU limit exceeded (prlimit killed process)
[36m(run_cases_remote pid=1137649)[0m 2026-07-31 02:11:47,377 - WARNING - [GEN c51ccfbe] [RUN_CASES] Slow evaluation: 170.5s for 150 cases (avg 1.14s/case)
[36m(run_cases_remote pid=1146361)[0m 2026-07-31 02:12:09,049 - WARNING - [GEN 6b8e6a30] [RUN_CASES] Slow evaluation: 191.2s for 150 cases (avg 1.27s/case)
[36m(run_single_case_remote pid=1157733)[0m [2026-07-31 02:15:26,734 E 1157733 1157780] core_worker_process.cc:825: Failed to establish connection to the metrics exporter agent. Metrics will not be exported. Exporter agent status: RpcError: Running out of retries to initialize the metrics agent. rpc_code: 14
[36m(run_single_case_remote pid=1158446)[0m [2026-07-31 02:15:58,085 E 1158446 1158485] core_worker_process.cc:825: Failed to establish connection to the metrics exporter agent. Metrics will not be exported. Exporter agent status: RpcError: Running out of retries to initialize the metrics agent. rpc_code: 14
[36m(run_single_case_remote pid=1158450)[0m [2026-07-31 02:15:58,218 E 1158450 1158543] core_worker_process.cc:825: Failed to establish connection to the metrics exporter agent. Metrics will not be exported. Exporter agent status: RpcError: Running out of retries to initialize the metrics agent. rpc_code: 14
[36m(run_cases_remote pid=1138171)[0m 2026-07-31 02:16:27,631 - WARNING - [GEN 5b21285d] [RUN_CASES] Early stop: Case 59 failed with TIME_LIMIT_EXCEEDED. Message: Time limit exceeded: CPU time exceeded: 2.160s > 2.0s
[36m(run_cases_remote pid=1138171)[0m 2026-07-31 02:16:27,632 - WARNING - [GEN 5b21285d] [RUN_CASES] Slow evaluation: 450.7s for 150 cases (avg 3.00s/case)
[36m(run_cases_remote pid=1146363)[0m 2026-07-31 02:16:59,236 - WARNING - [GEN 585a66a1] [RUN_CASES] Slow evaluation: 481.4s for 150 cases (avg 3.21s/case)
[36m(run_cases_remote pid=1146362)[0m 2026-07-31 02:17:22,711 - WARNING - [GEN cfdaa5cb] [RUN_CASES] Slow evaluation: 505.0s for 150 cases (avg 3.37s/case)
__main__:1108 [[92mINFO[0m]   Group 2: rewards computed in 547.4s
__main__:1150 [[92mINFO[0m]     [g2][r1/8] adapter=0 R_exec=1.0169 true_MI=0.00000 RMI=0.0000 R_total=1.0169 correct=1 tokens=13332
__main__:1150 [[92mINFO[0m]     [g2][r2/8] adapter=0 R_exec=0.0000 true_MI=0.00000 RMI=0.0000 R_total=0.0000 correct=0 tokens=19119
__main__:1150 [[92mINFO[0m]     [g2][r3/8] adapter=0 R_exec=0.1688 true_MI=0.00000 RMI=0.0000 R_total=0.1688 correct=1 tokens=16755
__main__:1150 [[92mINFO[0m]     [g2][r4/8] adapter=0 R_exec=1.2532 true_MI=0.00000 RMI=0.0000 R_total=1.2532 correct=1 tokens=13966
__main__:1150 [[92mINFO[0m]     [g2][r5/8] adapter=0 R_exec=1.2532 true_MI=0.00000 RMI=0.0000 R_total=1.2532 correct=1 tokens=16982
__main__:1150 [[92mINFO[0m]     [g2][r6/8] adapter=0 R_exec=0.0000 true_MI=0.00000 RMI=0.0000 R_total=0.0000 correct=0 tokens=15300
__main__:1150 [[92mINFO[0m]     [g2][r7/8] adapter=0 R_exec=1.2532 true_MI=0.00000 RMI=0.0000 R_total=1.2532 correct=1 tokens=18499
__main__:1150 [[92mINFO[0m]     [g2][r8/8] adapter=0 R_exec=0.0000 true_MI=0.00000 RMI=0.0000 R_total=0.0000 correct=0 tokens=15649
__main__:1167 [[92mINFO[0m]   [g2] group true_MI: mean=0.00000 std=0.00000 max=0.00000 normalized=[0.00 0.00 0.00 0.00 0.00 0.00 0.00 0.00]
[36m(run_cases_remote pid=1146359)[0m 2026-07-31 02:18:03,452 - WARNING - [GEN 2880417b] [RUN_CASES] Slow evaluation: 545.6s for 150 cases (avg 3.64s/case)
tinker_cookbook.utils.ml_log:143 [[92mINFO[0m] Wrote metrics to logs/aws/wave4/ahc039-base/metrics.jsonl
tinker_cookbook.utils.ml_log:240 [[92mINFO[0m] Logging to: https://wandb.ai/kriaz-msee20seecs-nust/ugttt-rebuttal/runs/y6y1mt4y
tinker_cookbook.utils.ml_log:143 [[92mINFO[0m] Wrote metrics to logs/aws/wave4/ahc039-base/metrics.jsonl
tinker_cookbook.utils.ml_log:240 [[92mINFO[0m] Logging to: https://wandb.ai/kriaz-msee20seecs-nust/ugttt-rebuttal/runs/y6y1mt4y
tinker_cookbook.utils.ml_log:143 [[92mINFO[0m] Wrote metrics to logs/aws/wave4/ahc039-base/metrics.jsonl
tinker_cookbook.utils.ml_log:240 [[92mINFO[0m] Logging to: https://wandb.ai/kriaz-msee20seecs-nust/ugttt-rebuttal/runs/y6y1mt4y
tinker_cookbook.utils.ml_log:143 [[92mINFO[0m] Wrote metrics to logs/aws/wave4/ahc039-base/metrics.jsonl
tinker_cookbook.utils.ml_log:240 [[92mINFO[0m] Logging to: https://wandb.ai/kriaz-msee20seecs-nust/ugttt-rebuttal/runs/y6y1mt4y
tinker_cookbook.utils.ml_log:143 [[92mINFO[0m] Wrote metrics to logs/aws/wave4/ahc039-base/metrics.jsonl
tinker_cookbook.utils.ml_log:240 [[92mINFO[0m] Logging to: https://wandb.ai/kriaz-msee20seecs-nust/ugttt-rebuttal/runs/y6y1mt4y
tinker_cookbook.utils.ml_log:143 [[92mINFO[0m] Wrote metrics to logs/aws/wave4/ahc039-base/metrics.jsonl
tinker_cookbook.utils.ml_log:240 [[92mINFO[0m] Logging to: https://wandb.ai/kriaz-msee20seecs-nust/ugttt-rebuttal/runs/y6y1mt4y
tinker_cookbook.utils.ml_log:143 [[92mINFO[0m] Wrote metrics to logs/aws/wave4/ahc039-base/metrics.jsonl
tinker_cookbook.utils.ml_log:240 [[92mINFO[0m] Logging to: https://wandb.ai/kriaz-msee20seecs-nust/ugttt-rebuttal/runs/y6y1mt4y
tinker_cookbook.utils.ml_log:143 [[92mINFO[0m] Wrote metrics to logs/aws/wave4/ahc039-base/metrics.jsonl
tinker_cookbook.utils.ml_log:240 [[92mINFO[0m] Logging to: https://wandb.ai/kriaz-msee20seecs-nust/ugttt-rebuttal/runs/y6y1mt4y
__main__:1949 [[92mINFO[0m]   [5][3/8] KEPT | R_exec=0.6181 (max=1.2532) RMI=0.0000 R_total=0.6181 | 2774.7s | GPU: 18.1/63.0GB
tinker_cookbook.utils.ml_log:143 [[92mINFO[0m] Wrote metrics to logs/aws/wave4/ahc039-base/metrics.jsonl
tinker_cookbook.utils.ml_log:240 [[92mINFO[0m] Logging to: https://wandb.ai/kriaz-msee20seecs-nust/ugttt-rebuttal/runs/y6y1mt4y
tinker_cookbook.rl.ensemble:1082 [[92mINFO[0m]   generate_batch_multi_adapter_two_phase: N=8 phase1_max=26000 streaming_mi=False kv_q=False
tinker_cookbook.rl.ensemble:1270 [[92mINFO[0m]     [gen/p1] step=2048/23125 active=8/8 mi_stopped=0
tinker_cookbook.rl.ensemble:1270 [[92mINFO[0m]     [gen/p1] step=4096/23125 active=8/8 mi_stopped=0
tinker_cookbook.rl.ensemble:1270 [[92mINFO[0m]     [gen/p1] step=6144/23125 active=8/8 mi_stopped=0
tinker_cookbook.rl.ensemble:1270 [[92mINFO[0m]     [gen/p1] step=8192/23125 active=8/8 mi_stopped=0
tinker_cookbook.rl.ensemble:1270 [[92mINFO[0m]     [gen/p1] step=10240/23125 active=8/8 mi_stopped=0
tinker_cookbook.rl.ensemble:1270 [[92mINFO[0m]     [gen/p1] step=12288/23125 active=8/8 mi_stopped=0
tinker_cookbook.rl.ensemble:1270 [[92mINFO[0m]     [gen/p1] step=14336/23125 active=7/8 mi_stopped=0
tinker_cookbook.rl.ensemble:1270 [[92mINFO[0m]     [gen/p1] step=16384/23125 active=6/8 mi_stopped=0
tinker_cookbook.rl.ensemble:1270 [[92mINFO[0m]     [gen/p1] step=18432/23125 active=5/8 mi_stopped=0
tinker_cookbook.rl.ensemble:1270 [[92mINFO[0m]     [gen/p1] step=20480/23125 active=2/8 mi_stopped=0
__main__:1078 [[92mINFO[0m]   Group 3: multi-adapter generation 8 seqs in 2674.1s
[36m(run_cases_remote pid=1162840)[0m [2026-07-31 03:03:08,256 E 1162840 1163029] core_worker_process.cc:825: Failed to establish connection to the metrics exporter agent. Metrics will not be exported. Exporter agent status: RpcError: Running out of retries to initialize the metrics agent. rpc_code: 14
[36m(run_cases_remote pid=1162841)[0m [2026-07-31 03:03:08,250 E 1162841 1162948] core_worker_process.cc:825: Failed to establish connection to the metrics exporter agent. Metrics will not be exported. Exporter agent status: RpcError: Running out of retries to initialize the metrics agent. rpc_code: 14
[36m(run_cases_remote pid=1162843)[0m [2026-07-31 03:03:08,268 E 1162843 1163138] core_worker_process.cc:825: Failed to establish connection to the metrics exporter agent. Metrics will not be exported. Exporter agent status: RpcError: Running out of retries to initialize the metrics agent. rpc_code: 14
[36m(run_single_case_remote pid=1163217)[0m [2026-07-31 03:03:08,915 E 1163217 1163351] core_worker_process.cc:825: Failed to establish connection to the metrics exporter agent. Metrics will not be exported. Exporter agent status: RpcError: Running out of retries to initialize the metrics agent. rpc_code: 14
[36m(run_cases_remote pid=1158450)[0m 2026-07-31 03:04:04,975 - WARNING - [GEN aa888a1a] [RUN_CASES] Early stop: Case 43 failed with TIME_LIMIT_EXCEEDED. Message: Time limit exceeded: CPU limit exceeded (prlimit killed process)
[36m(run_cases_remote pid=1158450)[0m 2026-07-31 03:04:04,976 - WARNING - [GEN aa888a1a] [RUN_CASES] Slow evaluation: 85.9s for 150 cases (avg 0.57s/case)
[36m(run_cases_remote pid=1162843)[0m 2026-07-31 03:04:54,376 - WARNING - [GEN 05d4fb51] [RUN_CASES] Slow evaluation: 134.8s for 150 cases (avg 0.90s/case)
[36m(run_cases_remote pid=1157733)[0m 2026-07-31 03:05:39,908 - WARNING - [GEN 144e9f95] [RUN_CASES] Slow evaluation: 181.3s for 150 cases (avg 1.21s/case)
[36m(run_cases_remote pid=1162842)[0m 2026-07-31 03:06:03,225 - WARNING - [GEN 25ad3f9e] [RUN_CASES] Slow evaluation: 203.7s for 150 cases (avg 1.36s/case)
[36m(run_cases_remote pid=1162844)[0m 2026-07-31 03:07:00,528 - WARNING - [GEN 87ae95f8] [RUN_CASES] Slow evaluation: 260.9s for 150 cases (avg 1.74s/case)
[36m(run_cases_remote pid=1162840)[0m 2026-07-31 03:08:06,229 - WARNING - [GEN a502862f] [RUN_CASES] Slow evaluation: 326.7s for 150 cases (avg 2.18s/case)
[36m(run_single_case_remote pid=1172866)[0m [2026-07-31 03:08:29,583 E 1172866 1172965] core_worker_process.cc:825: Failed to establish connection to the metrics exporter agent. Metrics will not be exported. Exporter agent status: RpcError: Running out of retries to initialize the metrics agent. rpc_code: 14
__main__:1108 [[92mINFO[0m]   Group 3: rewards computed in 394.3s
__main__:1150 [[92mINFO[0m]     [g3][r1/8] adapter=0 R_exec=1.2532 true_MI=0.00000 RMI=0.0000 R_total=1.2532 correct=1 tokens=15749
__main__:1150 [[92mINFO[0m]     [g3][r2/8] adapter=0 R_exec=1.2532 true_MI=0.00000 RMI=0.0000 R_total=1.2532 correct=1 tokens=20429
__main__:1150 [[92mINFO[0m]     [g3][r3/8] adapter=0 R_exec=1.0169 true_MI=0.00000 RMI=0.0000 R_total=1.0169 correct=1 tokens=21141
__main__:1150 [[92mINFO[0m]     [g3][r4/8] adapter=0 R_exec=1.1358 true_MI=0.00000 RMI=0.0000 R_total=1.1358 correct=1 tokens=19906
__main__:1150 [[92mINFO[0m]     [g3][r5/8] adapter=0 R_exec=0.0000 true_MI=0.00000 RMI=0.0000 R_total=0.0000 correct=0 tokens=21488
__main__:1150 [[92mINFO[0m]     [g3][r6/8] adapter=0 R_exec=1.2532 true_MI=0.00000 RMI=0.0000 R_total=1.2532 correct=1 tokens=16586
__main__:1150 [[92mINFO[0m]     [g3][r7/8] adapter=0 R_exec=1.2532 true_MI=0.00000 RMI=0.0000 R_total=1.2532 correct=1 tokens=18532
__main__:1150 [[92mINFO[0m]     [g3][r8/8] adapter=0 R_exec=1.0169 true_MI=0.00000 RMI=0.0000 R_total=1.0169 correct=1 tokens=13611
__main__:1167 [[92mINFO[0m]   [g3] group true_MI: mean=0.00000 std=0.00000 max=0.00000 normalized=[0.00 0.00 0.00 0.00 0.00 0.00 0.00 0.00]
[36m(run_cases_remote pid=1162841)[0m 2026-07-31 03:09:12,187 - WARNING - [GEN 4824d5e4] [RUN_CASES] Slow evaluation: 392.5s for 150 cases (avg 2.62s/case)
tinker_cookbook.utils.ml_log:143 [[92mINFO[0m] Wrote metrics to logs/aws/wave4/ahc039-base/metrics.jsonl
tinker_cookbook.utils.ml_log:240 [[92mINFO[0m] Logging to: https://wandb.ai/kriaz-msee20seecs-nust/ugttt-rebuttal/runs/y6y1mt4y
tinker_cookbook.utils.ml_log:143 [[92mINFO[0m] Wrote metrics to logs/aws/wave4/ahc039-base/metrics.jsonl
tinker_cookbook.utils.ml_log:240 [[92mINFO[0m] Logging to: https://wandb.ai/kriaz-msee20seecs-nust/ugttt-rebuttal/runs/y6y1mt4y
tinker_cookbook.utils.ml_log:143 [[92mINFO[0m] Wrote metrics to logs/aws/wave4/ahc039-base/metrics.jsonl
tinker_cookbook.utils.ml_log:240 [[92mINFO[0m] Logging to: https://wandb.ai/kriaz-msee20seecs-nust/ugttt-rebuttal/runs/y6y1mt4y
tinker_cookbook.utils.ml_log:143 [[92mINFO[0m] Wrote metrics to logs/aws/wave4/ahc039-base/metrics.jsonl
tinker_cookbook.utils.ml_log:240 [[92mINFO[0m] Logging to: https://wandb.ai/kriaz-msee20seecs-nust/ugttt-rebuttal/runs/y6y1mt4y
tinker_cookbook.utils.ml_log:143 [[92mINFO[0m] Wrote metrics to logs/aws/wave4/ahc039-base/metrics.jsonl
tinker_cookbook.utils.ml_log:240 [[92mINFO[0m] Logging to: https://wandb.ai/kriaz-msee20seecs-nust/ugttt-rebuttal/runs/y6y1mt4y
tinker_cookbook.utils.ml_log:143 [[92mINFO[0m] Wrote metrics to logs/aws/wave4/ahc039-base/metrics.jsonl
tinker_cookbook.utils.ml_log:240 [[92mINFO[0m] Logging to: https://wandb.ai/kriaz-msee20seecs-nust/ugttt-rebuttal/runs/y6y1mt4y
tinker_cookbook.utils.ml_log:143 [[92mINFO[0m] Wrote metrics to logs/aws/wave4/ahc039-base/metrics.jsonl
tinker_cookbook.utils.ml_log:240 [[92mINFO[0m] Logging to: https://wandb.ai/kriaz-msee20seecs-nust/ugttt-rebuttal/runs/y6y1mt4y
tinker_cookbook.utils.ml_log:143 [[92mINFO[0m] Wrote metrics to logs/aws/wave4/ahc039-base/metrics.jsonl
tinker_cookbook.utils.ml_log:240 [[92mINFO[0m] Logging to: https://wandb.ai/kriaz-msee20seecs-nust/ugttt-rebuttal/runs/y6y1mt4y
__main__:1949 [[92mINFO[0m]   [5][4/8] KEPT | R_exec=1.0228 (max=1.2532) RMI=0.0000 R_total=1.0228 | 3068.6s | GPU: 18.1/63.0GB
tinker_cookbook.utils.ml_log:143 [[92mINFO[0m] Wrote metrics to logs/aws/wave4/ahc039-base/metrics.jsonl
tinker_cookbook.utils.ml_log:240 [[92mINFO[0m] Logging to: https://wandb.ai/kriaz-msee20seecs-nust/ugttt-rebuttal/runs/y6y1mt4y
tinker_cookbook.rl.ensemble:1082 [[92mINFO[0m]   generate_batch_multi_adapter_two_phase: N=8 phase1_max=26000 streaming_mi=False kv_q=False
tinker_cookbook.rl.ensemble:1270 [[92mINFO[0m]     [gen/p1] step=2048/22026 active=8/8 mi_stopped=0
tinker_cookbook.rl.ensemble:1270 [[92mINFO[0m]     [gen/p1] step=4096/22026 active=8/8 mi_stopped=0
tinker_cookbook.rl.ensemble:1270 [[92mINFO[0m]     [gen/p1] step=6144/22026 active=8/8 mi_stopped=0
tinker_cookbook.rl.ensemble:1270 [[92mINFO[0m]     [gen/p1] step=8192/22026 active=8/8 mi_stopped=0
tinker_cookbook.rl.ensemble:1270 [[92mINFO[0m]     [gen/p1] step=10240/22026 active=8/8 mi_stopped=0
tinker_cookbook.rl.ensemble:1270 [[92mINFO[0m]     [gen/p1] step=12288/22026 active=8/8 mi_stopped=0
tinker_cookbook.rl.ensemble:1270 [[92mINFO[0m]     [gen/p1] step=14336/22026 active=6/8 mi_stopped=0
tinker_cookbook.rl.ensemble:1270 [[92mINFO[0m]     [gen/p1] step=16384/22026 active=3/8 mi_stopped=0
tinker_cookbook.rl.ensemble:1270 [[92mINFO[0m]     [gen/p1] step=18432/22026 active=1/8 mi_stopped=0
tinker_cookbook.rl.ensemble:1270 [[92mINFO[0m]     [gen/p1] step=20480/22026 active=1/8 mi_stopped=0
__main__:1078 [[92mINFO[0m]   Group 4: multi-adapter generation 8 seqs in 2747.1s
[36m(run_cases_remote pid=1180621)[0m [2026-07-31 03:55:29,931 E 1180621 1180788] core_worker_process.cc:825: Failed to establish connection to the metrics exporter agent. Metrics will not be exported. Exporter agent status: RpcError: Running out of retries to initialize the metrics agent. rpc_code: 14
[36m(run_cases_remote pid=1180624)[0m [2026-07-31 03:55:29,951 E 1180624 1180998] core_worker_process.cc:825: Failed to establish connection to the metrics exporter agent. Metrics will not be exported. Exporter agent status: RpcError: Running out of retries to initialize the metrics agent. rpc_code: 14
[36m(run_cases_remote pid=1180625)[0m [2026-07-31 03:55:29,957 E 1180625 1181031] core_worker_process.cc:825: Failed to establish connection to the metrics exporter agent. Metrics will not be exported. Exporter agent status: RpcError: Running out of retries to initialize the metrics agent. rpc_code: 14
[36m(run_single_case_remote pid=1181328)[0m [2026-07-31 03:55:31,562 E 1181328 1181545] core_worker_process.cc:825: Failed to establish connection to the metrics exporter agent. Metrics will not be exported. Exporter agent status: RpcError: Running out of retries to initialize the metrics agent. rpc_code: 14
[36m(run_single_case_remote pid=1181767)[0m [2026-07-31 03:55:34,555 E 1181767 1181810] core_worker_process.cc:825: Failed to establish connection to the metrics exporter agent. Metrics will not be exported. Exporter agent status: RpcError: Running out of retries to initialize the metrics agent. rpc_code: 14
[36m(run_cases_remote pid=1180621)[0m 2026-07-31 03:56:10,611 - WARNING - [GEN 8605c3a9] [RUN_CASES] Slow evaluation: 69.3s for 150 cases (avg 0.46s/case)
[36m(run_cases_remote pid=1180626)[0m 2026-07-31 03:56:52,066 - WARNING - [GEN cb17958c] [RUN_CASES] Early stop: Case 92 failed with TIME_LIMIT_EXCEEDED. Message: Time limit exceeded: CPU time exceeded: 2.130s > 2.0s
[36m(run_cases_remote pid=1180626)[0m 2026-07-31 03:56:52,067 - WARNING - [GEN cb17958c] [RUN_CASES] Slow evaluation: 110.7s for 150 cases (avg 0.74s/case)
[36m(run_cases_remote pid=1180622)[0m 2026-07-31 03:57:43,226 - WARNING - [GEN 3a4188a5] [RUN_CASES] Slow evaluation: 161.9s for 150 cases (avg 1.08s/case)
[36m(run_cases_remote pid=1180625)[0m 2026-07-31 03:57:47,229 - WARNING - [GEN 61223378] [RUN_CASES] Slow evaluation: 165.9s for 150 cases (avg 1.11s/case)
[36m(run_cases_remote pid=1180624)[0m 2026-07-31 03:58:26,027 - WARNING - [GEN b79c215b] [RUN_CASES] Slow evaluation: 204.7s for 150 cases (avg 1.36s/case)
[36m(run_single_case_remote pid=1181328)[0m 2026-07-31 03:58:32,600 - ERROR - Command failed with exit code 1: wrong answer: Two consecutive vertices share the same coordinates.
[36m(run_single_case_remote pid=1181328)[0m 
__main__:1108 [[92mINFO[0m]   Group 4: rewards computed in 230.5s
__main__:1150 [[92mINFO[0m]     [g4][r1/8] adapter=0 R_exec=0.0000 true_MI=0.00000 RMI=0.0000 R_total=0.0000 correct=0 tokens=18144
__main__:1150 [[92mINFO[0m]     [g4][r2/8] adapter=0 R_exec=1.2530 true_MI=0.00000 RMI=0.0000 R_total=1.2530 correct=1 tokens=21077
[36m(run_cases_remote pid=1180623)[0m 2026-07-31 03:58:50,071 - WARNING - [GEN 5e142410] [RUN_CASES] Early stop: Case 36 failed with WRONG_ANSWER. Message: Wrong answer.
[36m(run_cases_remote pid=1180623)[0m Standard error:
[36m(run_cases_remote pid=1180623)[0m wrong answer: Two consecutive vertices share the same coordinates.
[36m(run_cases_remote pid=1180623)[0m 2026-07-31 03:58:50,072 - WARNING - [GEN 5e142410] [RUN_CASES] Slow evaluation: 228.8s for 150 cases (avg 1.53s/case)
__main__:1150 [[92mINFO[0m]     [g4][r3/8] adapter=0 R_exec=0.0000 true_MI=0.00000 RMI=0.0000 R_total=0.0000 correct=0 tokens=13822
__main__:1150 [[92mINFO[0m]     [g4][r4/8] adapter=0 R_exec=1.2532 true_MI=0.00000 RMI=0.0000 R_total=1.2532 correct=1 tokens=15781
__main__:1150 [[92mINFO[0m]     [g4][r5/8] adapter=0 R_exec=1.2532 true_MI=0.00000 RMI=0.0000 R_total=1.2532 correct=1 tokens=17110
__main__:1150 [[92mINFO[0m]     [g4][r6/8] adapter=0 R_exec=0.0000 true_MI=0.00000 RMI=0.0000 R_total=0.0000 correct=0 tokens=15405
__main__:1150 [[92mINFO[0m]     [g4][r7/8] adapter=0 R_exec=1.0251 true_MI=0.00000 RMI=0.0000 R_total=1.0251 correct=1 tokens=15632
__main__:1150 [[92mINFO[0m]     [g4][r8/8] adapter=0 R_exec=0.0000 true_MI=0.00000 RMI=0.0000 R_total=0.0000 correct=0 tokens=13932
__main__:1167 [[92mINFO[0m]   [g4] group true_MI: mean=0.00000 std=0.00000 max=0.00000 normalized=[0.00 0.00 0.00 0.00 0.00 0.00 0.00 0.00]
tinker_cookbook.utils.ml_log:143 [[92mINFO[0m] Wrote metrics to logs/aws/wave4/ahc039-base/metrics.jsonl
tinker_cookbook.utils.ml_log:240 [[92mINFO[0m] Logging to: https://wandb.ai/kriaz-msee20seecs-nust/ugttt-rebuttal/runs/y6y1mt4y
tinker_cookbook.utils.ml_log:143 [[92mINFO[0m] Wrote metrics to logs/aws/wave4/ahc039-base/metrics.jsonl
tinker_cookbook.utils.ml_log:240 [[92mINFO[0m] Logging to: https://wandb.ai/kriaz-msee20seecs-nust/ugttt-rebuttal/runs/y6y1mt4y
tinker_cookbook.utils.ml_log:143 [[92mINFO[0m] Wrote metrics to logs/aws/wave4/ahc039-base/metrics.jsonl
tinker_cookbook.utils.ml_log:240 [[92mINFO[0m] Logging to: https://wandb.ai/kriaz-msee20seecs-nust/ugttt-rebuttal/runs/y6y1mt4y
tinker_cookbook.utils.ml_log:143 [[92mINFO[0m] Wrote metrics to logs/aws/wave4/ahc039-base/metrics.jsonl
tinker_cookbook.utils.ml_log:240 [[92mINFO[0m] Logging to: https://wandb.ai/kriaz-msee20seecs-nust/ugttt-rebuttal/runs/y6y1mt4y
tinker_cookbook.utils.ml_log:143 [[92mINFO[0m] Wrote metrics to logs/aws/wave4/ahc039-base/metrics.jsonl
tinker_cookbook.utils.ml_log:240 [[92mINFO[0m] Logging to: https://wandb.ai/kriaz-msee20seecs-nust/ugttt-rebuttal/runs/y6y1mt4y
tinker_cookbook.utils.ml_log:143 [[92mINFO[0m] Wrote metrics to logs/aws/wave4/ahc039-base/metrics.jsonl
tinker_cookbook.utils.ml_log:240 [[92mINFO[0m] Logging to: https://wandb.ai/kriaz-msee20seecs-nust/ugttt-rebuttal/runs/y6y1mt4y
tinker_cookbook.utils.ml_log:143 [[92mINFO[0m] Wrote metrics to logs/aws/wave4/ahc039-base/metrics.jsonl
tinker_cookbook.utils.ml_log:240 [[92mINFO[0m] Logging to: https://wandb.ai/kriaz-msee20seecs-nust/ugttt-rebuttal/runs/y6y1mt4y
tinker_cookbook.utils.ml_log:143 [[92mINFO[0m] Wrote metrics to logs/aws/wave4/ahc039-base/metrics.jsonl
tinker_cookbook.utils.ml_log:240 [[92mINFO[0m] Logging to: https://wandb.ai/kriaz-msee20seecs-nust/ugttt-rebuttal/runs/y6y1mt4y
__main__:1949 [[92mINFO[0m]   [5][5/8] KEPT | R_exec=0.5980 (max=1.2532) RMI=0.0000 R_total=0.5980 | 2977.7s | GPU: 18.1/64.2GB
tinker_cookbook.utils.ml_log:143 [[92mINFO[0m] Wrote metrics to logs/aws/wave4/ahc039-base/metrics.jsonl
tinker_cookbook.utils.ml_log:240 [[92mINFO[0m] Logging to: https://wandb.ai/kriaz-msee20seecs-nust/ugttt-rebuttal/runs/y6y1mt4y
tinker_cookbook.rl.ensemble:1082 [[92mINFO[0m]   generate_batch_multi_adapter_two_phase: N=8 phase1_max=26000 streaming_mi=False kv_q=False
tinker_cookbook.rl.ensemble:1270 [[92mINFO[0m]     [gen/p1] step=2048/23008 active=8/8 mi_stopped=0
tinker_cookbook.rl.ensemble:1270 [[92mINFO[0m]     [gen/p1] step=4096/23008 active=8/8 mi_stopped=0
tinker_cookbook.rl.ensemble:1270 [[92mINFO[0m]     [gen/p1] step=6144/23008 active=8/8 mi_stopped=0
tinker_cookbook.rl.ensemble:1270 [[92mINFO[0m]     [gen/p1] step=8192/23008 active=8/8 mi_stopped=0
tinker_cookbook.rl.ensemble:1270 [[92mINFO[0m]     [gen/p1] step=10240/23008 active=8/8 mi_stopped=0
tinker_cookbook.rl.ensemble:1270 [[92mINFO[0m]     [gen/p1] step=12288/23008 active=8/8 mi_stopped=0
tinker_cookbook.rl.ensemble:1270 [[92mINFO[0m]     [gen/p1] step=14336/23008 active=8/8 mi_stopped=0
tinker_cookbook.rl.ensemble:1270 [[92mINFO[0m]     [gen/p1] step=16384/23008 active=2/8 mi_stopped=0
tinker_cookbook.rl.ensemble:1270 [[92mINFO[0m]     [gen/p1] step=18432/23008 active=1/8 mi_stopped=0
__main__:1078 [[92mINFO[0m]   Group 5: multi-adapter generation 8 seqs in 2397.3s
[36m(run_cases_remote pid=1197145)[0m [2026-07-31 04:39:17,995 E 1197145 1197252] core_worker_process.cc:825: Failed to establish connection to the metrics exporter agent. Metrics will not be exported. Exporter agent status: RpcError: Running out of retries to initialize the metrics agent. rpc_code: 14
[36m(run_cases_remote pid=1197152)[0m [2026-07-31 04:39:18,018 E 1197152 1197529] core_worker_process.cc:825: Failed to establish connection to the metrics exporter agent. Metrics will not be exported. Exporter agent status: RpcError: Running out of retries to initialize the metrics agent. rpc_code: 14
[36m(run_single_case_remote pid=1197886)[0m [2026-07-31 04:39:19,639 E 1197886 1198047] core_worker_process.cc:825: Failed to establish connection to the metrics exporter agent. Metrics will not be exported. Exporter agent status: RpcError: Running out of retries to initialize the metrics agent. rpc_code: 14
[36m(run_single_case_remote pid=1197887)[0m [2026-07-31 04:39:19,688 E 1197887 1198079] core_worker_process.cc:825: Failed to establish connection to the metrics exporter agent. Metrics will not be exported. Exporter agent status: RpcError: Running out of retries to initialize the metrics agent. rpc_code: 14
[36m(run_single_case_remote pid=1198260)[0m [2026-07-31 04:39:22,690 E 1198260 1198296] core_worker_process.cc:825: Failed to establish connection to the metrics exporter agent. Metrics will not be exported. Exporter agent status: RpcError: Running out of retries to initialize the metrics agent. rpc_code: 14
[36m(run_cases_remote pid=1197151)[0m 2026-07-31 04:40:00,546 - WARNING - [GEN ee7f4827] [RUN_CASES] Slow evaluation: 71.2s for 150 cases (avg 0.47s/case)
[36m(run_cases_remote pid=1197145)[0m 2026-07-31 04:40:33,268 - WARNING - [GEN 9386ebf6] [RUN_CASES] Early stop: Case 42 failed with TIME_LIMIT_EXCEEDED. Message: Time limit exceeded: CPU limit exceeded (prlimit killed process)
[36m(run_cases_remote pid=1197145)[0m 2026-07-31 04:40:33,268 - WARNING - [GEN 9386ebf6] [RUN_CASES] Slow evaluation: 103.8s for 150 cases (avg 0.69s/case)
[36m(run_cases_remote pid=1197152)[0m 2026-07-31 04:41:10,804 - WARNING - [GEN 078845d4] [RUN_CASES] Early stop: Case 59 failed with TIME_LIMIT_EXCEEDED. Message: Time limit exceeded: CPU time exceeded: 2.100s > 2.0s
[36m(run_cases_remote pid=1197152)[0m 2026-07-31 04:41:10,804 - WARNING - [GEN 078845d4] [RUN_CASES] Slow evaluation: 141.4s for 150 cases (avg 0.94s/case)
__main__:1108 [[92mINFO[0m]   Group 5: rewards computed in 186.8s
__main__:1150 [[92mINFO[0m]     [g5][r1/8] adapter=0 R_exec=0.0000 true_MI=0.00000 RMI=0.0000 R_total=0.0000 correct=0 tokens=15216
__main__:1150 [[92mINFO[0m]     [g5][r2/8] adapter=0 R_exec=0.0000 true_MI=0.00000 RMI=0.0000 R_total=0.0000 correct=0 tokens=15722
__main__:1150 [[92mINFO[0m]     [g5][r3/8] adapter=0 R_exec=1.2532 true_MI=0.00000 RMI=0.0000 R_total=1.2532 correct=1 tokens=16182
__main__:1150 [[92mINFO[0m]     [g5][r4/8] adapter=0 R_exec=1.2532 true_MI=0.00000 RMI=0.0000 R_total=1.2532 correct=1 tokens=20016
__main__:1150 [[92mINFO[0m]     [g5][r5/8] adapter=0 R_exec=0.0000 true_MI=0.00000 RMI=0.0000 R_total=0.0000 correct=0 tokens=14674
__main__:1150 [[92mINFO[0m]     [g5][r6/8] adapter=0 R_exec=0.0000 true_MI=0.00000 RMI=0.0000 R_total=0.0000 correct=0 tokens=15635
__main__:1150 [[92mINFO[0m]     [g5][r7/8] adapter=0 R_exec=0.0000 true_MI=0.00000 RMI=0.0000 R_total=0.0000 correct=0 tokens=15075
__main__:1150 [[92mINFO[0m]     [g5][r8/8] adapter=0 R_exec=0.0000 true_MI=0.00000 RMI=0.0000 R_total=0.0000 correct=0 tokens=17562
__main__:1167 [[92mINFO[0m]   [g5] group true_MI: mean=0.00000 std=0.00000 max=0.00000 normalized=[0.00 0.00 0.00 0.00 0.00 0.00 0.00 0.00]
[36m(run_cases_remote pid=1197149)[0m 2026-07-31 04:41:54,417 - WARNING - [GEN f5d05bcf] [RUN_CASES] Slow evaluation: 185.0s for 150 cases (avg 1.23s/case)
tinker_cookbook.utils.ml_log:143 [[92mINFO[0m] Wrote metrics to logs/aws/wave4/ahc039-base/metrics.jsonl
tinker_cookbook.utils.ml_log:240 [[92mINFO[0m] Logging to: https://wandb.ai/kriaz-msee20seecs-nust/ugttt-rebuttal/runs/y6y1mt4y
tinker_cookbook.utils.ml_log:143 [[92mINFO[0m] Wrote metrics to logs/aws/wave4/ahc039-base/metrics.jsonl
tinker_cookbook.utils.ml_log:240 [[92mINFO[0m] Logging to: https://wandb.ai/kriaz-msee20seecs-nust/ugttt-rebuttal/runs/y6y1mt4y
tinker_cookbook.utils.ml_log:143 [[92mINFO[0m] Wrote metrics to logs/aws/wave4/ahc039-base/metrics.jsonl
tinker_cookbook.utils.ml_log:240 [[92mINFO[0m] Logging to: https://wandb.ai/kriaz-msee20seecs-nust/ugttt-rebuttal/runs/y6y1mt4y
tinker_cookbook.utils.ml_log:143 [[92mINFO[0m] Wrote metrics to logs/aws/wave4/ahc039-base/metrics.jsonl
tinker_cookbook.utils.ml_log:240 [[92mINFO[0m] Logging to: https://wandb.ai/kriaz-msee20seecs-nust/ugttt-rebuttal/runs/y6y1mt4y
tinker_cookbook.utils.ml_log:143 [[92mINFO[0m] Wrote metrics to logs/aws/wave4/ahc039-base/metrics.jsonl
tinker_cookbook.utils.ml_log:240 [[92mINFO[0m] Logging to: https://wandb.ai/kriaz-msee20seecs-nust/ugttt-rebuttal/runs/y6y1mt4y
tinker_cookbook.utils.ml_log:143 [[92mINFO[0m] Wrote metrics to logs/aws/wave4/ahc039-base/metrics.jsonl
tinker_cookbook.utils.ml_log:240 [[92mINFO[0m] Logging to: https://wandb.ai/kriaz-msee20seecs-nust/ugttt-rebuttal/runs/y6y1mt4y
tinker_cookbook.utils.ml_log:143 [[92mINFO[0m] Wrote metrics to logs/aws/wave4/ahc039-base/metrics.jsonl
tinker_cookbook.utils.ml_log:240 [[92mINFO[0m] Logging to: https://wandb.ai/kriaz-msee20seecs-nust/ugttt-rebuttal/runs/y6y1mt4y
tinker_cookbook.utils.ml_log:143 [[92mINFO[0m] Wrote metrics to logs/aws/wave4/ahc039-base/metrics.jsonl
tinker_cookbook.utils.ml_log:240 [[92mINFO[0m] Logging to: https://wandb.ai/kriaz-msee20seecs-nust/ugttt-rebuttal/runs/y6y1mt4y
__main__:1949 [[92mINFO[0m]   [5][6/8] KEPT | R_exec=0.3133 (max=1.2532) RMI=0.0000 R_total=0.3133 | 2584.1s | GPU: 18.1/63.1GB
tinker_cookbook.utils.ml_log:143 [[92mINFO[0m] Wrote metrics to logs/aws/wave4/ahc039-base/metrics.jsonl
tinker_cookbook.utils.ml_log:240 [[92mINFO[0m] Logging to: https://wandb.ai/kriaz-msee20seecs-nust/ugttt-rebuttal/runs/y6y1mt4y
tinker_cookbook.rl.ensemble:1082 [[92mINFO[0m]   generate_batch_multi_adapter_two_phase: N=8 phase1_max=26000 streaming_mi=False kv_q=False
tinker_cookbook.rl.ensemble:1270 [[92mINFO[0m]     [gen/p1] step=2048/22650 active=8/8 mi_stopped=0
tinker_cookbook.rl.ensemble:1270 [[92mINFO[0m]     [gen/p1] step=4096/22650 active=8/8 mi_stopped=0
tinker_cookbook.rl.ensemble:1270 [[92mINFO[0m]     [gen/p1] step=6144/22650 active=8/8 mi_stopped=0
tinker_cookbook.rl.ensemble:1270 [[92mINFO[0m]     [gen/p1] step=8192/22650 active=8/8 mi_stopped=0
tinker_cookbook.rl.ensemble:1270 [[92mINFO[0m]     [gen/p1] step=10240/22650 active=8/8 mi_stopped=0
tinker_cookbook.rl.ensemble:1270 [[92mINFO[0m]     [gen/p1] step=12288/22650 active=8/8 mi_stopped=0
tinker_cookbook.rl.ensemble:1270 [[92mINFO[0m]     [gen/p1] step=14336/22650 active=5/8 mi_stopped=0
tinker_cookbook.rl.ensemble:1270 [[92mINFO[0m]     [gen/p1] step=16384/22650 active=4/8 mi_stopped=0
tinker_cookbook.rl.ensemble:1270 [[92mINFO[0m]     [gen/p1] step=18432/22650 active=1/8 mi_stopped=0
tinker_cookbook.rl.ensemble:1270 [[92mINFO[0m]     [gen/p1] step=20480/22650 active=1/8 mi_stopped=0
__main__:1078 [[92mINFO[0m]   Group 6: multi-adapter generation 8 seqs in 2580.2s
[36m(run_cases_remote pid=1208903)[0m [2026-07-31 05:25:25,367 E 1208903 1209160] core_worker_process.cc:825: Failed to establish connection to the metrics exporter agent. Metrics will not be exported. Exporter agent status: RpcError: Running out of retries to initialize the metrics agent. rpc_code: 14
[36m(run_cases_remote pid=1208904)[0m [2026-07-31 05:25:25,359 E 1208904 1209051] core_worker_process.cc:825: Failed to establish connection to the metrics exporter agent. Metrics will not be exported. Exporter agent status: RpcError: Running out of retries to initialize the metrics agent. rpc_code: 14
[36m(run_cases_remote pid=1208902)[0m [2026-07-31 05:25:25,409 E 1208902 1209348] core_worker_process.cc:825: Failed to establish connection to the metrics exporter agent. Metrics will not be exported. Exporter agent status: RpcError: Running out of retries to initialize the metrics agent. rpc_code: 14
[36m(run_single_case_remote pid=1209851)[0m [2026-07-31 05:25:28,455 E 1209851 1209922] core_worker_process.cc:825: Failed to establish connection to the metrics exporter agent. Metrics will not be exported. Exporter agent status: RpcError: Running out of retries to initialize the metrics agent. rpc_code: 14
[36m(run_single_case_remote pid=1214201)[0m [2026-07-31 05:27:16,327 E 1214201 1214240] core_worker_process.cc:825: Failed to establish connection to the metrics exporter agent. Metrics will not be exported. Exporter agent status: RpcError: Running out of retries to initialize the metrics agent. rpc_code: 14
[36m(run_single_case_remote pid=1214205)[0m [2026-07-31 05:27:16,378 E 1214205 1214297] core_worker_process.cc:825: Failed to establish connection to the metrics exporter agent. Metrics will not be exported. Exporter agent status: RpcError: Running out of retries to initialize the metrics agent. rpc_code: 14
[36m(run_cases_remote pid=1208904)[0m 2026-07-31 05:27:20,302 - WARNING - [GEN 0e1c5b9a] [RUN_CASES] Early stop: Case 42 failed with TIME_LIMIT_EXCEEDED. Message: Time limit exceeded: CPU limit exceeded (prlimit killed process)
[36m(run_cases_remote pid=1208904)[0m 2026-07-31 05:27:20,302 - WARNING - [GEN 0e1c5b9a] [RUN_CASES] Slow evaluation: 143.5s for 150 cases (avg 0.96s/case)
[36m(run_cases_remote pid=1208909)[0m 2026-07-31 05:27:26,778 - WARNING - [GEN c847a1c8] [RUN_CASES] Slow evaluation: 150.0s for 150 cases (avg 1.00s/case)
[36m(run_cases_remote pid=1208903)[0m 2026-07-31 05:27:41,027 - WARNING - [GEN acb6e171] [RUN_CASES] Slow evaluation: 164.2s for 150 cases (avg 1.09s/case)
__main__:1108 [[92mINFO[0m]   Group 6: rewards computed in 259.6s
__main__:1150 [[92mINFO[0m]     [g6][r1/8] adapter=0 R_exec=0.0000 true_MI=0.00000 RMI=0.0000 R_total=0.0000 correct=0 tokens=14954
__main__:1150 [[92mINFO[0m]     [g6][r2/8] adapter=0 R_exec=1.2532 true_MI=0.00000 RMI=0.0000 R_total=1.2532 correct=1 tokens=13688
__main__:1150 [[92mINFO[0m]     [g6][r3/8] adapter=0 R_exec=1.2532 true_MI=0.00000 RMI=0.0000 R_total=1.2532 correct=1 tokens=18356
__main__:1150 [[92mINFO[0m]     [g6][r4/8] adapter=0 R_exec=0.0000 true_MI=0.00000 RMI=0.0000 R_total=0.0000 correct=0 tokens=18375
[36m(run_cases_remote pid=1208907)[0m 2026-07-31 05:29:14,475 - WARNING - [GEN 84707ea8] [RUN_CASES] Early stop: Case 89 failed with TIME_LIMIT_EXCEEDED. Message: Time limit exceeded: CPU limit exceeded (prlimit killed process)
[36m(run_cases_remote pid=1208907)[0m 2026-07-31 05:29:14,475 - WARNING - [GEN 84707ea8] [RUN_CASES] Slow evaluation: 257.6s for 150 cases (avg 1.72s/case)
__main__:1150 [[92mINFO[0m]     [g6][r5/8] adapter=0 R_exec=0.0000 true_MI=0.00000 RMI=0.0000 R_total=0.0000 correct=0 tokens=13159
__main__:1150 [[92mINFO[0m]     [g6][r6/8] adapter=0 R_exec=1.2532 true_MI=0.00000 RMI=0.0000 R_total=1.2532 correct=1 tokens=13733
__main__:1150 [[92mINFO[0m]     [g6][r7/8] adapter=0 R_exec=1.2532 true_MI=0.00000 RMI=0.0000 R_total=1.2532 correct=1 tokens=20697
__main__:1150 [[92mINFO[0m]     [g6][r8/8] adapter=0 R_exec=0.0000 true_MI=0.00000 RMI=0.0000 R_total=0.0000 correct=0 tokens=18174
__main__:1167 [[92mINFO[0m]   [g6] group true_MI: mean=0.00000 std=0.00000 max=0.00000 normalized=[0.00 0.00 0.00 0.00 0.00 0.00 0.00 0.00]
tinker_cookbook.utils.ml_log:143 [[92mINFO[0m] Wrote metrics to logs/aws/wave4/ahc039-base/metrics.jsonl
tinker_cookbook.utils.ml_log:240 [[92mINFO[0m] Logging to: https://wandb.ai/kriaz-msee20seecs-nust/ugttt-rebuttal/runs/y6y1mt4y
tinker_cookbook.utils.ml_log:143 [[92mINFO[0m] Wrote metrics to logs/aws/wave4/ahc039-base/metrics.jsonl
tinker_cookbook.utils.ml_log:240 [[92mINFO[0m] Logging to: https://wandb.ai/kriaz-msee20seecs-nust/ugttt-rebuttal/runs/y6y1mt4y
tinker_cookbook.utils.ml_log:143 [[92mINFO[0m] Wrote metrics to logs/aws/wave4/ahc039-base/metrics.jsonl
tinker_cookbook.utils.ml_log:240 [[92mINFO[0m] Logging to: https://wandb.ai/kriaz-msee20seecs-nust/ugttt-rebuttal/runs/y6y1mt4y
tinker_cookbook.utils.ml_log:143 [[92mINFO[0m] Wrote metrics to logs/aws/wave4/ahc039-base/metrics.jsonl
tinker_cookbook.utils.ml_log:240 [[92mINFO[0m] Logging to: https://wandb.ai/kriaz-msee20seecs-nust/ugttt-rebuttal/runs/y6y1mt4y
tinker_cookbook.utils.ml_log:143 [[92mINFO[0m] Wrote metrics to logs/aws/wave4/ahc039-base/metrics.jsonl
tinker_cookbook.utils.ml_log:240 [[92mINFO[0m] Logging to: https://wandb.ai/kriaz-msee20seecs-nust/ugttt-rebuttal/runs/y6y1mt4y
tinker_cookbook.utils.ml_log:143 [[92mINFO[0m] Wrote metrics to logs/aws/wave4/ahc039-base/metrics.jsonl
tinker_cookbook.utils.ml_log:240 [[92mINFO[0m] Logging to: https://wandb.ai/kriaz-msee20seecs-nust/ugttt-rebuttal/runs/y6y1mt4y
tinker_cookbook.utils.ml_log:143 [[92mINFO[0m] Wrote metrics to logs/aws/wave4/ahc039-base/metrics.jsonl
tinker_cookbook.utils.ml_log:240 [[92mINFO[0m] Logging to: https://wandb.ai/kriaz-msee20seecs-nust/ugttt-rebuttal/runs/y6y1mt4y
tinker_cookbook.utils.ml_log:143 [[92mINFO[0m] Wrote metrics to logs/aws/wave4/ahc039-base/metrics.jsonl
tinker_cookbook.utils.ml_log:240 [[92mINFO[0m] Logging to: https://wandb.ai/kriaz-msee20seecs-nust/ugttt-rebuttal/runs/y6y1mt4y
__main__:1949 [[92mINFO[0m]   [5][7/8] KEPT | R_exec=0.6266 (max=1.2532) RMI=0.0000 R_total=0.6266 | 2839.9s | GPU: 18.1/63.4GB
tinker_cookbook.utils.ml_log:143 [[92mINFO[0m] Wrote metrics to logs/aws/wave4/ahc039-base/metrics.jsonl
tinker_cookbook.utils.ml_log:240 [[92mINFO[0m] Logging to: https://wandb.ai/kriaz-msee20seecs-nust/ugttt-rebuttal/runs/y6y1mt4y
tinker_cookbook.rl.ensemble:1082 [[92mINFO[0m]   generate_batch_multi_adapter_two_phase: N=8 phase1_max=26000 streaming_mi=False kv_q=False
tinker_cookbook.rl.ensemble:1270 [[92mINFO[0m]     [gen/p1] step=2048/22794 active=8/8 mi_stopped=0
tinker_cookbook.rl.ensemble:1270 [[92mINFO[0m]     [gen/p1] step=4096/22794 active=8/8 mi_stopped=0
tinker_cookbook.rl.ensemble:1270 [[92mINFO[0m]     [gen/p1] step=6144/22794 active=8/8 mi_stopped=0
tinker_cookbook.rl.ensemble:1270 [[92mINFO[0m]     [gen/p1] step=8192/22794 active=8/8 mi_stopped=0
tinker_cookbook.rl.ensemble:1270 [[92mINFO[0m]     [gen/p1] step=10240/22794 active=8/8 mi_stopped=0
tinker_cookbook.rl.ensemble:1270 [[92mINFO[0m]     [gen/p1] step=12288/22794 active=8/8 mi_stopped=0
tinker_cookbook.rl.ensemble:1270 [[92mINFO[0m]     [gen/p1] step=14336/22794 active=8/8 mi_stopped=0
tinker_cookbook.rl.ensemble:1270 [[92mINFO[0m]     [gen/p1] step=16384/22794 active=5/8 mi_stopped=0
tinker_cookbook.rl.ensemble:1270 [[92mINFO[0m]     [gen/p1] step=18432/22794 active=3/8 mi_stopped=0
tinker_cookbook.rl.ensemble:1270 [[92mINFO[0m]     [gen/p1] step=20480/22794 active=2/8 mi_stopped=0
__main__:1078 [[92mINFO[0m]   Group 7: multi-adapter generation 8 seqs in 2645.7s
[36m(run_cases_remote pid=1218146)[0m [2026-07-31 06:13:51,046 E 1218146 1218278] core_worker_process.cc:825: Failed to establish connection to the metrics exporter agent. Metrics will not be exported. Exporter agent status: RpcError: Running out of retries to initialize the metrics agent. rpc_code: 14
[36m(run_cases_remote pid=1218147)[0m [2026-07-31 06:13:51,057 E 1218147 1218386] core_worker_process.cc:825: Failed to establish connection to the metrics exporter agent. Metrics will not be exported. Exporter agent status: RpcError: Running out of retries to initialize the metrics agent. rpc_code: 14
[36m(run_cases_remote pid=1218148)[0m [2026-07-31 06:13:51,058 E 1218148 1218402] core_worker_process.cc:825: Failed to establish connection to the metrics exporter agent. Metrics will not be exported. Exporter agent status: RpcError: Running out of retries to initialize the metrics agent. rpc_code: 14
[36m(run_single_case_remote pid=1218144)[0m [2026-07-31 06:13:51,098 E 1218144 1218478] core_worker_process.cc:825: Failed to establish connection to the metrics exporter agent. Metrics will not be exported. Exporter agent status: RpcError: Running out of retries to initialize the metrics agent. rpc_code: 14
[36m(run_single_case_remote pid=1218516)[0m [2026-07-31 06:13:51,641 E 1218516 1218662] core_worker_process.cc:825: Failed to establish connection to the metrics exporter agent. Metrics will not be exported. Exporter agent status: RpcError: Running out of retries to initialize the metrics agent. rpc_code: 14
[36m(run_cases_remote pid=1214205)[0m 2026-07-31 06:14:33,716 - WARNING - [GEN b384f790] [RUN_CASES] Slow evaluation: 72.3s for 150 cases (avg 0.48s/case)
[36m(run_cases_remote pid=1214201)[0m 2026-07-31 06:15:10,212 - WARNING - [GEN c351cd48] [RUN_CASES] Slow evaluation: 108.8s for 150 cases (avg 0.73s/case)
[36m(run_cases_remote pid=1218147)[0m 2026-07-31 06:15:55,513 - WARNING - [GEN 2a645ffe] [RUN_CASES] Early stop: Case 42 failed with TIME_LIMIT_EXCEEDED. Message: Time limit exceeded: CPU limit exceeded (prlimit killed process)
[36m(run_cases_remote pid=1218147)[0m 2026-07-31 06:15:55,514 - WARNING - [GEN 2a645ffe] [RUN_CASES] Slow evaluation: 152.9s for 150 cases (avg 1.02s/case)
[36m(run_cases_remote pid=1218149)[0m 2026-07-31 06:16:03,155 - WARNING - [GEN 25435028] [RUN_CASES] Slow evaluation: 160.9s for 150 cases (avg 1.07s/case)
[36m(run_cases_remote pid=1209851)[0m 2026-07-31 06:16:45,316 - WARNING - [GEN a3bfcf66] [RUN_CASES] Slow evaluation: 204.0s for 150 cases (avg 1.36s/case)
[36m(run_cases_remote pid=1218148)[0m 2026-07-31 06:17:15,600 - WARNING - [GEN c9ff0cac] [RUN_CASES] Early stop: Case 42 failed with TIME_LIMIT_EXCEEDED. Message: Time limit exceeded: CPU limit exceeded (prlimit killed process)
[36m(run_cases_remote pid=1218148)[0m 2026-07-31 06:17:15,601 - WARNING - [GEN c9ff0cac] [RUN_CASES] Slow evaluation: 232.9s for 150 cases (avg 1.55s/case)
__main__:1108 [[92mINFO[0m]   Group 7: rewards computed in 284.0s
__main__:1150 [[92mINFO[0m]     [g7][r1/8] adapter=0 R_exec=1.2532 true_MI=0.00000 RMI=0.0000 R_total=1.2532 correct=1 tokens=15597
__main__:1150 [[92mINFO[0m]     [g7][r2/8] adapter=0 R_exec=0.0947 true_MI=0.00000 RMI=0.0000 R_total=0.0947 correct=1 tokens=15210
__main__:1150 [[92mINFO[0m]     [g7][r3/8] adapter=0 R_exec=0.0000 true_MI=0.00000 RMI=0.0000 R_total=0.0000 correct=0 tokens=17816
__main__:1150 [[92mINFO[0m]     [g7][r4/8] adapter=0 R_exec=1.2532 true_MI=0.00000 RMI=0.0000 R_total=1.2532 correct=1 tokens=21136
__main__:1150 [[92mINFO[0m]     [g7][r5/8] adapter=0 R_exec=0.0000 true_MI=0.00000 RMI=0.0000 R_total=0.0000 correct=0 tokens=20944
__main__:1150 [[92mINFO[0m]     [g7][r6/8] adapter=0 R_exec=1.2532 true_MI=0.00000 RMI=0.0000 R_total=1.2532 correct=1 tokens=19270
__main__:1150 [[92mINFO[0m]     [g7][r7/8] adapter=0 R_exec=0.0000 true_MI=0.00000 RMI=0.0000 R_total=0.0000 correct=0 tokens=14969
__main__:1150 [[92mINFO[0m]     [g7][r8/8] adapter=0 R_exec=1.2532 true_MI=0.00000 RMI=0.0000 R_total=1.2532 correct=1 tokens=17521
__main__:1167 [[92mINFO[0m]   [g7] group true_MI: mean=0.00000 std=0.00000 max=0.00000 normalized=[0.00 0.00 0.00 0.00 0.00 0.00 0.00 0.00]
[36m(run_cases_remote pid=1218146)[0m 2026-07-31 06:18:04,485 - WARNING - [GEN 6bb5adef] [RUN_CASES] Slow evaluation: 282.2s for 150 cases (avg 1.88s/case)
tinker_cookbook.utils.ml_log:143 [[92mINFO[0m] Wrote metrics to logs/aws/wave4/ahc039-base/metrics.jsonl
tinker_cookbook.utils.ml_log:240 [[92mINFO[0m] Logging to: https://wandb.ai/kriaz-msee20seecs-nust/ugttt-rebuttal/runs/y6y1mt4y
tinker_cookbook.utils.ml_log:143 [[92mINFO[0m] Wrote metrics to logs/aws/wave4/ahc039-base/metrics.jsonl
tinker_cookbook.utils.ml_log:240 [[92mINFO[0m] Logging to: https://wandb.ai/kriaz-msee20seecs-nust/ugttt-rebuttal/runs/y6y1mt4y
tinker_cookbook.utils.ml_log:143 [[92mINFO[0m] Wrote metrics to logs/aws/wave4/ahc039-base/metrics.jsonl
tinker_cookbook.utils.ml_log:240 [[92mINFO[0m] Logging to: https://wandb.ai/kriaz-msee20seecs-nust/ugttt-rebuttal/runs/y6y1mt4y
tinker_cookbook.utils.ml_log:143 [[92mINFO[0m] Wrote metrics to logs/aws/wave4/ahc039-base/metrics.jsonl
tinker_cookbook.utils.ml_log:240 [[92mINFO[0m] Logging to: https://wandb.ai/kriaz-msee20seecs-nust/ugttt-rebuttal/runs/y6y1mt4y
tinker_cookbook.utils.ml_log:143 [[92mINFO[0m] Wrote metrics to logs/aws/wave4/ahc039-base/metrics.jsonl
tinker_cookbook.utils.ml_log:240 [[92mINFO[0m] Logging to: https://wandb.ai/kriaz-msee20seecs-nust/ugttt-rebuttal/runs/y6y1mt4y
tinker_cookbook.utils.ml_log:143 [[92mINFO[0m] Wrote metrics to logs/aws/wave4/ahc039-base/metrics.jsonl
tinker_cookbook.utils.ml_log:240 [[92mINFO[0m] Logging to: https://wandb.ai/kriaz-msee20seecs-nust/ugttt-rebuttal/runs/y6y1mt4y
tinker_cookbook.utils.ml_log:143 [[92mINFO[0m] Wrote metrics to logs/aws/wave4/ahc039-base/metrics.jsonl
tinker_cookbook.utils.ml_log:240 [[92mINFO[0m] Logging to: https://wandb.ai/kriaz-msee20seecs-nust/ugttt-rebuttal/runs/y6y1mt4y
tinker_cookbook.utils.ml_log:143 [[92mINFO[0m] Wrote metrics to logs/aws/wave4/ahc039-base/metrics.jsonl
tinker_cookbook.utils.ml_log:240 [[92mINFO[0m] Logging to: https://wandb.ai/kriaz-msee20seecs-nust/ugttt-rebuttal/runs/y6y1mt4y
__main__:1949 [[92mINFO[0m]   [5][8/8] KEPT | R_exec=0.6384 (max=1.2532) RMI=0.0000 R_total=0.6384 | 2929.8s | GPU: 18.1/63.2GB
tinker_cookbook.utils.ml_log:143 [[92mINFO[0m] Wrote metrics to logs/aws/wave4/ahc039-base/metrics.jsonl
tinker_cookbook.utils.ml_log:240 [[92mINFO[0m] Logging to: https://wandb.ai/kriaz-msee20seecs-nust/ugttt-rebuttal/runs/y6y1mt4y
__main__:1988 [[92mINFO[0m] [Epoch 5] Rollout phase done in 22162.2s. Training on 8/8 groups...
tinker_cookbook.utils.ml_log:143 [[92mINFO[0m] Wrote metrics to logs/aws/wave4/ahc039-base/metrics.jsonl
tinker_cookbook.utils.ml_log:195 [[92mINFO[0m] 
┏━━━━━━━━━━━━━━━━━━━━━━━━━━━━━━━━┳━━━━━━━━━━━━━━┓
┃ Metric                         ┃ Value        ┃
┡━━━━━━━━━━━━━━━━━━━━━━━━━━━━━━━━╇━━━━━━━━━━━━━━┩
│ gpu/memory_allocated_gb        │ 18.092511    │
│ gpu/memory_peak_gb             │ 63.300263    │
│ gpu/memory_reserved_gb         │ 18.123588    │
│ kl_policy_base                 │ 0.002392     │
│ optim/entropy                  │ 0.471976     │
│ optim/kl_sample_train_v1       │ 0.000091     │
│ optim/kl_sample_train_v2       │ 0.000099     │
│ progress/done_frac             │ 1.000000     │
│ progress/epoch                 │ 5            │
│ rollout/groups_attempted       │ 8.000000     │
│ rollout/groups_filtered        │ 0.000000     │
│ rollout/groups_kept            │ 8.000000     │
│ rollout/intra_group_reward_std │ 0.566507     │
│ time/rollout                   │ 22162.164015 │
│ time/total                     │ 22720.692127 │
│ time/train                     │ 558.415785   │
│ train/advantage/max            │ 3.771734     │
│ train/advantage/mean           │ 0.205929     │
│ train/advantage/min            │ -1.000000    │
│ train/advantage/std            │ 1.425283     │
│ train/beta/mean                │ 27.270042    │
│ train/beta/std                 │ 49.270063    │
│ train/correctness/mean         │ 0.578125     │
│ train/correctness/rate         │ 0.578125     │
│ train/ensemble/frac_high_disa… │ 0.000000     │
│ train/ensemble/max_token_disa… │ nan          │
│ train/ensemble/member_logprob… │ 0.000000     │
│ train/ensemble/member_logprob… │ nan          │
│ train/gamma_eff/mean           │ 0.000000     │
│ train/gen/num_tokens/max       │ 21488.000000 │
│ train/gen/num_tokens/mean      │ 16863.437500 │
│ train/gen/num_tokens/std       │ 2258.049247  │
│ train/loss                     │ -0.205922    │
│ train/nnm_loss                 │ 0.000000     │
│ train/nnm_nuclear_norm         │ 0.000000     │
│ train/num_groups               │ 8.000000     │
│ train/num_rollouts             │ 64.000000    │
│ train/num_rollouts_total       │ 64.000000    │
│ train/reward/exec/best         │ 1.255773     │
│ train/reward/exec/max          │ 1.255773     │
│ train/reward/exec/mean         │ 0.652725     │
│ train/reward/exec/min          │ 0.000000     │
│ train/reward/exec/std          │ 0.598838     │
│ train/reward/rmi/max           │ 0.000000     │
│ train/reward/rmi/mean          │ 0.000000     │
│ train/reward/rmi/min           │ 0.000000     │
│ train/reward/rmi/std           │ 0.000000     │
│ train/reward/total/best        │ 1.255773     │
│ train/reward/total/max         │ 1.255773     │
│ train/reward/total/mean        │ 0.652725     │
│ train/reward/total/min         │ 0.000000     │
│ train/reward/total/std         │ 0.598838     │
│ train/streaming_mi/stop_rate   │ 0.000000     │
│ train/streaming_mi/tokens_sav… │ 0.000000     │
│ train/streaming_mi/tokens_sav… │ 0.000000     │
│ train/two_phase/phase1_tokens… │ 16863.437500 │
│ train/two_phase/phase2_tokens… │ 0.000000     │
│ train/two_phase/prefill_rate   │ 0.000000     │
│ train/uncertainty/predictive_… │ 0.000000     │
│ train/uncertainty/predictive_… │ 0.000000     │
│ train/uncertainty/predictive_… │ 0.000000     │
│ train/uncertainty/predictive_… │ 0.000000     │
│ train/uncertainty/predictive_… │ 0.000000     │
│ train/uncertainty/predictive_… │ 0.000000     │
│ train/uncertainty/predictive_… │ 0.000000     │
│ train/uncertainty/predictive_… │ 0.000000     │
│ train/uncertainty/rmi/max      │ 0.000000     │
│ train/uncertainty/rmi/mean     │ 0.000000     │
│ train/uncertainty/rmi/min      │ 0.000000     │
│ train/uncertainty/rmi/std      │ 0.000000     │
│ train/uncertainty/rmi_top7/max │ 0.000000     │
│ train/uncertainty/rmi_top7/me… │ 0.000000     │
│ train/uncertainty/rmi_top7/min │ 0.000000     │
│ train/uncertainty/rmi_top7/std │ 0.000000     │
│ train/uncertainty/top7_mi_cod… │ 0.000000     │
│ train/uncertainty/top7_mi_cod… │ 0.000000     │
│ train/uncertainty/top7_mi_thi… │ 0.000000     │
│ train/uncertainty/top7_mi_thi… │ 0.000000     │
│ train/uncertainty/top7_pct_co… │ 0.000000     │
│ train/uncertainty/top7_pct_co… │ 0.000000     │
│ train/uncertainty/top7_pct_th… │ 1.000000     │
│ train/uncertainty/top7_pct_th… │ 0.000000     │
│ train/uncertainty/true_mi/max  │ 0.000000     │
│ train/uncertainty/true_mi/mean │ 0.000000     │
│ train/uncertainty/true_mi/min  │ 0.000000     │
│ train/uncertainty/true_mi/std  │ 0.000000     │
│ train/uncertainty/variance/max │ nan          │
│ train/uncertainty/variance/me… │ nan          │
│ train/uncertainty/variance/min │ nan          │
│ train/uncertainty/variance/std │ nan          │
│ train/uncertainty/variance_to… │ nan          │
│ train/uncertainty/variance_to… │ nan          │
│ train/uncertainty/variance_to… │ nan          │
│ train/uncertainty/variance_to… │ nan          │
└────────────────────────────────┴──────────────┘
tinker_cookbook.utils.ml_log:240 [[92mINFO[0m] Logging to: https://wandb.ai/kriaz-msee20seecs-nust/ugttt-rebuttal/runs/y6y1mt4y
__main__:2062 [[92mINFO[0m] [Epoch 5] R_exec=0.6527 (max=1.2558 best=1.2558) RMI=0.0000 beta=27.27 corr=57.8% loss=-0.2059 groups=8/8 time=22720.7s
__main__:2073 [[92mINFO[0m] Checkpoint saved at epoch 5
wandb: updating run metadata
wandb: uploading history steps 500-500, summary, console lines 1674-1776
wandb: 
wandb: Run history:
wandb:  gpu/memory_allocated_gb ▁▁▁▁▁▁▁▁███████████████████
wandb:       gpu/memory_peak_gb ▁▂█
wandb:   gpu/memory_reserved_gb ████████▁████████▁████████▁
wandb:           kl_policy_base █▂▁
wandb:            optim/entropy ▁█▄
wandb: optim/kl_sample_train_v1 █▁▂
wandb: optim/kl_sample_train_v2 ▁█▃
wandb:       progress/done_frac ▁▄█
wandb:           progress/epoch ▁▁▁▁▁▁▁▁▅▅▅▅▅▅▅▅▅▇▇▇▇▇▇▇▇▇█
wandb:     rollout/_global_step ▁▁▁▁▁▂▂▂▃▃▃▄▄▄▄▄▄▄▅▅▅▅▅▅▆▆▆▆▆▆▇▇▇▇▇▇████
wandb:                     +126 ...
wandb: 
wandb: Run summary:
wandb:  gpu/memory_allocated_gb 18.09251
wandb:       gpu/memory_peak_gb 63.30026
wandb:   gpu/memory_reserved_gb 18.12359
wandb:           kl_policy_base 0.00239
wandb:            optim/entropy 0.47198
wandb: optim/kl_sample_train_v1 9e-05
wandb: optim/kl_sample_train_v2 0.0001
wandb:       progress/done_frac 1
wandb:           progress/epoch 5
wandb:     rollout/_global_step 383
wandb:                     +126 ...
wandb: 
wandb: 🚀 View run ahc039-base at: https://wandb.ai/kriaz-msee20seecs-nust/ugttt-rebuttal/runs/y6y1mt4y
wandb: ⭐️ View project at: https://wandb.ai/kriaz-msee20seecs-nust/ugttt-rebuttal
wandb: Synced 5 W&B file(s), 0 media file(s), 0 artifact file(s) and 0 other file(s)
wandb: Find logs at: ./logs/aws/wave4/ahc039-base/wandb/run-20260730_122743-y6y1mt4y/logs
__main__:2082 [[92mINFO[0m] Training complete
[W731 06:27:25.356088860 AllocatorConfig.cpp:28] Warning: PYTORCH_CUDA_ALLOC_CONF is deprecated, use PYTORCH_ALLOC_CONF instead (function operator())
