2026-07-30 12:27:41,874	INFO worker.py:1691 -- Using address auto set in the environment variable RAY_ADDRESS
2026-07-30 12:27:41,914	INFO worker.py:1832 -- Connecting to existing Ray cluster at address: 172.31.86.150:6379...
2026-07-30 12:27:41,923	INFO worker.py:2012 -- Connected to Ray cluster.
/opt/dlami/nvme/ugttt-venv/lib/python3.12/site-packages/ray/_private/worker.py:2051: FutureWarning: Tip: In future versions of Ray, Ray will no longer override accelerator visible devices env var if num_gpus=0 or num_gpus=None (default). To enable this behavior and turn off this error message, set RAY_ACCEL_ENV_VAR_OVERRIDE_ON_ZERO=0
  warnings.warn(
wandb: Currently logged in as: kriaz-msee20seecs (kriaz-msee20seecs-nust) to https://api.wandb.ai. Use `wandb login --relogin` to force relogin
wandb: Tracking run with wandb version 0.23.0
wandb: Run data is saved locally in ./logs/aws/wave4/ahc039-ugttt/wandb/run-20260730_122743-1r8hc8kt
wandb: Run `wandb offline` to turn off syncing.
wandb: Resuming run ahc039-ugttt
wandb: ⭐️ View project at https://wandb.ai/kriaz-msee20seecs-nust/ugttt-rebuttal
wandb: 🚀 View run at https://wandb.ai/kriaz-msee20seecs-nust/ugttt-rebuttal/runs/1r8hc8kt
2026-07-30 12:27:44,765 [INFO] tinker_cookbook.utils.ml_log: 
Configuration:
  base_model: 'Qwen/Qwen3-8B'
  precision: 'fp16'
  device: 'cuda'
  env: 'ahc039'
  problem_idx: 'ahc039'
  budget_s: 1000
  group_size: 8
  groups_per_batch: 8
  learning_rate: 4e-05
  num_epochs: 6
  max_tokens: 260000
  temperature: 1.0
  adv_estimator: 'entropic_adaptive_beta'
  adv_estimator_beta: 2.0
  loss_fn: 'importance_sampling'
  ppo_clip: 0.2
  num_substeps: 1
  remove_constant_reward_groups: True
  kl_penalty_coef: 0.01
  kl_discount_factor: 0.0
  compute_post_kl: False
  dynamic_max_tokens: True
  two_phase_sampling: True
  phase1_max_tokens: 26000
  context_window: 32768
  context_buffer: 50
  eval_timeout: 1000
  dataset_timeout: 1000
  num_cpus_per_task: 2
  gpu_mode_score_scale: 3000.0
  num_ensemble_members: 5
  lora_rank: 16
  lora_alpha: 32
  lora_dropout: 0.05
  target_modules: {'q_proj': True, 'k_proj': True, 'v_proj': True, 'o_proj': 
True}
  rmi_coef: 0.1
  uncertainty_metric: 'true_mi'
  gamma_max_ratio: 10.0
  nnm_coef: 0.075
  nnm_use_fro_norm: False
  streaming_mi_enabled: False
  streaming_mi_window_size: 4096
  streaming_mi_check_interval: 2048
  streaming_mi_min_gen: 4096
  streaming_mi_warmup_epochs: 3
  streaming_mi_wrap_budget: 6000
  streaming_mi_threshold_percentile: 25.0
  kv_quantize: False
  sampler_type: 'puct_backprop'
  initial_exp_type: 'random'
  log_path: './logs/aws/wave4/ahc039-ugttt'
  wandb_project: 'ugttt-rebuttal'
  wandb_name: 'ahc039-ugttt'
  eval_every: 3
  save_every: 1
  seed: 42
  dataset_builder: None
tinker_cookbook.utils.ml_log:525 [[92mINFO[0m] Logging to: logs/aws/wave4/ahc039-ugttt
__main__:1657 [[92mINFO[0m] Active loggers: ['JsonLogger', 'PrettyPrintLogger', 'WandbLogger']
__main__:1690 [[92mINFO[0m] Loading base model: Qwen/Qwen3-8B (fp16)
root:227 [[92mINFO[0m] Loading model with precision - fp16
`torch_dtype` is deprecated! Use `dtype` instead!
Loading checkpoint shards:   0%|          | 0/5 [00:00<?, ?it/s]Loading checkpoint shards:  20%|██        | 1/5 [00:00<00:03,  1.19it/s]Loading checkpoint shards:  40%|████      | 2/5 [00:01<00:02,  1.17it/s]Loading checkpoint shards:  60%|██████    | 3/5 [00:02<00:01,  1.18it/s]Loading checkpoint shards:  80%|████████  | 4/5 [00:03<00:00,  1.27it/s]Loading checkpoint shards: 100%|██████████| 5/5 [00:03<00:00,  1.69it/s]Loading checkpoint shards: 100%|██████████| 5/5 [00:03<00:00,  1.44it/s]
root:255 [[92mINFO[0m] loading llama compatible model - qwen3
root:49 [[92mINFO[0m] Adapter ensemble_0 without lr_scheduler.
root:49 [[92mINFO[0m] Adapter ensemble_1 without lr_scheduler.
root:49 [[92mINFO[0m] Adapter ensemble_2 without lr_scheduler.
root:49 [[92mINFO[0m] Adapter ensemble_3 without lr_scheduler.
root:49 [[92mINFO[0m] Adapter ensemble_4 without lr_scheduler.
tinker_cookbook.rl.ensemble:123 [[92mINFO[0m] Initialized 5 LoRA ensemble members (rank=16)
tinker_cookbook.rl.ensemble:1688 [[92mINFO[0m] Loaded ensemble member 0 from ./logs/aws/wave4/ahc039-ugttt/ensemble_0/step_1/adapter.pt
tinker_cookbook.rl.ensemble:1688 [[92mINFO[0m] Loaded ensemble member 1 from ./logs/aws/wave4/ahc039-ugttt/ensemble_1/step_1/adapter.pt
tinker_cookbook.rl.ensemble:1688 [[92mINFO[0m] Loaded ensemble member 2 from ./logs/aws/wave4/ahc039-ugttt/ensemble_2/step_1/adapter.pt
tinker_cookbook.rl.ensemble:1688 [[92mINFO[0m] Loaded ensemble member 3 from ./logs/aws/wave4/ahc039-ugttt/ensemble_3/step_1/adapter.pt
tinker_cookbook.rl.ensemble:1688 [[92mINFO[0m] Loaded ensemble member 4 from ./logs/aws/wave4/ahc039-ugttt/ensemble_4/step_1/adapter.pt
__main__:1747 [[92mINFO[0m] Resumed from epoch 2
__main__:1779 [[92mINFO[0m] Training: 6 epochs, 8 groups/batch × 8 rollouts/group, K=5 adapters, γ=0.1
__main__:1784 [[92mINFO[0m] Parallelism: batched generation (8 seqs/batch), threaded rewards (8 workers), batched ensemble scoring
__main__:1807 [[92mINFO[0m] Two-phase sampling enabled: phase1_max=26000, context_window=32768, prefill_len=22, stop_ids=[151645]
__main__:1836 [[92mINFO[0m] [Epoch 2/6] Starting rollout phase: 8 groups × 8 rollouts
tinker_cookbook.rl.ensemble:1082 [[92mINFO[0m]   generate_batch_multi_adapter_two_phase: N=8 phase1_max=26000 streaming_mi=False kv_q=False
/opt/dlami/nvme/ugttt-venv/lib/python3.12/site-packages/torch/utils/checkpoint.py:85: UserWarning: None of the inputs have requires_grad=True. Gradients will be None
  warnings.warn(
[36m(pid=890024)[0m [2026-07-30 12:28:12,293 E 890024 890760] core_worker_process.cc:825: Failed to establish connection to the metrics exporter agent. Metrics will not be exported. Exporter agent status: RpcError: Running out of retries to initialize the metrics agent. rpc_code: 14
[36m(pid=890034)[0m [2026-07-30 12:28:12,303 E 890034 890734] core_worker_process.cc:825: Failed to establish connection to the metrics exporter agent. Metrics will not be exported. Exporter agent status: RpcError: Running out of retries to initialize the metrics agent. rpc_code: 14
[36m(pid=890032)[0m [2026-07-30 12:28:12,293 E 890032 890779] core_worker_process.cc:825: Failed to establish connection to the metrics exporter agent. Metrics will not be exported. Exporter agent status: RpcError: Running out of retries to initialize the metrics agent. rpc_code: 14
[36m(pid=890029)[0m [2026-07-30 12:28:12,301 E 890029 890733] core_worker_process.cc:825: Failed to establish connection to the metrics exporter agent. Metrics will not be exported. Exporter agent status: RpcError: Running out of retries to initialize the metrics agent. rpc_code: 14
[36m(pid=890036)[0m [2026-07-30 12:28:12,297 E 890036 891053] core_worker_process.cc:825: Failed to establish connection to the metrics exporter agent. Metrics will not be exported. Exporter agent status: RpcError: Running out of retries to initialize the metrics agent. rpc_code: 14
[36m(pid=890033)[0m [2026-07-30 12:28:12,292 E 890033 890798] core_worker_process.cc:825: Failed to establish connection to the metrics exporter agent. Metrics will not be exported. Exporter agent status: RpcError: Running out of retries to initialize the metrics agent. rpc_code: 14
[36m(pid=890043)[0m [2026-07-30 12:28:12,292 E 890043 890757] core_worker_process.cc:825: Failed to establish connection to the metrics exporter agent. Metrics will not be exported. Exporter agent status: RpcError: Running out of retries to initialize the metrics agent. rpc_code: 14
[36m(pid=890038)[0m [2026-07-30 12:28:12,292 E 890038 890773] core_worker_process.cc:825: Failed to establish connection to the metrics exporter agent. Metrics will not be exported. Exporter agent status: RpcError: Running out of retries to initialize the metrics agent. rpc_code: 14
[36m(pid=890023)[0m [2026-07-30 12:28:12,295 E 890023 890729] core_worker_process.cc:825: Failed to establish connection to the metrics exporter agent. Metrics will not be exported. Exporter agent status: RpcError: Running out of retries to initialize the metrics agent. rpc_code: 14
[36m(pid=890025)[0m [2026-07-30 12:28:12,293 E 890025 890724] core_worker_process.cc:825: Failed to establish connection to the metrics exporter agent. Metrics will not be exported. Exporter agent status: RpcError: Running out of retries to initialize the metrics agent. rpc_code: 14
[36m(pid=890028)[0m [2026-07-30 12:28:12,293 E 890028 890735] core_worker_process.cc:825: Failed to establish connection to the metrics exporter agent. Metrics will not be exported. Exporter agent status: RpcError: Running out of retries to initialize the metrics agent. rpc_code: 14
[36m(pid=890026)[0m [2026-07-30 12:28:12,303 E 890026 890727] core_worker_process.cc:825: Failed to establish connection to the metrics exporter agent. Metrics will not be exported. Exporter agent status: RpcError: Running out of retries to initialize the metrics agent. rpc_code: 14
[36m(pid=890037)[0m [2026-07-30 12:28:12,301 E 890037 890780] core_worker_process.cc:825: Failed to establish connection to the metrics exporter agent. Metrics will not be exported. Exporter agent status: RpcError: Running out of retries to initialize the metrics agent. rpc_code: 14
[36m(pid=890027)[0m [2026-07-30 12:28:12,295 E 890027 890732] core_worker_process.cc:825: Failed to establish connection to the metrics exporter agent. Metrics will not be exported. Exporter agent status: RpcError: Running out of retries to initialize the metrics agent. rpc_code: 14
[36m(pid=890035)[0m [2026-07-30 12:28:12,304 E 890035 890782] core_worker_process.cc:825: Failed to establish connection to the metrics exporter agent. Metrics will not be exported. Exporter agent status: RpcError: Running out of retries to initialize the metrics agent. rpc_code: 14
[36m(pid=890031)[0m [2026-07-30 12:28:12,304 E 890031 890775] core_worker_process.cc:825: Failed to establish connection to the metrics exporter agent. Metrics will not be exported. Exporter agent status: RpcError: Running out of retries to initialize the metrics agent. rpc_code: 14
[36m(pid=890030)[0m [2026-07-30 12:28:12,292 E 890030 890781] core_worker_process.cc:825: Failed to establish connection to the metrics exporter agent. Metrics will not be exported. Exporter agent status: RpcError: Running out of retries to initialize the metrics agent. rpc_code: 14
[36m(pid=890057)[0m [2026-07-30 12:28:12,341 E 890057 891522] core_worker_process.cc:825: Failed to establish connection to the metrics exporter agent. Metrics will not be exported. Exporter agent status: RpcError: Running out of retries to initialize the metrics agent. rpc_code: 14
[36m(pid=890053)[0m [2026-07-30 12:28:12,332 E 890053 891389] core_worker_process.cc:825: Failed to establish connection to the metrics exporter agent. Metrics will not be exported. Exporter agent status: RpcError: Running out of retries to initialize the metrics agent. rpc_code: 14
[36m(pid=890056)[0m [2026-07-30 12:28:12,334 E 890056 891455] core_worker_process.cc:825: Failed to establish connection to the metrics exporter agent. Metrics will not be exported. Exporter agent status: RpcError: Running out of retries to initialize the metrics agent. rpc_code: 14
[36m(pid=890058)[0m [2026-07-30 12:28:12,349 E 890058 891659] core_worker_process.cc:825: Failed to establish connection to the metrics exporter agent. Metrics will not be exported. Exporter agent status: RpcError: Running out of retries to initialize the metrics agent. rpc_code: 14
[36m(pid=890052)[0m [2026-07-30 12:28:12,334 E 890052 891393] core_worker_process.cc:825: Failed to establish connection to the metrics exporter agent. Metrics will not be exported. Exporter agent status: RpcError: Running out of retries to initialize the metrics agent. rpc_code: 14
[36m(pid=890040)[0m [2026-07-30 12:28:12,327 E 890040 891351] core_worker_process.cc:825: Failed to establish connection to the metrics exporter agent. Metrics will not be exported. Exporter agent status: RpcError: Running out of retries to initialize the metrics agent. rpc_code: 14
[36m(pid=890059)[0m [2026-07-30 12:28:12,349 E 890059 891709] core_worker_process.cc:825: Failed to establish connection to the metrics exporter agent. Metrics will not be exported. Exporter agent status: RpcError: Running out of retries to initialize the metrics agent. rpc_code: 14
[36m(pid=890109)[0m [2026-07-30 12:28:12,353 E 890109 891771] core_worker_process.cc:825: Failed to establish connection to the metrics exporter agent. Metrics will not be exported. Exporter agent status: RpcError: Running out of retries to initialize the metrics agent. rpc_code: 14
[36m(pid=890061)[0m [2026-07-30 12:28:12,373 E 890061 891866] core_worker_process.cc:825: Failed to establish connection to the metrics exporter agent. Metrics will not be exported. Exporter agent status: RpcError: Running out of retries to initialize the metrics agent. rpc_code: 14
[36m(pid=890105)[0m [2026-07-30 12:28:12,359 E 890105 891816] core_worker_process.cc:825: Failed to establish connection to the metrics exporter agent. Metrics will not be exported. Exporter agent status: RpcError: Running out of retries to initialize the metrics agent. rpc_code: 14
[36m(pid=890055)[0m [2026-07-30 12:28:12,382 E 890055 892047] core_worker_process.cc:825: Failed to establish connection to the metrics exporter agent. Metrics will not be exported. Exporter agent status: RpcError: Running out of retries to initialize the metrics agent. rpc_code: 14
[36m(pid=890063)[0m [2026-07-30 12:28:12,384 E 890063 892112] core_worker_process.cc:825: Failed to establish connection to the metrics exporter agent. Metrics will not be exported. Exporter agent status: RpcError: Running out of retries to initialize the metrics agent. rpc_code: 14
[36m(pid=890065)[0m [2026-07-30 12:28:12,391 E 890065 892196] core_worker_process.cc:825: Failed to establish connection to the metrics exporter agent. Metrics will not be exported. Exporter agent status: RpcError: Running out of retries to initialize the metrics agent. rpc_code: 14
[36m(pid=890054)[0m [2026-07-30 12:28:12,381 E 890054 892041] core_worker_process.cc:825: Failed to establish connection to the metrics exporter agent. Metrics will not be exported. Exporter agent status: RpcError: Running out of retries to initialize the metrics agent. rpc_code: 14
[36m(pid=890062)[0m [2026-07-30 12:28:12,371 E 890062 891924] core_worker_process.cc:825: Failed to establish connection to the metrics exporter agent. Metrics will not be exported. Exporter agent status: RpcError: Running out of retries to initialize the metrics agent. rpc_code: 14
[36m(pid=890064)[0m [2026-07-30 12:28:12,387 E 890064 892139] core_worker_process.cc:825: Failed to establish connection to the metrics exporter agent. Metrics will not be exported. Exporter agent status: RpcError: Running out of retries to initialize the metrics agent. rpc_code: 14
[36m(pid=890110)[0m [2026-07-30 12:28:12,370 E 890110 891894] core_worker_process.cc:825: Failed to establish connection to the metrics exporter agent. Metrics will not be exported. Exporter agent status: RpcError: Running out of retries to initialize the metrics agent. rpc_code: 14
[36m(pid=890066)[0m [2026-07-30 12:28:12,398 E 890066 892258] core_worker_process.cc:825: Failed to establish connection to the metrics exporter agent. Metrics will not be exported. Exporter agent status: RpcError: Running out of retries to initialize the metrics agent. rpc_code: 14
[36m(pid=890068)[0m [2026-07-30 12:28:12,434 E 890068 892397] core_worker_process.cc:825: Failed to establish connection to the metrics exporter agent. Metrics will not be exported. Exporter agent status: RpcError: Running out of retries to initialize the metrics agent. rpc_code: 14
[36m(pid=890067)[0m [2026-07-30 12:28:12,402 E 890067 892323] core_worker_process.cc:825: Failed to establish connection to the metrics exporter agent. Metrics will not be exported. Exporter agent status: RpcError: Running out of retries to initialize the metrics agent. rpc_code: 14
[36m(pid=890070)[0m [2026-07-30 12:28:12,433 E 890070 892643] core_worker_process.cc:825: Failed to establish connection to the metrics exporter agent. Metrics will not be exported. Exporter agent status: RpcError: Running out of retries to initialize the metrics agent. rpc_code: 14
[36m(pid=890072)[0m [2026-07-30 12:28:12,438 E 890072 892748] core_worker_process.cc:825: Failed to establish connection to the metrics exporter agent. Metrics will not be exported. Exporter agent status: RpcError: Running out of retries to initialize the metrics agent. rpc_code: 14
[36m(pid=890108)[0m [2026-07-30 12:28:12,458 E 890108 892902] core_worker_process.cc:825: Failed to establish connection to the metrics exporter agent. Metrics will not be exported. Exporter agent status: RpcError: Running out of retries to initialize the metrics agent. rpc_code: 14
[36m(pid=890099)[0m [2026-07-30 12:28:12,447 E 890099 892864] core_worker_process.cc:825: Failed to establish connection to the metrics exporter agent. Metrics will not be exported. Exporter agent status: RpcError: Running out of retries to initialize the metrics agent. rpc_code: 14
[36m(pid=890123)[0m [2026-07-30 12:28:12,478 E 890123 893669] core_worker_process.cc:825: Failed to establish connection to the metrics exporter agent. Metrics will not be exported. Exporter agent status: RpcError: Running out of retries to initialize the metrics agent. rpc_code: 14
[36m(pid=890117)[0m [2026-07-30 12:28:12,476 E 890117 893540] core_worker_process.cc:825: Failed to establish connection to the metrics exporter agent. Metrics will not be exported. Exporter agent status: RpcError: Running out of retries to initialize the metrics agent. rpc_code: 14
[36m(pid=890095)[0m [2026-07-30 12:28:12,446 E 890095 892806] core_worker_process.cc:825: Failed to establish connection to the metrics exporter agent. Metrics will not be exported. Exporter agent status: RpcError: Running out of retries to initialize the metrics agent. rpc_code: 14
[36m(pid=890071)[0m [2026-07-30 12:28:12,436 E 890071 892651] core_worker_process.cc:825: Failed to establish connection to the metrics exporter agent. Metrics will not be exported. Exporter agent status: RpcError: Running out of retries to initialize the metrics agent. rpc_code: 14
[36m(pid=890119)[0m [2026-07-30 12:28:12,477 E 890119 893601] core_worker_process.cc:825: Failed to establish connection to the metrics exporter agent. Metrics will not be exported. Exporter agent status: RpcError: Running out of retries to initialize the metrics agent. rpc_code: 14
[36m(pid=890111)[0m [2026-07-30 12:28:12,433 E 890111 892640] core_worker_process.cc:825: Failed to establish connection to the metrics exporter agent. Metrics will not be exported. Exporter agent status: RpcError: Running out of retries to initialize the metrics agent. rpc_code: 14
[36m(pid=890096)[0m [2026-07-30 12:28:12,449 E 890096 892839] core_worker_process.cc:825: Failed to establish connection to the metrics exporter agent. Metrics will not be exported. Exporter agent status: RpcError: Running out of retries to initialize the metrics agent. rpc_code: 14
[36m(pid=890060)[0m [2026-07-30 12:28:12,425 E 890060 892360] core_worker_process.cc:825: Failed to establish connection to the metrics exporter agent. Metrics will not be exported. Exporter agent status: RpcError: Running out of retries to initialize the metrics agent. rpc_code: 14
[36m(pid=890069)[0m [2026-07-30 12:28:12,436 E 890069 892653] core_worker_process.cc:825: Failed to establish connection to the metrics exporter agent. Metrics will not be exported. Exporter agent status: RpcError: Running out of retries to initialize the metrics agent. rpc_code: 14
[36m(pid=890125)[0m [2026-07-30 12:28:12,481 E 890125 893752] core_worker_process.cc:825: Failed to establish connection to the metrics exporter agent. Metrics will not be exported. Exporter agent status: RpcError: Running out of retries to initialize the metrics agent. rpc_code: 14
[36m(pid=890116)[0m [2026-07-30 12:28:12,473 E 890116 893376] core_worker_process.cc:825: Failed to establish connection to the metrics exporter agent. Metrics will not be exported. Exporter agent status: RpcError: Running out of retries to initialize the metrics agent. rpc_code: 14
[36m(pid=890122)[0m [2026-07-30 12:28:12,483 E 890122 893839] core_worker_process.cc:825: Failed to establish connection to the metrics exporter agent. Metrics will not be exported. Exporter agent status: RpcError: Running out of retries to initialize the metrics agent. rpc_code: 14
[36m(pid=890121)[0m [2026-07-30 12:28:12,479 E 890121 893725] core_worker_process.cc:825: Failed to establish connection to the metrics exporter agent. Metrics will not be exported. Exporter agent status: RpcError: Running out of retries to initialize the metrics agent. rpc_code: 14
[36m(pid=890154)[0m [2026-07-30 12:28:12,483 E 890154 893599] core_worker_process.cc:825: Failed to establish connection to the metrics exporter agent. Metrics will not be exported. Exporter agent status: RpcError: Running out of retries to initialize the metrics agent. rpc_code: 14
[36m(pid=890126)[0m [2026-07-30 12:28:12,484 E 890126 893853] core_worker_process.cc:825: Failed to establish connection to the metrics exporter agent. Metrics will not be exported. Exporter agent status: RpcError: Running out of retries to initialize the metrics agent. rpc_code: 14
[36m(pid=890120)[0m [2026-07-30 12:28:12,487 E 890120 893925] core_worker_process.cc:825: Failed to establish connection to the metrics exporter agent. Metrics will not be exported. Exporter agent status: RpcError: Running out of retries to initialize the metrics agent. rpc_code: 14
[36m(pid=890128)[0m [2026-07-30 12:28:12,487 E 890128 894008] core_worker_process.cc:825: Failed to establish connection to the metrics exporter agent. Metrics will not be exported. Exporter agent status: RpcError: Running out of retries to initialize the metrics agent. rpc_code: 14
[36m(pid=890131)[0m [2026-07-30 12:28:12,486 E 890131 893977] core_worker_process.cc:825: Failed to establish connection to the metrics exporter agent. Metrics will not be exported. Exporter agent status: RpcError: Running out of retries to initialize the metrics agent. rpc_code: 14
[36m(pid=890317)[0m [2026-07-30 12:28:12,488 E 890317 894019] core_worker_process.cc:825: Failed to establish connection to the metrics exporter agent. Metrics will not be exported. Exporter agent status: RpcError: Running out of retries to initialize the metrics agent. rpc_code: 14
[36m(pid=890431)[0m [2026-07-30 12:28:12,506 E 890431 894200] core_worker_process.cc:825: Failed to establish connection to the metrics exporter agent. Metrics will not be exported. Exporter agent status: RpcError: Running out of retries to initialize the metrics agent. rpc_code: 14
[36m(pid=890133)[0m [2026-07-30 12:28:12,498 E 890133 894124] core_worker_process.cc:825: Failed to establish connection to the metrics exporter agent. Metrics will not be exported. Exporter agent status: RpcError: Running out of retries to initialize the metrics agent. rpc_code: 14
[36m(pid=890134)[0m [2026-07-30 12:28:12,497 E 890134 894122] core_worker_process.cc:825: Failed to establish connection to the metrics exporter agent. Metrics will not be exported. Exporter agent status: RpcError: Running out of retries to initialize the metrics agent. rpc_code: 14
[36m(pid=890669)[0m [2026-07-30 12:28:12,528 E 890669 894519] core_worker_process.cc:825: Failed to establish connection to the metrics exporter agent. Metrics will not be exported. Exporter agent status: RpcError: Running out of retries to initialize the metrics agent. rpc_code: 14
[36m(pid=890130)[0m [2026-07-30 12:28:12,588 E 890130 895100] core_worker_process.cc:825: Failed to establish connection to the metrics exporter agent. Metrics will not be exported. Exporter agent status: RpcError: Running out of retries to initialize the metrics agent. rpc_code: 14
[36m(pid=890655)[0m [2026-07-30 12:28:12,528 E 890655 894517] core_worker_process.cc:825: Failed to establish connection to the metrics exporter agent. Metrics will not be exported. Exporter agent status: RpcError: Running out of retries to initialize the metrics agent. rpc_code: 14
[36m(pid=890135)[0m [2026-07-30 12:28:12,538 E 890135 894747] core_worker_process.cc:825: Failed to establish connection to the metrics exporter agent. Metrics will not be exported. Exporter agent status: RpcError: Running out of retries to initialize the metrics agent. rpc_code: 14
[36m(pid=890670)[0m [2026-07-30 12:28:12,578 E 890670 895029] core_worker_process.cc:825: Failed to establish connection to the metrics exporter agent. Metrics will not be exported. Exporter agent status: RpcError: Running out of retries to initialize the metrics agent. rpc_code: 14
[36m(pid=890136)[0m [2026-07-30 12:28:12,574 E 890136 894978] core_worker_process.cc:825: Failed to establish connection to the metrics exporter agent. Metrics will not be exported. Exporter agent status: RpcError: Running out of retries to initialize the metrics agent. rpc_code: 14
[36m(pid=890118)[0m [2026-07-30 12:28:12,527 E 890118 894485] core_worker_process.cc:825: Failed to establish connection to the metrics exporter agent. Metrics will not be exported. Exporter agent status: RpcError: Running out of retries to initialize the metrics agent. rpc_code: 14
[36m(pid=890127)[0m [2026-07-30 12:28:12,537 E 890127 894730] core_worker_process.cc:825: Failed to establish connection to the metrics exporter agent. Metrics will not be exported. Exporter agent status: RpcError: Running out of retries to initialize the metrics agent. rpc_code: 14
[36m(pid=890215)[0m [2026-07-30 12:28:12,559 E 890215 894920] core_worker_process.cc:825: Failed to establish connection to the metrics exporter agent. Metrics will not be exported. Exporter agent status: RpcError: Running out of retries to initialize the metrics agent. rpc_code: 14
[36m(pid=890124)[0m [2026-07-30 12:28:12,529 E 890124 894587] core_worker_process.cc:825: Failed to establish connection to the metrics exporter agent. Metrics will not be exported. Exporter agent status: RpcError: Running out of retries to initialize the metrics agent. rpc_code: 14
[36m(pid=890671)[0m [2026-07-30 12:28:12,529 E 890671 894589] core_worker_process.cc:825: Failed to establish connection to the metrics exporter agent. Metrics will not be exported. Exporter agent status: RpcError: Running out of retries to initialize the metrics agent. rpc_code: 14
[36m(pid=890114)[0m [2026-07-30 12:28:12,526 E 890114 894439] core_worker_process.cc:825: Failed to establish connection to the metrics exporter agent. Metrics will not be exported. Exporter agent status: RpcError: Running out of retries to initialize the metrics agent. rpc_code: 14
[36m(pid=890112)[0m [2026-07-30 12:28:12,577 E 890112 895003] core_worker_process.cc:825: Failed to establish connection to the metrics exporter agent. Metrics will not be exported. Exporter agent status: RpcError: Running out of retries to initialize the metrics agent. rpc_code: 14
[36m(pid=890607)[0m [2026-07-30 12:28:12,525 E 890607 894407] core_worker_process.cc:825: Failed to establish connection to the metrics exporter agent. Metrics will not be exported. Exporter agent status: RpcError: Running out of retries to initialize the metrics agent. rpc_code: 14
[36m(pid=890250)[0m [2026-07-30 12:28:12,546 E 890250 894875] core_worker_process.cc:825: Failed to establish connection to the metrics exporter agent. Metrics will not be exported. Exporter agent status: RpcError: Running out of retries to initialize the metrics agent. rpc_code: 14
[36m(pid=890132)[0m [2026-07-30 12:28:12,544 E 890132 894844] core_worker_process.cc:825: Failed to establish connection to the metrics exporter agent. Metrics will not be exported. Exporter agent status: RpcError: Running out of retries to initialize the metrics agent. rpc_code: 14
[36m(pid=890672)[0m [2026-07-30 12:28:12,542 E 890672 894810] core_worker_process.cc:825: Failed to establish connection to the metrics exporter agent. Metrics will not be exported. Exporter agent status: RpcError: Running out of retries to initialize the metrics agent. rpc_code: 14
[36m(pid=890115)[0m [2026-07-30 12:28:12,529 E 890115 894523] core_worker_process.cc:825: Failed to establish connection to the metrics exporter agent. Metrics will not be exported. Exporter agent status: RpcError: Running out of retries to initialize the metrics agent. rpc_code: 14
[36m(pid=890489)[0m [2026-07-30 12:28:12,595 E 890489 895174] core_worker_process.cc:825: Failed to establish connection to the metrics exporter agent. Metrics will not be exported. Exporter agent status: RpcError: Running out of retries to initialize the metrics agent. rpc_code: 14
[2026-07-30 12:28:12,691 E 889827 890022] core_worker_process.cc:825: Failed to establish connection to the metrics exporter agent. Metrics will not be exported. Exporter agent status: RpcError: Running out of retries to initialize the metrics agent. rpc_code: 14
[36m(pid=890515)[0m [2026-07-30 12:28:12,605 E 890515 895211] core_worker_process.cc:825: Failed to establish connection to the metrics exporter agent. Metrics will not be exported. Exporter agent status: RpcError: Running out of retries to initialize the metrics agent. rpc_code: 14
[36m(pid=890594)[0m [2026-07-30 12:28:12,605 E 890594 895239] core_worker_process.cc:825: Failed to establish connection to the metrics exporter agent. Metrics will not be exported. Exporter agent status: RpcError: Running out of retries to initialize the metrics agent. rpc_code: 14
[36m(pid=890674)[0m [2026-07-30 12:28:12,684 E 890674 895640] core_worker_process.cc:825: Failed to establish connection to the metrics exporter agent. Metrics will not be exported. Exporter agent status: RpcError: Running out of retries to initialize the metrics agent. rpc_code: 14
[36m(pid=890677)[0m [2026-07-30 12:28:12,657 E 890677 895603] core_worker_process.cc:825: Failed to establish connection to the metrics exporter agent. Metrics will not be exported. Exporter agent status: RpcError: Running out of retries to initialize the metrics agent. rpc_code: 14
[36m(pid=890673)[0m [2026-07-30 12:28:12,633 E 890673 895435] core_worker_process.cc:825: Failed to establish connection to the metrics exporter agent. Metrics will not be exported. Exporter agent status: RpcError: Running out of retries to initialize the metrics agent. rpc_code: 14
[36m(pid=890663)[0m [2026-07-30 12:28:12,632 E 890663 895407] core_worker_process.cc:825: Failed to establish connection to the metrics exporter agent. Metrics will not be exported. Exporter agent status: RpcError: Running out of retries to initialize the metrics agent. rpc_code: 14
[36m(pid=890675)[0m [2026-07-30 12:28:12,654 E 890675 895578] core_worker_process.cc:825: Failed to establish connection to the metrics exporter agent. Metrics will not be exported. Exporter agent status: RpcError: Running out of retries to initialize the metrics agent. rpc_code: 14
[36m(pid=890666)[0m [2026-07-30 12:28:12,626 E 890666 895373] core_worker_process.cc:825: Failed to establish connection to the metrics exporter agent. Metrics will not be exported. Exporter agent status: RpcError: Running out of retries to initialize the metrics agent. rpc_code: 14
[36m(pid=890676)[0m [2026-07-30 12:28:12,646 E 890676 895540] core_worker_process.cc:825: Failed to establish connection to the metrics exporter agent. Metrics will not be exported. Exporter agent status: RpcError: Running out of retries to initialize the metrics agent. rpc_code: 14
tinker_cookbook.rl.ensemble:1270 [[92mINFO[0m]     [gen/p1] step=2048/23003 active=8/8 mi_stopped=0
tinker_cookbook.rl.ensemble:1270 [[92mINFO[0m]     [gen/p1] step=4096/23003 active=8/8 mi_stopped=0
tinker_cookbook.rl.ensemble:1270 [[92mINFO[0m]     [gen/p1] step=6144/23003 active=8/8 mi_stopped=0
tinker_cookbook.rl.ensemble:1270 [[92mINFO[0m]     [gen/p1] step=8192/23003 active=8/8 mi_stopped=0
tinker_cookbook.rl.ensemble:1270 [[92mINFO[0m]     [gen/p1] step=10240/23003 active=8/8 mi_stopped=0
tinker_cookbook.rl.ensemble:1270 [[92mINFO[0m]     [gen/p1] step=12288/23003 active=8/8 mi_stopped=0
tinker_cookbook.rl.ensemble:1270 [[92mINFO[0m]     [gen/p1] step=14336/23003 active=6/8 mi_stopped=0
tinker_cookbook.rl.ensemble:1270 [[92mINFO[0m]     [gen/p1] step=16384/23003 active=5/8 mi_stopped=0
tinker_cookbook.rl.ensemble:1270 [[92mINFO[0m]     [gen/p1] step=18432/23003 active=4/8 mi_stopped=0
tinker_cookbook.rl.ensemble:1270 [[92mINFO[0m]     [gen/p1] step=20480/23003 active=2/8 mi_stopped=0
__main__:1078 [[92mINFO[0m]   Group 0: multi-adapter generation 8 seqs in 3041.9s
[36m(run_cases_remote pid=905948)[0m [2026-07-30 13:19:02,382 E 905948 906026] core_worker_process.cc:825: Failed to establish connection to the metrics exporter agent. Metrics will not be exported. Exporter agent status: RpcError: Running out of retries to initialize the metrics agent. rpc_code: 14
[36m(run_cases_remote pid=905949)[0m [2026-07-30 13:19:02,395 E 905949 906219] core_worker_process.cc:825: Failed to establish connection to the metrics exporter agent. Metrics will not be exported. Exporter agent status: RpcError: Running out of retries to initialize the metrics agent. rpc_code: 14
[36m(run_cases_remote pid=905953)[0m [2026-07-30 13:19:02,398 E 905953 906311] core_worker_process.cc:825: Failed to establish connection to the metrics exporter agent. Metrics will not be exported. Exporter agent status: RpcError: Running out of retries to initialize the metrics agent. rpc_code: 14
[36m(run_single_case_remote pid=906607)[0m [2026-07-30 13:19:03,934 E 906607 906775] core_worker_process.cc:825: Failed to establish connection to the metrics exporter agent. Metrics will not be exported. Exporter agent status: RpcError: Running out of retries to initialize the metrics agent. rpc_code: 14
[36m(run_single_case_remote pid=906608)[0m [2026-07-30 13:19:03,953 E 906608 906832] core_worker_process.cc:825: Failed to establish connection to the metrics exporter agent. Metrics will not be exported. Exporter agent status: RpcError: Running out of retries to initialize the metrics agent. rpc_code: 14
[36m(run_single_case_remote pid=907844)[0m [2026-07-30 13:19:07,369 E 907844 907953] core_worker_process.cc:825: Failed to establish connection to the metrics exporter agent. Metrics will not be exported. Exporter agent status: RpcError: Running out of retries to initialize the metrics agent. rpc_code: 14
[36m(run_cases_remote pid=905949)[0m 2026-07-30 13:19:56,599 - WARNING - [GEN 08e64752] [RUN_CASES] Early stop: Case 17 failed with TIME_LIMIT_EXCEEDED. Message: Time limit exceeded: CPU time exceeded: 2.230s > 2.0s
[36m(run_cases_remote pid=905949)[0m 2026-07-30 13:19:56,599 - WARNING - [GEN 08e64752] [RUN_CASES] Slow evaluation: 82.9s for 150 cases (avg 0.55s/case)
__main__:1096 [[92mINFO[0m]   Group 0: batched ensemble scoring in 87.9s
[36m(run_cases_remote pid=905953)[0m 2026-07-30 13:20:06,182 - WARNING - [GEN a09cefb3] [RUN_CASES] Slow evaluation: 92.0s for 150 cases (avg 0.61s/case)
[36m(run_cases_remote pid=905948)[0m 2026-07-30 13:20:21,742 - WARNING - [GEN 7d70045d] [RUN_CASES] Early stop: Case 42 failed with TIME_LIMIT_EXCEEDED. Message: Time limit exceeded: CPU limit exceeded (prlimit killed process)
[36m(run_cases_remote pid=905948)[0m 2026-07-30 13:20:21,743 - WARNING - [GEN 7d70045d] [RUN_CASES] Slow evaluation: 107.8s for 150 cases (avg 0.72s/case)
[36m(run_cases_remote pid=905951)[0m 2026-07-30 13:21:02,610 - WARNING - [GEN e93476ed] [RUN_CASES] Slow evaluation: 148.9s for 150 cases (avg 0.99s/case)
__main__:1108 [[92mINFO[0m]   Group 0: rewards computed in 152.7s
__main__:1150 [[92mINFO[0m]     [g0][r1/8] adapter=1 R_exec=1.2532 true_MI=0.01295 RMI=0.0129 R_total=1.2545 correct=1 tokens=16832
[36m(run_cases_remote pid=905952)[0m 2026-07-30 13:21:04,754 - WARNING - [GEN 5d5ec138] [RUN_CASES] Slow evaluation: 150.8s for 150 cases (avg 1.01s/case)
__main__:1150 [[92mINFO[0m]     [g0][r2/8] adapter=2 R_exec=0.0947 true_MI=0.01390 RMI=0.0139 R_total=0.0961 correct=1 tokens=19511
__main__:1150 [[92mINFO[0m]     [g0][r3/8] adapter=3 R_exec=0.0000 true_MI=0.01391 RMI=0.0139 R_total=0.0014 correct=0 tokens=13867
__main__:1150 [[92mINFO[0m]     [g0][r4/8] adapter=4 R_exec=0.0000 true_MI=0.01307 RMI=0.0131 R_total=0.0013 correct=0 tokens=19046
__main__:1150 [[92mINFO[0m]     [g0][r5/8] adapter=0 R_exec=0.1950 true_MI=0.01365 RMI=0.0136 R_total=0.1963 correct=1 tokens=14284
__main__:1150 [[92mINFO[0m]     [g0][r6/8] adapter=1 R_exec=0.0000 true_MI=0.01317 RMI=0.0132 R_total=0.0013 correct=0 tokens=15125
__main__:1150 [[92mINFO[0m]     [g0][r7/8] adapter=2 R_exec=0.0947 true_MI=0.01194 RMI=0.0119 R_total=0.0959 correct=1 tokens=21043
__main__:1150 [[92mINFO[0m]     [g0][r8/8] adapter=3 R_exec=0.0000 true_MI=0.01240 RMI=0.0124 R_total=0.0012 correct=0 tokens=21847
__main__:1167 [[92mINFO[0m]   [g0] group true_MI: mean=0.01312 std=0.00070 max=0.01391 normalized=[0.99 1.06 1.06 1.00 1.04 1.00 0.91 0.95]
tinker_cookbook.utils.ml_log:143 [[92mINFO[0m] Wrote metrics to logs/aws/wave4/ahc039-ugttt/metrics.jsonl
tinker_cookbook.utils.ml_log:240 [[92mINFO[0m] Logging to: https://wandb.ai/kriaz-msee20seecs-nust/ugttt-rebuttal/runs/1r8hc8kt
tinker_cookbook.utils.ml_log:143 [[92mINFO[0m] Wrote metrics to logs/aws/wave4/ahc039-ugttt/metrics.jsonl
tinker_cookbook.utils.ml_log:240 [[92mINFO[0m] Logging to: https://wandb.ai/kriaz-msee20seecs-nust/ugttt-rebuttal/runs/1r8hc8kt
tinker_cookbook.utils.ml_log:143 [[92mINFO[0m] Wrote metrics to logs/aws/wave4/ahc039-ugttt/metrics.jsonl
tinker_cookbook.utils.ml_log:240 [[92mINFO[0m] Logging to: https://wandb.ai/kriaz-msee20seecs-nust/ugttt-rebuttal/runs/1r8hc8kt
tinker_cookbook.utils.ml_log:143 [[92mINFO[0m] Wrote metrics to logs/aws/wave4/ahc039-ugttt/metrics.jsonl
tinker_cookbook.utils.ml_log:240 [[92mINFO[0m] Logging to: https://wandb.ai/kriaz-msee20seecs-nust/ugttt-rebuttal/runs/1r8hc8kt
tinker_cookbook.utils.ml_log:143 [[92mINFO[0m] Wrote metrics to logs/aws/wave4/ahc039-ugttt/metrics.jsonl
tinker_cookbook.utils.ml_log:240 [[92mINFO[0m] Logging to: https://wandb.ai/kriaz-msee20seecs-nust/ugttt-rebuttal/runs/1r8hc8kt
tinker_cookbook.utils.ml_log:143 [[92mINFO[0m] Wrote metrics to logs/aws/wave4/ahc039-ugttt/metrics.jsonl
tinker_cookbook.utils.ml_log:240 [[92mINFO[0m] Logging to: https://wandb.ai/kriaz-msee20seecs-nust/ugttt-rebuttal/runs/1r8hc8kt
tinker_cookbook.utils.ml_log:143 [[92mINFO[0m] Wrote metrics to logs/aws/wave4/ahc039-ugttt/metrics.jsonl
tinker_cookbook.utils.ml_log:240 [[92mINFO[0m] Logging to: https://wandb.ai/kriaz-msee20seecs-nust/ugttt-rebuttal/runs/1r8hc8kt
tinker_cookbook.utils.ml_log:143 [[92mINFO[0m] Wrote metrics to logs/aws/wave4/ahc039-ugttt/metrics.jsonl
tinker_cookbook.utils.ml_log:240 [[92mINFO[0m] Logging to: https://wandb.ai/kriaz-msee20seecs-nust/ugttt-rebuttal/runs/1r8hc8kt
__main__:1949 [[92mINFO[0m]   [2][1/8] KEPT | R_exec=0.2047 (max=1.2532) RMI=0.0131 R_total=0.2060 | 3194.8s | GPU: 18.2/19.3GB
tinker_cookbook.utils.ml_log:143 [[92mINFO[0m] Wrote metrics to logs/aws/wave4/ahc039-ugttt/metrics.jsonl
tinker_cookbook.utils.ml_log:240 [[92mINFO[0m] Logging to: https://wandb.ai/kriaz-msee20seecs-nust/ugttt-rebuttal/runs/1r8hc8kt
tinker_cookbook.rl.ensemble:1082 [[92mINFO[0m]   generate_batch_multi_adapter_two_phase: N=8 phase1_max=26000 streaming_mi=False kv_q=False
tinker_cookbook.rl.ensemble:1270 [[92mINFO[0m]     [gen/p1] step=2048/22876 active=8/8 mi_stopped=0
tinker_cookbook.rl.ensemble:1270 [[92mINFO[0m]     [gen/p1] step=4096/22876 active=8/8 mi_stopped=0
tinker_cookbook.rl.ensemble:1270 [[92mINFO[0m]     [gen/p1] step=6144/22876 active=8/8 mi_stopped=0
tinker_cookbook.rl.ensemble:1270 [[92mINFO[0m]     [gen/p1] step=8192/22876 active=8/8 mi_stopped=0
tinker_cookbook.rl.ensemble:1270 [[92mINFO[0m]     [gen/p1] step=10240/22876 active=8/8 mi_stopped=0
tinker_cookbook.rl.ensemble:1270 [[92mINFO[0m]     [gen/p1] step=12288/22876 active=8/8 mi_stopped=0
tinker_cookbook.rl.ensemble:1270 [[92mINFO[0m]     [gen/p1] step=14336/22876 active=7/8 mi_stopped=0
tinker_cookbook.rl.ensemble:1270 [[92mINFO[0m]     [gen/p1] step=16384/22876 active=7/8 mi_stopped=0
tinker_cookbook.rl.ensemble:1270 [[92mINFO[0m]     [gen/p1] step=18432/22876 active=6/8 mi_stopped=0
tinker_cookbook.rl.ensemble:1270 [[92mINFO[0m]     [gen/p1] step=20480/22876 active=2/8 mi_stopped=0
tinker_cookbook.rl.ensemble:1270 [[92mINFO[0m]     [gen/p1] step=22528/22876 active=1/8 mi_stopped=0
__main__:1078 [[92mINFO[0m]   Group 1: multi-adapter generation 8 seqs in 4191.7s
[36m(run_cases_remote pid=922572)[0m [2026-07-30 14:31:26,878 E 922572 922645] core_worker_process.cc:825: Failed to establish connection to the metrics exporter agent. Metrics will not be exported. Exporter agent status: RpcError: Running out of retries to initialize the metrics agent. rpc_code: 14
[36m(run_cases_remote pid=922578)[0m [2026-07-30 14:31:26,951 E 922578 923013] core_worker_process.cc:825: Failed to establish connection to the metrics exporter agent. Metrics will not be exported. Exporter agent status: RpcError: Running out of retries to initialize the metrics agent. rpc_code: 14
[36m(run_single_case_remote pid=923207)[0m [2026-07-30 14:31:28,420 E 923207 923346] core_worker_process.cc:825: Failed to establish connection to the metrics exporter agent. Metrics will not be exported. Exporter agent status: RpcError: Running out of retries to initialize the metrics agent. rpc_code: 14
[36m(run_single_case_remote pid=923775)[0m [2026-07-30 14:31:31,696 E 923775 923835] core_worker_process.cc:825: Failed to establish connection to the metrics exporter agent. Metrics will not be exported. Exporter agent status: RpcError: Running out of retries to initialize the metrics agent. rpc_code: 14
[36m(run_cases_remote pid=922578)[0m 2026-07-30 14:32:24,567 - WARNING - [GEN 127792d6] [RUN_CASES] Early stop: Case 47 failed with TIME_LIMIT_EXCEEDED. Message: Time limit exceeded: CPU limit exceeded (prlimit killed process)
[36m(run_cases_remote pid=922578)[0m 2026-07-30 14:32:24,568 - WARNING - [GEN 127792d6] [RUN_CASES] Slow evaluation: 86.1s for 150 cases (avg 0.57s/case)
__main__:1096 [[92mINFO[0m]   Group 1: batched ensemble scoring in 98.4s
__main__:1108 [[92mINFO[0m]   Group 1: rewards computed in 98.5s
__main__:1150 [[92mINFO[0m]     [g1][r1/8] adapter=1 R_exec=0.0000 true_MI=0.01273 RMI=0.0127 R_total=0.0013 correct=0 tokens=18339
__main__:1150 [[92mINFO[0m]     [g1][r2/8] adapter=2 R_exec=0.0000 true_MI=0.01400 RMI=0.0140 R_total=0.0014 correct=0 tokens=18670
__main__:1150 [[92mINFO[0m]     [g1][r3/8] adapter=3 R_exec=0.0000 true_MI=0.01185 RMI=0.0118 R_total=0.0012 correct=0 tokens=26821 p1=22876 p2=3923
__main__:1150 [[92mINFO[0m]     [g1][r4/8] adapter=4 R_exec=1.2530 true_MI=0.01315 RMI=0.0132 R_total=1.2543 correct=1 tokens=19346
__main__:1150 [[92mINFO[0m]     [g1][r5/8] adapter=0 R_exec=1.2530 true_MI=0.01339 RMI=0.0134 R_total=1.2543 correct=1 tokens=13967
__main__:1150 [[92mINFO[0m]     [g1][r6/8] adapter=1 R_exec=0.0947 true_MI=0.01263 RMI=0.0126 R_total=0.0959 correct=1 tokens=21843
__main__:1150 [[92mINFO[0m]     [g1][r7/8] adapter=2 R_exec=0.0000 true_MI=0.01395 RMI=0.0140 R_total=0.0014 correct=0 tokens=18469
__main__:1150 [[92mINFO[0m]     [g1][r8/8] adapter=3 R_exec=1.0169 true_MI=0.01344 RMI=0.0134 R_total=1.0182 correct=1 tokens=19439
__main__:1167 [[92mINFO[0m]   [g1] group true_MI: mean=0.01314 std=0.00072 max=0.01400 normalized=[0.97 1.06 0.90 1.00 1.02 0.96 1.06 1.02]
tinker_cookbook.utils.ml_log:143 [[92mINFO[0m] Wrote metrics to logs/aws/wave4/ahc039-ugttt/metrics.jsonl
tinker_cookbook.utils.ml_log:240 [[92mINFO[0m] Logging to: https://wandb.ai/kriaz-msee20seecs-nust/ugttt-rebuttal/runs/1r8hc8kt
tinker_cookbook.utils.ml_log:143 [[92mINFO[0m] Wrote metrics to logs/aws/wave4/ahc039-ugttt/metrics.jsonl
tinker_cookbook.utils.ml_log:240 [[92mINFO[0m] Logging to: https://wandb.ai/kriaz-msee20seecs-nust/ugttt-rebuttal/runs/1r8hc8kt
tinker_cookbook.utils.ml_log:143 [[92mINFO[0m] Wrote metrics to logs/aws/wave4/ahc039-ugttt/metrics.jsonl
tinker_cookbook.utils.ml_log:240 [[92mINFO[0m] Logging to: https://wandb.ai/kriaz-msee20seecs-nust/ugttt-rebuttal/runs/1r8hc8kt
tinker_cookbook.utils.ml_log:143 [[92mINFO[0m] Wrote metrics to logs/aws/wave4/ahc039-ugttt/metrics.jsonl
tinker_cookbook.utils.ml_log:240 [[92mINFO[0m] Logging to: https://wandb.ai/kriaz-msee20seecs-nust/ugttt-rebuttal/runs/1r8hc8kt
tinker_cookbook.utils.ml_log:143 [[92mINFO[0m] Wrote metrics to logs/aws/wave4/ahc039-ugttt/metrics.jsonl
tinker_cookbook.utils.ml_log:240 [[92mINFO[0m] Logging to: https://wandb.ai/kriaz-msee20seecs-nust/ugttt-rebuttal/runs/1r8hc8kt
tinker_cookbook.utils.ml_log:143 [[92mINFO[0m] Wrote metrics to logs/aws/wave4/ahc039-ugttt/metrics.jsonl
tinker_cookbook.utils.ml_log:240 [[92mINFO[0m] Logging to: https://wandb.ai/kriaz-msee20seecs-nust/ugttt-rebuttal/runs/1r8hc8kt
tinker_cookbook.utils.ml_log:143 [[92mINFO[0m] Wrote metrics to logs/aws/wave4/ahc039-ugttt/metrics.jsonl
tinker_cookbook.utils.ml_log:240 [[92mINFO[0m] Logging to: https://wandb.ai/kriaz-msee20seecs-nust/ugttt-rebuttal/runs/1r8hc8kt
tinker_cookbook.utils.ml_log:143 [[92mINFO[0m] Wrote metrics to logs/aws/wave4/ahc039-ugttt/metrics.jsonl
tinker_cookbook.utils.ml_log:240 [[92mINFO[0m] Logging to: https://wandb.ai/kriaz-msee20seecs-nust/ugttt-rebuttal/runs/1r8hc8kt
__main__:1949 [[92mINFO[0m]   [2][2/8] KEPT | R_exec=0.4522 (max=1.2530) RMI=0.0131 R_total=0.4535 | 4290.2s | GPU: 18.2/19.2GB
tinker_cookbook.utils.ml_log:143 [[92mINFO[0m] Wrote metrics to logs/aws/wave4/ahc039-ugttt/metrics.jsonl
tinker_cookbook.utils.ml_log:240 [[92mINFO[0m] Logging to: https://wandb.ai/kriaz-msee20seecs-nust/ugttt-rebuttal/runs/1r8hc8kt
tinker_cookbook.rl.ensemble:1082 [[92mINFO[0m]   generate_batch_multi_adapter_two_phase: N=8 phase1_max=26000 streaming_mi=False kv_q=False
tinker_cookbook.rl.ensemble:1270 [[92mINFO[0m]     [gen/p1] step=2048/23151 active=8/8 mi_stopped=0
tinker_cookbook.rl.ensemble:1270 [[92mINFO[0m]     [gen/p1] step=4096/23151 active=8/8 mi_stopped=0
tinker_cookbook.rl.ensemble:1270 [[92mINFO[0m]     [gen/p1] step=6144/23151 active=8/8 mi_stopped=0
tinker_cookbook.rl.ensemble:1270 [[92mINFO[0m]     [gen/p1] step=8192/23151 active=8/8 mi_stopped=0
tinker_cookbook.rl.ensemble:1270 [[92mINFO[0m]     [gen/p1] step=10240/23151 active=8/8 mi_stopped=0
tinker_cookbook.rl.ensemble:1270 [[92mINFO[0m]     [gen/p1] step=12288/23151 active=8/8 mi_stopped=0
tinker_cookbook.rl.ensemble:1270 [[92mINFO[0m]     [gen/p1] step=14336/23151 active=8/8 mi_stopped=0
tinker_cookbook.rl.ensemble:1270 [[92mINFO[0m]     [gen/p1] step=16384/23151 active=7/8 mi_stopped=0
tinker_cookbook.rl.ensemble:1270 [[92mINFO[0m]     [gen/p1] step=18432/23151 active=2/8 mi_stopped=0
tinker_cookbook.rl.ensemble:1270 [[92mINFO[0m]     [gen/p1] step=20480/23151 active=1/8 mi_stopped=0
__main__:1078 [[92mINFO[0m]   Group 2: multi-adapter generation 8 seqs in 2884.1s
[36m(run_cases_remote pid=938328)[0m [2026-07-30 15:21:09,531 E 938328 938613] core_worker_process.cc:825: Failed to establish connection to the metrics exporter agent. Metrics will not be exported. Exporter agent status: RpcError: Running out of retries to initialize the metrics agent. rpc_code: 14
[36m(run_cases_remote pid=938329)[0m [2026-07-30 15:21:09,532 E 938329 938679] core_worker_process.cc:825: Failed to establish connection to the metrics exporter agent. Metrics will not be exported. Exporter agent status: RpcError: Running out of retries to initialize the metrics agent. rpc_code: 14
[36m(run_cases_remote pid=938332)[0m [2026-07-30 15:21:09,542 E 938332 938744] core_worker_process.cc:825: Failed to establish connection to the metrics exporter agent. Metrics will not be exported. Exporter agent status: RpcError: Running out of retries to initialize the metrics agent. rpc_code: 14
[36m(run_single_case_remote pid=939017)[0m [2026-07-30 15:21:11,045 E 939017 939154] core_worker_process.cc:825: Failed to establish connection to the metrics exporter agent. Metrics will not be exported. Exporter agent status: RpcError: Running out of retries to initialize the metrics agent. rpc_code: 14
[36m(run_single_case_remote pid=939501)[0m [2026-07-30 15:21:14,390 E 939501 939560] core_worker_process.cc:825: Failed to establish connection to the metrics exporter agent. Metrics will not be exported. Exporter agent status: RpcError: Running out of retries to initialize the metrics agent. rpc_code: 14
[36m(run_cases_remote pid=938328)[0m 2026-07-30 15:21:59,362 - WARNING - [GEN 5652439e] [RUN_CASES] Slow evaluation: 78.6s for 150 cases (avg 0.52s/case)
__main__:1096 [[92mINFO[0m]   Group 2: batched ensemble scoring in 87.2s
[36m(run_cases_remote pid=938330)[0m 2026-07-30 15:22:18,426 - WARNING - [GEN 3008e706] [RUN_CASES] Slow evaluation: 97.7s for 150 cases (avg 0.65s/case)
[36m(run_cases_remote pid=938329)[0m 2026-07-30 15:23:08,688 - WARNING - [GEN 1a2c71c6] [RUN_CASES] Slow evaluation: 147.8s for 150 cases (avg 0.99s/case)
__main__:1108 [[92mINFO[0m]   Group 2: rewards computed in 157.7s
__main__:1150 [[92mINFO[0m]     [g2][r1/8] adapter=1 R_exec=1.2361 true_MI=0.01216 RMI=0.0122 R_total=1.2373 correct=1 tokens=17866
__main__:1150 [[92mINFO[0m]     [g2][r2/8] adapter=2 R_exec=0.8733 true_MI=0.01262 RMI=0.0126 R_total=0.8746 correct=1 tokens=21238
__main__:1150 [[92mINFO[0m]     [g2][r3/8] adapter=3 R_exec=1.1541 true_MI=0.01246 RMI=0.0125 R_total=1.1554 correct=1 tokens=18478
__main__:1150 [[92mINFO[0m]     [g2][r4/8] adapter=4 R_exec=1.0169 true_MI=0.01215 RMI=0.0122 R_total=1.0181 correct=1 tokens=16669
__main__:1150 [[92mINFO[0m]     [g2][r5/8] adapter=0 R_exec=0.0000 true_MI=0.01189 RMI=0.0119 R_total=0.0012 correct=0 tokens=16598
__main__:1150 [[92mINFO[0m]     [g2][r6/8] adapter=1 R_exec=0.0000 true_MI=0.01196 RMI=0.0120 R_total=0.0012 correct=0 tokens=17760
__main__:1150 [[92mINFO[0m]     [g2][r7/8] adapter=2 R_exec=0.0961 true_MI=0.01312 RMI=0.0131 R_total=0.0975 correct=1 tokens=14909
__main__:1150 [[92mINFO[0m]     [g2][r8/8] adapter=3 R_exec=1.0169 true_MI=0.01214 RMI=0.0121 R_total=1.0181 correct=1 tokens=18421
__main__:1167 [[92mINFO[0m]   [g2] group true_MI: mean=0.01231 std=0.00040 max=0.01312 normalized=[0.99 1.02 1.01 0.99 0.97 0.97 1.07 0.99]
[36m(run_cases_remote pid=938326)[0m 2026-07-30 15:23:16,861 - WARNING - [GEN 87d729c2] [RUN_CASES] Slow evaluation: 155.7s for 150 cases (avg 1.04s/case)
tinker_cookbook.utils.ml_log:143 [[92mINFO[0m] Wrote metrics to logs/aws/wave4/ahc039-ugttt/metrics.jsonl
tinker_cookbook.utils.ml_log:240 [[92mINFO[0m] Logging to: https://wandb.ai/kriaz-msee20seecs-nust/ugttt-rebuttal/runs/1r8hc8kt
tinker_cookbook.utils.ml_log:143 [[92mINFO[0m] Wrote metrics to logs/aws/wave4/ahc039-ugttt/metrics.jsonl
tinker_cookbook.utils.ml_log:240 [[92mINFO[0m] Logging to: https://wandb.ai/kriaz-msee20seecs-nust/ugttt-rebuttal/runs/1r8hc8kt
tinker_cookbook.utils.ml_log:143 [[92mINFO[0m] Wrote metrics to logs/aws/wave4/ahc039-ugttt/metrics.jsonl
tinker_cookbook.utils.ml_log:240 [[92mINFO[0m] Logging to: https://wandb.ai/kriaz-msee20seecs-nust/ugttt-rebuttal/runs/1r8hc8kt
tinker_cookbook.utils.ml_log:143 [[92mINFO[0m] Wrote metrics to logs/aws/wave4/ahc039-ugttt/metrics.jsonl
tinker_cookbook.utils.ml_log:240 [[92mINFO[0m] Logging to: https://wandb.ai/kriaz-msee20seecs-nust/ugttt-rebuttal/runs/1r8hc8kt
tinker_cookbook.utils.ml_log:143 [[92mINFO[0m] Wrote metrics to logs/aws/wave4/ahc039-ugttt/metrics.jsonl
tinker_cookbook.utils.ml_log:240 [[92mINFO[0m] Logging to: https://wandb.ai/kriaz-msee20seecs-nust/ugttt-rebuttal/runs/1r8hc8kt
tinker_cookbook.utils.ml_log:143 [[92mINFO[0m] Wrote metrics to logs/aws/wave4/ahc039-ugttt/metrics.jsonl
tinker_cookbook.utils.ml_log:240 [[92mINFO[0m] Logging to: https://wandb.ai/kriaz-msee20seecs-nust/ugttt-rebuttal/runs/1r8hc8kt
tinker_cookbook.utils.ml_log:143 [[92mINFO[0m] Wrote metrics to logs/aws/wave4/ahc039-ugttt/metrics.jsonl
tinker_cookbook.utils.ml_log:240 [[92mINFO[0m] Logging to: https://wandb.ai/kriaz-msee20seecs-nust/ugttt-rebuttal/runs/1r8hc8kt
tinker_cookbook.utils.ml_log:143 [[92mINFO[0m] Wrote metrics to logs/aws/wave4/ahc039-ugttt/metrics.jsonl
tinker_cookbook.utils.ml_log:240 [[92mINFO[0m] Logging to: https://wandb.ai/kriaz-msee20seecs-nust/ugttt-rebuttal/runs/1r8hc8kt
__main__:1949 [[92mINFO[0m]   [2][3/8] KEPT | R_exec=0.6742 (max=1.2361) RMI=0.0123 R_total=0.6754 | 3041.8s | GPU: 18.2/19.1GB
tinker_cookbook.utils.ml_log:143 [[92mINFO[0m] Wrote metrics to logs/aws/wave4/ahc039-ugttt/metrics.jsonl
tinker_cookbook.utils.ml_log:240 [[92mINFO[0m] Logging to: https://wandb.ai/kriaz-msee20seecs-nust/ugttt-rebuttal/runs/1r8hc8kt
tinker_cookbook.rl.ensemble:1082 [[92mINFO[0m]   generate_batch_multi_adapter_two_phase: N=8 phase1_max=26000 streaming_mi=False kv_q=False
tinker_cookbook.rl.ensemble:1270 [[92mINFO[0m]     [gen/p1] step=2048/21904 active=8/8 mi_stopped=0
tinker_cookbook.rl.ensemble:1270 [[92mINFO[0m]     [gen/p1] step=4096/21904 active=5/8 mi_stopped=0
tinker_cookbook.rl.ensemble:1270 [[92mINFO[0m]     [gen/p1] step=6144/21904 active=4/8 mi_stopped=0
tinker_cookbook.rl.ensemble:1270 [[92mINFO[0m]     [gen/p1] step=8192/21904 active=3/8 mi_stopped=0
tinker_cookbook.rl.ensemble:1270 [[92mINFO[0m]     [gen/p1] step=10240/21904 active=2/8 mi_stopped=0
tinker_cookbook.rl.ensemble:1270 [[92mINFO[0m]     [gen/p1] step=12288/21904 active=2/8 mi_stopped=0
__main__:1078 [[92mINFO[0m]   Group 3: multi-adapter generation 8 seqs in 1622.2s
[36m(run_single_case_remote pid=953873)[0m 2026-07-30 15:50:32,163 - ERROR - Command failed with exit code 1: wrong answer: The 0-th edge is not parallel to the axes. ((5412, 567) - (56533, 86371))
[36m(run_single_case_remote pid=953873)[0m 
[36m(run_cases_remote pid=953337)[0m [2026-07-30 15:50:49,418 E 953337 953481] core_worker_process.cc:825: Failed to establish connection to the metrics exporter agent. Metrics will not be exported. Exporter agent status: RpcError: Running out of retries to initialize the metrics agent. rpc_code: 14
[36m(run_cases_remote pid=953339)[0m [2026-07-30 15:50:49,423 E 953339 953533] core_worker_process.cc:825: Failed to establish connection to the metrics exporter agent. Metrics will not be exported. Exporter agent status: RpcError: Running out of retries to initialize the metrics agent. rpc_code: 14
[36m(run_cases_remote pid=953338)[0m [2026-07-30 15:50:49,429 E 953338 953601] core_worker_process.cc:825: Failed to establish connection to the metrics exporter agent. Metrics will not be exported. Exporter agent status: RpcError: Running out of retries to initialize the metrics agent. rpc_code: 14
[36m(run_single_case_remote pid=953872)[0m [2026-07-30 15:50:51,821 E 953872 954003] core_worker_process.cc:825: Failed to establish connection to the metrics exporter agent. Metrics will not be exported. Exporter agent status: RpcError: Running out of retries to initialize the metrics agent. rpc_code: 14
[36m(run_single_case_remote pid=954269)[0m [2026-07-30 15:50:55,155 E 954269 954312] core_worker_process.cc:825: Failed to establish connection to the metrics exporter agent. Metrics will not be exported. Exporter agent status: RpcError: Running out of retries to initialize the metrics agent. rpc_code: 14
[36m(run_single_case_remote pid=953873)[0m 2026-07-30 15:50:55,632 - ERROR - Command failed with exit code 1: wrong answer: The 0-th edge is not parallel to the axes. ((41829, 49615) - (89225, 87609))
[36m(run_single_case_remote pid=953873)[0m 
__main__:1096 [[92mINFO[0m]   Group 3: batched ensemble scoring in 44.6s
[36m(run_single_case_remote pid=953873)[0m [ERROR] Command failed with exit code 1: wrong answer: The 0-th edge is not parallel to the axes. ((17158, 43492) - (72270, 83651))
[36m(run_single_case_remote pid=953873)[0m 
[36m(run_single_case_remote pid=953873)[0m [ERROR] Command failed with exit code 1: wrong answer: The 0-th edge is not parallel to the axes. ((13359, 16891) - (67454, 67867))
[36m(run_single_case_remote pid=953873)[0m 
[36m(run_single_case_remote pid=953873)[0m [ERROR] Command failed with exit code 1: wrong answer: The 0-th edge is not parallel to the axes. ((12648, 42001) - (75048, 76233))
[36m(run_single_case_remote pid=953873)[0m 
[36m(run_single_case_remote pid=953873)[0m [ERROR] Command failed with exit code 1: wrong answer: The 0-th edge is not parallel to the axes. ((39768, 26533) - (88740, 86273))
[36m(run_single_case_remote pid=953873)[0m 
[36m(run_single_case_remote pid=953873)[0m [ERROR] Command failed with exit code 1: wrong answer: The 0-th edge is not parallel to the axes. ((14386, 9248) - (59041, 64690))
[36m(run_single_case_remote pid=953873)[0m 
[36m(run_single_case_remote pid=953873)[0m [ERROR] Command failed with exit code 1: wrong answer: The 0-th edge is not parallel to the axes. ((5412, 567) - (56533, 86371))
[36m(run_single_case_remote pid=953873)[0m 
[36m(run_single_case_remote pid=953873)[0m [ERROR] Command failed with exit code 1: wrong answer: The 0-th edge is not parallel to the axes. ((24605, 14268) - (68963, 62417))
[36m(run_single_case_remote pid=953873)[0m 
[36m(run_single_case_remote pid=953873)[0m [ERROR] Command failed with exit code 1: wrong answer: The 0-th edge is not parallel to the axes. ((44221, 22475) - (75322, 62353))
[36m(run_single_case_remote pid=953873)[0m 
[36m(run_single_case_remote pid=953873)[0m [ERROR] Command failed with exit code 1: wrong answer: The 0-th edge is not parallel to the axes. ((18728, 39825) - (38593, 87665))
[36m(run_single_case_remote pid=953873)[0m 
[36m(run_single_case_remote pid=953873)[0m [ERROR] Command failed with exit code 1: wrong answer: The 0-th edge is not parallel to the axes. ((40412, 30792) - (87495, 88243))
[36m(run_single_case_remote pid=953873)[0m 
[36m(run_single_case_remote pid=953873)[0m [ERROR] Command failed with exit code 1: wrong answer: The 0-th edge is not parallel to the axes. ((28810, 46457) - (89626, 91982))
[36m(run_single_case_remote pid=953873)[0m 
[36m(run_single_case_remote pid=953873)[0m [ERROR] Command failed with exit code 1: wrong answer: The 0-th edge is not parallel to the axes. ((67282, 32543) - (87714, 95807))
[36m(run_single_case_remote pid=953873)[0m 
[36m(run_single_case_remote pid=953873)[0m [ERROR] Command failed with exit code 1: wrong answer: The 0-th edge is not parallel to the axes. ((8256, 58549) - (68316, 86556))
[36m(run_single_case_remote pid=953873)[0m 
[36m(run_single_case_remote pid=953873)[0m [ERROR] Command failed with exit code 1: wrong answer: The 0-th edge is not parallel to the axes. ((56144, 18539) - (89232, 93626))
[36m(run_single_case_remote pid=953873)[0m 
[36m(run_single_case_remote pid=953873)[0m [ERROR] Command failed with exit code 1: wrong answer: The 0-th edge is not parallel to the axes. ((14369, 21563) - (65311, 58735))
[36m(run_single_case_remote pid=953873)[0m 
[36m(run_single_case_remote pid=953873)[0m [ERROR] Command failed with exit code 1: wrong answer: The 0-th edge is not parallel to the axes. ((11454, 48955) - (62485, 91571))
[36m(run_single_case_remote pid=953873)[0m 
[36m(run_single_case_remote pid=953873)[0m [ERROR] Command failed with exit code 1: wrong answer: The 0-th edge is not parallel to the axes. ((19224, 13699) - (63396, 74713))
[36m(run_single_case_remote pid=953873)[0m 
[36m(run_single_case_remote pid=953873)[0m [ERROR] Command failed with exit code 1: wrong answer: The 0-th edge is not parallel to the axes. ((7070, 11818) - (87047, 42279))
[36m(run_single_case_remote pid=953873)[0m 
[36m(run_single_case_remote pid=953873)[0m [ERROR] Command failed with exit code 1: wrong answer: The 0-th edge is not parallel to the axes. ((10145, 27760) - (52683, 89363))
[36m(run_single_case_remote pid=953873)[0m 
[36m(run_single_case_remote pid=953873)[0m [ERROR] Command failed with exit code 1: wrong answer: The 0-th edge is not parallel to the axes. ((18173, 12741) - (46934, 69896))
[36m(run_single_case_remote pid=953873)[0m 
[36m(run_single_case_remote pid=953873)[0m [ERROR] Command failed with exit code 1: wrong answer: The 0-th edge is not parallel to the axes. ((45109, 11346) - (86891, 75868))
[36m(run_single_case_remote pid=953873)[0m 
[36m(run_single_case_remote pid=953873)[0m [ERROR] Command failed with exit code 1: wrong answer: The 0-th edge is not parallel to the axes. ((26804, 29738) - (90394, 78698))
[36m(run_single_case_remote pid=953873)[0m 
[36m(run_single_case_remote pid=953873)[0m [ERROR] Command failed with exit code 1: wrong answer: The 0-th edge is not parallel to the axes. ((16776, 48952) - (74972, 85739))
[36m(run_single_case_remote pid=953873)[0m 
[36m(run_single_case_remote pid=953873)[0m [ERROR] Command failed with exit code 1: wrong answer: The 0-th edge is not parallel to the axes. ((11812, 64128) - (84705, 86551))
[36m(run_single_case_remote pid=953873)[0m 
[36m(run_single_case_remote pid=953873)[0m [ERROR] Command failed with exit code 1: wrong answer: The 0-th edge is not parallel to the axes. ((41829, 49615) - (89225, 87609))
[36m(run_single_case_remote pid=953873)[0m 
[36m(run_single_case_remote pid=953873)[0m [ERROR] Command failed with exit code 1: wrong answer: The 0-th edge is not parallel to the axes. ((23898, 27209) - (83718, 70000))
[36m(run_single_case_remote pid=953873)[0m 
[36m(run_single_case_remote pid=953873)[0m [ERROR] Command failed with exit code 1: wrong answer: The 0-th edge is not parallel to the axes. ((19019, 24082) - (39714, 83253))
[36m(run_single_case_remote pid=953873)[0m 
[36m(run_single_case_remote pid=953873)[0m [ERROR] Command failed with exit code 1: wrong answer: The 0-th edge is not parallel to the axes. ((16967, 38773) - (58427, 87975))
[36m(run_single_case_remote pid=953873)[0m 
[36m(run_single_case_remote pid=953873)[0m [ERROR] Command failed with exit code 1: wrong answer: The 0-th edge is not parallel to the axes. ((8883, 16975) - (87539, 59906))
[36m(run_single_case_remote pid=953873)[0m 
[36m(run_single_case_remote pid=953873)[0m [ERROR] Command failed with exit code 1: wrong answer: The 0-th edge is not parallel to the axes. ((9920, 47717) - (71887, 87252))
[36m(run_single_case_remote pid=953873)[0m 
[36m(run_single_case_remote pid=953873)[0m [ERROR] Command failed with exit code 1: wrong answer: The 0-th edge is not parallel to the axes. ((45037, 13006) - (88579, 76953))
[36m(run_single_case_remote pid=953873)[0m 
[36m(run_single_case_remote pid=953873)[0m [ERROR] Command failed with exit code 1: wrong answer: The 0-th edge is not parallel to the axes. ((17296, 16932) - (51561, 90827))
[36m(run_single_case_remote pid=953873)[0m 
[36m(run_single_case_remote pid=953873)[0m [ERROR] Command failed with exit code 1: wrong answer: The 0-th edge is not parallel to the axes. ((51853, 17165) - (81942, 84317))
[36m(run_single_case_remote pid=953873)[0m 
[36m(run_single_case_remote pid=953873)[0m [ERROR] Command failed with exit code 1: wrong answer: The 0-th edge is not parallel to the axes. ((65710, 13859) - (86869, 73549))
[36m(run_single_case_remote pid=953873)[0m 
[36m(run_single_case_remote pid=953873)[0m [ERROR] Command failed with exit code 1: wrong answer: The 0-th edge is not parallel to the axes. ((61437, 11651) - (84079, 82787))
[36m(run_single_case_remote pid=953873)[0m 
[36m(run_single_case_remote pid=953873)[0m [ERROR] Command failed with exit code 1: wrong answer: The 0-th edge is not parallel to the axes. ((16196, 16305) - (47014, 56496))
[36m(run_single_case_remote pid=953873)[0m 
[36m(run_single_case_remote pid=953873)[0m [ERROR] Command failed with exit code 1: wrong answer: The 0-th edge is not parallel to the axes. ((44888, 17085) - (91220, 44959))[36m(run_single_case_remote pid=953873)[0m 2026-07-30 15:51:16,790 - ERROR - Command failed with exit code 1: wrong answer: The 0-th edge is not parallel to the axes. ((54513, 23887) - (85217, 87455))
[36m(run_single_case_remote pid=953873)[0m 
[36m(run_single_case_remote pid=953873)[0m 2026-07-30 15:51:23,095 - ERROR - Command failed with exit code 1: wrong answer: The 0-th edge is not parallel to the axes. ((23623, 29687) - (67566, 92487))
[36m(run_single_case_remote pid=953873)[0m 
[36m(run_single_case_remote pid=953873)[0m 2026-07-30 15:51:24,289 - ERROR - Command failed with exit code 1: wrong answer: The 0-th edge is not parallel to the axes. ((11181, 15250) - (63809, 51941))
[36m(run_single_case_remote pid=953873)[0m 
[36m(run_single_case_remote pid=953873)[0m 2026-07-30 15:51:29,311 - ERROR - Command failed with exit code 1: wrong answer: The 0-th edge is not parallel to the axes. ((8041, 18541) - (57494, 72491))
[36m(run_single_case_remote pid=953873)[0m 
[36m(run_single_case_remote pid=953873)[0m 2026-07-30 15:51:52,653 - ERROR - Command failed with exit code 1: wrong answer: The 0-th edge is not parallel to the axes. ((45206, 17553) - (81689, 69528))
[36m(run_single_case_remote pid=953873)[0m 

[36m(run_single_case_remote pid=953873)[0m 
[36m(run_single_case_remote pid=953873)[0m [ERROR] Command failed with exit code 1: wrong answer: The 0-th edge is not parallel to the axes. ((48386, 46399) - (83667, 84966))
[36m(run_single_case_remote pid=953873)[0m 
[36m(run_single_case_remote pid=953873)[0m [ERROR] Command failed with exit code 1: wrong answer: The 0-th edge is not parallel to the axes. ((15797, 60417) - (57602, 87045))
[36m(run_single_case_remote pid=953873)[0m 
[36m(run_single_case_remote pid=953873)[0m [ERROR] Command failed with exit code 1: wrong answer: The 0-th edge is not parallel to the axes. ((13270, 25793) - (46826, 83590))
[36m(run_single_case_remote pid=953873)[0m 
[36m(run_single_case_remote pid=953873)[0m [ERROR] Command failed with exit code 1: wrong answer: The 0-th edge is not parallel to the axes. ((25391, 39876) - (82430, 97647))
[36m(run_single_case_remote pid=953873)[0m 
[36m(run_single_case_remote pid=953873)[0m [ERROR] Command failed with exit code 1: wrong answer: The 0-th edge is not parallel to the axes. ((54513, 23887) - (85217, 87455))
[36m(run_single_case_remote pid=953873)[0m 
[36m(run_single_case_remote pid=953873)[0m [ERROR] Command failed with exit code 1: wrong answer: The 0-th edge is not parallel to the axes. ((27051, 58193) - (83051, 81186))
[36m(run_single_case_remote pid=953873)[0m 
[36m(run_single_case_remote pid=953873)[0m [ERROR] Command failed with exit code 1: wrong answer: The 0-th edge is not parallel to the axes. ((55116, 10633) - (87702, 47991))
[36m(run_single_case_remote pid=953873)[0m 
[36m(run_single_case_remote pid=953873)[0m [ERROR] Command failed with exit code 1: wrong answer: The 0-th edge is not parallel to the axes. ((13998, 11510) - (53522, 58282))
[36m(run_single_case_remote pid=953873)[0m 
[36m(run_single_case_remote pid=953873)[0m [ERROR] Command failed with exit code 1: wrong answer: The 0-th edge is not parallel to the axes. ((14821, 39344) - (86321, 87584))
[36m(run_single_case_remote pid=953873)[0m 
[36m(run_single_case_remote pid=953873)[0m [ERROR] Command failed with exit code 1: wrong answer: The 0-th edge is not parallel to the axes. ((23623, 29687) - (67566, 92487))
[36m(run_single_case_remote pid=953873)[0m 
[36m(run_single_case_remote pid=953873)[0m [ERROR] Command failed with exit code 1: wrong answer: The 0-th edge is not parallel to the axes. ((11181, 15250) - (63809, 51941))
[36m(run_single_case_remote pid=953873)[0m 
[36m(run_single_case_remote pid=953873)[0m [ERROR] Command failed with exit code 1: wrong answer: The 0-th edge is not parallel to the axes. ((12527, 42610) - (71605, 89310))
[36m(run_single_case_remote pid=953873)[0m 
[36m(run_single_case_remote pid=953873)[0m [ERROR] Command failed with exit code 1: wrong answer: The 0-th edge is not parallel to the axes. ((57088, 11209) - (90791, 42500))
[36m(run_single_case_remote pid=953873)[0m 
[36m(run_single_case_remote pid=953873)[0m [ERROR] Command failed with exit code 1: wrong answer: The 0-th edge is not parallel to the axes. ((9456, 57143) - (64114, 92791))
[36m(run_single_case_remote pid=953873)[0m 
[36m(run_single_case_remote pid=953873)[0m [ERROR] Command failed with exit code 1: wrong answer: The 0-th edge is not parallel to the axes. ((8041, 18541) - (57494, 72491))
[36m(run_single_case_remote pid=953873)[0m 
[36m(run_single_case_remote pid=953873)[0m [ERROR] Command failed with exit code 1: wrong answer: The 0-th edge is not parallel to the axes. ((16295, 28755) - (71068, 78377))
[36m(run_single_case_remote pid=953873)[0m 
[36m(run_single_case_remote pid=953873)[0m [ERROR] Command failed with exit code 1: wrong answer: The 0-th edge is not parallel to the axes. ((13880, 10513) - (50943, 45684))
[36m(run_single_case_remote pid=953873)[0m 
[36m(run_single_case_remote pid=953873)[0m [ERROR] Command failed with exit code 1: wrong answer: The 0-th edge is not parallel to the axes. ((56513, 34492) - (87077, 86944))
[36m(run_single_case_remote pid=953873)[0m 
[36m(run_single_case_remote pid=953873)[0m [ERROR] Command failed with exit code 1: wrong answer: The 0-th edge is not parallel to the axes. ((18917, 30234) - (71079, 86559))
[36m(run_single_case_remote pid=953873)[0m 
[36m(run_single_case_remote pid=953873)[0m [ERROR] Command failed with exit code 1: wrong answer: The 0-th edge is not parallel to the axes. ((10365, 10888) - (68055, 70983))
[36m(run_single_case_remote pid=953873)[0m 
[36m(run_single_case_remote pid=953873)[0m [ERROR] Command failed with exit code 1: wrong answer: The 0-th edge is not parallel to the axes. ((63834, 17838) - (85365, 53771))
[36m(run_single_case_remote pid=953873)[0m 
[36m(run_single_case_remote pid=953873)[0m [ERROR] Command failed with exit code 1: wrong answer: The 0-th edge is not parallel to the axes. ((15501, 47957) - (65305, 85007))
[36m(run_single_case_remote pid=953873)[0m 
[36m(run_single_case_remote pid=953873)[0m [ERROR] Command failed with exit code 1: wrong answer: The 0-th edge is not parallel to the axes. ((45310, 5589) - (83811, 61265))
[36m(run_single_case_remote pid=953873)[0m 
[36m(run_single_case_remote pid=953873)[0m [ERROR] Command failed with exit code 1: wrong answer: The 0-th edge is not parallel to the axes. ((9747, 16579) - (65647, 60832))
[36m(run_single_case_remote pid=953873)[0m 
[36m(run_single_case_remote pid=953873)[0m [ERROR] Command failed with exit code 1: wrong answer: The 0-th edge is not parallel to the axes. ((42735, 9138) - (85219, 92344))
[36m(run_single_case_remote pid=953873)[0m 
[36m(run_single_case_remote pid=953873)[0m [ERROR] Command failed with exit code 1: wrong answer: The 0-th edge is not parallel to the axes. ((17448, 10072) - (67924, 66103))
[36m(run_single_case_remote pid=953873)[0m 
[36m(run_single_case_remote pid=953873)[0m [ERROR] Command failed with exit code 1: wrong answer: The 0-th edge is not parallel to the axes. ((15302, 51813) - (86447, 89560))
[36m(run_single_case_remote pid=953873)[0m 
[36m(run_single_case_remote pid=953873)[0m [ERROR] Command failed with exit code 1: wrong answer: The 0-th edge is not parallel to the axes. ((10950, 67474) - (89526, 95110))
[36m(run_single_case_remote pid=953873)[0m 
[36m(run_single_case_remote pid=953873)[0m [ERROR] Command failed with exit code 1: wrong answer: The 0-th edge is not parallel to the axes. ((10082, 7322) - (68109, 88357))
[36m(run_single_case_remote pid=953873)[0m 
[36m(run_single_case_remote pid=953873)[0m [ERROR] Command failed with exit code 1: wrong answer: The 0-th edge is not parallel to the axes. ((33248, 26118) - (85936, 90969))
[36m(run_single_case_remote pid=953873)[0m 
[36m(run_single_case_remote pid=953873)[0m [ERROR] Command failed with exit code 1: wrong answer: The 0-th edge is not parallel to the axes. ((11816, 12576) - (89373, 30769))
[36m(run_single_case_remote pid=953873)[0m 
[36m(run_single_case_remote pid=953873)[0m [ERROR] Command failed with exit code 1: wrong answer: The 0-th edge is not parallel to the axes. ((45726, 16130) - (92045, 62092))
[36m(run_single_case_remote pid=953873)[0m 
[36m(run_single_case_remote pid=953873)[0m [ERROR] Command failed with exit code 1: wrong answer: The 0-th edge is not parallel to the axes. ((63691, 15220) - (86144, 81755))
[36m(run_single_case_remote pid=953873)[0m 
[36m(run_single_case_remote pid=953873)[0m [ERROR] Command failed with exit code 1: wrong answer: The 0-th edge is not parallel to the axes. ((45206, 17553) - (81689, 69528))
[36m(run_single_case_remote pid=953873)[0m 
[36m(run_single_case_remote pid=953873)[0m [ERROR] Command failed with exit code 1: wrong answer: The 0-th edge is not parallel to the axes. ((64373, 7219) - (91078, 77634))
[36m(run_single_case_remote pid=953873)[0m 
[36m(run_single_case_remote pid=953873)[0m [ERROR] Command failed with exit code 1: wrong answer: The 0-th edge is not parallel to the axes. ((57911, 45016) - (83332, 87084))
[36m(run_single_case_remote pid=953873)[0m 
[36m(run_single_case_remote pid=953873)[0m [ERROR] Command failed with exit code 1: wrong answer: The 0-th edge is not parallel to the axes. ((9116, 9715) - (47760, 41763))[36m(run_single_case_remote pid=953873)[0m 2026-07-30 15:51:58,839 - ERROR - Command failed with exit code 1: wrong answer: The 0-th edge is not parallel to the axes. ((7772, 13255) - (55980, 77556))
[36m(run_single_case_remote pid=953873)[0m 
[36m(run_cases_remote pid=953337)[0m 2026-07-30 15:52:10,832 - WARNING - [GEN e36dcce9] [RUN_CASES] Slow evaluation: 109.2s for 150 cases (avg 0.73s/case)
[36m(run_single_case_remote pid=953872)[0m 2026-07-30 15:52:11,474 - ERROR - Command failed with exit code 1: wrong answer: The 0-th edge is not parallel to the axes. ((9543, 12815) - (51875, 62592))
[36m(run_single_case_remote pid=953872)[0m 
[36m(run_single_case_remote pid=954269)[0m 2026-07-30 15:52:12,049 - ERROR - Command failed with exit code 1: wrong answer: The 0-th edge is not parallel to the axes. ((8524, 12931) - (37220, 68654))
[36m(run_single_case_remote pid=954269)[0m 
[36m(run_single_case_remote pid=953872)[0m 2026-07-30 15:52:12,687 - ERROR - Command failed with exit code 1: wrong answer: The 0-th edge is not parallel to the axes. ((33817, 56189) - (88516, 86199))
[36m(run_single_case_remote pid=953872)[0m 
[36m(run_single_case_remote pid=954269)[0m 2026-07-30 15:52:13,254 - ERROR - Command failed with exit code 1: wrong answer: The 0-th edge is not parallel to the axes. ((6769, 29560) - (64321, 85188))
[36m(run_single_case_remote pid=954269)[0m 
[36m(run_single_case_remote pid=953872)[0m 2026-07-30 15:52:13,927 - ERROR - Command failed with exit code 1: wrong answer: The 0-th edge is not parallel to the axes. ((38641, 62416) - (90869, 84999))
[36m(run_single_case_remote pid=953872)[0m 
[36m(run_single_case_remote pid=954269)[0m 2026-07-30 15:52:14,521 - ERROR - Command failed with exit code 1: wrong answer: The 0-th edge is not parallel to the axes. ((14720, 16092) - (47101, 89372))
[36m(run_single_case_remote pid=954269)[0m 
[36m(run_single_case_remote pid=953872)[0m 2026-07-30 15:52:15,102 - ERROR - Command failed with exit code 1: wrong answer: The 0-th edge is not parallel to the axes. ((14139, 22216) - (86705, 71458))
[36m(run_single_case_remote pid=953872)[0m 
[36m(run_single_case_remote pid=954269)[0m 2026-07-30 15:52:15,787 - ERROR - Command failed with exit code 1: wrong answer: The 0-th edge is not parallel to the axes. ((37291, 21357) - (89867, 84396))
[36m(run_single_case_remote pid=954269)[0m 
[36m(run_single_case_remote pid=953872)[0m 2026-07-30 15:52:16,392 - ERROR - Command failed with exit code 1: wrong answer: The 0-th edge is not parallel to the axes. ((15759, 8464) - (41626, 37369))
[36m(run_single_case_remote pid=953872)[0m 
[36m(run_single_case_remote pid=954269)[0m 2026-07-30 15:52:17,092 - ERROR - Command failed with exit code 1: wrong answer: The 0-th edge is not parallel to the axes. ((65195, 13155) - (91718, 59334))
[36m(run_single_case_remote pid=954269)[0m 
[36m(run_cases_remote pid=953339)[0m 2026-07-30 15:52:17,747 - WARNING - [GEN 7efb8f7f] [RUN_CASES] Slow evaluation: 116.2s for 150 cases (avg 0.77s/case)
[36m(run_single_case_remote pid=954269)[0m 2026-07-30 15:52:18,368 - ERROR - Command failed with exit code 1: wrong answer: The 0-th edge is not parallel to the axes. ((49545, 17447) - (88373, 78607))
[36m(run_single_case_remote pid=954269)[0m 
[36m(run_single_case_remote pid=953872)[0m 2026-07-30 15:52:19,074 - ERROR - Command failed with exit code 1: wrong answer: The 0-th edge is not parallel to the axes. ((46510, 58619) - (94754, 84110))
[36m(run_single_case_remote pid=953872)[0m 
[36m(run_single_case_remote pid=953873)[0m 2026-07-30 15:52:19,070 - ERROR - Command failed with exit code 1: wrong answer: The 0-th edge is not parallel to the axes. ((52139, 9262) - (87548, 63329))
[36m(run_single_case_remote pid=953873)[0m 
[36m(run_single_case_remote pid=954269)[0m 2026-07-30 15:52:19,598 - ERROR - Command failed with exit code 1: wrong answer: The 0-th edge is not parallel to the axes. ((9392, 11527) - (35769, 70351))
[36m(run_single_case_remote pid=954269)[0m 
[36m(run_single_case_remote pid=953872)[0m 2026-07-30 15:52:20,206 - ERROR - Command failed with exit code 1: wrong answer: The 0-th edge is not parallel to the axes. ((9743, 11434) - (56101, 87221))
[36m(run_single_case_remote pid=953872)[0m 
[36m(run_single_case_remote pid=954269)[0m 2026-07-30 15:52:20,839 - ERROR - Command failed with exit code 1: wrong answer: The 0-th edge is not parallel to the axes. ((17990, 33755) - (67753, 87540))
[36m(run_single_case_remote pid=954269)[0m 
[36m(run_single_case_remote pid=953872)[0m 2026-07-30 15:52:21,563 - ERROR - Command failed with exit code 1: wrong answer: The 0-th edge is not parallel to the axes. ((29456, 12459) - (91685, 65390))
[36m(run_single_case_remote pid=953872)[0m 
[36m(run_single_case_remote pid=954269)[0m 2026-07-30 15:52:22,123 - ERROR - Command failed with exit code 1: wrong answer: The 0-th edge is not parallel to the axes. ((31537, 36882) - (86646, 92890))
[36m(run_single_case_remote pid=954269)[0m 
[36m(run_single_case_remote pid=953872)[0m 2026-07-30 15:52:22,810 - ERROR - Command failed with exit code 1: wrong answer: The 0-th edge is not parallel to the axes. ((45135, 24494) - (90267, 83094))
[36m(run_single_case_remote pid=953872)[0m 
[36m(run_single_case_remote pid=954269)[0m 2026-07-30 15:52:23,336 - ERROR - Command failed with exit code 1: wrong answer: The 0-th edge is not parallel to the axes. ((13020, 16960) - (43031, 57268))
[36m(run_single_case_remote pid=954269)[0m 
[36m(run_single_case_remote pid=953872)[0m 2026-07-30 15:52:24,021 - ERROR - Command failed with exit code 1: wrong answer: The 0-th edge is not parallel to the axes. ((13614, 28306) - (58571, 86773))
[36m(run_single_case_remote pid=953872)[0m 
[36m(run_single_case_remote pid=954269)[0m 2026-07-30 15:52:24,574 - ERROR - Command failed with exit code 1: wrong answer: The 0-th edge is not parallel to the axes. ((45984, 15751) - (93251, 67058))
[36m(run_single_case_remote pid=954269)[0m 
[36m(run_single_case_remote pid=953872)[0m 2026-07-30 15:52:25,217 - ERROR - Command failed with exit code 1: wrong answer: The 0-th edge is not parallel to the axes. ((41686, 19999) - (85219, 74673))
[36m(run_single_case_remote pid=953872)[0m 
[36m(run_single_case_remote pid=953873)[0m 2026-07-30 15:52:25,274 - ERROR - Command failed with exit code 1: wrong answer: The 0-th edge is not parallel to the axes. ((11296, 14564) - (64407, 51674))
[36m(run_single_case_remote pid=953873)[0m 
[36m(run_single_case_remote pid=954269)[0m 2026-07-30 15:52:25,806 - ERROR - Command failed with exit code 1: wrong answer: The 0-th edge is not parallel to the axes. ((12468, 12240) - (78287, 63059))
[36m(run_single_case_remote pid=954269)[0m 
[36m(run_single_case_remote pid=953872)[0m 2026-07-30 15:52:26,400 - ERROR - Command failed with exit code 1: wrong answer: The 0-th edge is not parallel to the axes. ((10025, 32005) - (61033, 95245))
[36m(run_single_case_remote pid=953872)[0m 
[36m(run_single_case_remote pid=954269)[0m 2026-07-30 15:52:27,084 - ERROR - Command failed with exit code 1: wrong answer: The 0-th edge is not parallel to the axes. ((17211, 53085) - (79914, 77698))
[36m(run_single_case_remote pid=954269)[0m 
[36m(run_single_case_remote pid=953872)[0m 2026-07-30 15:52:27,658 - ERROR - Command failed with exit code 1: wrong answer: The 0-th edge is not parallel to the axes. ((51923, 20819) - (86125, 83731))
[36m(run_single_case_remote pid=953872)[0m 
[36m(run_single_case_remote pid=953873)[0m 2026-07-30 15:52:27,725 - ERROR - Command failed with exit code 1: wrong answer: The 0-th edge is not parallel to the axes. ((50079, 23696) - (92863, 88877))
[36m(run_single_case_remote pid=953873)[0m 
[36m(run_single_case_remote pid=954269)[0m 2026-07-30 15:52:28,244 - ERROR - Command failed with exit code 1: wrong answer: The 0-th edge is not parallel to the axes. ((33546, 16811) - (80783, 70094))
[36m(run_single_case_remote pid=954269)[0m 
[36m(run_single_case_remote pid=953872)[0m 2026-07-30 15:52:28,816 - ERROR - Command failed with exit code 1: wrong answer: The 0-th edge is not parallel to the axes. ((18350, 29997) - (69186, 87533))
[36m(run_single_case_remote pid=953872)[0m 
[36m(run_single_case_remote pid=954269)[0m 2026-07-30 15:52:29,482 - ERROR - Command failed with exit code 1: wrong answer: The 0-th edge is not parallel to the axes. ((26771, 5964) - (91583, 66725))
[36m(run_single_case_remote pid=954269)[0m 
[36m(run_single_case_remote pid=953872)[0m 2026-07-30 15:52:29,964 - ERROR - Command failed with exit code 1: wrong answer: The 0-th edge is not parallel to the axes. ((18397, 36253) - (65023, 76558))
[36m(run_single_case_remote pid=953872)[0m 
[36m(run_single_case_remote pid=954269)[0m 2026-07-30 15:52:30,777 - ERROR - Command failed with exit code 1: wrong answer: The 0-th edge is not parallel to the axes. ((6239, 16614) - (43995, 92863))
[36m(run_single_case_remote pid=954269)[0m 
[36m(run_single_case_remote pid=953872)[0m 2026-07-30 15:52:31,211 - ERROR - Command failed with exit code 1: wrong answer: The 0-th edge is not parallel to the axes. ((42550, 12262) - (88147, 70195))
[36m(run_single_case_remote pid=953872)[0m 
[36m(run_single_case_remote pid=954269)[0m 2026-07-30 15:52:31,959 - ERROR - Command failed with exit code 1: wrong answer: The 0-th edge is not parallel to the axes. ((36752, 39494) - (85974, 89604))
[36m(run_single_case_remote pid=954269)[0m 
[36m(run_single_case_remote pid=953872)[0m 2026-07-30 15:52:32,452 - ERROR - Command failed with exit code 1: wrong answer: The 0-th edge is not parallel to the axes. ((40948, 11443) - (80104, 36142))
[36m(run_single_case_remote pid=953872)[0m 
[36m(run_single_case_remote pid=954269)[0m 2026-07-30 15:52:33,282 - ERROR - Command failed with exit code 1: wrong answer: The 0-th edge is not parallel to the axes. ((16070, 10839) - (53116, 37657))
[36m(run_single_case_remote pid=954269)[0m 
[36m(run_single_case_remote pid=953872)[0m 2026-07-30 15:52:33,678 - ERROR - Command failed with exit code 1: wrong answer: The 0-th edge is not parallel to the axes. ((14536, 13164) - (45413, 92590))
[36m(run_single_case_remote pid=953872)[0m 
[36m(run_single_case_remote pid=954269)[0m 2026-07-30 15:52:34,584 - ERROR - Command failed with exit code 1: wrong answer: The 0-th edge is not parallel to the axes. ((49790, 18377) - (91337, 91743))
[36m(run_single_case_remote pid=954269)[0m 
[36m(run_cases_remote pid=953336)[0m 2026-07-30 15:52:35,017 - WARNING - [GEN ea194c74] [RUN_CASES] Early stop: Case 138 failed with WRONG_ANSWER. Message: Wrong answer.
[36m(run_cases_remote pid=953336)[0m Standard error:
[36m(run_cases_remote pid=953336)[0m wrong answer: The 0-th edge is not parallel to the axes. ((59088, 25193) - (86706, 85704))
[36m(run_cases_remote pid=953336)[0m 2026-07-30 15:52:35,017 - WARNING - [GEN ea194c74] [RUN_CASES] Slow evaluation: 133.2s for 150 cases (avg 0.89s/case)
[36m(run_single_case_remote pid=954269)[0m 2026-07-30 15:52:35,809 - ERROR - Command failed with exit code 1: wrong answer: The 0-th edge is not parallel to the axes. ((11302, 13607) - (72246, 46905))
[36m(run_single_case_remote pid=954269)[0m 
__main__:1108 [[92mINFO[0m]   Group 3: rewards computed in 224.8s
__main__:1150 [[92mINFO[0m]     [g3][r1/8] adapter=1 R_exec=1.1898 true_MI=0.01419 RMI=0.0142 R_total=1.1913 correct=1 tokens=7577
__main__:1150 [[92mINFO[0m]     [g3][r2/8] adapter=2 R_exec=0.0000 true_MI=0.01645 RMI=0.0164 R_total=0.0016 correct=0 tokens=2110
[36m(run_cases_remote pid=953338)[0m 2026-07-30 15:54:03,888 - WARNING - [GEN 3a01b57c] [RUN_CASES] Early stop: Case 86 failed with TIME_LIMIT_EXCEEDED. Message: Time limit exceeded: CPU limit exceeded (prlimit killed process)
[36m(run_cases_remote pid=953338)[0m 2026-07-30 15:54:03,888 - WARNING - [GEN 3a01b57c] [RUN_CASES] Slow evaluation: 221.9s for 150 cases (avg 1.48s/case)
__main__:1150 [[92mINFO[0m]     [g3][r3/8] adapter=3 R_exec=0.0000 true_MI=0.01420 RMI=0.0142 R_total=0.0014 correct=0 tokens=5865
__main__:1150 [[92mINFO[0m]     [g3][r4/8] adapter=4 R_exec=0.0000 true_MI=0.01563 RMI=0.0156 R_total=0.0016 correct=0 tokens=2829
__main__:1150 [[92mINFO[0m]     [g3][r5/8] adapter=0 R_exec=0.0000 true_MI=0.01202 RMI=0.0120 R_total=0.0012 correct=0 tokens=13765
__main__:1150 [[92mINFO[0m]     [g3][r6/8] adapter=1 R_exec=0.0947 true_MI=0.01447 RMI=0.0145 R_total=0.0961 correct=1 tokens=8639
__main__:1150 [[92mINFO[0m]     [g3][r7/8] adapter=2 R_exec=0.0000 true_MI=0.01345 RMI=0.0135 R_total=0.0013 correct=0 tokens=3682
__main__:1150 [[92mINFO[0m]     [g3][r8/8] adapter=3 R_exec=0.0000 true_MI=0.01308 RMI=0.0131 R_total=0.0013 correct=0 tokens=12622
__main__:1167 [[92mINFO[0m]   [g3] group true_MI: mean=0.01419 std=0.00140 max=0.01645 normalized=[1.00 1.16 1.00 1.10 0.85 1.02 0.95 0.92]
tinker_cookbook.utils.ml_log:143 [[92mINFO[0m] Wrote metrics to logs/aws/wave4/ahc039-ugttt/metrics.jsonl
tinker_cookbook.utils.ml_log:240 [[92mINFO[0m] Logging to: https://wandb.ai/kriaz-msee20seecs-nust/ugttt-rebuttal/runs/1r8hc8kt
tinker_cookbook.utils.ml_log:143 [[92mINFO[0m] Wrote metrics to logs/aws/wave4/ahc039-ugttt/metrics.jsonl
tinker_cookbook.utils.ml_log:240 [[92mINFO[0m] Logging to: https://wandb.ai/kriaz-msee20seecs-nust/ugttt-rebuttal/runs/1r8hc8kt
tinker_cookbook.utils.ml_log:143 [[92mINFO[0m] Wrote metrics to logs/aws/wave4/ahc039-ugttt/metrics.jsonl
tinker_cookbook.utils.ml_log:240 [[92mINFO[0m] Logging to: https://wandb.ai/kriaz-msee20seecs-nust/ugttt-rebuttal/runs/1r8hc8kt
tinker_cookbook.utils.ml_log:143 [[92mINFO[0m] Wrote metrics to logs/aws/wave4/ahc039-ugttt/metrics.jsonl
tinker_cookbook.utils.ml_log:240 [[92mINFO[0m] Logging to: https://wandb.ai/kriaz-msee20seecs-nust/ugttt-rebuttal/runs/1r8hc8kt
tinker_cookbook.utils.ml_log:143 [[92mINFO[0m] Wrote metrics to logs/aws/wave4/ahc039-ugttt/metrics.jsonl
tinker_cookbook.utils.ml_log:240 [[92mINFO[0m] Logging to: https://wandb.ai/kriaz-msee20seecs-nust/ugttt-rebuttal/runs/1r8hc8kt
tinker_cookbook.utils.ml_log:143 [[92mINFO[0m] Wrote metrics to logs/aws/wave4/ahc039-ugttt/metrics.jsonl
tinker_cookbook.utils.ml_log:240 [[92mINFO[0m] Logging to: https://wandb.ai/kriaz-msee20seecs-nust/ugttt-rebuttal/runs/1r8hc8kt
tinker_cookbook.utils.ml_log:143 [[92mINFO[0m] Wrote metrics to logs/aws/wave4/ahc039-ugttt/metrics.jsonl
tinker_cookbook.utils.ml_log:240 [[92mINFO[0m] Logging to: https://wandb.ai/kriaz-msee20seecs-nust/ugttt-rebuttal/runs/1r8hc8kt
tinker_cookbook.utils.ml_log:143 [[92mINFO[0m] Wrote metrics to logs/aws/wave4/ahc039-ugttt/metrics.jsonl
tinker_cookbook.utils.ml_log:240 [[92mINFO[0m] Logging to: https://wandb.ai/kriaz-msee20seecs-nust/ugttt-rebuttal/runs/1r8hc8kt
__main__:1949 [[92mINFO[0m]   [2][4/8] KEPT | R_exec=0.1606 (max=1.1898) RMI=0.0142 R_total=0.1620 | 1847.0s | GPU: 18.2/18.9GB
tinker_cookbook.utils.ml_log:143 [[92mINFO[0m] Wrote metrics to logs/aws/wave4/ahc039-ugttt/metrics.jsonl
tinker_cookbook.utils.ml_log:240 [[92mINFO[0m] Logging to: https://wandb.ai/kriaz-msee20seecs-nust/ugttt-rebuttal/runs/1r8hc8kt
tinker_cookbook.rl.ensemble:1082 [[92mINFO[0m]   generate_batch_multi_adapter_two_phase: N=8 phase1_max=26000 streaming_mi=False kv_q=False
tinker_cookbook.rl.ensemble:1270 [[92mINFO[0m]     [gen/p1] step=2048/22227 active=8/8 mi_stopped=0
tinker_cookbook.rl.ensemble:1270 [[92mINFO[0m]     [gen/p1] step=4096/22227 active=8/8 mi_stopped=0
tinker_cookbook.rl.ensemble:1270 [[92mINFO[0m]     [gen/p1] step=6144/22227 active=8/8 mi_stopped=0
tinker_cookbook.rl.ensemble:1270 [[92mINFO[0m]     [gen/p1] step=8192/22227 active=8/8 mi_stopped=0
tinker_cookbook.rl.ensemble:1270 [[92mINFO[0m]     [gen/p1] step=10240/22227 active=8/8 mi_stopped=0
tinker_cookbook.rl.ensemble:1270 [[92mINFO[0m]     [gen/p1] step=12288/22227 active=8/8 mi_stopped=0
tinker_cookbook.rl.ensemble:1270 [[92mINFO[0m]     [gen/p1] step=14336/22227 active=8/8 mi_stopped=0
tinker_cookbook.rl.ensemble:1270 [[92mINFO[0m]     [gen/p1] step=16384/22227 active=5/8 mi_stopped=0
tinker_cookbook.rl.ensemble:1270 [[92mINFO[0m]     [gen/p1] step=18432/22227 active=4/8 mi_stopped=0
tinker_cookbook.rl.ensemble:1270 [[92mINFO[0m]     [gen/p1] step=20480/22227 active=3/8 mi_stopped=0
__main__:1078 [[92mINFO[0m]   Group 4: multi-adapter generation 8 seqs in 4220.9s
[36m(run_cases_remote pid=973036)[0m [2026-07-30 17:04:55,634 E 973036 973184] core_worker_process.cc:825: Failed to establish connection to the metrics exporter agent. Metrics will not be exported. Exporter agent status: RpcError: Running out of retries to initialize the metrics agent. rpc_code: 14
[36m(run_cases_remote pid=973038)[0m [2026-07-30 17:04:55,636 E 973038 973233] core_worker_process.cc:825: Failed to establish connection to the metrics exporter agent. Metrics will not be exported. Exporter agent status: RpcError: Running out of retries to initialize the metrics agent. rpc_code: 14
[36m(run_cases_remote pid=973040)[0m [2026-07-30 17:04:55,643 E 973040 973306] core_worker_process.cc:825: Failed to establish connection to the metrics exporter agent. Metrics will not be exported. Exporter agent status: RpcError: Running out of retries to initialize the metrics agent. rpc_code: 14
[36m(run_cases_remote pid=973041)[0m [2026-07-30 17:04:55,645 E 973041 973373] core_worker_process.cc:825: Failed to establish connection to the metrics exporter agent. Metrics will not be exported. Exporter agent status: RpcError: Running out of retries to initialize the metrics agent. rpc_code: 14
[36m(run_single_case_remote pid=973886)[0m [2026-07-30 17:04:58,289 E 973886 973953] core_worker_process.cc:825: Failed to establish connection to the metrics exporter agent. Metrics will not be exported. Exporter agent status: RpcError: Running out of retries to initialize the metrics agent. rpc_code: 14
[36m(run_single_case_remote pid=973980)[0m [2026-07-30 17:04:58,840 E 973980 974026] core_worker_process.cc:825: Failed to establish connection to the metrics exporter agent. Metrics will not be exported. Exporter agent status: RpcError: Running out of retries to initialize the metrics agent. rpc_code: 14
[36m(run_single_case_remote pid=974200)[0m [2026-07-30 17:05:01,202 E 974200 974243] core_worker_process.cc:825: Failed to establish connection to the metrics exporter agent. Metrics will not be exported. Exporter agent status: RpcError: Running out of retries to initialize the metrics agent. rpc_code: 14
[36m(run_cases_remote pid=973038)[0m 2026-07-30 17:05:58,947 - WARNING - [GEN 014dd086] [RUN_CASES] Slow evaluation: 91.1s for 150 cases (avg 0.61s/case)
__main__:1096 [[92mINFO[0m]   Group 4: batched ensemble scoring in 102.0s
[36m(run_cases_remote pid=973040)[0m 2026-07-30 17:06:44,412 - WARNING - [GEN 5fc6014f] [RUN_CASES] Slow evaluation: 136.5s for 150 cases (avg 0.91s/case)
[36m(run_cases_remote pid=973043)[0m 2026-07-30 17:07:51,229 - WARNING - [GEN 8142645e] [RUN_CASES] Slow evaluation: 203.3s for 150 cases (avg 1.36s/case)
[36m(run_cases_remote pid=973036)[0m 2026-07-30 17:09:32,804 - WARNING - [GEN ba25e02f] [RUN_CASES] Early stop: Case 115 failed with TIME_LIMIT_EXCEEDED. Message: Time limit exceeded: CPU time exceeded: 2.330s > 2.0s
[36m(run_cases_remote pid=973036)[0m 2026-07-30 17:09:32,805 - WARNING - [GEN ba25e02f] [RUN_CASES] Slow evaluation: 304.8s for 150 cases (avg 2.03s/case)
__main__:1108 [[92mINFO[0m]   Group 4: rewards computed in 342.2s
[36m(run_cases_remote pid=973041)[0m 2026-07-30 17:10:07,055 - WARNING - [GEN d4b4caae] [RUN_CASES] Slow evaluation: 339.2s for 150 cases (avg 2.26s/case)
__main__:1150 [[92mINFO[0m]     [g4][r1/8] adapter=1 R_exec=0.0000 true_MI=0.01415 RMI=0.0141 R_total=0.0014 correct=0 tokens=21251
__main__:1150 [[92mINFO[0m]     [g4][r2/8] adapter=2 R_exec=0.0000 true_MI=0.01337 RMI=0.0134 R_total=0.0013 correct=0 tokens=15755
__main__:1150 [[92mINFO[0m]     [g4][r3/8] adapter=3 R_exec=0.0000 true_MI=0.01427 RMI=0.0143 R_total=0.0014 correct=0 tokens=15203
__main__:1150 [[92mINFO[0m]     [g4][r4/8] adapter=4 R_exec=0.0000 true_MI=0.01145 RMI=0.0114 R_total=0.0011 correct=0 tokens=26526 p1=22227 p2=4277
__main__:1150 [[92mINFO[0m]     [g4][r5/8] adapter=0 R_exec=1.1893 true_MI=0.01337 RMI=0.0134 R_total=1.1906 correct=1 tokens=15849
__main__:1150 [[92mINFO[0m]     [g4][r6/8] adapter=1 R_exec=1.1893 true_MI=0.01221 RMI=0.0122 R_total=1.1905 correct=1 tokens=24810 p1=22227 p2=2561
__main__:1150 [[92mINFO[0m]     [g4][r7/8] adapter=2 R_exec=1.1893 true_MI=0.01325 RMI=0.0132 R_total=1.1906 correct=1 tokens=20334
__main__:1150 [[92mINFO[0m]     [g4][r8/8] adapter=3 R_exec=1.1893 true_MI=0.01383 RMI=0.0138 R_total=1.1907 correct=1 tokens=16944
__main__:1167 [[92mINFO[0m]   [g4] group true_MI: mean=0.01324 std=0.00097 max=0.01427 normalized=[1.07 1.01 1.08 0.86 1.01 0.92 1.00 1.04]
tinker_cookbook.utils.ml_log:143 [[92mINFO[0m] Wrote metrics to logs/aws/wave4/ahc039-ugttt/metrics.jsonl
tinker_cookbook.utils.ml_log:240 [[92mINFO[0m] Logging to: https://wandb.ai/kriaz-msee20seecs-nust/ugttt-rebuttal/runs/1r8hc8kt
tinker_cookbook.utils.ml_log:143 [[92mINFO[0m] Wrote metrics to logs/aws/wave4/ahc039-ugttt/metrics.jsonl
tinker_cookbook.utils.ml_log:240 [[92mINFO[0m] Logging to: https://wandb.ai/kriaz-msee20seecs-nust/ugttt-rebuttal/runs/1r8hc8kt
tinker_cookbook.utils.ml_log:143 [[92mINFO[0m] Wrote metrics to logs/aws/wave4/ahc039-ugttt/metrics.jsonl
tinker_cookbook.utils.ml_log:240 [[92mINFO[0m] Logging to: https://wandb.ai/kriaz-msee20seecs-nust/ugttt-rebuttal/runs/1r8hc8kt
tinker_cookbook.utils.ml_log:143 [[92mINFO[0m] Wrote metrics to logs/aws/wave4/ahc039-ugttt/metrics.jsonl
tinker_cookbook.utils.ml_log:240 [[92mINFO[0m] Logging to: https://wandb.ai/kriaz-msee20seecs-nust/ugttt-rebuttal/runs/1r8hc8kt
tinker_cookbook.utils.ml_log:143 [[92mINFO[0m] Wrote metrics to logs/aws/wave4/ahc039-ugttt/metrics.jsonl
tinker_cookbook.utils.ml_log:240 [[92mINFO[0m] Logging to: https://wandb.ai/kriaz-msee20seecs-nust/ugttt-rebuttal/runs/1r8hc8kt
tinker_cookbook.utils.ml_log:143 [[92mINFO[0m] Wrote metrics to logs/aws/wave4/ahc039-ugttt/metrics.jsonl
tinker_cookbook.utils.ml_log:240 [[92mINFO[0m] Logging to: https://wandb.ai/kriaz-msee20seecs-nust/ugttt-rebuttal/runs/1r8hc8kt
tinker_cookbook.utils.ml_log:143 [[92mINFO[0m] Wrote metrics to logs/aws/wave4/ahc039-ugttt/metrics.jsonl
tinker_cookbook.utils.ml_log:240 [[92mINFO[0m] Logging to: https://wandb.ai/kriaz-msee20seecs-nust/ugttt-rebuttal/runs/1r8hc8kt
tinker_cookbook.utils.ml_log:143 [[92mINFO[0m] Wrote metrics to logs/aws/wave4/ahc039-ugttt/metrics.jsonl
tinker_cookbook.utils.ml_log:240 [[92mINFO[0m] Logging to: https://wandb.ai/kriaz-msee20seecs-nust/ugttt-rebuttal/runs/1r8hc8kt
__main__:1949 [[92mINFO[0m]   [2][5/8] KEPT | R_exec=0.5946 (max=1.1893) RMI=0.0132 R_total=0.5960 | 4563.2s | GPU: 18.2/19.1GB
tinker_cookbook.utils.ml_log:143 [[92mINFO[0m] Wrote metrics to logs/aws/wave4/ahc039-ugttt/metrics.jsonl
tinker_cookbook.utils.ml_log:240 [[92mINFO[0m] Logging to: https://wandb.ai/kriaz-msee20seecs-nust/ugttt-rebuttal/runs/1r8hc8kt
tinker_cookbook.rl.ensemble:1082 [[92mINFO[0m]   generate_batch_multi_adapter_two_phase: N=8 phase1_max=26000 streaming_mi=False kv_q=False
tinker_cookbook.rl.ensemble:1270 [[92mINFO[0m]     [gen/p1] step=2048/22387 active=8/8 mi_stopped=0
tinker_cookbook.rl.ensemble:1270 [[92mINFO[0m]     [gen/p1] step=4096/22387 active=8/8 mi_stopped=0
tinker_cookbook.rl.ensemble:1270 [[92mINFO[0m]     [gen/p1] step=6144/22387 active=8/8 mi_stopped=0
tinker_cookbook.rl.ensemble:1270 [[92mINFO[0m]     [gen/p1] step=8192/22387 active=8/8 mi_stopped=0
tinker_cookbook.rl.ensemble:1270 [[92mINFO[0m]     [gen/p1] step=10240/22387 active=8/8 mi_stopped=0
tinker_cookbook.rl.ensemble:1270 [[92mINFO[0m]     [gen/p1] step=12288/22387 active=8/8 mi_stopped=0
tinker_cookbook.rl.ensemble:1270 [[92mINFO[0m]     [gen/p1] step=14336/22387 active=7/8 mi_stopped=0
tinker_cookbook.rl.ensemble:1270 [[92mINFO[0m]     [gen/p1] step=16384/22387 active=6/8 mi_stopped=0
tinker_cookbook.rl.ensemble:1270 [[92mINFO[0m]     [gen/p1] step=18432/22387 active=3/8 mi_stopped=0
__main__:1078 [[92mINFO[0m]   Group 5: multi-adapter generation 8 seqs in 2594.8s
[36m(run_cases_remote pid=991727)[0m [2026-07-30 17:53:52,305 E 991727 991855] core_worker_process.cc:825: Failed to establish connection to the metrics exporter agent. Metrics will not be exported. Exporter agent status: RpcError: Running out of retries to initialize the metrics agent. rpc_code: 14
[36m(run_cases_remote pid=991729)[0m [2026-07-30 17:53:52,307 E 991729 991924] core_worker_process.cc:825: Failed to establish connection to the metrics exporter agent. Metrics will not be exported. Exporter agent status: RpcError: Running out of retries to initialize the metrics agent. rpc_code: 14
[36m(run_cases_remote pid=991730)[0m [2026-07-30 17:53:52,315 E 991730 991992] core_worker_process.cc:825: Failed to establish connection to the metrics exporter agent. Metrics will not be exported. Exporter agent status: RpcError: Running out of retries to initialize the metrics agent. rpc_code: 14
[36m(run_cases_remote pid=991728)[0m [2026-07-30 17:53:52,354 E 991728 992136] core_worker_process.cc:825: Failed to establish connection to the metrics exporter agent. Metrics will not be exported. Exporter agent status: RpcError: Running out of retries to initialize the metrics agent. rpc_code: 14
[36m(run_single_case_remote pid=992427)[0m [2026-07-30 17:53:54,883 E 992427 992644] core_worker_process.cc:825: Failed to establish connection to the metrics exporter agent. Metrics will not be exported. Exporter agent status: RpcError: Running out of retries to initialize the metrics agent. rpc_code: 14
[36m(run_single_case_remote pid=992910)[0m [2026-07-30 17:53:58,090 E 992910 992961] core_worker_process.cc:825: Failed to establish connection to the metrics exporter agent. Metrics will not be exported. Exporter agent status: RpcError: Running out of retries to initialize the metrics agent. rpc_code: 14
__main__:1096 [[92mINFO[0m]   Group 5: batched ensemble scoring in 89.9s
[36m(run_cases_remote pid=991731)[0m 2026-07-30 17:55:31,994 - WARNING - [GEN e5244d61] [RUN_CASES] Early stop: Case 69 failed with TIME_LIMIT_EXCEEDED. Message: Time limit exceeded: CPU limit exceeded (prlimit killed process)
[36m(run_cases_remote pid=991731)[0m 2026-07-30 17:55:31,995 - WARNING - [GEN e5244d61] [RUN_CASES] Slow evaluation: 127.3s for 150 cases (avg 0.85s/case)
[36m(run_cases_remote pid=991730)[0m 2026-07-30 17:56:22,944 - WARNING - [GEN fbe93b19] [RUN_CASES] Slow evaluation: 178.3s for 150 cases (avg 1.19s/case)
[36m(run_cases_remote pid=991728)[0m 2026-07-30 17:57:29,141 - WARNING - [GEN 5126958f] [RUN_CASES] Slow evaluation: 244.5s for 150 cases (avg 1.63s/case)
[36m(run_cases_remote pid=991729)[0m 2026-07-30 17:58:08,824 - WARNING - [GEN 413cd4bd] [RUN_CASES] Slow evaluation: 283.9s for 150 cases (avg 1.89s/case)
__main__:1108 [[92mINFO[0m]   Group 5: rewards computed in 343.7s
__main__:1150 [[92mINFO[0m]     [g5][r1/8] adapter=1 R_exec=0.0000 true_MI=0.01231 RMI=0.0123 R_total=0.0012 correct=0 tokens=19349
__main__:1150 [[92mINFO[0m]     [g5][r2/8] adapter=2 R_exec=0.0000 true_MI=0.01243 RMI=0.0124 R_total=0.0012 correct=0 tokens=17903
__main__:1150 [[92mINFO[0m]     [g5][r3/8] adapter=3 R_exec=1.1893 true_MI=0.01342 RMI=0.0134 R_total=1.1906 correct=1 tokens=18798
__main__:1150 [[92mINFO[0m]     [g5][r4/8] adapter=4 R_exec=0.0000 true_MI=0.01281 RMI=0.0128 R_total=0.0013 correct=0 tokens=17740
__main__:1150 [[92mINFO[0m]     [g5][r5/8] adapter=0 R_exec=1.0169 true_MI=0.01504 RMI=0.0150 R_total=1.0184 correct=1 tokens=13603
__main__:1150 [[92mINFO[0m]     [g5][r6/8] adapter=1 R_exec=1.1874 true_MI=0.01373 RMI=0.0137 R_total=1.1888 correct=1 tokens=16153
__main__:1150 [[92mINFO[0m]     [g5][r7/8] adapter=2 R_exec=1.1893 true_MI=0.01457 RMI=0.0146 R_total=1.1907 correct=1 tokens=18837
__main__:1150 [[92mINFO[0m]     [g5][r8/8] adapter=3 R_exec=1.1893 true_MI=0.01379 RMI=0.0138 R_total=1.1907 correct=1 tokens=17649
__main__:1167 [[92mINFO[0m]   [g5] group true_MI: mean=0.01351 std=0.00098 max=0.01504 normalized=[0.91 0.92 0.99 0.95 1.11 1.02 1.08 1.02]
[36m(run_cases_remote pid=991727)[0m 2026-07-30 17:59:05,613 - WARNING - [GEN 80887ba6] [RUN_CASES] Slow evaluation: 341.0s for 150 cases (avg 2.27s/case)
tinker_cookbook.utils.ml_log:143 [[92mINFO[0m] Wrote metrics to logs/aws/wave4/ahc039-ugttt/metrics.jsonl
tinker_cookbook.utils.ml_log:240 [[92mINFO[0m] Logging to: https://wandb.ai/kriaz-msee20seecs-nust/ugttt-rebuttal/runs/1r8hc8kt
tinker_cookbook.utils.ml_log:143 [[92mINFO[0m] Wrote metrics to logs/aws/wave4/ahc039-ugttt/metrics.jsonl
tinker_cookbook.utils.ml_log:240 [[92mINFO[0m] Logging to: https://wandb.ai/kriaz-msee20seecs-nust/ugttt-rebuttal/runs/1r8hc8kt
tinker_cookbook.utils.ml_log:143 [[92mINFO[0m] Wrote metrics to logs/aws/wave4/ahc039-ugttt/metrics.jsonl
tinker_cookbook.utils.ml_log:240 [[92mINFO[0m] Logging to: https://wandb.ai/kriaz-msee20seecs-nust/ugttt-rebuttal/runs/1r8hc8kt
tinker_cookbook.utils.ml_log:143 [[92mINFO[0m] Wrote metrics to logs/aws/wave4/ahc039-ugttt/metrics.jsonl
tinker_cookbook.utils.ml_log:240 [[92mINFO[0m] Logging to: https://wandb.ai/kriaz-msee20seecs-nust/ugttt-rebuttal/runs/1r8hc8kt
tinker_cookbook.utils.ml_log:143 [[92mINFO[0m] Wrote metrics to logs/aws/wave4/ahc039-ugttt/metrics.jsonl
tinker_cookbook.utils.ml_log:240 [[92mINFO[0m] Logging to: https://wandb.ai/kriaz-msee20seecs-nust/ugttt-rebuttal/runs/1r8hc8kt
tinker_cookbook.utils.ml_log:143 [[92mINFO[0m] Wrote metrics to logs/aws/wave4/ahc039-ugttt/metrics.jsonl
tinker_cookbook.utils.ml_log:240 [[92mINFO[0m] Logging to: https://wandb.ai/kriaz-msee20seecs-nust/ugttt-rebuttal/runs/1r8hc8kt
tinker_cookbook.utils.ml_log:143 [[92mINFO[0m] Wrote metrics to logs/aws/wave4/ahc039-ugttt/metrics.jsonl
tinker_cookbook.utils.ml_log:240 [[92mINFO[0m] Logging to: https://wandb.ai/kriaz-msee20seecs-nust/ugttt-rebuttal/runs/1r8hc8kt
tinker_cookbook.utils.ml_log:143 [[92mINFO[0m] Wrote metrics to logs/aws/wave4/ahc039-ugttt/metrics.jsonl
tinker_cookbook.utils.ml_log:240 [[92mINFO[0m] Logging to: https://wandb.ai/kriaz-msee20seecs-nust/ugttt-rebuttal/runs/1r8hc8kt
__main__:1949 [[92mINFO[0m]   [2][6/8] KEPT | R_exec=0.7215 (max=1.1893) RMI=0.0135 R_total=0.7229 | 2938.5s | GPU: 18.2/19.1GB
tinker_cookbook.utils.ml_log:143 [[92mINFO[0m] Wrote metrics to logs/aws/wave4/ahc039-ugttt/metrics.jsonl
tinker_cookbook.utils.ml_log:240 [[92mINFO[0m] Logging to: https://wandb.ai/kriaz-msee20seecs-nust/ugttt-rebuttal/runs/1r8hc8kt
tinker_cookbook.rl.ensemble:1082 [[92mINFO[0m]   generate_batch_multi_adapter_two_phase: N=8 phase1_max=26000 streaming_mi=False kv_q=False
tinker_cookbook.rl.ensemble:1270 [[92mINFO[0m]     [gen/p1] step=2048/22072 active=8/8 mi_stopped=0
tinker_cookbook.rl.ensemble:1270 [[92mINFO[0m]     [gen/p1] step=4096/22072 active=8/8 mi_stopped=0
tinker_cookbook.rl.ensemble:1270 [[92mINFO[0m]     [gen/p1] step=6144/22072 active=8/8 mi_stopped=0
tinker_cookbook.rl.ensemble:1270 [[92mINFO[0m]     [gen/p1] step=8192/22072 active=8/8 mi_stopped=0
tinker_cookbook.rl.ensemble:1270 [[92mINFO[0m]     [gen/p1] step=10240/22072 active=8/8 mi_stopped=0
tinker_cookbook.rl.ensemble:1270 [[92mINFO[0m]     [gen/p1] step=12288/22072 active=8/8 mi_stopped=0
tinker_cookbook.rl.ensemble:1270 [[92mINFO[0m]     [gen/p1] step=14336/22072 active=8/8 mi_stopped=0
tinker_cookbook.rl.ensemble:1270 [[92mINFO[0m]     [gen/p1] step=16384/22072 active=6/8 mi_stopped=0
tinker_cookbook.rl.ensemble:1270 [[92mINFO[0m]     [gen/p1] step=18432/22072 active=6/8 mi_stopped=0
tinker_cookbook.rl.ensemble:1270 [[92mINFO[0m]     [gen/p1] step=20480/22072 active=2/8 mi_stopped=0
__main__:1078 [[92mINFO[0m]   Group 6: multi-adapter generation 8 seqs in 3306.9s
[36m(run_single_case_remote pid=1004191)[0m 2026-07-30 18:54:17,090 - ERROR - Command failed with exit code 1: wrong answer: Out of range: 15728
[36m(run_single_case_remote pid=1004191)[0m 
[36m(run_single_case_remote pid=1004191)[0m 2026-07-30 18:54:17,211 - ERROR - Command failed with exit code 1: wrong answer: Out of range: 19720
[36m(run_single_case_remote pid=1004191)[0m 
[36m(run_single_case_remote pid=1004191)[0m 2026-07-30 18:54:17,313 - ERROR - Command failed with exit code 1: wrong answer: Out of range: 19904
[36m(run_single_case_remote pid=1004191)[0m 
[36m(run_single_case_remote pid=1004191)[0m 2026-07-30 18:54:17,412 - ERROR - Command failed with exit code 1: wrong answer: Out of range: 20000
[36m(run_single_case_remote pid=1004191)[0m 
[36m(run_single_case_remote pid=1004191)[0m 2026-07-30 18:54:17,508 - ERROR - Command failed with exit code 1: wrong answer: Out of range: 19864
[36m(run_single_case_remote pid=1004191)[0m 
[36m(run_single_case_remote pid=1004190)[0m 2026-07-30 18:54:17,645 - ERROR - Command failed with exit code 1: wrong answer: Out of range: 11444
[36m(run_single_case_remote pid=1004190)[0m 
[36m(run_single_case_remote pid=1004190)[0m 2026-07-30 18:54:17,745 - ERROR - Command failed with exit code 1: wrong answer: Out of range: 19744
[36m(run_single_case_remote pid=1004190)[0m 
[36m(run_single_case_remote pid=1004190)[0m 2026-07-30 18:54:17,853 - ERROR - Command failed with exit code 1: wrong answer: Out of range: 20004
[36m(run_single_case_remote pid=1004190)[0m 
[36m(run_single_case_remote pid=1004190)[0m 2026-07-30 18:54:17,981 - ERROR - Command failed with exit code 1: wrong answer: Out of range: 19992
[36m(run_single_case_remote pid=1004190)[0m 
[36m(run_single_case_remote pid=1004190)[0m 2026-07-30 18:54:18,100 - ERROR - Command failed with exit code 1: wrong answer: Out of range: 19756
[36m(run_single_case_remote pid=1004190)[0m 
[36m(run_single_case_remote pid=1004190)[0m 2026-07-30 18:54:18,224 - ERROR - Command failed with exit code 1: wrong answer: Out of range: 19584
[36m(run_single_case_remote pid=1004190)[0m 
[36m(run_single_case_remote pid=1004191)[0m 2026-07-30 18:54:18,223 - ERROR - Command failed with exit code 1: wrong answer: Out of range: 20004
[36m(run_single_case_remote pid=1004191)[0m 
[36m(run_single_case_remote pid=1004190)[0m 2026-07-30 18:54:18,329 - ERROR - Command failed with exit code 1: wrong answer: Out of range: 20000
[36m(run_single_case_remote pid=1004190)[0m 
[36m(run_single_case_remote pid=1004191)[0m 2026-07-30 18:54:18,328 - ERROR - Command failed with exit code 1: wrong answer: Out of range: 19908
[36m(run_single_case_remote pid=1004191)[0m 
[36m(run_single_case_remote pid=1004190)[0m 2026-07-30 18:54:18,450 - ERROR - Command failed with exit code 1: wrong answer: Out of range: 19976
[36m(run_single_case_remote pid=1004190)[0m 
[36m(run_single_case_remote pid=1004190)[0m 2026-07-30 18:54:18,561 - ERROR - Command failed with exit code 1: wrong answer: Out of range: 19996
[36m(run_single_case_remote pid=1004190)[0m 
[36m(run_single_case_remote pid=1004190)[0m 2026-07-30 18:54:18,674 - ERROR - Command failed with exit code 1: wrong answer: Out of range: 19952
[36m(run_single_case_remote pid=1004190)[0m 
[36m(run_single_case_remote pid=1004190)[0m 2026-07-30 18:54:18,789 - ERROR - Command failed with exit code 1: wrong answer: Out of range: 19984
[36m(run_single_case_remote pid=1004190)[0m 
[36m(run_single_case_remote pid=1004190)[0m 2026-07-30 18:54:18,873 - ERROR - Command failed with exit code 1: wrong answer: Out of range: 13176
[36m(run_single_case_remote pid=1004190)[0m 
[36m(run_single_case_remote pid=1004190)[0m 2026-07-30 18:54:18,982 - ERROR - Command failed with exit code 1: wrong answer: Out of range: 19400
[36m(run_single_case_remote pid=1004190)[0m 
[36m(run_single_case_remote pid=1004190)[0m 2026-07-30 18:54:19,096 - ERROR - Command failed with exit code 1: wrong answer: Out of range: 19612
[36m(run_single_case_remote pid=1004190)[0m 
[36m(run_single_case_remote pid=1004190)[0m 2026-07-30 18:54:19,206 - ERROR - Command failed with exit code 1: wrong answer: Out of range: 19876
[36m(run_single_case_remote pid=1004190)[0m 
[36m(run_single_case_remote pid=1004190)[0m 2026-07-30 18:54:19,318 - ERROR - Command failed with exit code 1: wrong answer: Out of range: 19996
[36m(run_single_case_remote pid=1004190)[0m 
[36m(run_single_case_remote pid=1004764)[0m 2026-07-30 18:54:19,328 - ERROR - Command failed with exit code 1: wrong answer: Out of range: 17780
[36m(run_single_case_remote pid=1004764)[0m 
[36m(run_single_case_remote pid=1004190)[0m 2026-07-30 18:54:19,417 - ERROR - Command failed with exit code 1: wrong answer: Out of range: 19888
[36m(run_single_case_remote pid=1004190)[0m 
[36m(run_single_case_remote pid=1004764)[0m 2026-07-30 18:54:19,453 - ERROR - Command failed with exit code 1: wrong answer: Out of range: 18884
[36m(run_single_case_remote pid=1004764)[0m 
[36m(run_single_case_remote pid=1004190)[0m 2026-07-30 18:54:19,542 - ERROR - Command failed with exit code 1: wrong answer: Out of range: 19976
[36m(run_single_case_remote pid=1004190)[0m 
[36m(run_single_case_remote pid=1004764)[0m 2026-07-30 18:54:19,564 - ERROR - Command failed with exit code 1: wrong answer: Out of range: 19892
[36m(run_single_case_remote pid=1004764)[0m 
[36m(run_single_case_remote pid=1004190)[0m 2026-07-30 18:54:19,649 - ERROR - Command failed with exit code 1: wrong answer: Out of range: 20004
[36m(run_single_case_remote pid=1004190)[0m 
[36m(run_single_case_remote pid=1004190)[0m 2026-07-30 18:54:19,753 - ERROR - Command failed with exit code 1: wrong answer: Out of range: 19060
[36m(run_single_case_remote pid=1004190)[0m 
[36m(run_single_case_remote pid=1004190)[0m 2026-07-30 18:54:19,860 - ERROR - Command failed with exit code 1: wrong answer: Out of range: 19724
[36m(run_single_case_remote pid=1004190)[0m 
[36m(run_single_case_remote pid=1004190)[0m 2026-07-30 18:54:19,950 - ERROR - Command failed with exit code 1: wrong answer: Out of range: 19656
[36m(run_single_case_remote pid=1004190)[0m 
[36m(run_single_case_remote pid=1004764)[0m 2026-07-30 18:54:19,922 - ERROR - Command failed with exit code 1: wrong answer: Out of range: 19772
[36m(run_single_case_remote pid=1004764)[0m 
[36m(run_single_case_remote pid=1004190)[0m 2026-07-30 18:54:20,062 - ERROR - Command failed with exit code 1: wrong answer: Out of range: 19940
[36m(run_single_case_remote pid=1004190)[0m 
[36m(run_cases_remote pid=1003506)[0m 2026-07-30 18:54:20,161 - WARNING - [GEN b03cc8c8] [RUN_CASES] Early stop: Case 42 failed with WRONG_ANSWER. Message: Wrong answer.
[36m(run_cases_remote pid=1003506)[0m Standard error:
[36m(run_cases_remote pid=1003506)[0m wrong answer: Out of range: 20004
[36m(run_cases_remote pid=1003503)[0m [2026-07-30 18:54:42,937 E 1003503 1003604] core_worker_process.cc:825: Failed to establish connection to the metrics exporter agent. Metrics will not be exported. Exporter agent status: RpcError: Running out of retries to initialize the metrics agent. rpc_code: 14
[36m(run_cases_remote pid=1003504)[0m [2026-07-30 18:54:42,995 E 1003504 1003914] core_worker_process.cc:825: Failed to establish connection to the metrics exporter agent. Metrics will not be exported. Exporter agent status: RpcError: Running out of retries to initialize the metrics agent. rpc_code: 14
[36m(run_cases_remote pid=1003508)[0m [2026-07-30 18:54:42,999 E 1003508 1003939] core_worker_process.cc:825: Failed to establish connection to the metrics exporter agent. Metrics will not be exported. Exporter agent status: RpcError: Running out of retries to initialize the metrics agent. rpc_code: 14
[36m(run_single_case_remote pid=1004190)[0m [2026-07-30 18:54:45,418 E 1004190 1004426] core_worker_process.cc:825: Failed to establish connection to the metrics exporter agent. Metrics will not be exported. Exporter agent status: RpcError: Running out of retries to initialize the metrics agent. rpc_code: 14
[36m(run_single_case_remote pid=1004764)[0m [2026-07-30 18:54:48,559 E 1004764 1004824] core_worker_process.cc:825: Failed to establish connection to the metrics exporter agent. Metrics will not be exported. Exporter agent status: RpcError: Running out of retries to initialize the metrics agent. rpc_code: 14
__main__:1096 [[92mINFO[0m]   Group 6: batched ensemble scoring in 97.9s
[36m(run_cases_remote pid=1003508)[0m 2026-07-30 18:56:09,555 - WARNING - [GEN 4416342e] [RUN_CASES] Slow evaluation: 114.3s for 150 cases (avg 0.76s/case)
[36m(run_cases_remote pid=1003504)[0m 2026-07-30 18:56:29,287 - WARNING - [GEN 99e324bd] [RUN_CASES] Slow evaluation: 134.0s for 150 cases (avg 0.89s/case)
[36m(run_cases_remote pid=1003510)[0m 2026-07-30 18:57:48,334 - WARNING - [GEN 493c7a68] [RUN_CASES] Slow evaluation: 213.1s for 150 cases (avg 1.42s/case)
[36m(run_cases_remote pid=1003507)[0m 2026-07-30 18:58:08,507 - WARNING - [GEN c38e5b35] [RUN_CASES] Early stop: Case 59 failed with TIME_LIMIT_EXCEEDED. Message: Time limit exceeded: CPU time exceeded: 2.030s > 2.0s
[36m(run_cases_remote pid=1003507)[0m 2026-07-30 18:58:08,508 - WARNING - [GEN c38e5b35] [RUN_CASES] Slow evaluation: 233.4s for 150 cases (avg 1.56s/case)
__main__:1108 [[92mINFO[0m]   Group 6: rewards computed in 238.1s
__main__:1150 [[92mINFO[0m]     [g6][r1/8] adapter=1 R_exec=0.0776 true_MI=0.01241 RMI=0.0124 R_total=0.0789 correct=1 tokens=20684
__main__:1150 [[92mINFO[0m]     [g6][r2/8] adapter=2 R_exec=1.1893 true_MI=0.01177 RMI=0.0118 R_total=1.1905 correct=1 tokens=18522
__main__:1150 [[92mINFO[0m]     [g6][r3/8] adapter=3 R_exec=1.1893 true_MI=0.01324 RMI=0.0132 R_total=1.1906 correct=1 tokens=18674
__main__:1150 [[92mINFO[0m]     [g6][r4/8] adapter=4 R_exec=0.0000 true_MI=0.01161 RMI=0.0116 R_total=0.0012 correct=0 tokens=22544 p1=22072 p2=450
__main__:1150 [[92mINFO[0m]     [g6][r5/8] adapter=0 R_exec=1.0162 true_MI=0.01317 RMI=0.0132 R_total=1.0175 correct=1 tokens=15701
__main__:1150 [[92mINFO[0m]     [g6][r6/8] adapter=1 R_exec=0.0000 true_MI=0.01168 RMI=0.0117 R_total=0.0012 correct=0 tokens=19236
__main__:1150 [[92mINFO[0m]     [g6][r7/8] adapter=2 R_exec=0.0000 true_MI=0.01347 RMI=0.0135 R_total=0.0013 correct=0 tokens=14871
__main__:1150 [[92mINFO[0m]     [g6][r8/8] adapter=3 R_exec=0.0000 true_MI=0.01231 RMI=0.0123 R_total=0.0012 correct=0 tokens=19572
__main__:1167 [[92mINFO[0m]   [g6] group true_MI: mean=0.01246 std=0.00075 max=0.01347 normalized=[1.00 0.94 1.06 0.93 1.06 0.94 1.08 0.99]
tinker_cookbook.utils.ml_log:143 [[92mINFO[0m] Wrote metrics to logs/aws/wave4/ahc039-ugttt/metrics.jsonl
tinker_cookbook.utils.ml_log:240 [[92mINFO[0m] Logging to: https://wandb.ai/kriaz-msee20seecs-nust/ugttt-rebuttal/runs/1r8hc8kt
tinker_cookbook.utils.ml_log:143 [[92mINFO[0m] Wrote metrics to logs/aws/wave4/ahc039-ugttt/metrics.jsonl
tinker_cookbook.utils.ml_log:240 [[92mINFO[0m] Logging to: https://wandb.ai/kriaz-msee20seecs-nust/ugttt-rebuttal/runs/1r8hc8kt
tinker_cookbook.utils.ml_log:143 [[92mINFO[0m] Wrote metrics to logs/aws/wave4/ahc039-ugttt/metrics.jsonl
tinker_cookbook.utils.ml_log:240 [[92mINFO[0m] Logging to: https://wandb.ai/kriaz-msee20seecs-nust/ugttt-rebuttal/runs/1r8hc8kt
tinker_cookbook.utils.ml_log:143 [[92mINFO[0m] Wrote metrics to logs/aws/wave4/ahc039-ugttt/metrics.jsonl
tinker_cookbook.utils.ml_log:240 [[92mINFO[0m] Logging to: https://wandb.ai/kriaz-msee20seecs-nust/ugttt-rebuttal/runs/1r8hc8kt
tinker_cookbook.utils.ml_log:143 [[92mINFO[0m] Wrote metrics to logs/aws/wave4/ahc039-ugttt/metrics.jsonl
tinker_cookbook.utils.ml_log:240 [[92mINFO[0m] Logging to: https://wandb.ai/kriaz-msee20seecs-nust/ugttt-rebuttal/runs/1r8hc8kt
tinker_cookbook.utils.ml_log:143 [[92mINFO[0m] Wrote metrics to logs/aws/wave4/ahc039-ugttt/metrics.jsonl
tinker_cookbook.utils.ml_log:240 [[92mINFO[0m] Logging to: https://wandb.ai/kriaz-msee20seecs-nust/ugttt-rebuttal/runs/1r8hc8kt
tinker_cookbook.utils.ml_log:143 [[92mINFO[0m] Wrote metrics to logs/aws/wave4/ahc039-ugttt/metrics.jsonl
tinker_cookbook.utils.ml_log:240 [[92mINFO[0m] Logging to: https://wandb.ai/kriaz-msee20seecs-nust/ugttt-rebuttal/runs/1r8hc8kt
tinker_cookbook.utils.ml_log:143 [[92mINFO[0m] Wrote metrics to logs/aws/wave4/ahc039-ugttt/metrics.jsonl
tinker_cookbook.utils.ml_log:240 [[92mINFO[0m] Logging to: https://wandb.ai/kriaz-msee20seecs-nust/ugttt-rebuttal/runs/1r8hc8kt
__main__:1949 [[92mINFO[0m]   [2][7/8] KEPT | R_exec=0.4341 (max=1.1893) RMI=0.0125 R_total=0.4353 | 3545.1s | GPU: 18.2/19.2GB
tinker_cookbook.utils.ml_log:143 [[92mINFO[0m] Wrote metrics to logs/aws/wave4/ahc039-ugttt/metrics.jsonl
tinker_cookbook.utils.ml_log:240 [[92mINFO[0m] Logging to: https://wandb.ai/kriaz-msee20seecs-nust/ugttt-rebuttal/runs/1r8hc8kt
tinker_cookbook.rl.ensemble:1082 [[92mINFO[0m]   generate_batch_multi_adapter_two_phase: N=8 phase1_max=26000 streaming_mi=False kv_q=False
[36m(run_cases_remote pid=1003503)[0m 2026-07-30 18:58:10,670 - WARNING - [GEN b15c047f] [RUN_CASES] Slow evaluation: 235.3s for 150 cases (avg 1.57s/case)
tinker_cookbook.rl.ensemble:1270 [[92mINFO[0m]     [gen/p1] step=2048/23408 active=8/8 mi_stopped=0
tinker_cookbook.rl.ensemble:1270 [[92mINFO[0m]     [gen/p1] step=4096/23408 active=8/8 mi_stopped=0
tinker_cookbook.rl.ensemble:1270 [[92mINFO[0m]     [gen/p1] step=6144/23408 active=8/8 mi_stopped=0
tinker_cookbook.rl.ensemble:1270 [[92mINFO[0m]     [gen/p1] step=8192/23408 active=8/8 mi_stopped=0
tinker_cookbook.rl.ensemble:1270 [[92mINFO[0m]     [gen/p1] step=10240/23408 active=8/8 mi_stopped=0
tinker_cookbook.rl.ensemble:1270 [[92mINFO[0m]     [gen/p1] step=12288/23408 active=8/8 mi_stopped=0
tinker_cookbook.rl.ensemble:1270 [[92mINFO[0m]     [gen/p1] step=14336/23408 active=7/8 mi_stopped=0
tinker_cookbook.rl.ensemble:1270 [[92mINFO[0m]     [gen/p1] step=16384/23408 active=5/8 mi_stopped=0
tinker_cookbook.rl.ensemble:1270 [[92mINFO[0m]     [gen/p1] step=18432/23408 active=1/8 mi_stopped=0
__main__:1078 [[92mINFO[0m]   Group 7: multi-adapter generation 8 seqs in 2351.3s
[36m(run_cases_remote pid=1020812)[0m [2026-07-30 19:37:52,346 E 1020812 1021037] core_worker_process.cc:825: Failed to establish connection to the metrics exporter agent. Metrics will not be exported. Exporter agent status: RpcError: Running out of retries to initialize the metrics agent. rpc_code: 14
[36m(run_cases_remote pid=1020811)[0m [2026-07-30 19:37:52,341 E 1020811 1020915] core_worker_process.cc:825: Failed to establish connection to the metrics exporter agent. Metrics will not be exported. Exporter agent status: RpcError: Running out of retries to initialize the metrics agent. rpc_code: 14
[36m(run_cases_remote pid=1020817)[0m [2026-07-30 19:37:52,360 E 1020817 1021188] core_worker_process.cc:825: Failed to establish connection to the metrics exporter agent. Metrics will not be exported. Exporter agent status: RpcError: Running out of retries to initialize the metrics agent. rpc_code: 14
[36m(run_cases_remote pid=1020815)[0m [2026-07-30 19:37:52,353 E 1020815 1021129] core_worker_process.cc:825: Failed to establish connection to the metrics exporter agent. Metrics will not be exported. Exporter agent status: RpcError: Running out of retries to initialize the metrics agent. rpc_code: 14
[36m(run_cases_remote pid=1020814)[0m [2026-07-30 19:37:52,404 E 1020814 1021251] core_worker_process.cc:825: Failed to establish connection to the metrics exporter agent. Metrics will not be exported. Exporter agent status: RpcError: Running out of retries to initialize the metrics agent. rpc_code: 14
[36m(run_single_case_remote pid=1021450)[0m [2026-07-30 19:37:54,843 E 1021450 1021688] core_worker_process.cc:825: Failed to establish connection to the metrics exporter agent. Metrics will not be exported. Exporter agent status: RpcError: Running out of retries to initialize the metrics agent. rpc_code: 14
[36m(run_single_case_remote pid=1021978)[0m [2026-07-30 19:37:58,019 E 1021978 1022021] core_worker_process.cc:825: Failed to establish connection to the metrics exporter agent. Metrics will not be exported. Exporter agent status: RpcError: Running out of retries to initialize the metrics agent. rpc_code: 14
__main__:1096 [[92mINFO[0m]   Group 7: batched ensemble scoring in 80.2s
[36m(run_cases_remote pid=1020815)[0m 2026-07-30 19:38:54,399 - WARNING - [GEN 97b06c96] [RUN_CASES] Slow evaluation: 89.7s for 150 cases (avg 0.60s/case)
[36m(run_cases_remote pid=1020811)[0m 2026-07-30 19:39:37,298 - WARNING - [GEN 536eb95a] [RUN_CASES] Slow evaluation: 132.7s for 150 cases (avg 0.88s/case)
[36m(run_cases_remote pid=1020813)[0m 2026-07-30 19:40:06,933 - WARNING - [GEN b764f308] [RUN_CASES] Early stop: Case 42 failed with TIME_LIMIT_EXCEEDED. Message: Time limit exceeded: CPU time exceeded: 2.560s > 2.0s
[36m(run_cases_remote pid=1020813)[0m 2026-07-30 19:40:06,934 - WARNING - [GEN b764f308] [RUN_CASES] Slow evaluation: 162.3s for 150 cases (avg 1.08s/case)
[36m(run_cases_remote pid=1020810)[0m 2026-07-30 19:40:42,742 - WARNING - [GEN 50d7eeed] [RUN_CASES] Early stop: Case 42 failed with TIME_LIMIT_EXCEEDED. Message: Time limit exceeded: CPU time exceeded: 2.280s > 2.0s
[36m(run_cases_remote pid=1020810)[0m 2026-07-30 19:40:42,742 - WARNING - [GEN 50d7eeed] [RUN_CASES] Slow evaluation: 198.0s for 150 cases (avg 1.32s/case)
[36m(run_cases_remote pid=1020812)[0m 2026-07-30 19:41:55,876 - WARNING - [GEN e3cd1a8e] [RUN_CASES] Slow evaluation: 271.2s for 150 cases (avg 1.81s/case)
[36m(run_cases_remote pid=1020814)[0m 2026-07-30 19:42:47,798 - WARNING - [GEN 4024f703] [RUN_CASES] Slow evaluation: 323.2s for 150 cases (avg 2.15s/case)
[36m(run_cases_remote pid=1020816)[0m 2026-07-30 19:43:28,075 - WARNING - [GEN 405bf38f] [RUN_CASES] Slow evaluation: 363.5s for 150 cases (avg 2.42s/case)
__main__:1108 [[92mINFO[0m]   Group 7: rewards computed in 368.1s
__main__:1150 [[92mINFO[0m]     [g7][r1/8] adapter=1 R_exec=0.8282 true_MI=0.01332 RMI=0.0133 R_total=0.8296 correct=1 tokens=16723
__main__:1150 [[92mINFO[0m]     [g7][r2/8] adapter=2 R_exec=0.0000 true_MI=0.01381 RMI=0.0138 R_total=0.0014 correct=0 tokens=13392
__main__:1150 [[92mINFO[0m]     [g7][r3/8] adapter=3 R_exec=1.1893 true_MI=0.01439 RMI=0.0144 R_total=1.1907 correct=1 tokens=18007
__main__:1150 [[92mINFO[0m]     [g7][r4/8] adapter=4 R_exec=1.1893 true_MI=0.01285 RMI=0.0128 R_total=1.1906 correct=1 tokens=15446
__main__:1150 [[92mINFO[0m]     [g7][r5/8] adapter=0 R_exec=1.1893 true_MI=0.01242 RMI=0.0124 R_total=1.1905 correct=1 tokens=18641
__main__:1150 [[92mINFO[0m]     [g7][r6/8] adapter=1 R_exec=0.0000 true_MI=0.01427 RMI=0.0143 R_total=0.0014 correct=0 tokens=17860
__main__:1150 [[92mINFO[0m]     [g7][r7/8] adapter=2 R_exec=1.1893 true_MI=0.01430 RMI=0.0143 R_total=1.1907 correct=1 tokens=16005
__main__:1150 [[92mINFO[0m]     [g7][r8/8] adapter=3 R_exec=1.1893 true_MI=0.01400 RMI=0.0140 R_total=1.1907 correct=1 tokens=16493
__main__:1167 [[92mINFO[0m]   [g7] group true_MI: mean=0.01367 std=0.00073 max=0.01439 normalized=[0.97 1.01 1.05 0.94 0.91 1.04 1.05 1.02]
[36m(run_cases_remote pid=1020817)[0m 2026-07-30 19:43:30,058 - WARNING - [GEN dcb4cf25] [RUN_CASES] Slow evaluation: 365.2s for 150 cases (avg 2.43s/case)
tinker_cookbook.utils.ml_log:143 [[92mINFO[0m] Wrote metrics to logs/aws/wave4/ahc039-ugttt/metrics.jsonl
tinker_cookbook.utils.ml_log:240 [[92mINFO[0m] Logging to: https://wandb.ai/kriaz-msee20seecs-nust/ugttt-rebuttal/runs/1r8hc8kt
tinker_cookbook.utils.ml_log:143 [[92mINFO[0m] Wrote metrics to logs/aws/wave4/ahc039-ugttt/metrics.jsonl
tinker_cookbook.utils.ml_log:240 [[92mINFO[0m] Logging to: https://wandb.ai/kriaz-msee20seecs-nust/ugttt-rebuttal/runs/1r8hc8kt
tinker_cookbook.utils.ml_log:143 [[92mINFO[0m] Wrote metrics to logs/aws/wave4/ahc039-ugttt/metrics.jsonl
tinker_cookbook.utils.ml_log:240 [[92mINFO[0m] Logging to: https://wandb.ai/kriaz-msee20seecs-nust/ugttt-rebuttal/runs/1r8hc8kt
tinker_cookbook.utils.ml_log:143 [[92mINFO[0m] Wrote metrics to logs/aws/wave4/ahc039-ugttt/metrics.jsonl
tinker_cookbook.utils.ml_log:240 [[92mINFO[0m] Logging to: https://wandb.ai/kriaz-msee20seecs-nust/ugttt-rebuttal/runs/1r8hc8kt
tinker_cookbook.utils.ml_log:143 [[92mINFO[0m] Wrote metrics to logs/aws/wave4/ahc039-ugttt/metrics.jsonl
tinker_cookbook.utils.ml_log:240 [[92mINFO[0m] Logging to: https://wandb.ai/kriaz-msee20seecs-nust/ugttt-rebuttal/runs/1r8hc8kt
tinker_cookbook.utils.ml_log:143 [[92mINFO[0m] Wrote metrics to logs/aws/wave4/ahc039-ugttt/metrics.jsonl
tinker_cookbook.utils.ml_log:240 [[92mINFO[0m] Logging to: https://wandb.ai/kriaz-msee20seecs-nust/ugttt-rebuttal/runs/1r8hc8kt
tinker_cookbook.utils.ml_log:143 [[92mINFO[0m] Wrote metrics to logs/aws/wave4/ahc039-ugttt/metrics.jsonl
tinker_cookbook.utils.ml_log:240 [[92mINFO[0m] Logging to: https://wandb.ai/kriaz-msee20seecs-nust/ugttt-rebuttal/runs/1r8hc8kt
tinker_cookbook.utils.ml_log:143 [[92mINFO[0m] Wrote metrics to logs/aws/wave4/ahc039-ugttt/metrics.jsonl
tinker_cookbook.utils.ml_log:240 [[92mINFO[0m] Logging to: https://wandb.ai/kriaz-msee20seecs-nust/ugttt-rebuttal/runs/1r8hc8kt
__main__:1949 [[92mINFO[0m]   [2][8/8] KEPT | R_exec=0.8468 (max=1.1893) RMI=0.0137 R_total=0.8482 | 2719.4s | GPU: 18.2/19.0GB
tinker_cookbook.utils.ml_log:143 [[92mINFO[0m] Wrote metrics to logs/aws/wave4/ahc039-ugttt/metrics.jsonl
tinker_cookbook.utils.ml_log:240 [[92mINFO[0m] Logging to: https://wandb.ai/kriaz-msee20seecs-nust/ugttt-rebuttal/runs/1r8hc8kt
__main__:1988 [[92mINFO[0m] [Epoch 2] Rollout phase done in 26140.0s. Training on 8/8 groups...
tinker_cookbook.utils.ml_log:143 [[92mINFO[0m] Wrote metrics to logs/aws/wave4/ahc039-ugttt/metrics.jsonl

[36m(run_single_case_remote pid=953873)[0m 
[36m(run_single_case_remote pid=953873)[0m [ERROR] Command failed with exit code 1: wrong answer: The 0-th edge is not parallel to the axes. ((49355, 9818) - (89322, 58125))
[36m(run_single_case_remote pid=953873)[0m 
[36m(run_single_case_remote pid=953873)[0m [ERROR] Command failed with exit code 1: wrong answer: The 0-th edge is not parallel to the axes. ((7772, 13255) - (55980, 77556))
[36m(run_single_case_remote pid=953873)[0m 
[36m(run_single_case_remote pid=953873)[0m [ERROR] Command failed with exit code 1: wrong answer: The 0-th edge is not parallel to the axes. ((7664, 29864) - (76215, 88420))
[36m(run_single_case_remote pid=953873)[0m 
[36m(run_single_case_remote pid=953873)[0m [ERROR] Command failed with exit code 1: wrong answer: The 0-th edge is not parallel to the axes. ((10258, 45188) - (60174, 91149))
[36m(run_single_case_remote pid=953873)[0m 
[36m(run_single_case_remote pid=953873)[0m [ERROR] Command failed with exit code 1: wrong answer: The 0-th edge is not parallel to the axes. ((18925, 6337) - (65935, 66751))
[36m(run_single_case_remote pid=953873)[0m 
[36m(run_single_case_remote pid=953873)[0m [ERROR] Command failed with exit code 1: wrong answer: The 0-th edge is not parallel to the axes. ((53596, 7616) - (86156, 70476))
[36m(run_single_case_remote pid=953873)[0m 
[36m(run_single_case_remote pid=953873)[0m [ERROR] Command failed with exit code 1: wrong answer: The 0-th edge is not parallel to the axes. ((5031, 11423) - (53437, 67242))
[36m(run_single_case_remote pid=953873)[0m 
[36m(run_single_case_remote pid=953873)[0m [ERROR] Command failed with exit code 1: wrong answer: The 0-th edge is not parallel to the axes. ((11554, 29202) - (54947, 95449))
[36m(run_single_case_remote pid=953873)[0m 
[36m(run_single_case_remote pid=953873)[0m [ERROR] Command failed with exit code 1: wrong answer: The 0-th edge is not parallel to the axes. ((30304, 14998) - (96207, 64982))
[36m(run_single_case_remote pid=953873)[0m 
[36m(run_single_case_remote pid=953873)[0m [ERROR] Command failed with exit code 1: wrong answer: The 0-th edge is not parallel to the axes. ((15994, 38864) - (38242, 81245))
[36m(run_single_case_remote pid=953873)[0m 
[36m(run_single_case_remote pid=953873)[0m [ERROR] Command failed with exit code 1: wrong answer: The 0-th edge is not parallel to the axes. ((25533, 10320) - (90157, 31768))
[36m(run_single_case_remote pid=953873)[0m 
[36m(run_single_case_remote pid=953873)[0m [ERROR] Command failed with exit code 1: wrong answer: The 0-th edge is not parallel to the axes. ((48468, 11976) - (87879, 48824))
[36m(run_single_case_remote pid=953873)[0m 
[36m(run_single_case_remote pid=953872)[0m [ERROR] Command failed with exit code 1: wrong answer: The 0-th edge is not parallel to the axes. ((12433, 12154) - (42331, 82556))
[36m(run_single_case_remote pid=953872)[0m 
[36m(run_single_case_remote pid=953873)[0m [ERROR] Command failed with exit code 1: wrong answer: The 0-th edge is not parallel to the axes. ((8825, 48239) - (38592, 88269))
[36m(run_single_case_remote pid=953873)[0m 
[36m(run_single_case_remote pid=953873)[0m [ERROR] Command failed with exit code 1: wrong answer: The 0-th edge is not parallel to the axes. ((14435, 15120) - (41861, 68911))
[36m(run_single_case_remote pid=953873)[0m 
[36m(run_single_case_remote pid=953873)[0m [ERROR] Command failed with exit code 1: wrong answer: The 0-th edge is not parallel to the axes. ((9367, 12143) - (56491, 43551))
[36m(run_single_case_remote pid=953873)[0m 
[36m(run_single_case_remote pid=953873)[0m [ERROR] Command failed with exit code 1: wrong answer: The 0-th edge is not parallel to the axes. ((33132, 50313) - (82465, 91519))
[36m(run_single_case_remote pid=953873)[0m 
[36m(run_single_case_remote pid=953873)[0m [ERROR] Command failed with exit code 1: wrong answer: The 0-th edge is not parallel to the axes. ((59128, 40688) - (87134, 87732))
[36m(run_single_case_remote pid=953873)[0m 
[36m(run_single_case_remote pid=953873)[0m [ERROR] Command failed with exit code 1: wrong answer: The 0-th edge is not parallel to the axes. ((11940, 17551) - (82116, 43848))
[36m(run_single_case_remote pid=953873)[0m 
[36m(run_single_case_remote pid=953873)[0m [ERROR] Command failed with exit code 1: wrong answer: The 0-th edge is not parallel to the axes. ((16364, 38941) - (36864, 86780))
[36m(run_single_case_remote pid=953873)[0m 
[36m(run_single_case_remote pid=953873)[0m [ERROR] Command failed with exit code 1: wrong answer: The 0-th edge is not parallel to the axes. ((60075, 27210) - (82524, 88187))
[36m(run_single_case_remote pid=953873)[0m 
[36m(run_single_case_remote pid=953873)[0m [ERROR] Command failed with exit code 1: wrong answer: The 0-th edge is not parallel to the axes. ((18195, 15913) - (51576, 88548))
[36m(run_single_case_remote pid=953873)[0m 
[36m(run_single_case_remote pid=953873)[0m [ERROR] Command failed with exit code 1: wrong answer: The 0-th edge is not parallel to the axes. ((20256, 12433) - (74673, 43115))
[36m(run_single_case_remote pid=953873)[0m 
[36m(run_single_case_remote pid=953873)[0m [ERROR] Command failed with exit code 1: wrong answer: The 0-th edge is not parallel to the axes. ((35763, 9905) - (87397, 54564))
[36m(run_single_case_remote pid=953873)[0m 
[36m(run_single_case_remote pid=1004191)[0m [ERROR] Command failed with exit code 1: wrong answer: Out of range: 19984
[36m(run_single_case_remote pid=1004191)[0m 
[36m(run_single_case_remote pid=1004191)[0m [ERROR] Command failed with exit code 1: wrong answer: Out of range: 19104
[36m(run_single_case_remote pid=1004191)[0m 
[36m(run_single_case_remote pid=1004191)[0m [ERROR] Command failed with exit code 1: wrong answer: Out of range: 19992
[36m(run_single_case_remote pid=1004191)[0m 
[36m(run_single_case_remote pid=1004191)[0m [ERROR] Command failed with exit code 1: wrong answer: Out of range: 19700
[36m(run_single_case_remote pid=1004191)[0m 
[36m(run_single_case_remote pid=1004191)[0m [ERROR] Command failed with exit code 1: wrong answer: Out of range: 18860
[36m(run_single_case_remote pid=1004191)[0m 
[36m(run_single_case_remote pid=1004190)[0m [ERROR] Command failed with exit code 1: wrong answer: Out of range: 20000
[36m(run_single_case_remote pid=1004190)[0m 
[36m(run_single_case_remote pid=1004764)[0m [ERROR] Command failed with exit code 1: wrong answer: Out of range: 19812
[36m(run_single_case_remote pid=1004764)[0m 
[36m(run_single_case_remote pid=1004764)[0m [ERROR] Command failed with exit code 1: wrong answer: Out of range: 19316
[36m(run_single_case_remote pid=1004764)[0m 
[36m(run_single_case_remote pid=1004764)[0m [ERROR] Command failed with exit code 1: wrong answer: Out of range: 20004
[36m(run_single_case_remote pid=1004764)[0m 
tinker_cookbook.utils.ml_log:195 [[92mINFO[0m] 
┏━━━━━━━━━━━━━━━━━━━━━━━━━━━━━━━━┳━━━━━━━━━━━━━━━┓
┃ Metric                         ┃ Value         ┃
┡━━━━━━━━━━━━━━━━━━━━━━━━━━━━━━━━╇━━━━━━━━━━━━━━━┩
│ gpu/memory_allocated_gb        │ 18.828612     │
│ gpu/memory_peak_gb             │ 75.428629     │
│ gpu/memory_reserved_gb         │ 18.865979     │
│ kl_policy_base                 │ 0.002489      │
│ optim/entropy                  │ 0.440471      │
│ optim/kl_sample_train_v1       │ 0.004335      │
│ optim/kl_sample_train_v2       │ 0.004212      │
│ progress/done_frac             │ 0.500000      │
│ progress/epoch                 │ 2             │
│ rollout/groups_attempted       │ 8.000000      │
│ rollout/groups_filtered        │ 0.000000      │
│ rollout/groups_kept            │ 8.000000      │
│ rollout/intra_group_reward_std │ 0.508266      │
│ time/rollout                   │ 26140.000844  │
│ time/total                     │ 28505.473687  │
│ time/train                     │ 2365.347403   │
│ train/advantage/max            │ 10.748633     │
│ train/advantage/mean           │ 0.359880      │
│ train/advantage/min            │ -2.822802     │
│ train/advantage/std            │ 2.260323      │
│ train/beta/mean                │ 131081.875034 │
│ train/beta/std                 │ 346780.183729 │
│ train/correctness/mean         │ 0.546875      │
│ train/correctness/rate         │ 0.546875      │
│ train/ensemble/frac_high_disa… │ 0.499986      │
│ train/ensemble/max_token_disa… │ 11.205889     │
│ train/ensemble/member_logprob… │ 0.004484      │
│ train/ensemble/member_logprob… │ 0.001799      │
│ train/gamma_eff/mean           │ 0.450830      │
│ train/gen/num_tokens/max       │ 26821.000000  │
│ train/gen/num_tokens/mean      │ 16821.125000  │
│ train/gen/num_tokens/std       │ 4773.520122   │
│ train/group/rmi_exec_corr/mean │ 0.103575      │
│ train/group/rmi_exec_corr/std  │ 0.306060      │
│ train/loss                     │ -0.359889     │
│ train/nnm_loss                 │ -0.054336     │
│ train/nnm_nuclear_norm         │ 46.366326     │
│ train/num_groups               │ 8.000000      │
│ train/num_rollouts             │ 64.000000     │
│ train/num_rollouts_total       │ 64.000000     │
│ train/reward/exec/best         │ 1.253164      │
│ train/reward/exec/max          │ 1.253164      │
│ train/reward/exec/mean         │ 0.511081      │
│ train/reward/exec/min          │ 0.000000      │
│ train/reward/exec/std          │ 0.561622      │
│ train/reward/rmi/max           │ 0.016449      │
│ train/reward/rmi/mean          │ 0.013205      │
│ train/reward/rmi/min           │ 0.011445      │
│ train/reward/rmi/std           │ 0.001000      │
│ train/reward/total/best        │ 1.254459      │
│ train/reward/total/max         │ 1.254459      │
│ train/reward/total/mean        │ 0.512401      │
│ train/reward/total/min         │ 0.001145      │
│ train/reward/total/std         │ 0.561627      │
│ train/streaming_mi/stop_rate   │ 0.000000      │
│ train/streaming_mi/tokens_sav… │ 0.000000      │
│ train/streaming_mi/tokens_sav… │ 0.000000      │
│ train/two_phase/phase1_tokens… │ 16644.578125  │
│ train/two_phase/phase2_tokens… │ 175.171875    │
│ train/two_phase/prefill_rate   │ 0.062500      │
│ train/uncertainty/predictive_… │ 0.120141      │
│ train/uncertainty/predictive_… │ 0.098978      │
│ train/uncertainty/predictive_… │ 0.044397      │
│ train/uncertainty/predictive_… │ 0.015986      │
│ train/uncertainty/predictive_… │ 0.364648      │
│ train/uncertainty/predictive_… │ 0.362495      │
│ train/uncertainty/predictive_… │ 0.341330      │
│ train/uncertainty/predictive_… │ 0.003820      │
│ train/uncertainty/rmi/max      │ 0.003283      │
│ train/uncertainty/rmi/mean     │ 0.002410      │
│ train/uncertainty/rmi/min      │ 0.001705      │
│ train/uncertainty/rmi/std      │ 0.000286      │
│ train/uncertainty/rmi_top7/max │ 0.042976      │
│ train/uncertainty/rmi_top7/me… │ 0.027707      │
│ train/uncertainty/rmi_top7/min │ 0.020762      │
│ train/uncertainty/rmi_top7/std │ 0.003450      │
│ train/uncertainty/top7_mi_cod… │ 0.000739      │
│ train/uncertainty/top7_mi_cod… │ 0.003002      │
│ train/uncertainty/top7_mi_thi… │ 0.010862      │
│ train/uncertainty/top7_mi_thi… │ 0.001136      │
│ train/uncertainty/top7_pct_co… │ 0.000467      │
│ train/uncertainty/top7_pct_co… │ 0.003286      │
│ train/uncertainty/top7_pct_th… │ 0.868367      │
│ train/uncertainty/top7_pct_th… │ 0.099767      │
│ train/uncertainty/true_mi/max  │ 0.016449      │
│ train/uncertainty/true_mi/mean │ 0.013205      │
│ train/uncertainty/true_mi/min  │ 0.011445      │
│ train/uncertainty/true_mi/std  │ 0.001000      │
│ train/uncertainty/variance/max │ 0.010531      │
│ train/uncertainty/variance/me… │ 0.006712      │
│ train/uncertainty/variance/min │ 0.004574      │
│ train/uncertainty/variance/std │ 0.000981      │
│ train/uncertainty/variance_to… │ 0.140641      │
│ train/uncertainty/variance_to… │ 0.079038      │
│ train/uncertainty/variance_to… │ 0.056339      │
│ train/uncertainty/variance_to… │ 0.013195      │
└────────────────────────────────┴───────────────┘
tinker_cookbook.utils.ml_log:240 [[92mINFO[0m] Logging to: https://wandb.ai/kriaz-msee20seecs-nust/ugttt-rebuttal/runs/1r8hc8kt
__main__:2062 [[92mINFO[0m] [Epoch 2] R_exec=0.5111 (max=1.2532 best=1.2532) RMI=0.0132 beta=131081.88 corr=54.7% loss=-0.3599 nuc=46.366 groups=8/8 time=28505.5s
__main__:2073 [[92mINFO[0m] Checkpoint saved at epoch 2
__main__:1836 [[92mINFO[0m] [Epoch 3/6] Starting rollout phase: 8 groups × 8 rollouts
tinker_cookbook.rl.ensemble:1082 [[92mINFO[0m]   generate_batch_multi_adapter_two_phase: N=8 phase1_max=26000 streaming_mi=False kv_q=False
tinker_cookbook.rl.ensemble:1270 [[92mINFO[0m]     [gen/p1] step=2048/23014 active=8/8 mi_stopped=0
tinker_cookbook.rl.ensemble:1270 [[92mINFO[0m]     [gen/p1] step=4096/23014 active=8/8 mi_stopped=0
tinker_cookbook.rl.ensemble:1270 [[92mINFO[0m]     [gen/p1] step=6144/23014 active=8/8 mi_stopped=0
tinker_cookbook.rl.ensemble:1270 [[92mINFO[0m]     [gen/p1] step=8192/23014 active=8/8 mi_stopped=0
tinker_cookbook.rl.ensemble:1270 [[92mINFO[0m]     [gen/p1] step=10240/23014 active=8/8 mi_stopped=0
tinker_cookbook.rl.ensemble:1270 [[92mINFO[0m]     [gen/p1] step=12288/23014 active=8/8 mi_stopped=0
tinker_cookbook.rl.ensemble:1270 [[92mINFO[0m]     [gen/p1] step=14336/23014 active=8/8 mi_stopped=0
tinker_cookbook.rl.ensemble:1270 [[92mINFO[0m]     [gen/p1] step=16384/23014 active=6/8 mi_stopped=0
tinker_cookbook.rl.ensemble:1270 [[92mINFO[0m]     [gen/p1] step=18432/23014 active=2/8 mi_stopped=0
__main__:1078 [[92mINFO[0m]   Group 0: multi-adapter generation 8 seqs in 2535.5s
[36m(run_cases_remote pid=1045512)[0m [2026-07-30 21:05:41,776 E 1045512 1045683] core_worker_process.cc:825: Failed to establish connection to the metrics exporter agent. Metrics will not be exported. Exporter agent status: RpcError: Running out of retries to initialize the metrics agent. rpc_code: 14
[36m(run_cases_remote pid=1045515)[0m [2026-07-30 21:05:41,781 E 1045515 1045773] core_worker_process.cc:825: Failed to establish connection to the metrics exporter agent. Metrics will not be exported. Exporter agent status: RpcError: Running out of retries to initialize the metrics agent. rpc_code: 14
[36m(run_cases_remote pid=1045511)[0m [2026-07-30 21:05:41,783 E 1045511 1045808] core_worker_process.cc:825: Failed to establish connection to the metrics exporter agent. Metrics will not be exported. Exporter agent status: RpcError: Running out of retries to initialize the metrics agent. rpc_code: 14
[36m(run_cases_remote pid=1045517)[0m [2026-07-30 21:05:41,792 E 1045517 1045922] core_worker_process.cc:825: Failed to establish connection to the metrics exporter agent. Metrics will not be exported. Exporter agent status: RpcError: Running out of retries to initialize the metrics agent. rpc_code: 14
[36m(run_single_case_remote pid=1046171)[0m [2026-07-30 21:05:43,418 E 1046171 1046305] core_worker_process.cc:825: Failed to establish connection to the metrics exporter agent. Metrics will not be exported. Exporter agent status: RpcError: Running out of retries to initialize the metrics agent. rpc_code: 14
[36m(run_single_case_remote pid=1047625)[0m [2026-07-30 21:05:46,793 E 1047625 1047758] core_worker_process.cc:825: Failed to establish connection to the metrics exporter agent. Metrics will not be exported. Exporter agent status: RpcError: Running out of retries to initialize the metrics agent. rpc_code: 14
__main__:1096 [[92mINFO[0m]   Group 0: batched ensemble scoring in 86.1s
[36m(run_cases_remote pid=1045512)[0m 2026-07-30 21:07:39,848 - WARNING - [GEN 0998894a] [RUN_CASES] Early stop: Case 59 failed with TIME_LIMIT_EXCEEDED. Message: Time limit exceeded: CPU time exceeded: 2.040s > 2.0s
[36m(run_cases_remote pid=1045512)[0m 2026-07-30 21:07:39,848 - WARNING - [GEN 0998894a] [RUN_CASES] Slow evaluation: 146.6s for 150 cases (avg 0.98s/case)
[36m(run_cases_remote pid=1045517)[0m 2026-07-30 21:07:50,943 - WARNING - [GEN 55f93afb] [RUN_CASES] Early stop: Case 99 failed with TIME_LIMIT_EXCEEDED. Message: Time limit exceeded: CPU limit exceeded (prlimit killed process)
[36m(run_cases_remote pid=1045517)[0m 2026-07-30 21:07:50,944 - WARNING - [GEN 55f93afb] [RUN_CASES] Slow evaluation: 157.5s for 150 cases (avg 1.05s/case)
[36m(run_cases_remote pid=1045511)[0m 2026-07-30 21:08:13,092 - WARNING - [GEN 91ca864f] [RUN_CASES] Early stop: Case 68 failed with TIME_LIMIT_EXCEEDED. Message: Time limit exceeded: CPU time exceeded: 2.320s > 2.0s
[36m(run_cases_remote pid=1045511)[0m 2026-07-30 21:08:13,093 - WARNING - [GEN 91ca864f] [RUN_CASES] Slow evaluation: 179.6s for 150 cases (avg 1.20s/case)
[36m(run_cases_remote pid=1045513)[0m 2026-07-30 21:09:57,211 - WARNING - [GEN 6261e475] [RUN_CASES] Early stop: Case 72 failed with TIME_LIMIT_EXCEEDED. Message: Time limit exceeded: CPU limit exceeded (prlimit killed process)
[36m(run_cases_remote pid=1045513)[0m 2026-07-30 21:09:57,212 - WARNING - [GEN 6261e475] [RUN_CASES] Slow evaluation: 283.8s for 150 cases (avg 1.89s/case)
[36m(run_cases_remote pid=1045515)[0m 2026-07-30 21:10:47,665 - WARNING - [GEN 6c039607] [RUN_CASES] Early stop: Case 78 failed with TIME_LIMIT_EXCEEDED. Message: Time limit exceeded: CPU limit exceeded (prlimit killed process)
[36m(run_cases_remote pid=1045515)[0m 2026-07-30 21:10:47,666 - WARNING - [GEN 6c039607] [RUN_CASES] Slow evaluation: 334.2s for 150 cases (avg 2.23s/case)
__main__:1108 [[92mINFO[0m]   Group 0: rewards computed in 408.6s
__main__:1150 [[92mINFO[0m]     [g0][r1/8] adapter=4 R_exec=0.0000 true_MI=0.01283 RMI=0.0128 R_total=0.0013 correct=0 tokens=17602
__main__:1150 [[92mINFO[0m]     [g0][r2/8] adapter=0 R_exec=0.0949 true_MI=0.01246 RMI=0.0125 R_total=0.0962 correct=1 tokens=15948
__main__:1150 [[92mINFO[0m]     [g0][r3/8] adapter=1 R_exec=0.0000 true_MI=0.01251 RMI=0.0125 R_total=0.0013 correct=0 tokens=17546
__main__:1150 [[92mINFO[0m]     [g0][r4/8] adapter=2 R_exec=0.0000 true_MI=0.01219 RMI=0.0122 R_total=0.0012 correct=0 tokens=18689
__main__:1150 [[92mINFO[0m]     [g0][r5/8] adapter=3 R_exec=0.0000 true_MI=0.01267 RMI=0.0127 R_total=0.0013 correct=0 tokens=15801
__main__:1150 [[92mINFO[0m]     [g0][r6/8] adapter=4 R_exec=0.0000 true_MI=0.01154 RMI=0.0115 R_total=0.0012 correct=0 tokens=19344
__main__:1150 [[92mINFO[0m]     [g0][r7/8] adapter=0 R_exec=0.0000 true_MI=0.01292 RMI=0.0129 R_total=0.0013 correct=0 tokens=17571
__main__:1150 [[92mINFO[0m]     [g0][r8/8] adapter=1 R_exec=0.0000 true_MI=0.01371 RMI=0.0137 R_total=0.0014 correct=0 tokens=16472
__main__:1167 [[92mINFO[0m]   [g0] group true_MI: mean=0.01260 std=0.00062 max=0.01371 normalized=[1.02 0.99 0.99 0.97 1.01 0.92 1.03 1.09]
tinker_cookbook.utils.ml_log:143 [[92mINFO[0m] Wrote metrics to logs/aws/wave4/ahc039-ugttt/metrics.jsonl
tinker_cookbook.utils.ml_log:240 [[92mINFO[0m] Logging to: https://wandb.ai/kriaz-msee20seecs-nust/ugttt-rebuttal/runs/1r8hc8kt
tinker_cookbook.utils.ml_log:143 [[92mINFO[0m] Wrote metrics to logs/aws/wave4/ahc039-ugttt/metrics.jsonl
tinker_cookbook.utils.ml_log:240 [[92mINFO[0m] Logging to: https://wandb.ai/kriaz-msee20seecs-nust/ugttt-rebuttal/runs/1r8hc8kt
tinker_cookbook.utils.ml_log:143 [[92mINFO[0m] Wrote metrics to logs/aws/wave4/ahc039-ugttt/metrics.jsonl
tinker_cookbook.utils.ml_log:240 [[92mINFO[0m] Logging to: https://wandb.ai/kriaz-msee20seecs-nust/ugttt-rebuttal/runs/1r8hc8kt
tinker_cookbook.utils.ml_log:143 [[92mINFO[0m] Wrote metrics to logs/aws/wave4/ahc039-ugttt/metrics.jsonl
tinker_cookbook.utils.ml_log:240 [[92mINFO[0m] Logging to: https://wandb.ai/kriaz-msee20seecs-nust/ugttt-rebuttal/runs/1r8hc8kt
tinker_cookbook.utils.ml_log:143 [[92mINFO[0m] Wrote metrics to logs/aws/wave4/ahc039-ugttt/metrics.jsonl
tinker_cookbook.utils.ml_log:240 [[92mINFO[0m] Logging to: https://wandb.ai/kriaz-msee20seecs-nust/ugttt-rebuttal/runs/1r8hc8kt
tinker_cookbook.utils.ml_log:143 [[92mINFO[0m] Wrote metrics to logs/aws/wave4/ahc039-ugttt/metrics.jsonl
tinker_cookbook.utils.ml_log:240 [[92mINFO[0m] Logging to: https://wandb.ai/kriaz-msee20seecs-nust/ugttt-rebuttal/runs/1r8hc8kt
tinker_cookbook.utils.ml_log:143 [[92mINFO[0m] Wrote metrics to logs/aws/wave4/ahc039-ugttt/metrics.jsonl
tinker_cookbook.utils.ml_log:240 [[92mINFO[0m] Logging to: https://wandb.ai/kriaz-msee20seecs-nust/ugttt-rebuttal/runs/1r8hc8kt
tinker_cookbook.utils.ml_log:143 [[92mINFO[0m] Wrote metrics to logs/aws/wave4/ahc039-ugttt/metrics.jsonl
tinker_cookbook.utils.ml_log:240 [[92mINFO[0m] Logging to: https://wandb.ai/kriaz-msee20seecs-nust/ugttt-rebuttal/runs/1r8hc8kt
__main__:1949 [[92mINFO[0m]   [3][1/8] KEPT | R_exec=0.0119 (max=0.0949) RMI=0.0126 R_total=0.0131 | 2944.2s | GPU: 18.8/19.7GB
tinker_cookbook.utils.ml_log:143 [[92mINFO[0m] Wrote metrics to logs/aws/wave4/ahc039-ugttt/metrics.jsonl
tinker_cookbook.utils.ml_log:240 [[92mINFO[0m] Logging to: https://wandb.ai/kriaz-msee20seecs-nust/ugttt-rebuttal/runs/1r8hc8kt
tinker_cookbook.rl.ensemble:1082 [[92mINFO[0m]   generate_batch_multi_adapter_two_phase: N=8 phase1_max=26000 streaming_mi=False kv_q=False
[36m(run_cases_remote pid=1045518)[0m 2026-07-30 21:12:00,047 - WARNING - [GEN 05dc6688] [RUN_CASES] Early stop: Case 66 failed with TIME_LIMIT_EXCEEDED. Message: Time limit exceeded: CPU limit exceeded (prlimit killed process)
[36m(run_cases_remote pid=1045518)[0m 2026-07-30 21:12:00,048 - WARNING - [GEN 05dc6688] [RUN_CASES] Slow evaluation: 406.4s for 150 cases (avg 2.71s/case)
tinker_cookbook.rl.ensemble:1270 [[92mINFO[0m]     [gen/p1] step=2048/21904 active=7/8 mi_stopped=0
tinker_cookbook.rl.ensemble:1270 [[92mINFO[0m]     [gen/p1] step=4096/21904 active=6/8 mi_stopped=0
tinker_cookbook.rl.ensemble:1270 [[92mINFO[0m]     [gen/p1] step=6144/21904 active=5/8 mi_stopped=0
tinker_cookbook.rl.ensemble:1270 [[92mINFO[0m]     [gen/p1] step=8192/21904 active=5/8 mi_stopped=0
tinker_cookbook.rl.ensemble:1270 [[92mINFO[0m]     [gen/p1] step=10240/21904 active=5/8 mi_stopped=0
tinker_cookbook.rl.ensemble:1270 [[92mINFO[0m]     [gen/p1] step=12288/21904 active=5/8 mi_stopped=0
tinker_cookbook.rl.ensemble:1270 [[92mINFO[0m]     [gen/p1] step=14336/21904 active=3/8 mi_stopped=0
__main__:1078 [[92mINFO[0m]   Group 1: multi-adapter generation 8 seqs in 1997.4s
[36m(run_cases_remote pid=1060792)[0m [2026-07-30 21:45:47,873 E 1060792 1060970] core_worker_process.cc:825: Failed to establish connection to the metrics exporter agent. Metrics will not be exported. Exporter agent status: RpcError: Running out of retries to initialize the metrics agent. rpc_code: 14
[36m(run_cases_remote pid=1060789)[0m [2026-07-30 21:45:47,862 E 1060789 1060883] core_worker_process.cc:825: Failed to establish connection to the metrics exporter agent. Metrics will not be exported. Exporter agent status: RpcError: Running out of retries to initialize the metrics agent. rpc_code: 14
[36m(run_single_case_remote pid=1061433)[0m [2026-07-30 21:45:49,764 E 1061433 1061625] core_worker_process.cc:825: Failed to establish connection to the metrics exporter agent. Metrics will not be exported. Exporter agent status: RpcError: Running out of retries to initialize the metrics agent. rpc_code: 14
[36m(run_single_case_remote pid=1061807)[0m [2026-07-30 21:45:52,768 E 1061807 1061842] core_worker_process.cc:825: Failed to establish connection to the metrics exporter agent. Metrics will not be exported. Exporter agent status: RpcError: Running out of retries to initialize the metrics agent. rpc_code: 14
__main__:1096 [[92mINFO[0m]   Group 1: batched ensemble scoring in 58.3s
[36m(run_cases_remote pid=1060792)[0m 2026-07-30 21:46:50,464 - WARNING - [GEN 57f096ae] [RUN_CASES] Slow evaluation: 90.9s for 150 cases (avg 0.61s/case)
[36m(run_cases_remote pid=1060795)[0m 2026-07-30 21:47:23,774 - WARNING - [GEN 6d7f5a76] [RUN_CASES] Early stop: Case 93 failed with TIME_LIMIT_EXCEEDED. Message: Time limit exceeded: CPU limit exceeded (prlimit killed process)
[36m(run_cases_remote pid=1060795)[0m 2026-07-30 21:47:23,775 - WARNING - [GEN 6d7f5a76] [RUN_CASES] Slow evaluation: 124.2s for 150 cases (avg 0.83s/case)
__main__:1108 [[92mINFO[0m]   Group 1: rewards computed in 141.4s
__main__:1150 [[92mINFO[0m]     [g1][r1/8] adapter=4 R_exec=0.0000 true_MI=0.01229 RMI=0.0123 R_total=0.0012 correct=0 tokens=15371
__main__:1150 [[92mINFO[0m]     [g1][r2/8] adapter=0 R_exec=0.9382 true_MI=0.01174 RMI=0.0117 R_total=0.9393 correct=1 tokens=4381
__main__:1150 [[92mINFO[0m]     [g1][r3/8] adapter=1 R_exec=1.2475 true_MI=0.01089 RMI=0.0109 R_total=1.2486 correct=1 tokens=15858
__main__:1150 [[92mINFO[0m]     [g1][r4/8] adapter=2 R_exec=0.0000 true_MI=0.01425 RMI=0.0142 R_total=0.0014 correct=0 tokens=1464
__main__:1150 [[92mINFO[0m]     [g1][r5/8] adapter=3 R_exec=0.0000 true_MI=0.01308 RMI=0.0131 R_total=0.0013 correct=0 tokens=2585
__main__:1150 [[92mINFO[0m]     [g1][r6/8] adapter=4 R_exec=1.2475 true_MI=0.01027 RMI=0.0103 R_total=1.2485 correct=1 tokens=15943
__main__:1150 [[92mINFO[0m]     [g1][r7/8] adapter=0 R_exec=0.0000 true_MI=0.01207 RMI=0.0121 R_total=0.0012 correct=0 tokens=12958
__main__:1150 [[92mINFO[0m]     [g1][r8/8] adapter=1 R_exec=0.0000 true_MI=0.01169 RMI=0.0117 R_total=0.0012 correct=0 tokens=12496
__main__:1167 [[92mINFO[0m]   [g1] group true_MI: mean=0.01203 std=0.00123 max=0.01425 normalized=[1.02 0.98 0.91 1.18 1.09 0.85 1.00 0.97]
[36m(run_cases_remote pid=1060791)[0m 2026-07-30 21:47:38,918 - WARNING - [GEN 6562cbb8] [RUN_CASES] Slow evaluation: 139.4s for 150 cases (avg 0.93s/case)
tinker_cookbook.utils.ml_log:143 [[92mINFO[0m] Wrote metrics to logs/aws/wave4/ahc039-ugttt/metrics.jsonl
tinker_cookbook.utils.ml_log:240 [[92mINFO[0m] Logging to: https://wandb.ai/kriaz-msee20seecs-nust/ugttt-rebuttal/runs/1r8hc8kt
tinker_cookbook.utils.ml_log:143 [[92mINFO[0m] Wrote metrics to logs/aws/wave4/ahc039-ugttt/metrics.jsonl
tinker_cookbook.utils.ml_log:240 [[92mINFO[0m] Logging to: https://wandb.ai/kriaz-msee20seecs-nust/ugttt-rebuttal/runs/1r8hc8kt
tinker_cookbook.utils.ml_log:143 [[92mINFO[0m] Wrote metrics to logs/aws/wave4/ahc039-ugttt/metrics.jsonl
tinker_cookbook.utils.ml_log:240 [[92mINFO[0m] Logging to: https://wandb.ai/kriaz-msee20seecs-nust/ugttt-rebuttal/runs/1r8hc8kt
tinker_cookbook.utils.ml_log:143 [[92mINFO[0m] Wrote metrics to logs/aws/wave4/ahc039-ugttt/metrics.jsonl
tinker_cookbook.utils.ml_log:240 [[92mINFO[0m] Logging to: https://wandb.ai/kriaz-msee20seecs-nust/ugttt-rebuttal/runs/1r8hc8kt
tinker_cookbook.utils.ml_log:143 [[92mINFO[0m] Wrote metrics to logs/aws/wave4/ahc039-ugttt/metrics.jsonl
tinker_cookbook.utils.ml_log:240 [[92mINFO[0m] Logging to: https://wandb.ai/kriaz-msee20seecs-nust/ugttt-rebuttal/runs/1r8hc8kt
tinker_cookbook.utils.ml_log:143 [[92mINFO[0m] Wrote metrics to logs/aws/wave4/ahc039-ugttt/metrics.jsonl
tinker_cookbook.utils.ml_log:240 [[92mINFO[0m] Logging to: https://wandb.ai/kriaz-msee20seecs-nust/ugttt-rebuttal/runs/1r8hc8kt
tinker_cookbook.utils.ml_log:143 [[92mINFO[0m] Wrote metrics to logs/aws/wave4/ahc039-ugttt/metrics.jsonl
tinker_cookbook.utils.ml_log:240 [[92mINFO[0m] Logging to: https://wandb.ai/kriaz-msee20seecs-nust/ugttt-rebuttal/runs/1r8hc8kt
tinker_cookbook.utils.ml_log:143 [[92mINFO[0m] Wrote metrics to logs/aws/wave4/ahc039-ugttt/metrics.jsonl
tinker_cookbook.utils.ml_log:240 [[92mINFO[0m] Logging to: https://wandb.ai/kriaz-msee20seecs-nust/ugttt-rebuttal/runs/1r8hc8kt
__main__:1949 [[92mINFO[0m]   [3][2/8] KEPT | R_exec=0.4291 (max=1.2475) RMI=0.0120 R_total=0.4304 | 2138.9s | GPU: 18.8/19.6GB
tinker_cookbook.utils.ml_log:143 [[92mINFO[0m] Wrote metrics to logs/aws/wave4/ahc039-ugttt/metrics.jsonl
tinker_cookbook.utils.ml_log:240 [[92mINFO[0m] Logging to: https://wandb.ai/kriaz-msee20seecs-nust/ugttt-rebuttal/runs/1r8hc8kt
tinker_cookbook.rl.ensemble:1082 [[92mINFO[0m]   generate_batch_multi_adapter_two_phase: N=8 phase1_max=26000 streaming_mi=False kv_q=False
tinker_cookbook.rl.ensemble:1270 [[92mINFO[0m]     [gen/p1] step=2048/22683 active=8/8 mi_stopped=0
tinker_cookbook.rl.ensemble:1270 [[92mINFO[0m]     [gen/p1] step=4096/22683 active=8/8 mi_stopped=0
tinker_cookbook.rl.ensemble:1270 [[92mINFO[0m]     [gen/p1] step=6144/22683 active=8/8 mi_stopped=0
tinker_cookbook.rl.ensemble:1270 [[92mINFO[0m]     [gen/p1] step=8192/22683 active=8/8 mi_stopped=0
tinker_cookbook.rl.ensemble:1270 [[92mINFO[0m]     [gen/p1] step=10240/22683 active=8/8 mi_stopped=0
tinker_cookbook.rl.ensemble:1270 [[92mINFO[0m]     [gen/p1] step=12288/22683 active=8/8 mi_stopped=0
tinker_cookbook.rl.ensemble:1270 [[92mINFO[0m]     [gen/p1] step=14336/22683 active=8/8 mi_stopped=0
tinker_cookbook.rl.ensemble:1270 [[92mINFO[0m]     [gen/p1] step=16384/22683 active=7/8 mi_stopped=0
tinker_cookbook.rl.ensemble:1270 [[92mINFO[0m]     [gen/p1] step=18432/22683 active=5/8 mi_stopped=0
tinker_cookbook.rl.ensemble:1270 [[92mINFO[0m]     [gen/p1] step=20480/22683 active=1/8 mi_stopped=0
__main__:1078 [[92mINFO[0m]   Group 2: multi-adapter generation 8 seqs in 2880.4s
[36m(run_cases_remote pid=1074329)[0m [2026-07-30 22:36:09,683 E 1074329 1074614] core_worker_process.cc:825: Failed to establish connection to the metrics exporter agent. Metrics will not be exported. Exporter agent status: RpcError: Running out of retries to initialize the metrics agent. rpc_code: 14
[36m(run_cases_remote pid=1074331)[0m [2026-07-30 22:36:09,685 E 1074331 1074647] core_worker_process.cc:825: Failed to establish connection to the metrics exporter agent. Metrics will not be exported. Exporter agent status: RpcError: Running out of retries to initialize the metrics agent. rpc_code: 14
[36m(run_cases_remote pid=1074332)[0m [2026-07-30 22:36:09,691 E 1074332 1074705] core_worker_process.cc:825: Failed to establish connection to the metrics exporter agent. Metrics will not be exported. Exporter agent status: RpcError: Running out of retries to initialize the metrics agent. rpc_code: 14
[36m(run_cases_remote pid=1074330)[0m [2026-07-30 22:36:09,733 E 1074330 1074767] core_worker_process.cc:825: Failed to establish connection to the metrics exporter agent. Metrics will not be exported. Exporter agent status: RpcError: Running out of retries to initialize the metrics agent. rpc_code: 14
[36m(run_single_case_remote pid=1075022)[0m [2026-07-30 22:36:11,488 E 1075022 1075273] core_worker_process.cc:825: Failed to establish connection to the metrics exporter agent. Metrics will not be exported. Exporter agent status: RpcError: Running out of retries to initialize the metrics agent. rpc_code: 14
[36m(run_single_case_remote pid=1075400)[0m [2026-07-30 22:36:14,468 E 1075400 1075435] core_worker_process.cc:825: Failed to establish connection to the metrics exporter agent. Metrics will not be exported. Exporter agent status: RpcError: Running out of retries to initialize the metrics agent. rpc_code: 14
[36m(run_cases_remote pid=1074328)[0m 2026-07-30 22:36:22,454 - WARNING - [GEN 4eed0210] [RUN_CASES] Early stop: Case 40 failed with TIME_LIMIT_EXCEEDED. Message: Time limit exceeded: CPU limit exceeded (prlimit killed process)
[36m(run_cases_remote pid=1074330)[0m 2026-07-30 22:36:42,210 - WARNING - [GEN e712e461] [RUN_CASES] Slow evaluation: 61.0s for 150 cases (avg 0.41s/case)
[36m(run_cases_remote pid=1074327)[0m 2026-07-30 22:36:58,838 - WARNING - [GEN e6542f0e] [RUN_CASES] Slow evaluation: 77.6s for 150 cases (avg 0.52s/case)
__main__:1096 [[92mINFO[0m]   Group 2: batched ensemble scoring in 92.5s
[36m(run_cases_remote pid=1074331)[0m 2026-07-30 22:37:13,806 - WARNING - [GEN 67d867f6] [RUN_CASES] Slow evaluation: 92.5s for 150 cases (avg 0.62s/case)
[36m(run_cases_remote pid=1074329)[0m 2026-07-30 22:37:27,046 - WARNING - [GEN 8bace625] [RUN_CASES] Slow evaluation: 105.8s for 150 cases (avg 0.71s/case)
[36m(run_single_case_remote pid=1080881)[0m [2026-07-30 22:37:27,781 E 1080881 1080951] core_worker_process.cc:825: Failed to establish connection to the metrics exporter agent. Metrics will not be exported. Exporter agent status: RpcError: Running out of retries to initialize the metrics agent. rpc_code: 14
__main__:1108 [[92mINFO[0m]   Group 2: rewards computed in 122.6s
__main__:1150 [[92mINFO[0m]     [g2][r1/8] adapter=4 R_exec=1.2652 true_MI=0.01142 RMI=0.0114 R_total=1.2664 correct=1 tokens=20878
__main__:1150 [[92mINFO[0m]     [g2][r2/8] adapter=0 R_exec=1.2530 true_MI=0.01337 RMI=0.0134 R_total=1.2543 correct=1 tokens=17152
__main__:1150 [[92mINFO[0m]     [g2][r3/8] adapter=1 R_exec=0.0000 true_MI=0.01310 RMI=0.0131 R_total=0.0013 correct=0 tokens=18436
__main__:1150 [[92mINFO[0m]     [g2][r4/8] adapter=2 R_exec=1.2475 true_MI=0.01320 RMI=0.0132 R_total=1.2488 correct=1 tokens=16729
__main__:1150 [[92mINFO[0m]     [g2][r5/8] adapter=3 R_exec=1.2530 true_MI=0.01205 RMI=0.0121 R_total=1.2542 correct=1 tokens=14984
__main__:1150 [[92mINFO[0m]     [g2][r6/8] adapter=4 R_exec=0.0000 true_MI=0.01195 RMI=0.0120 R_total=0.0012 correct=0 tokens=18995
__main__:1150 [[92mINFO[0m]     [g2][r7/8] adapter=0 R_exec=1.2530 true_MI=0.01148 RMI=0.0115 R_total=1.2541 correct=1 tokens=19248
__main__:1150 [[92mINFO[0m]     [g2][r8/8] adapter=1 R_exec=0.0000 true_MI=0.01308 RMI=0.0131 R_total=0.0013 correct=0 tokens=20098
__main__:1167 [[92mINFO[0m]   [g2] group true_MI: mean=0.01246 std=0.00081 max=0.01337 normalized=[0.92 1.07 1.05 1.06 0.97 0.96 0.92 1.05]
tinker_cookbook.utils.ml_log:143 [[92mINFO[0m] Wrote metrics to logs/aws/wave4/ahc039-ugttt/metrics.jsonl
tinker_cookbook.utils.ml_log:240 [[92mINFO[0m] Logging to: https://wandb.ai/kriaz-msee20seecs-nust/ugttt-rebuttal/runs/1r8hc8kt
tinker_cookbook.utils.ml_log:143 [[92mINFO[0m] Wrote metrics to logs/aws/wave4/ahc039-ugttt/metrics.jsonl
tinker_cookbook.utils.ml_log:240 [[92mINFO[0m] Logging to: https://wandb.ai/kriaz-msee20seecs-nust/ugttt-rebuttal/runs/1r8hc8kt
tinker_cookbook.utils.ml_log:143 [[92mINFO[0m] Wrote metrics to logs/aws/wave4/ahc039-ugttt/metrics.jsonl
tinker_cookbook.utils.ml_log:240 [[92mINFO[0m] Logging to: https://wandb.ai/kriaz-msee20seecs-nust/ugttt-rebuttal/runs/1r8hc8kt
tinker_cookbook.utils.ml_log:143 [[92mINFO[0m] Wrote metrics to logs/aws/wave4/ahc039-ugttt/metrics.jsonl
tinker_cookbook.utils.ml_log:240 [[92mINFO[0m] Logging to: https://wandb.ai/kriaz-msee20seecs-nust/ugttt-rebuttal/runs/1r8hc8kt
tinker_cookbook.utils.ml_log:143 [[92mINFO[0m] Wrote metrics to logs/aws/wave4/ahc039-ugttt/metrics.jsonl
tinker_cookbook.utils.ml_log:240 [[92mINFO[0m] Logging to: https://wandb.ai/kriaz-msee20seecs-nust/ugttt-rebuttal/runs/1r8hc8kt
tinker_cookbook.utils.ml_log:143 [[92mINFO[0m] Wrote metrics to logs/aws/wave4/ahc039-ugttt/metrics.jsonl
tinker_cookbook.utils.ml_log:240 [[92mINFO[0m] Logging to: https://wandb.ai/kriaz-msee20seecs-nust/ugttt-rebuttal/runs/1r8hc8kt
tinker_cookbook.utils.ml_log:143 [[92mINFO[0m] Wrote metrics to logs/aws/wave4/ahc039-ugttt/metrics.jsonl
tinker_cookbook.utils.ml_log:240 [[92mINFO[0m] Logging to: https://wandb.ai/kriaz-msee20seecs-nust/ugttt-rebuttal/runs/1r8hc8kt
tinker_cookbook.utils.ml_log:143 [[92mINFO[0m] Wrote metrics to logs/aws/wave4/ahc039-ugttt/metrics.jsonl
tinker_cookbook.utils.ml_log:240 [[92mINFO[0m] Logging to: https://wandb.ai/kriaz-msee20seecs-nust/ugttt-rebuttal/runs/1r8hc8kt
__main__:1949 [[92mINFO[0m]   [3][3/8] KEPT | R_exec=0.7840 (max=1.2652) RMI=0.0125 R_total=0.7852 | 3003.0s | GPU: 18.8/19.8GB
tinker_cookbook.utils.ml_log:143 [[92mINFO[0m] Wrote metrics to logs/aws/wave4/ahc039-ugttt/metrics.jsonl
tinker_cookbook.utils.ml_log:240 [[92mINFO[0m] Logging to: https://wandb.ai/kriaz-msee20seecs-nust/ugttt-rebuttal/runs/1r8hc8kt
tinker_cookbook.rl.ensemble:1082 [[92mINFO[0m]   generate_batch_multi_adapter_two_phase: N=8 phase1_max=26000 streaming_mi=False kv_q=False
[36m(run_cases_remote pid=1074332)[0m 2026-07-30 22:37:41,919 - WARNING - [GEN a62135aa] [RUN_CASES] Slow evaluation: 120.6s for 150 cases (avg 0.80s/case)
tinker_cookbook.rl.ensemble:1270 [[92mINFO[0m]     [gen/p1] step=2048/22210 active=8/8 mi_stopped=0
tinker_cookbook.rl.ensemble:1270 [[92mINFO[0m]     [gen/p1] step=4096/22210 active=8/8 mi_stopped=0
tinker_cookbook.rl.ensemble:1270 [[92mINFO[0m]     [gen/p1] step=6144/22210 active=8/8 mi_stopped=0
tinker_cookbook.rl.ensemble:1270 [[92mINFO[0m]     [gen/p1] step=8192/22210 active=8/8 mi_stopped=0
tinker_cookbook.rl.ensemble:1270 [[92mINFO[0m]     [gen/p1] step=10240/22210 active=8/8 mi_stopped=0
tinker_cookbook.rl.ensemble:1270 [[92mINFO[0m]     [gen/p1] step=12288/22210 active=8/8 mi_stopped=0
tinker_cookbook.rl.ensemble:1270 [[92mINFO[0m]     [gen/p1] step=14336/22210 active=8/8 mi_stopped=0
tinker_cookbook.rl.ensemble:1270 [[92mINFO[0m]     [gen/p1] step=16384/22210 active=6/8 mi_stopped=0
tinker_cookbook.rl.ensemble:1270 [[92mINFO[0m]     [gen/p1] step=18432/22210 active=5/8 mi_stopped=0
__main__:1078 [[92mINFO[0m]   Group 3: multi-adapter generation 8 seqs in 2810.0s
[36m(run_cases_remote pid=1098005)[0m [2026-07-30 23:25:02,360 E 1098005 1098125] core_worker_process.cc:825: Failed to establish connection to the metrics exporter agent. Metrics will not be exported. Exporter agent status: RpcError: Running out of retries to initialize the metrics agent. rpc_code: 14
[36m(run_cases_remote pid=1098006)[0m [2026-07-30 23:25:02,368 E 1098006 1098217] core_worker_process.cc:825: Failed to establish connection to the metrics exporter agent. Metrics will not be exported. Exporter agent status: RpcError: Running out of retries to initialize the metrics agent. rpc_code: 14
[36m(run_cases_remote pid=1098007)[0m [2026-07-30 23:25:02,372 E 1098007 1098266] core_worker_process.cc:825: Failed to establish connection to the metrics exporter agent. Metrics will not be exported. Exporter agent status: RpcError: Running out of retries to initialize the metrics agent. rpc_code: 14
[36m(run_cases_remote pid=1098008)[0m [2026-07-30 23:25:02,375 E 1098008 1098320] core_worker_process.cc:825: Failed to establish connection to the metrics exporter agent. Metrics will not be exported. Exporter agent status: RpcError: Running out of retries to initialize the metrics agent. rpc_code: 14
[36m(run_cases_remote pid=1098004)[0m [2026-07-30 23:25:02,396 E 1098004 1098444] core_worker_process.cc:825: Failed to establish connection to the metrics exporter agent. Metrics will not be exported. Exporter agent status: RpcError: Running out of retries to initialize the metrics agent. rpc_code: 14
[36m(run_cases_remote pid=1098009)[0m [2026-07-30 23:25:02,382 E 1098009 1098359] core_worker_process.cc:825: Failed to establish connection to the metrics exporter agent. Metrics will not be exported. Exporter agent status: RpcError: Running out of retries to initialize the metrics agent. rpc_code: 14
[36m(run_cases_remote pid=1098010)[0m [2026-07-30 23:25:02,384 E 1098010 1098407] core_worker_process.cc:825: Failed to establish connection to the metrics exporter agent. Metrics will not be exported. Exporter agent status: RpcError: Running out of retries to initialize the metrics agent. rpc_code: 14
[36m(run_single_case_remote pid=1098641)[0m [2026-07-30 23:25:03,914 E 1098641 1098960] core_worker_process.cc:825: Failed to establish connection to the metrics exporter agent. Metrics will not be exported. Exporter agent status: RpcError: Running out of retries to initialize the metrics agent. rpc_code: 14
[36m(run_single_case_remote pid=1099156)[0m [2026-07-30 23:25:06,966 E 1099156 1099191] core_worker_process.cc:825: Failed to establish connection to the metrics exporter agent. Metrics will not be exported. Exporter agent status: RpcError: Running out of retries to initialize the metrics agent. rpc_code: 14
[36m(run_cases_remote pid=1098008)[0m 2026-07-30 23:25:40,422 - WARNING - [GEN b6a23dd4] [RUN_CASES] Early stop: Case 92 failed with TIME_LIMIT_EXCEEDED. Message: Time limit exceeded: CPU time exceeded: 2.240s > 2.0s
[36m(run_cases_remote pid=1098008)[0m 2026-07-30 23:25:40,423 - WARNING - [GEN b6a23dd4] [RUN_CASES] Slow evaluation: 66.6s for 150 cases (avg 0.44s/case)
[36m(run_cases_remote pid=1098009)[0m 2026-07-30 23:25:59,871 - WARNING - [GEN a5f9e6af] [RUN_CASES] Slow evaluation: 86.2s for 150 cases (avg 0.57s/case)
__main__:1096 [[92mINFO[0m]   Group 3: batched ensemble scoring in 94.5s
[36m(run_cases_remote pid=1098005)[0m 2026-07-30 23:26:34,532 - WARNING - [GEN e7b93263] [RUN_CASES] Slow evaluation: 120.8s for 150 cases (avg 0.81s/case)
[36m(run_cases_remote pid=1098006)[0m 2026-07-30 23:27:06,849 - WARNING - [GEN be0a78fa] [RUN_CASES] Slow evaluation: 153.2s for 150 cases (avg 1.02s/case)
[36m(run_cases_remote pid=1098010)[0m 2026-07-30 23:28:01,566 - WARNING - [GEN 44456711] [RUN_CASES] Slow evaluation: 207.8s for 150 cases (avg 1.39s/case)
[36m(run_cases_remote pid=1098007)[0m 2026-07-30 23:28:28,722 - WARNING - [GEN c82101a8] [RUN_CASES] Early stop: Case 92 failed with TIME_LIMIT_EXCEEDED. Message: Time limit exceeded: CPU time exceeded: 2.350s > 2.0s
[36m(run_cases_remote pid=1098007)[0m 2026-07-30 23:28:28,722 - WARNING - [GEN c82101a8] [RUN_CASES] Slow evaluation: 235.0s for 150 cases (avg 1.57s/case)
[36m(run_cases_remote pid=1098004)[0m 2026-07-30 23:28:55,548 - WARNING - [GEN 62cfa628] [RUN_CASES] Slow evaluation: 261.8s for 150 cases (avg 1.75s/case)
__main__:1108 [[92mINFO[0m]   Group 3: rewards computed in 263.5s
__main__:1150 [[92mINFO[0m]     [g3][r1/8] adapter=4 R_exec=0.0000 true_MI=0.01222 RMI=0.0122 R_total=0.0012 correct=0 tokens=17391
__main__:1150 [[92mINFO[0m]     [g3][r2/8] adapter=0 R_exec=1.2362 true_MI=0.01246 RMI=0.0125 R_total=1.2375 correct=1 tokens=18882
__main__:1150 [[92mINFO[0m]     [g3][r3/8] adapter=1 R_exec=1.2361 true_MI=0.01267 RMI=0.0127 R_total=1.2374 correct=1 tokens=15501
__main__:1150 [[92mINFO[0m]     [g3][r4/8] adapter=2 R_exec=0.0000 true_MI=0.01250 RMI=0.0125 R_total=0.0013 correct=0 tokens=19175
__main__:1150 [[92mINFO[0m]     [g3][r5/8] adapter=3 R_exec=0.0000 true_MI=0.01413 RMI=0.0141 R_total=0.0014 correct=0 tokens=20131
__main__:1150 [[92mINFO[0m]     [g3][r6/8] adapter=4 R_exec=1.2361 true_MI=0.01323 RMI=0.0132 R_total=1.2374 correct=1 tokens=15317
__main__:1150 [[92mINFO[0m]     [g3][r7/8] adapter=0 R_exec=1.2532 true_MI=0.01247 RMI=0.0125 R_total=1.2544 correct=1 tokens=19264
__main__:1150 [[92mINFO[0m]     [g3][r8/8] adapter=1 R_exec=1.0169 true_MI=0.01256 RMI=0.0126 R_total=1.0181 correct=1 tokens=20270
__main__:1167 [[92mINFO[0m]   [g3] group true_MI: mean=0.01278 std=0.00062 max=0.01413 normalized=[0.96 0.98 0.99 0.98 1.11 1.04 0.98 0.98]
tinker_cookbook.utils.ml_log:143 [[92mINFO[0m] Wrote metrics to logs/aws/wave4/ahc039-ugttt/metrics.jsonl
tinker_cookbook.utils.ml_log:240 [[92mINFO[0m] Logging to: https://wandb.ai/kriaz-msee20seecs-nust/ugttt-rebuttal/runs/1r8hc8kt
tinker_cookbook.utils.ml_log:143 [[92mINFO[0m] Wrote metrics to logs/aws/wave4/ahc039-ugttt/metrics.jsonl
tinker_cookbook.utils.ml_log:240 [[92mINFO[0m] Logging to: https://wandb.ai/kriaz-msee20seecs-nust/ugttt-rebuttal/runs/1r8hc8kt
tinker_cookbook.utils.ml_log:143 [[92mINFO[0m] Wrote metrics to logs/aws/wave4/ahc039-ugttt/metrics.jsonl
tinker_cookbook.utils.ml_log:240 [[92mINFO[0m] Logging to: https://wandb.ai/kriaz-msee20seecs-nust/ugttt-rebuttal/runs/1r8hc8kt
tinker_cookbook.utils.ml_log:143 [[92mINFO[0m] Wrote metrics to logs/aws/wave4/ahc039-ugttt/metrics.jsonl
tinker_cookbook.utils.ml_log:240 [[92mINFO[0m] Logging to: https://wandb.ai/kriaz-msee20seecs-nust/ugttt-rebuttal/runs/1r8hc8kt
tinker_cookbook.utils.ml_log:143 [[92mINFO[0m] Wrote metrics to logs/aws/wave4/ahc039-ugttt/metrics.jsonl
tinker_cookbook.utils.ml_log:240 [[92mINFO[0m] Logging to: https://wandb.ai/kriaz-msee20seecs-nust/ugttt-rebuttal/runs/1r8hc8kt
tinker_cookbook.utils.ml_log:143 [[92mINFO[0m] Wrote metrics to logs/aws/wave4/ahc039-ugttt/metrics.jsonl
tinker_cookbook.utils.ml_log:240 [[92mINFO[0m] Logging to: https://wandb.ai/kriaz-msee20seecs-nust/ugttt-rebuttal/runs/1r8hc8kt
tinker_cookbook.utils.ml_log:143 [[92mINFO[0m] Wrote metrics to logs/aws/wave4/ahc039-ugttt/metrics.jsonl
tinker_cookbook.utils.ml_log:240 [[92mINFO[0m] Logging to: https://wandb.ai/kriaz-msee20seecs-nust/ugttt-rebuttal/runs/1r8hc8kt
tinker_cookbook.utils.ml_log:143 [[92mINFO[0m] Wrote metrics to logs/aws/wave4/ahc039-ugttt/metrics.jsonl
tinker_cookbook.utils.ml_log:240 [[92mINFO[0m] Logging to: https://wandb.ai/kriaz-msee20seecs-nust/ugttt-rebuttal/runs/1r8hc8kt
__main__:1949 [[92mINFO[0m]   [3][4/8] KEPT | R_exec=0.7473 (max=1.2532) RMI=0.0128 R_total=0.7486 | 3073.6s | GPU: 18.8/19.9GB
tinker_cookbook.utils.ml_log:143 [[92mINFO[0m] Wrote metrics to logs/aws/wave4/ahc039-ugttt/metrics.jsonl
tinker_cookbook.utils.ml_log:240 [[92mINFO[0m] Logging to: https://wandb.ai/kriaz-msee20seecs-nust/ugttt-rebuttal/runs/1r8hc8kt
tinker_cookbook.rl.ensemble:1082 [[92mINFO[0m]   generate_batch_multi_adapter_two_phase: N=8 phase1_max=26000 streaming_mi=False kv_q=False
tinker_cookbook.rl.ensemble:1270 [[92mINFO[0m]     [gen/p1] step=2048/22560 active=8/8 mi_stopped=0
tinker_cookbook.rl.ensemble:1270 [[92mINFO[0m]     [gen/p1] step=4096/22560 active=8/8 mi_stopped=0
tinker_cookbook.rl.ensemble:1270 [[92mINFO[0m]     [gen/p1] step=6144/22560 active=8/8 mi_stopped=0
tinker_cookbook.rl.ensemble:1270 [[92mINFO[0m]     [gen/p1] step=8192/22560 active=8/8 mi_stopped=0
tinker_cookbook.rl.ensemble:1270 [[92mINFO[0m]     [gen/p1] step=10240/22560 active=8/8 mi_stopped=0
tinker_cookbook.rl.ensemble:1270 [[92mINFO[0m]     [gen/p1] step=12288/22560 active=8/8 mi_stopped=0
tinker_cookbook.rl.ensemble:1270 [[92mINFO[0m]     [gen/p1] step=14336/22560 active=8/8 mi_stopped=0
tinker_cookbook.rl.ensemble:1270 [[92mINFO[0m]     [gen/p1] step=16384/22560 active=5/8 mi_stopped=0
tinker_cookbook.rl.ensemble:1270 [[92mINFO[0m]     [gen/p1] step=18432/22560 active=2/8 mi_stopped=0
__main__:1078 [[92mINFO[0m]   Group 4: multi-adapter generation 8 seqs in 2540.4s
[36m(run_cases_remote pid=1113203)[0m [2026-07-31 00:11:46,399 E 1113203 1113637] core_worker_process.cc:825: Failed to establish connection to the metrics exporter agent. Metrics will not be exported. Exporter agent status: RpcError: Running out of retries to initialize the metrics agent. rpc_code: 14
[36m(run_cases_remote pid=1113202)[0m [2026-07-31 00:11:46,385 E 1113202 1113466] core_worker_process.cc:825: Failed to establish connection to the metrics exporter agent. Metrics will not be exported. Exporter agent status: RpcError: Running out of retries to initialize the metrics agent. rpc_code: 14
[36m(run_cases_remote pid=1113198)[0m [2026-07-31 00:11:46,375 E 1113198 1113298] core_worker_process.cc:825: Failed to establish connection to the metrics exporter agent. Metrics will not be exported. Exporter agent status: RpcError: Running out of retries to initialize the metrics agent. rpc_code: 14
[36m(run_cases_remote pid=1113199)[0m [2026-07-31 00:11:46,377 E 1113199 1113372] core_worker_process.cc:825: Failed to establish connection to the metrics exporter agent. Metrics will not be exported. Exporter agent status: RpcError: Running out of retries to initialize the metrics agent. rpc_code: 14
[36m(run_cases_remote pid=1113204)[0m [2026-07-31 00:11:46,393 E 1113204 1113584] core_worker_process.cc:825: Failed to establish connection to the metrics exporter agent. Metrics will not be exported. Exporter agent status: RpcError: Running out of retries to initialize the metrics agent. rpc_code: 14
[36m(run_single_case_remote pid=1113843)[0m [2026-07-31 00:11:48,881 E 1113843 1114103] core_worker_process.cc:825: Failed to establish connection to the metrics exporter agent. Metrics will not be exported. Exporter agent status: RpcError: Running out of retries to initialize the metrics agent. rpc_code: 14
[36m(run_single_case_remote pid=1114362)[0m [2026-07-31 00:11:52,234 E 1114362 1114397] core_worker_process.cc:825: Failed to establish connection to the metrics exporter agent. Metrics will not be exported. Exporter agent status: RpcError: Running out of retries to initialize the metrics agent. rpc_code: 14
__main__:1096 [[92mINFO[0m]   Group 4: batched ensemble scoring in 87.5s
[36m(run_cases_remote pid=1113200)[0m 2026-07-31 00:13:11,928 - WARNING - [GEN a2a0bb22] [RUN_CASES] Early stop: Case 79 failed with TIME_LIMIT_EXCEEDED. Message: Time limit exceeded: CPU limit exceeded (prlimit killed process)
[36m(run_cases_remote pid=1113200)[0m 2026-07-31 00:13:11,929 - WARNING - [GEN a2a0bb22] [RUN_CASES] Slow evaluation: 113.2s for 150 cases (avg 0.75s/case)
[36m(run_cases_remote pid=1113197)[0m 2026-07-31 00:14:03,965 - WARNING - [GEN 5cfa2b18] [RUN_CASES] Slow evaluation: 165.4s for 150 cases (avg 1.10s/case)
[36m(run_cases_remote pid=1113198)[0m 2026-07-31 00:15:04,430 - WARNING - [GEN f96dc70e] [RUN_CASES] Early stop: Case 58 failed with TIME_LIMIT_EXCEEDED. Message: Time limit exceeded: CPU limit exceeded (prlimit killed process)
[36m(run_cases_remote pid=1113198)[0m 2026-07-31 00:15:04,430 - WARNING - [GEN f96dc70e] [RUN_CASES] Slow evaluation: 225.8s for 150 cases (avg 1.51s/case)
[36m(run_cases_remote pid=1113203)[0m 2026-07-31 00:16:45,030 - WARNING - [GEN 4e366461] [RUN_CASES] Early stop: Case 121 failed with TIME_LIMIT_EXCEEDED. Message: Time limit exceeded: CPU time exceeded: 2.880s > 2.0s
[36m(run_cases_remote pid=1113203)[0m 2026-07-31 00:16:45,031 - WARNING - [GEN 4e366461] [RUN_CASES] Slow evaluation: 326.3s for 150 cases (avg 2.18s/case)
[36m(run_cases_remote pid=1113199)[0m 2026-07-31 00:17:43,527 - WARNING - [GEN 0afd2009] [RUN_CASES] Slow evaluation: 384.9s for 150 cases (avg 2.57s/case)
[36m(run_cases_remote pid=1113204)[0m 2026-07-31 00:18:08,164 - WARNING - [GEN 4e132ba2] [RUN_CASES] Early stop: Case 42 failed with TIME_LIMIT_EXCEEDED. Message: Time limit exceeded: CPU time exceeded: 2.330s > 2.0s
[36m(run_cases_remote pid=1113204)[0m 2026-07-31 00:18:08,165 - WARNING - [GEN 4e132ba2] [RUN_CASES] Slow evaluation: 409.5s for 150 cases (avg 2.73s/case)
[36m(run_cases_remote pid=1113201)[0m 2026-07-31 00:19:47,000 - WARNING - [GEN 973b835f] [RUN_CASES] Early stop: Case 102 failed with TIME_LIMIT_EXCEEDED. Message: Time limit exceeded: CPU limit exceeded (prlimit killed process)
[36m(run_cases_remote pid=1113201)[0m 2026-07-31 00:19:47,001 - WARNING - [GEN 973b835f] [RUN_CASES] Slow evaluation: 508.0s for 150 cases (avg 3.39s/case)
__main__:1108 [[92mINFO[0m]   Group 4: rewards computed in 584.2s
__main__:1150 [[92mINFO[0m]     [g4][r1/8] adapter=4 R_exec=0.0000 true_MI=0.01290 RMI=0.0129 R_total=0.0013 correct=0 tokens=16347
__main__:1150 [[92mINFO[0m]     [g4][r2/8] adapter=0 R_exec=1.1898 true_MI=0.01251 RMI=0.0125 R_total=1.1911 correct=1 tokens=16812
__main__:1150 [[92mINFO[0m]     [g4][r3/8] adapter=1 R_exec=0.0000 true_MI=0.01146 RMI=0.0115 R_total=0.0011 correct=0 tokens=17512
__main__:1150 [[92mINFO[0m]     [g4][r4/8] adapter=2 R_exec=0.0000 true_MI=0.01133 RMI=0.0113 R_total=0.0011 correct=0 tokens=18618
__main__:1150 [[92mINFO[0m]     [g4][r5/8] adapter=3 R_exec=0.0000 true_MI=0.01258 RMI=0.0126 R_total=0.0013 correct=0 tokens=19143
__main__:1150 [[92mINFO[0m]     [g4][r6/8] adapter=4 R_exec=0.0000 true_MI=0.01150 RMI=0.0115 R_total=0.0011 correct=0 tokens=18421
__main__:1150 [[92mINFO[0m]     [g4][r7/8] adapter=0 R_exec=1.1898 true_MI=0.01299 RMI=0.0130 R_total=1.1911 correct=1 tokens=15244
__main__:1150 [[92mINFO[0m]     [g4][r8/8] adapter=1 R_exec=1.1898 true_MI=0.01378 RMI=0.0138 R_total=1.1912 correct=1 tokens=15648
__main__:1167 [[92mINFO[0m]   [g4] group true_MI: mean=0.01238 std=0.00088 max=0.01378 normalized=[1.04 1.01 0.93 0.91 1.02 0.93 1.05 1.11]
[36m(run_cases_remote pid=1113202)[0m 2026-07-31 00:21:00,184 - WARNING - [GEN 1d77802a] [RUN_CASES] Slow evaluation: 581.6s for 150 cases (avg 3.88s/case)
tinker_cookbook.utils.ml_log:143 [[92mINFO[0m] Wrote metrics to logs/aws/wave4/ahc039-ugttt/metrics.jsonl
tinker_cookbook.utils.ml_log:240 [[92mINFO[0m] Logging to: https://wandb.ai/kriaz-msee20seecs-nust/ugttt-rebuttal/runs/1r8hc8kt
tinker_cookbook.utils.ml_log:143 [[92mINFO[0m] Wrote metrics to logs/aws/wave4/ahc039-ugttt/metrics.jsonl
tinker_cookbook.utils.ml_log:240 [[92mINFO[0m] Logging to: https://wandb.ai/kriaz-msee20seecs-nust/ugttt-rebuttal/runs/1r8hc8kt
tinker_cookbook.utils.ml_log:143 [[92mINFO[0m] Wrote metrics to logs/aws/wave4/ahc039-ugttt/metrics.jsonl
tinker_cookbook.utils.ml_log:240 [[92mINFO[0m] Logging to: https://wandb.ai/kriaz-msee20seecs-nust/ugttt-rebuttal/runs/1r8hc8kt
tinker_cookbook.utils.ml_log:143 [[92mINFO[0m] Wrote metrics to logs/aws/wave4/ahc039-ugttt/metrics.jsonl
tinker_cookbook.utils.ml_log:240 [[92mINFO[0m] Logging to: https://wandb.ai/kriaz-msee20seecs-nust/ugttt-rebuttal/runs/1r8hc8kt
tinker_cookbook.utils.ml_log:143 [[92mINFO[0m] Wrote metrics to logs/aws/wave4/ahc039-ugttt/metrics.jsonl
tinker_cookbook.utils.ml_log:240 [[92mINFO[0m] Logging to: https://wandb.ai/kriaz-msee20seecs-nust/ugttt-rebuttal/runs/1r8hc8kt
tinker_cookbook.utils.ml_log:143 [[92mINFO[0m] Wrote metrics to logs/aws/wave4/ahc039-ugttt/metrics.jsonl
tinker_cookbook.utils.ml_log:240 [[92mINFO[0m] Logging to: https://wandb.ai/kriaz-msee20seecs-nust/ugttt-rebuttal/runs/1r8hc8kt
tinker_cookbook.utils.ml_log:143 [[92mINFO[0m] Wrote metrics to logs/aws/wave4/ahc039-ugttt/metrics.jsonl
tinker_cookbook.utils.ml_log:240 [[92mINFO[0m] Logging to: https://wandb.ai/kriaz-msee20seecs-nust/ugttt-rebuttal/runs/1r8hc8kt
tinker_cookbook.utils.ml_log:143 [[92mINFO[0m] Wrote metrics to logs/aws/wave4/ahc039-ugttt/metrics.jsonl
tinker_cookbook.utils.ml_log:240 [[92mINFO[0m] Logging to: https://wandb.ai/kriaz-msee20seecs-nust/ugttt-rebuttal/runs/1r8hc8kt
__main__:1949 [[92mINFO[0m]   [3][5/8] KEPT | R_exec=0.4462 (max=1.1898) RMI=0.0124 R_total=0.4474 | 3124.6s | GPU: 18.8/19.7GB
tinker_cookbook.utils.ml_log:143 [[92mINFO[0m] Wrote metrics to logs/aws/wave4/ahc039-ugttt/metrics.jsonl
tinker_cookbook.utils.ml_log:240 [[92mINFO[0m] Logging to: https://wandb.ai/kriaz-msee20seecs-nust/ugttt-rebuttal/runs/1r8hc8kt
tinker_cookbook.rl.ensemble:1082 [[92mINFO[0m]   generate_batch_multi_adapter_two_phase: N=8 phase1_max=26000 streaming_mi=False kv_q=False
tinker_cookbook.rl.ensemble:1270 [[92mINFO[0m]     [gen/p1] step=2048/21904 active=7/8 mi_stopped=0
tinker_cookbook.rl.ensemble:1270 [[92mINFO[0m]     [gen/p1] step=4096/21904 active=4/8 mi_stopped=0
tinker_cookbook.rl.ensemble:1270 [[92mINFO[0m]     [gen/p1] step=6144/21904 active=4/8 mi_stopped=0
tinker_cookbook.rl.ensemble:1270 [[92mINFO[0m]     [gen/p1] step=8192/21904 active=4/8 mi_stopped=0
tinker_cookbook.rl.ensemble:1270 [[92mINFO[0m]     [gen/p1] step=10240/21904 active=3/8 mi_stopped=0
tinker_cookbook.rl.ensemble:1270 [[92mINFO[0m]     [gen/p1] step=12288/21904 active=3/8 mi_stopped=0
tinker_cookbook.rl.ensemble:1270 [[92mINFO[0m]     [gen/p1] step=14336/21904 active=3/8 mi_stopped=0
tinker_cookbook.rl.ensemble:1270 [[92mINFO[0m]     [gen/p1] step=16384/21904 active=1/8 mi_stopped=0
tinker_cookbook.rl.ensemble:1270 [[92mINFO[0m]     [gen/p1] step=18432/21904 active=1/8 mi_stopped=0
tinker_cookbook.rl.ensemble:1270 [[92mINFO[0m]     [gen/p1] step=20480/21904 active=1/8 mi_stopped=0
__main__:1078 [[92mINFO[0m]   Group 5: multi-adapter generation 8 seqs in 3076.8s
[36m(run_cases_remote pid=1129431)[0m [2026-07-31 01:12:47,401 E 1129431 1129585] core_worker_process.cc:825: Failed to establish connection to the metrics exporter agent. Metrics will not be exported. Exporter agent status: RpcError: Running out of retries to initialize the metrics agent. rpc_code: 14
[36m(run_cases_remote pid=1129433)[0m [2026-07-31 01:12:47,402 E 1129433 1129655] core_worker_process.cc:825: Failed to establish connection to the metrics exporter agent. Metrics will not be exported. Exporter agent status: RpcError: Running out of retries to initialize the metrics agent. rpc_code: 14
[36m(run_cases_remote pid=1129432)[0m [2026-07-31 01:12:47,401 E 1129432 1129603] core_worker_process.cc:825: Failed to establish connection to the metrics exporter agent. Metrics will not be exported. Exporter agent status: RpcError: Running out of retries to initialize the metrics agent. rpc_code: 14
[36m(run_single_case_remote pid=1130023)[0m [2026-07-31 01:12:49,871 E 1130023 1130277] core_worker_process.cc:825: Failed to establish connection to the metrics exporter agent. Metrics will not be exported. Exporter agent status: RpcError: Running out of retries to initialize the metrics agent. rpc_code: 14
[36m(run_single_case_remote pid=1130507)[0m [2026-07-31 01:12:52,838 E 1130507 1130559] core_worker_process.cc:825: Failed to establish connection to the metrics exporter agent. Metrics will not be exported. Exporter agent status: RpcError: Running out of retries to initialize the metrics agent. rpc_code: 14
__main__:1096 [[92mINFO[0m]   Group 5: batched ensemble scoring in 54.8s
[36m(run_cases_remote pid=1129430)[0m 2026-07-31 01:13:26,162 - WARNING - [GEN de0815ca] [RUN_CASES] Slow evaluation: 66.5s for 150 cases (avg 0.44s/case)
[36m(run_cases_remote pid=1129434)[0m 2026-07-31 01:13:56,712 - WARNING - [GEN 7eae4ee1] [RUN_CASES] Slow evaluation: 97.1s for 150 cases (avg 0.65s/case)
[36m(run_cases_remote pid=1129435)[0m 2026-07-31 01:14:22,773 - WARNING - [GEN ca7c8f38] [RUN_CASES] Slow evaluation: 123.2s for 150 cases (avg 0.82s/case)
[36m(run_single_case_remote pid=1130507)[0m 2026-07-31 01:14:23,258 - ERROR - Command failed with exit code 1: wrong answer: Out of range: 23896
[36m(run_single_case_remote pid=1130507)[0m 
[36m(run_single_case_remote pid=1130507)[0m 2026-07-31 01:14:24,311 - ERROR - Command failed with exit code 1: wrong answer: Out of range: 45035
[36m(run_single_case_remote pid=1130507)[0m 
[36m(run_single_case_remote pid=1130507)[0m 2026-07-31 01:14:25,460 - ERROR - Command failed with exit code 1: wrong answer: Out of range: 9920
[36m(run_single_case_remote pid=1130507)[0m 
[36m(run_single_case_remote pid=1130507)[0m 2026-07-31 01:14:26,596 - ERROR - Command failed with exit code 1: wrong answer: Out of range: 17296
[36m(run_single_case_remote pid=1130507)[0m 
[36m(run_single_case_remote pid=1130020)[0m 2026-07-31 01:14:27,569 - ERROR - Command failed with exit code 1: wrong answer: Out of range: 61437
[36m(run_single_case_remote pid=1130020)[0m 
[36m(run_single_case_remote pid=1130020)[0m 2026-07-31 01:14:28,777 - ERROR - Command failed with exit code 1: wrong answer: Out of range: 44886
[36m(run_single_case_remote pid=1130020)[0m 
[36m(run_single_case_remote pid=1130507)[0m 2026-07-31 01:14:28,797 - ERROR - Command failed with exit code 1: wrong answer: Out of range: 25389
[36m(run_single_case_remote pid=1130507)[0m 
[36m(run_single_case_remote pid=1130507)[0m 2026-07-31 01:14:29,802 - ERROR - Command failed with exit code 1: wrong answer: Out of range: 14821
[36m(run_single_case_remote pid=1130507)[0m 
[36m(run_single_case_remote pid=1130507)[0m 2026-07-31 01:14:30,963 - ERROR - Command failed with exit code 1: wrong answer: Out of range: 54511
[36m(run_single_case_remote pid=1130507)[0m 
[36m(run_single_case_remote pid=1130507)[0m 2026-07-31 01:14:32,029 - ERROR - Command failed with exit code 1: wrong answer: Out of range: 23623
[36m(run_single_case_remote pid=1130507)[0m 
[36m(run_single_case_remote pid=1130507)[0m 2026-07-31 01:14:33,185 - ERROR - Command failed with exit code 1: wrong answer: Out of range: 9456
[36m(run_single_case_remote pid=1130507)[0m 
[36m(run_single_case_remote pid=1130507)[0m 2026-07-31 01:14:34,282 - ERROR - Command failed with exit code 1: wrong answer: Out of range: 16295
[36m(run_single_case_remote pid=1130507)[0m 
[36m(run_single_case_remote pid=1130023)[0m 2026-07-31 01:14:34,968 - ERROR - Command failed with exit code 1: wrong answer: Out of range: 13880
[36m(run_single_case_remote pid=1130023)[0m 
[36m(run_single_case_remote pid=1130507)[0m 2026-07-31 01:14:35,246 - ERROR - Command failed with exit code 1: wrong answer: Out of range: 18917
[36m(run_single_case_remote pid=1130507)[0m 
[36m(run_single_case_remote pid=1130507)[0m 2026-07-31 01:14:36,320 - ERROR - Command failed with exit code 1: wrong answer: Out of range: 45623
[36m(run_single_case_remote pid=1130507)[0m 
[36m(run_single_case_remote pid=1130023)[0m [ERROR] Command failed with exit code 1: wrong answer: Out of range: 17158
[36m(run_single_case_remote pid=1130023)[0m 
[36m(run_single_case_remote pid=1130023)[0m [ERROR] Command failed with exit code 1: wrong answer: Out of range: 13359
[36m(run_single_case_remote pid=1130023)[0m 
[36m(run_single_case_remote pid=1130023)[0m [ERROR] Command failed with exit code 1: wrong answer: Out of range: 12648
[36m(run_single_case_remote pid=1130023)[0m 
[36m(run_single_case_remote pid=1130023)[0m [ERROR] Command failed with exit code 1: wrong answer: Out of range: 39766
[36m(run_single_case_remote pid=1130023)[0m 
[36m(run_single_case_remote pid=1130023)[0m [ERROR] Command failed with exit code 1: wrong answer: Out of range: 5412
[36m(run_single_case_remote pid=1130023)[0m 
[36m(run_single_case_remote pid=1130023)[0m [ERROR] Command failed with exit code 1: wrong answer: Out of range: 14386
[36m(run_single_case_remote pid=1130023)[0m 
[36m(run_single_case_remote pid=1130023)[0m [ERROR] Command failed with exit code 1: wrong answer: Out of range: 18728
[36m(run_single_case_remote pid=1130023)[0m 
[36m(run_single_case_remote pid=1130023)[0m [ERROR] Command failed with exit code 1: wrong answer: Out of range: 40410
[36m(run_single_case_remote pid=1130023)[0m 
[36m(run_single_case_remote pid=1130023)[0m [ERROR] Command failed with exit code 1: wrong answer: Out of range: 24605
[36m(run_single_case_remote pid=1130023)[0m 
[36m(run_single_case_remote pid=1130023)[0m [ERROR] Command failed with exit code 1: wrong answer: Out of range: 44219
[36m(run_single_case_remote pid=1130023)[0m 
[36m(run_single_case_remote pid=1130023)[0m [ERROR] Command failed with exit code 1: wrong answer: Out of range: 28808
[36m(run_single_case_remote pid=1130023)[0m 
[36m(run_single_case_remote pid=1130023)[0m [ERROR] Command failed with exit code 1: wrong answer: Out of range: 56142
[36m(run_single_case_remote pid=1130023)[0m 
[36m(run_single_case_remote pid=1130023)[0m [ERROR] Command failed with exit code 1: wrong answer: Out of range: 67280
[36m(run_single_case_remote pid=1130023)[0m 
[36m(run_single_case_remote pid=1130023)[0m [ERROR] Command failed with exit code 1: wrong answer: Out of range: 11454
[36m(run_single_case_remote pid=1130023)[0m 
[36m(run_single_case_remote pid=1130023)[0m [ERROR] Command failed with exit code 1: wrong answer: Out of range: 14369
[36m(run_single_case_remote pid=1130023)[0m 
[36m(run_single_case_remote pid=1130023)[0m [ERROR] Command failed with exit code 1: wrong answer: Out of range: 8256
[36m(run_single_case_remote pid=1130023)[0m 
[36m(run_single_case_remote pid=1130023)[0m [ERROR] Command failed with exit code 1: wrong answer: Out of range: 19224
[36m(run_single_case_remote pid=1130023)[0m 
[36m(run_single_case_remote pid=1130023)[0m [ERROR] Command failed with exit code 1: wrong answer: Out of range: 18173
[36m(run_single_case_remote pid=1130023)[0m 
[36m(run_single_case_remote pid=1130023)[0m [ERROR] Command failed with exit code 1: wrong answer: Out of range: 10145
[36m(run_single_case_remote pid=1130023)[0m 
[36m(run_single_case_remote pid=1130023)[0m [ERROR] Command failed with exit code 1: wrong answer: Out of range: 45107
[36m(run_single_case_remote pid=1130023)[0m 
[36m(run_single_case_remote pid=1130023)[0m [ERROR] Command failed with exit code 1: wrong answer: Out of range: 7070
[36m(run_single_case_remote pid=1130023)[0m 
[36m(run_single_case_remote pid=1130023)[0m [ERROR] Command failed with exit code 1: wrong answer: Out of range: 11812
[36m(run_single_case_remote pid=1130023)[0m 
[36m(run_single_case_remote pid=1130023)[0m [ERROR] Command failed with exit code 1: wrong answer: Out of range: 26802
[36m(run_single_case_remote pid=1130023)[0m 
[36m(run_single_case_remote pid=1130023)[0m [ERROR] Command failed with exit code 1: wrong answer: Out of range: 16776
[36m(run_single_case_remote pid=1130023)[0m 
[36m(run_single_case_remote pid=1130020)[0m [ERROR] Command failed with exit code 1: wrong answer: Out of range: 41827
[36m(run_single_case_remote pid=1130020)[0m 
[36m(run_single_case_remote pid=1130023)[0m [ERROR] Command failed with exit code 1: wrong answer: Out of range: 16967
[36m(run_single_case_remote pid=1130023)[0m 
[36m(run_single_case_remote pid=1130020)[0m [ERROR] Command failed with exit code 1: wrong answer: Out of range: 19019
[36m(run_single_case_remote pid=1130020)[0m 
[36m(run_single_case_remote pid=1130023)[0m [ERROR] Command failed with exit code 1: wrong answer: Out of range: 8883
[36m(run_single_case_remote pid=1130023)[0m 
[36m(run_single_case_remote pid=1130020)[0m [ERROR] Command failed with exit code 1: wrong answer: Out of range: 51853
[36m(run_single_case_remote pid=1130020)[0m 
[36m(run_single_case_remote pid=1130023)[0m [ERROR] Command failed with exit code 1: wrong answer: Out of range: 16196
[36m(run_single_case_remote pid=1130023)[0m 
[36m(run_single_case_remote pid=1130020)[0m [ERROR] Command failed with exit code 1: wrong answer: Out of range: 61437
[36m(run_single_case_remote pid=1130020)[0m 
[36m(run_single_case_remote pid=1130507)[0m [ERROR] Command failed with exit code 1: wrong answer: Out of range: 64362
[36m(run_single_case_remote pid=1130507)[0m 
[36m(run_single_case_remote pid=1130023)[0m [ERROR] Command failed with exit code 1: wrong answer: Out of range: 48384
[36m(run_single_case_remote pid=1130023)[0m 
[36m(run_single_case_remote pid=1130020)[0m [ERROR] Command failed with exit code 1: wrong answer: Out of range: 44886
[36m(run_single_case_remote pid=1130020)[0m 
[36m(run_single_case_remote pid=1130023)[0m [ERROR] Command failed with exit code 1: wrong answer: Out of range: 13270
[36m(run_single_case_remote pid=1130023)[0m 
[36m(run_single_case_remote pid=1130020)[0m [ERROR] Command failed with exit code 1: wrong answer: Out of range: 15797
[36m(run_single_case_remote pid=1130020)[0m 
[36m(run_single_case_remote pid=1130023)[0m [ERROR] Command failed with exit code 1: wrong answer: Out of range: 13998
[36m(run_single_case_remote pid=1130023)[0m 
[36m(run_single_case_remote pid=1130020)[0m [ERROR] Command failed with exit code 1: wrong answer: Out of range: 27049
[36m(run_single_case_remote pid=1130020)[0m 
[36m(run_single_case_remote pid=1130023)[0m [ERROR] Command failed with exit code 1: wrong answer: Out of range: 55114
[36m(run_single_case_remote pid=1130023)[0m 
[36m(run_single_case_remote pid=1130020)[0m [ERROR] Command failed with exit code 1: wrong answer: Out of range: 11181
[36m(run_single_case_remote pid=1130020)[0m 
[36m(run_single_case_remote pid=1130023)[0m [ERROR] Command failed with exit code 1: wrong answer: Out of range: 57086
[36m(run_single_case_remote pid=1130023)[0m 
[36m(run_single_case_remote pid=1130020)[0m [ERROR] Command failed with exit code 1: wrong answer: Out of range: 12527
[36m(run_single_case_remote pid=1130020)[0m 
[36m(run_single_case_remote pid=1130023)[0m [ERROR] Command failed with exit code 1: wrong answer: Out of range: 8041
[36m(run_single_case_remote pid=1130023)[0m 
[36m(run_single_case_remote pid=1130020)[0m [ERROR] Command failed with exit code 1: wrong answer: Out of range: 56511
[36m(run_single_case_remote pid=1130020)[0m 
[36m(run_single_case_remote pid=1130023)[0m [ERROR] Command failed with exit code 1: wrong answer: Out of range: 13880
[36m(run_single_case_remote pid=1130023)[0m 
[36m(run_single_case_remote pid=1130020)[0m [ERROR] Command failed with exit code 1: wrong answer: Out of range: 15501
[36m(run_single_case_remote pid=1130020)[0m 
[36m(run_single_case_remote pid=1130023)[0m [ERROR] Command failed with exit code 1: wrong answer: Out of range: 9747
[36m(run_single_case_remote pid=1130023)[0m 
[36m(run_single_case_remote pid=1130020)[0m [ERROR] Command failed with exit code 1: wrong answer: Out of range: 63832
[36m(run_single_case_remote pid=1130020)[0m 
[36m(run_single_case_remote pid=1130023)[0m [ERROR] Command failed with exit code 1: wrong answer: Out of range: 10365
[36m(run_single_case_remote pid=1130023)[0m [36m(run_single_case_remote pid=1130507)[0m 2026-07-31 01:14:37,465 - ERROR - Command failed with exit code 1: wrong answer: Out of range: 10082
[36m(run_single_case_remote pid=1130507)[0m 
[36m(run_single_case_remote pid=1130507)[0m 2026-07-31 01:14:38,650 - ERROR - Command failed with exit code 1: wrong answer: Out of range: 15302
[36m(run_single_case_remote pid=1130507)[0m 
[36m(run_single_case_remote pid=1130023)[0m 2026-07-31 01:14:39,539 - ERROR - Command failed with exit code 1: wrong answer: Out of range: 11816
[36m(run_single_case_remote pid=1130023)[0m 
[36m(run_single_case_remote pid=1130507)[0m 2026-07-31 01:14:39,886 - ERROR - Command failed with exit code 1: wrong answer: Out of range: 63691
[36m(run_single_case_remote pid=1130507)[0m 
[36m(run_single_case_remote pid=1130507)[0m 2026-07-31 01:14:40,928 - ERROR - Command failed with exit code 1: wrong answer: Out of range: 45724
[36m(run_single_case_remote pid=1130507)[0m 
[36m(run_single_case_remote pid=1130507)[0m 2026-07-31 01:14:42,026 - ERROR - Command failed with exit code 1: wrong answer: Out of range: 7772
[36m(run_single_case_remote pid=1130507)[0m 
[36m(run_single_case_remote pid=1130507)[0m 2026-07-31 01:14:43,105 - ERROR - Command failed with exit code 1: wrong answer: Out of range: 18925
[36m(run_single_case_remote pid=1130507)[0m 
[36m(run_single_case_remote pid=1130020)[0m 2026-07-31 01:14:43,301 - ERROR - Command failed with exit code 1: wrong answer: Out of range: 7664
[36m(run_single_case_remote pid=1130020)[0m 
[36m(run_single_case_remote pid=1130023)[0m 2026-07-31 01:14:43,604 - ERROR - Command failed with exit code 1: wrong answer: Out of range: 5031
[36m(run_single_case_remote pid=1130023)[0m 
[36m(run_single_case_remote pid=1130507)[0m 2026-07-31 01:14:44,350 - ERROR - Command failed with exit code 1: wrong answer: Out of range: 10258
[36m(run_single_case_remote pid=1130507)[0m 
[36m(run_single_case_remote pid=1130507)[0m 2026-07-31 01:14:45,543 - ERROR - Command failed with exit code 1: wrong answer: Out of range: 15994
[36m(run_single_case_remote pid=1130507)[0m 
[36m(run_single_case_remote pid=1130507)[0m 2026-07-31 01:14:46,726 - ERROR - Command failed with exit code 1: wrong answer: Out of range: 38639
[36m(run_single_case_remote pid=1130507)[0m 
[36m(run_single_case_remote pid=1130507)[0m 2026-07-31 01:14:47,816 - ERROR - Command failed with exit code 1: wrong answer: Out of range: 6769
[36m(run_single_case_remote pid=1130507)[0m 
[36m(run_single_case_remote pid=1130507)[0m 2026-07-31 01:14:49,013 - ERROR - Command failed with exit code 1: wrong answer: Out of range: 15759
[36m(run_single_case_remote pid=1130507)[0m 
[36m(run_single_case_remote pid=1130507)[0m 2026-07-31 01:14:50,157 - ERROR - Command failed with exit code 1: wrong answer: Out of range: 14720
[36m(run_single_case_remote pid=1130507)[0m 
[36m(run_single_case_remote pid=1130507)[0m 2026-07-31 01:14:51,390 - ERROR - Command failed with exit code 1: wrong answer: Out of range: 52137
[36m(run_single_case_remote pid=1130507)[0m 
[36m(run_cases_remote pid=1129433)[0m 2026-07-31 01:14:52,482 - WARNING - [GEN cc7bffcc] [RUN_CASES] Early stop: Case 101 failed with WRONG_ANSWER. Message: Wrong answer.
[36m(run_cases_remote pid=1129433)[0m Standard error:
[36m(run_cases_remote pid=1129433)[0m wrong answer: Out of range: 9743
[36m(run_cases_remote pid=1129433)[0m 2026-07-31 01:14:52,483 - WARNING - [GEN cc7bffcc] [RUN_CASES] Slow evaluation: 152.8s for 150 cases (avg 1.02s/case)
__main__:1108 [[92mINFO[0m]   Group 5: rewards computed in 181.9s
__main__:1150 [[92mINFO[0m]     [g5][r1/8] adapter=4 R_exec=0.0000 true_MI=0.01062 RMI=0.0106 R_total=0.0011 correct=0 tokens=14616
__main__:1150 [[92mINFO[0m]     [g5][r2/8] adapter=0 R_exec=0.0000 true_MI=0.01389 RMI=0.0139 R_total=0.0014 correct=0 tokens=2901
__main__:1150 [[92mINFO[0m]     [g5][r3/8] adapter=1 R_exec=1.0169 true_MI=0.01233 RMI=0.0123 R_total=1.0181 correct=1 tokens=21423
__main__:1150 [[92mINFO[0m]     [g5][r4/8] adapter=2 R_exec=0.0000 true_MI=0.01470 RMI=0.0147 R_total=0.0015 correct=0 tokens=1938
__main__:1150 [[92mINFO[0m]     [g5][r5/8] adapter=3 R_exec=1.0169 true_MI=0.01409 RMI=0.0141 R_total=1.0183 correct=1 tokens=2651
__main__:1150 [[92mINFO[0m]     [g5][r6/8] adapter=4 R_exec=1.0165 true_MI=0.01131 RMI=0.0113 R_total=1.0176 correct=1 tokens=16127
__main__:1150 [[92mINFO[0m]     [g5][r7/8] adapter=0 R_exec=1.0169 true_MI=0.01128 RMI=0.0113 R_total=1.0180 correct=1 tokens=3819
__main__:1150 [[92mINFO[0m]     [g5][r8/8] adapter=1 R_exec=1.0169 true_MI=0.01172 RMI=0.0117 R_total=1.0180 correct=1 tokens=10233
__main__:1167 [[92mINFO[0m]   [g5] group true_MI: mean=0.01249 std=0.00153 max=0.01470 normalized=[0.85 1.11 0.99 1.18 1.13 0.91 0.90 0.94]
[36m(run_cases_remote pid=1129431)[0m 2026-07-31 01:15:18,952 - WARNING - [GEN 6b60487a] [RUN_CASES] Slow evaluation: 179.3s for 150 cases (avg 1.20s/case)
tinker_cookbook.utils.ml_log:143 [[92mINFO[0m] Wrote metrics to logs/aws/wave4/ahc039-ugttt/metrics.jsonl
tinker_cookbook.utils.ml_log:240 [[92mINFO[0m] Logging to: https://wandb.ai/kriaz-msee20seecs-nust/ugttt-rebuttal/runs/1r8hc8kt
tinker_cookbook.utils.ml_log:143 [[92mINFO[0m] Wrote metrics to logs/aws/wave4/ahc039-ugttt/metrics.jsonl
tinker_cookbook.utils.ml_log:240 [[92mINFO[0m] Logging to: https://wandb.ai/kriaz-msee20seecs-nust/ugttt-rebuttal/runs/1r8hc8kt
tinker_cookbook.utils.ml_log:143 [[92mINFO[0m] Wrote metrics to logs/aws/wave4/ahc039-ugttt/metrics.jsonl
tinker_cookbook.utils.ml_log:240 [[92mINFO[0m] Logging to: https://wandb.ai/kriaz-msee20seecs-nust/ugttt-rebuttal/runs/1r8hc8kt
tinker_cookbook.utils.ml_log:143 [[92mINFO[0m] Wrote metrics to logs/aws/wave4/ahc039-ugttt/metrics.jsonl
tinker_cookbook.utils.ml_log:240 [[92mINFO[0m] Logging to: https://wandb.ai/kriaz-msee20seecs-nust/ugttt-rebuttal/runs/1r8hc8kt
tinker_cookbook.utils.ml_log:143 [[92mINFO[0m] Wrote metrics to logs/aws/wave4/ahc039-ugttt/metrics.jsonl
tinker_cookbook.utils.ml_log:240 [[92mINFO[0m] Logging to: https://wandb.ai/kriaz-msee20seecs-nust/ugttt-rebuttal/runs/1r8hc8kt
tinker_cookbook.utils.ml_log:143 [[92mINFO[0m] Wrote metrics to logs/aws/wave4/ahc039-ugttt/metrics.jsonl
tinker_cookbook.utils.ml_log:240 [[92mINFO[0m] Logging to: https://wandb.ai/kriaz-msee20seecs-nust/ugttt-rebuttal/runs/1r8hc8kt
tinker_cookbook.utils.ml_log:143 [[92mINFO[0m] Wrote metrics to logs/aws/wave4/ahc039-ugttt/metrics.jsonl
tinker_cookbook.utils.ml_log:240 [[92mINFO[0m] Logging to: https://wandb.ai/kriaz-msee20seecs-nust/ugttt-rebuttal/runs/1r8hc8kt
tinker_cookbook.utils.ml_log:143 [[92mINFO[0m] Wrote metrics to logs/aws/wave4/ahc039-ugttt/metrics.jsonl
tinker_cookbook.utils.ml_log:240 [[92mINFO[0m] Logging to: https://wandb.ai/kriaz-msee20seecs-nust/ugttt-rebuttal/runs/1r8hc8kt
__main__:1949 [[92mINFO[0m]   [3][6/8] KEPT | R_exec=0.6355 (max=1.0169) RMI=0.0125 R_total=0.6367 | 3258.7s | GPU: 18.8/19.5GB
tinker_cookbook.utils.ml_log:143 [[92mINFO[0m] Wrote metrics to logs/aws/wave4/ahc039-ugttt/metrics.jsonl
tinker_cookbook.utils.ml_log:240 [[92mINFO[0m] Logging to: https://wandb.ai/kriaz-msee20seecs-nust/ugttt-rebuttal/runs/1r8hc8kt
tinker_cookbook.rl.ensemble:1082 [[92mINFO[0m]   generate_batch_multi_adapter_two_phase: N=8 phase1_max=26000 streaming_mi=False kv_q=False
tinker_cookbook.rl.ensemble:1270 [[92mINFO[0m]     [gen/p1] step=2048/23421 active=8/8 mi_stopped=0
tinker_cookbook.rl.ensemble:1270 [[92mINFO[0m]     [gen/p1] step=4096/23421 active=8/8 mi_stopped=0
tinker_cookbook.rl.ensemble:1270 [[92mINFO[0m]     [gen/p1] step=6144/23421 active=8/8 mi_stopped=0
tinker_cookbook.rl.ensemble:1270 [[92mINFO[0m]     [gen/p1] step=8192/23421 active=8/8 mi_stopped=0
tinker_cookbook.rl.ensemble:1270 [[92mINFO[0m]     [gen/p1] step=10240/23421 active=8/8 mi_stopped=0
tinker_cookbook.rl.ensemble:1270 [[92mINFO[0m]     [gen/p1] step=12288/23421 active=8/8 mi_stopped=0
tinker_cookbook.rl.ensemble:1270 [[92mINFO[0m]     [gen/p1] step=14336/23421 active=8/8 mi_stopped=0
tinker_cookbook.rl.ensemble:1270 [[92mINFO[0m]     [gen/p1] step=16384/23421 active=6/8 mi_stopped=0
tinker_cookbook.rl.ensemble:1270 [[92mINFO[0m]     [gen/p1] step=18432/23421 active=2/8 mi_stopped=0
tinker_cookbook.rl.ensemble:1270 [[92mINFO[0m]     [gen/p1] step=20480/23421 active=1/8 mi_stopped=0
tinker_cookbook.rl.ensemble:1270 [[92mINFO[0m]     [gen/p1] step=22528/23421 active=1/8 mi_stopped=0
__main__:1078 [[92mINFO[0m]   Group 6: multi-adapter generation 8 seqs in 3322.3s
[36m(run_cases_remote pid=1149586)[0m [2026-07-31 02:11:12,363 E 1149586 1150023] core_worker_process.cc:825: Failed to establish connection to the metrics exporter agent. Metrics will not be exported. Exporter agent status: RpcError: Running out of retries to initialize the metrics agent. rpc_code: 14
[36m(run_cases_remote pid=1149583)[0m [2026-07-31 02:11:12,301 E 1149583 1149777] core_worker_process.cc:825: Failed to establish connection to the metrics exporter agent. Metrics will not be exported. Exporter agent status: RpcError: Running out of retries to initialize the metrics agent. rpc_code: 14
[36m(run_cases_remote pid=1149587)[0m [2026-07-31 02:11:12,312 E 1149587 1149896] core_worker_process.cc:825: Failed to establish connection to the metrics exporter agent. Metrics will not be exported. Exporter agent status: RpcError: Running out of retries to initialize the metrics agent. rpc_code: 14
[36m(run_cases_remote pid=1149588)[0m [2026-07-31 02:11:12,319 E 1149588 1149951] core_worker_process.cc:825: Failed to establish connection to the metrics exporter agent. Metrics will not be exported. Exporter agent status: RpcError: Running out of retries to initialize the metrics agent. rpc_code: 14
[36m(run_single_case_remote pid=1150458)[0m [2026-07-31 02:11:16,994 E 1150458 1150498] core_worker_process.cc:825: Failed to establish connection to the metrics exporter agent. Metrics will not be exported. Exporter agent status: RpcError: Running out of retries to initialize the metrics agent. rpc_code: 14
[36m(run_cases_remote pid=1149586)[0m 2026-07-31 02:12:01,138 - WARNING - [GEN a8b3abb2] [RUN_CASES] Slow evaluation: 77.6s for 150 cases (avg 0.52s/case)
__main__:1096 [[92mINFO[0m]   Group 6: batched ensemble scoring in 85.9s
[36m(run_cases_remote pid=1149587)[0m 2026-07-31 02:12:22,658 - WARNING - [GEN 43a854d2] [RUN_CASES] Slow evaluation: 99.0s for 150 cases (avg 0.66s/case)
[36m(run_single_case_remote pid=1152642)[0m [2026-07-31 02:12:38,750 E 1152642 1152678] core_worker_process.cc:825: Failed to establish connection to the metrics exporter agent. Metrics will not be exported. Exporter agent status: RpcError: Running out of retries to initialize the metrics agent. rpc_code: 14
[36m(run_single_case_remote pid=1152711)[0m [2026-07-31 02:12:39,320 E 1152711 1152757] core_worker_process.cc:825: Failed to establish connection to the metrics exporter agent. Metrics will not be exported. Exporter agent status: RpcError: Running out of retries to initialize the metrics agent. rpc_code: 14
[36m(run_cases_remote pid=1149583)[0m 2026-07-31 02:13:34,088 - WARNING - [GEN de90955c] [RUN_CASES] Slow evaluation: 170.5s for 150 cases (avg 1.14s/case)
[36m(run_cases_remote pid=1149585)[0m 2026-07-31 02:14:27,004 - WARNING - [GEN e15df920] [RUN_CASES] Slow evaluation: 223.4s for 150 cases (avg 1.49s/case)
[36m(run_cases_remote pid=1149588)[0m 2026-07-31 02:14:56,457 - WARNING - [GEN eae1709a] [RUN_CASES] Slow evaluation: 252.6s for 150 cases (avg 1.68s/case)
__main__:1108 [[92mINFO[0m]   Group 6: rewards computed in 286.7s
__main__:1150 [[92mINFO[0m]     [g6][r1/8] adapter=4 R_exec=1.1893 true_MI=0.01323 RMI=0.0132 R_total=1.1906 correct=1 tokens=16106
__main__:1150 [[92mINFO[0m]     [g6][r2/8] adapter=0 R_exec=1.1893 true_MI=0.01243 RMI=0.0124 R_total=1.1905 correct=1 tokens=15678
__main__:1150 [[92mINFO[0m]     [g6][r3/8] adapter=1 R_exec=0.0000 true_MI=0.01235 RMI=0.0123 R_total=0.0012 correct=0 tokens=16976
__main__:1150 [[92mINFO[0m]     [g6][r4/8] adapter=2 R_exec=0.9108 true_MI=0.01269 RMI=0.0127 R_total=0.9120 correct=1 tokens=16999
__main__:1150 [[92mINFO[0m]     [g6][r5/8] adapter=3 R_exec=1.0169 true_MI=0.01068 RMI=0.0107 R_total=1.0179 correct=1 tokens=23379
__main__:1150 [[92mINFO[0m]     [g6][r6/8] adapter=4 R_exec=1.0169 true_MI=0.01165 RMI=0.0117 R_total=1.0180 correct=1 tokens=18487
__main__:1150 [[92mINFO[0m]     [g6][r7/8] adapter=0 R_exec=1.1893 true_MI=0.01259 RMI=0.0126 R_total=1.1905 correct=1 tokens=17156
__main__:1150 [[92mINFO[0m]     [g6][r8/8] adapter=1 R_exec=0.0000 true_MI=0.01374 RMI=0.0137 R_total=0.0014 correct=0 tokens=17035
__main__:1167 [[92mINFO[0m]   [g6] group true_MI: mean=0.01242 std=0.00094 max=0.01374 normalized=[1.07 1.00 0.99 1.02 0.86 0.94 1.01 1.11]
tinker_cookbook.utils.ml_log:143 [[92mINFO[0m] Wrote metrics to logs/aws/wave4/ahc039-ugttt/metrics.jsonl
tinker_cookbook.utils.ml_log:240 [[92mINFO[0m] Logging to: https://wandb.ai/kriaz-msee20seecs-nust/ugttt-rebuttal/runs/1r8hc8kt
tinker_cookbook.utils.ml_log:143 [[92mINFO[0m] Wrote metrics to logs/aws/wave4/ahc039-ugttt/metrics.jsonl
tinker_cookbook.utils.ml_log:240 [[92mINFO[0m] Logging to: https://wandb.ai/kriaz-msee20seecs-nust/ugttt-rebuttal/runs/1r8hc8kt
tinker_cookbook.utils.ml_log:143 [[92mINFO[0m] Wrote metrics to logs/aws/wave4/ahc039-ugttt/metrics.jsonl
tinker_cookbook.utils.ml_log:240 [[92mINFO[0m] Logging to: https://wandb.ai/kriaz-msee20seecs-nust/ugttt-rebuttal/runs/1r8hc8kt
tinker_cookbook.utils.ml_log:143 [[92mINFO[0m] Wrote metrics to logs/aws/wave4/ahc039-ugttt/metrics.jsonl
tinker_cookbook.utils.ml_log:240 [[92mINFO[0m] Logging to: https://wandb.ai/kriaz-msee20seecs-nust/ugttt-rebuttal/runs/1r8hc8kt
tinker_cookbook.utils.ml_log:143 [[92mINFO[0m] Wrote metrics to logs/aws/wave4/ahc039-ugttt/metrics.jsonl
tinker_cookbook.utils.ml_log:240 [[92mINFO[0m] Logging to: https://wandb.ai/kriaz-msee20seecs-nust/ugttt-rebuttal/runs/1r8hc8kt
tinker_cookbook.utils.ml_log:143 [[92mINFO[0m] Wrote metrics to logs/aws/wave4/ahc039-ugttt/metrics.jsonl
tinker_cookbook.utils.ml_log:240 [[92mINFO[0m] Logging to: https://wandb.ai/kriaz-msee20seecs-nust/ugttt-rebuttal/runs/1r8hc8kt
tinker_cookbook.utils.ml_log:143 [[92mINFO[0m] Wrote metrics to logs/aws/wave4/ahc039-ugttt/metrics.jsonl
tinker_cookbook.utils.ml_log:240 [[92mINFO[0m] Logging to: https://wandb.ai/kriaz-msee20seecs-nust/ugttt-rebuttal/runs/1r8hc8kt
tinker_cookbook.utils.ml_log:143 [[92mINFO[0m] Wrote metrics to logs/aws/wave4/ahc039-ugttt/metrics.jsonl
tinker_cookbook.utils.ml_log:240 [[92mINFO[0m] Logging to: https://wandb.ai/kriaz-msee20seecs-nust/ugttt-rebuttal/runs/1r8hc8kt
__main__:1949 [[92mINFO[0m]   [3][7/8] KEPT | R_exec=0.8140 (max=1.1893) RMI=0.0124 R_total=0.8153 | 3609.0s | GPU: 18.8/19.7GB
tinker_cookbook.utils.ml_log:143 [[92mINFO[0m] Wrote metrics to logs/aws/wave4/ahc039-ugttt/metrics.jsonl
tinker_cookbook.utils.ml_log:240 [[92mINFO[0m] Logging to: https://wandb.ai/kriaz-msee20seecs-nust/ugttt-rebuttal/runs/1r8hc8kt
[36m(run_cases_remote pid=1149582)[0m 2026-07-31 02:15:27,945 - WARNING - [GEN 12323b74] [RUN_CASES] Slow evaluation: 284.3s for 150 cases (avg 1.90s/case)
tinker_cookbook.rl.ensemble:1082 [[92mINFO[0m]   generate_batch_multi_adapter_two_phase: N=8 phase1_max=26000 streaming_mi=False kv_q=False
tinker_cookbook.rl.ensemble:1270 [[92mINFO[0m]     [gen/p1] step=2048/23372 active=8/8 mi_stopped=0
tinker_cookbook.rl.ensemble:1270 [[92mINFO[0m]     [gen/p1] step=4096/23372 active=8/8 mi_stopped=0
tinker_cookbook.rl.ensemble:1270 [[92mINFO[0m]     [gen/p1] step=6144/23372 active=8/8 mi_stopped=0
tinker_cookbook.rl.ensemble:1270 [[92mINFO[0m]     [gen/p1] step=8192/23372 active=8/8 mi_stopped=0
tinker_cookbook.rl.ensemble:1270 [[92mINFO[0m]     [gen/p1] step=10240/23372 active=8/8 mi_stopped=0
tinker_cookbook.rl.ensemble:1270 [[92mINFO[0m]     [gen/p1] step=12288/23372 active=8/8 mi_stopped=0
tinker_cookbook.rl.ensemble:1270 [[92mINFO[0m]     [gen/p1] step=14336/23372 active=8/8 mi_stopped=0
tinker_cookbook.rl.ensemble:1270 [[92mINFO[0m]     [gen/p1] step=16384/23372 active=6/8 mi_stopped=0
tinker_cookbook.rl.ensemble:1270 [[92mINFO[0m]     [gen/p1] step=18432/23372 active=4/8 mi_stopped=0
tinker_cookbook.rl.ensemble:1270 [[92mINFO[0m]     [gen/p1] step=20480/23372 active=2/8 mi_stopped=0
__main__:1078 [[92mINFO[0m]   Group 7: multi-adapter generation 8 seqs in 2912.8s
[36m(run_cases_remote pid=1165457)[0m [2026-07-31 03:04:35,249 E 1165457 1165681] core_worker_process.cc:825: Failed to establish connection to the metrics exporter agent. Metrics will not be exported. Exporter agent status: RpcError: Running out of retries to initialize the metrics agent. rpc_code: 14
[36m(run_cases_remote pid=1165458)[0m [2026-07-31 03:04:35,251 E 1165458 1165743] core_worker_process.cc:825: Failed to establish connection to the metrics exporter agent. Metrics will not be exported. Exporter agent status: RpcError: Running out of retries to initialize the metrics agent. rpc_code: 14
[36m(run_cases_remote pid=1165456)[0m [2026-07-31 03:04:35,245 E 1165456 1165607] core_worker_process.cc:825: Failed to establish connection to the metrics exporter agent. Metrics will not be exported. Exporter agent status: RpcError: Running out of retries to initialize the metrics agent. rpc_code: 14
[36m(run_cases_remote pid=1165460)[0m [2026-07-31 03:04:35,258 E 1165460 1165824] core_worker_process.cc:825: Failed to establish connection to the metrics exporter agent. Metrics will not be exported. Exporter agent status: RpcError: Running out of retries to initialize the metrics agent. rpc_code: 14
__main__:1096 [[92mINFO[0m]   Group 7: batched ensemble scoring in 89.0s
[36m(run_single_case_remote pid=1169824)[0m [2026-07-31 03:06:33,497 E 1169824 1169859] core_worker_process.cc:825: Failed to establish connection to the metrics exporter agent. Metrics will not be exported. Exporter agent status: RpcError: Running out of retries to initialize the metrics agent. rpc_code: 14
[36m(run_single_case_remote pid=1171164)[0m [2026-07-31 03:07:30,444 E 1171164 1171199] core_worker_process.cc:825: Failed to establish connection to the metrics exporter agent. Metrics will not be exported. Exporter agent status: RpcError: Running out of retries to initialize the metrics agent. rpc_code: 14
[36m(run_cases_remote pid=1165458)[0m 2026-07-31 03:07:59,422 - WARNING - [GEN d5151ce0] [RUN_CASES] Slow evaluation: 232.8s for 150 cases (avg 1.55s/case)
[36m(run_single_case_remote pid=1173434)[0m [2026-07-31 03:08:36,503 E 1173434 1173469] core_worker_process.cc:825: Failed to establish connection to the metrics exporter agent. Metrics will not be exported. Exporter agent status: RpcError: Running out of retries to initialize the metrics agent. rpc_code: 14
[36m(run_single_case_remote pid=1174954)[0m [2026-07-31 03:09:42,236 E 1174954 1174993] core_worker_process.cc:825: Failed to establish connection to the metrics exporter agent. Metrics will not be exported. Exporter agent status: RpcError: Running out of retries to initialize the metrics agent. rpc_code: 14
[36m(run_single_case_remote pid=1174958)[0m [2026-07-31 03:09:42,464 E 1174958 1175051] core_worker_process.cc:825: Failed to establish connection to the metrics exporter agent. Metrics will not be exported. Exporter agent status: RpcError: Running out of retries to initialize the metrics agent. rpc_code: 14
[36m(run_cases_remote pid=1165456)[0m 2026-07-31 03:10:02,731 - WARNING - [GEN 9264126f] [RUN_CASES] Slow evaluation: 356.0s for 150 cases (avg 2.37s/case)
[36m(run_cases_remote pid=1165462)[0m 2026-07-31 03:10:08,277 - WARNING - [GEN 73913fd3] [RUN_CASES] Slow evaluation: 361.6s for 150 cases (avg 2.41s/case)
[36m(run_cases_remote pid=1165455)[0m 2026-07-31 03:12:20,777 - WARNING - [GEN a2f72c2e] [RUN_CASES] Slow evaluation: 494.1s for 150 cases (avg 3.29s/case)
[36m(run_cases_remote pid=1165460)[0m 2026-07-31 03:13:01,273 - WARNING - [GEN 8db513d3] [RUN_CASES] Early stop: Case 101 failed with TIME_LIMIT_EXCEEDED. Message: Time limit exceeded: CPU time exceeded: 2.270s > 2.0s
[36m(run_cases_remote pid=1165460)[0m 2026-07-31 03:13:01,274 - WARNING - [GEN 8db513d3] [RUN_CASES] Slow evaluation: 534.6s for 150 cases (avg 3.56s/case)
__main__:1108 [[92mINFO[0m]   Group 7: rewards computed in 556.1s
__main__:1150 [[92mINFO[0m]     [g7][r1/8] adapter=4 R_exec=1.1893 true_MI=0.01365 RMI=0.0137 R_total=1.1907 correct=1 tokens=19224
__main__:1150 [[92mINFO[0m]     [g7][r2/8] adapter=0 R_exec=1.1893 true_MI=0.01254 RMI=0.0125 R_total=1.1905 correct=1 tokens=20633
__main__:1150 [[92mINFO[0m]     [g7][r3/8] adapter=1 R_exec=0.0000 true_MI=0.01353 RMI=0.0135 R_total=0.0014 correct=0 tokens=21452
__main__:1150 [[92mINFO[0m]     [g7][r4/8] adapter=2 R_exec=1.1893 true_MI=0.01311 RMI=0.0131 R_total=1.1906 correct=1 tokens=14536
__main__:1150 [[92mINFO[0m]     [g7][r5/8] adapter=3 R_exec=0.0000 true_MI=0.01303 RMI=0.0130 R_total=0.0013 correct=0 tokens=15289
__main__:1150 [[92mINFO[0m]     [g7][r6/8] adapter=4 R_exec=0.0000 true_MI=0.01225 RMI=0.0123 R_total=0.0012 correct=0 tokens=19153
__main__:1150 [[92mINFO[0m]     [g7][r7/8] adapter=0 R_exec=1.1893 true_MI=0.01444 RMI=0.0144 R_total=1.1907 correct=1 tokens=18216
__main__:1150 [[92mINFO[0m]     [g7][r8/8] adapter=1 R_exec=1.1893 true_MI=0.01396 RMI=0.0140 R_total=1.1907 correct=1 tokens=17984
__main__:1167 [[92mINFO[0m]   [g7] group true_MI: mean=0.01331 std=0.00073 max=0.01444 normalized=[1.03 0.94 1.02 0.99 0.98 0.92 1.08 1.05]
tinker_cookbook.utils.ml_log:143 [[92mINFO[0m] Wrote metrics to logs/aws/wave4/ahc039-ugttt/metrics.jsonl
tinker_cookbook.utils.ml_log:240 [[92mINFO[0m] Logging to: https://wandb.ai/kriaz-msee20seecs-nust/ugttt-rebuttal/runs/1r8hc8kt
tinker_cookbook.utils.ml_log:143 [[92mINFO[0m] Wrote metrics to logs/aws/wave4/ahc039-ugttt/metrics.jsonl
tinker_cookbook.utils.ml_log:240 [[92mINFO[0m] Logging to: https://wandb.ai/kriaz-msee20seecs-nust/ugttt-rebuttal/runs/1r8hc8kt
tinker_cookbook.utils.ml_log:143 [[92mINFO[0m] Wrote metrics to logs/aws/wave4/ahc039-ugttt/metrics.jsonl
tinker_cookbook.utils.ml_log:240 [[92mINFO[0m] Logging to: https://wandb.ai/kriaz-msee20seecs-nust/ugttt-rebuttal/runs/1r8hc8kt
tinker_cookbook.utils.ml_log:143 [[92mINFO[0m] Wrote metrics to logs/aws/wave4/ahc039-ugttt/metrics.jsonl
tinker_cookbook.utils.ml_log:240 [[92mINFO[0m] Logging to: https://wandb.ai/kriaz-msee20seecs-nust/ugttt-rebuttal/runs/1r8hc8kt
tinker_cookbook.utils.ml_log:143 [[92mINFO[0m] Wrote metrics to logs/aws/wave4/ahc039-ugttt/metrics.jsonl
tinker_cookbook.utils.ml_log:240 [[92mINFO[0m] Logging to: https://wandb.ai/kriaz-msee20seecs-nust/ugttt-rebuttal/runs/1r8hc8kt
tinker_cookbook.utils.ml_log:143 [[92mINFO[0m] Wrote metrics to logs/aws/wave4/ahc039-ugttt/metrics.jsonl
tinker_cookbook.utils.ml_log:240 [[92mINFO[0m] Logging to: https://wandb.ai/kriaz-msee20seecs-nust/ugttt-rebuttal/runs/1r8hc8kt
tinker_cookbook.utils.ml_log:143 [[92mINFO[0m] Wrote metrics to logs/aws/wave4/ahc039-ugttt/metrics.jsonl
tinker_cookbook.utils.ml_log:240 [[92mINFO[0m] Logging to: https://wandb.ai/kriaz-msee20seecs-nust/ugttt-rebuttal/runs/1r8hc8kt
tinker_cookbook.utils.ml_log:143 [[92mINFO[0m] Wrote metrics to logs/aws/wave4/ahc039-ugttt/metrics.jsonl
tinker_cookbook.utils.ml_log:240 [[92mINFO[0m] Logging to: https://wandb.ai/kriaz-msee20seecs-nust/ugttt-rebuttal/runs/1r8hc8kt
__main__:1949 [[92mINFO[0m]   [3][8/8] KEPT | R_exec=0.7433 (max=1.1893) RMI=0.0133 R_total=0.7446 | 3469.0s | GPU: 18.8/19.7GB
tinker_cookbook.utils.ml_log:143 [[92mINFO[0m] Wrote metrics to logs/aws/wave4/ahc039-ugttt/metrics.jsonl
tinker_cookbook.utils.ml_log:240 [[92mINFO[0m] Logging to: https://wandb.ai/kriaz-msee20seecs-nust/ugttt-rebuttal/runs/1r8hc8kt
[36m(run_cases_remote pid=1165457)[0m 2026-07-31 03:13:16,916 - WARNING - [GEN 1880860c] [RUN_CASES] Slow evaluation: 550.0s for 150 cases (avg 3.67s/case)
__main__:1988 [[92mINFO[0m] [Epoch 3] Rollout phase done in 24621.1s. Training on 8/8 groups...
tinker_cookbook.utils.ml_log:143 [[92mINFO[0m] Wrote metrics to logs/aws/wave4/ahc039-ugttt/metrics.jsonl

[36m(run_single_case_remote pid=1130020)[0m [ERROR] Command failed with exit code 1: wrong answer: Out of range: 10950
[36m(run_single_case_remote pid=1130020)[0m 
[36m(run_single_case_remote pid=1130023)[0m [ERROR] Command failed with exit code 1: wrong answer: Out of range: 42735
[36m(run_single_case_remote pid=1130023)[0m 
[36m(run_single_case_remote pid=1130020)[0m [ERROR] Command failed with exit code 1: wrong answer: Out of range: 17448
[36m(run_single_case_remote pid=1130020)[0m 
[36m(run_single_case_remote pid=1130023)[0m [ERROR] Command failed with exit code 1: wrong answer: Out of range: 11816
[36m(run_single_case_remote pid=1130023)[0m 
[36m(run_single_case_remote pid=1130020)[0m [ERROR] Command failed with exit code 1: wrong answer: Out of range: 45204
[36m(run_single_case_remote pid=1130020)[0m 
[36m(run_single_case_remote pid=1130023)[0m [ERROR] Command failed with exit code 1: wrong answer: Out of range: 33246
[36m(run_single_case_remote pid=1130023)[0m 
[36m(run_single_case_remote pid=1130020)[0m [ERROR] Command failed with exit code 1: wrong answer: Out of range: 64371
[36m(run_single_case_remote pid=1130020)[0m 
[36m(run_single_case_remote pid=1130023)[0m [ERROR] Command failed with exit code 1: wrong answer: Out of range: 57909
[36m(run_single_case_remote pid=1130023)[0m 
[36m(run_single_case_remote pid=1130020)[0m [ERROR] Command failed with exit code 1: wrong answer: Out of range: 49353
[36m(run_single_case_remote pid=1130020)[0m 
[36m(run_single_case_remote pid=1130023)[0m [ERROR] Command failed with exit code 1: wrong answer: Out of range: 9116
[36m(run_single_case_remote pid=1130023)[0m 
[36m(run_single_case_remote pid=1130020)[0m [ERROR] Command failed with exit code 1: wrong answer: Out of range: 7664
[36m(run_single_case_remote pid=1130020)[0m 
[36m(run_single_case_remote pid=1130023)[0m [ERROR] Command failed with exit code 1: wrong answer: Out of range: 5031
[36m(run_single_case_remote pid=1130023)[0m 
[36m(run_single_case_remote pid=1130020)[0m [ERROR] Command failed with exit code 1: wrong answer: Out of range: 53594
[36m(run_single_case_remote pid=1130020)[0m 
[36m(run_single_case_remote pid=1130023)[0m [ERROR] Command failed with exit code 1: wrong answer: Out of range: 25531
[36m(run_single_case_remote pid=1130023)[0m 
[36m(run_single_case_remote pid=1130020)[0m [ERROR] Command failed with exit code 1: wrong answer: Out of range: 11554
[36m(run_single_case_remote pid=1130020)[0m 
[36m(run_single_case_remote pid=1130023)[0m [ERROR] Command failed with exit code 1: wrong answer: Out of range: 48466
[36m(run_single_case_remote pid=1130023)[0m 
[36m(run_single_case_remote pid=1130020)[0m [ERROR] Command failed with exit code 1: wrong answer: Out of range: 30302
[36m(run_single_case_remote pid=1130020)[0m 
[36m(run_single_case_remote pid=1130023)[0m [ERROR] Command failed with exit code 1: wrong answer: Out of range: 33815
[36m(run_single_case_remote pid=1130023)[0m 
[36m(run_single_case_remote pid=1130020)[0m [ERROR] Command failed with exit code 1: wrong answer: Out of range: 8524
[36m(run_single_case_remote pid=1130020)[0m 
[36m(run_single_case_remote pid=1130023)[0m [ERROR] Command failed with exit code 1: wrong answer: Out of range: 9543
[36m(run_single_case_remote pid=1130023)[0m 
[36m(run_single_case_remote pid=1130020)[0m [ERROR] Command failed with exit code 1: wrong answer: Out of range: 65193
[36m(run_single_case_remote pid=1130020)[0m 
[36m(run_single_case_remote pid=1130023)[0m [ERROR] Command failed with exit code 1: wrong answer: Out of range: 14139
[36m(run_single_case_remote pid=1130023)[0m 
[36m(run_single_case_remote pid=1130020)[0m [ERROR] Command failed with exit code 1: wrong answer: Out of range: 37289
[36m(run_single_case_remote pid=1130020)[0m 
[36m(run_single_case_remote pid=1130023)[0m [ERROR] Command failed with exit code 1: wrong answer: Out of range: 9392
[36m(run_single_case_remote pid=1130023)[0m 
[36m(run_single_case_remote pid=1130020)[0m [ERROR] Command failed with exit code 1: wrong answer: Out of range: 46508
[36m(run_single_case_remote pid=1130020)[0m 
[36m(run_single_case_remote pid=1130023)[0m [ERROR] Command failed with exit code 1: wrong answer: Out of range: 49543
[36m(run_single_case_remote pid=1130023)[0m 
[36m(run_single_case_remote pid=1130020)[0m [ERROR] Command failed with exit code 1: wrong answer: Out of range: 12433
[36m(run_single_case_remote pid=1130020)[0m 
[36m(run_single_case_remote pid=1130023)[0m [ERROR] Command failed with exit code 1: wrong answer: Out of range: 14435
[36m(run_single_case_remote pid=1130023)[0m 
[36m(run_single_case_remote pid=1130020)[0m [ERROR] Command failed with exit code 1: wrong answer: Out of range: 17990
[36m(run_single_case_remote pid=1130020)[0m 
tinker_cookbook.utils.ml_log:195 [[92mINFO[0m] 
┏━━━━━━━━━━━━━━━━━━━━━━━━━━━━━━━━┳━━━━━━━━━━━━━━┓
┃ Metric                         ┃ Value        ┃
┡━━━━━━━━━━━━━━━━━━━━━━━━━━━━━━━━╇━━━━━━━━━━━━━━┩
│ gpu/memory_allocated_gb        │ 18.828612    │
│ gpu/memory_peak_gb             │ 76.571032    │
│ gpu/memory_reserved_gb         │ 18.865979    │
│ kl_policy_base                 │ 0.002823     │
│ optim/entropy                  │ 0.441505     │
│ optim/kl_sample_train_v1       │ 0.003347     │
│ optim/kl_sample_train_v2       │ 0.003525     │
│ progress/done_frac             │ 0.666667     │
│ progress/epoch                 │ 3            │
│ rollout/groups_attempted       │ 8.000000     │
│ rollout/groups_filtered        │ 0.000000     │
│ rollout/groups_kept            │ 8.000000     │
│ rollout/intra_group_reward_std │ 0.488321     │
│ time/rollout                   │ 24621.108246 │
│ time/total                     │ 26844.036797 │
│ time/train                     │ 2222.810154  │
│ train/advantage/max            │ 10.332066    │
│ train/advantage/mean           │ 0.331926     │
│ train/advantage/min            │ -3.815815    │
│ train/advantage/std            │ 2.185584     │
│ train/beta/mean                │ 16264.786816 │
│ train/beta/std                 │ 28815.397578 │
│ train/correctness/mean         │ 0.515625     │
│ train/correctness/rate         │ 0.515625     │
│ train/ensemble/frac_high_disa… │ 0.499987     │
│ train/ensemble/max_token_disa… │ 17.764163    │
│ train/ensemble/member_logprob… │ 0.004399     │
│ train/ensemble/member_logprob… │ 0.001763     │
│ train/gamma_eff/mean           │ 0.731544     │
│ train/gen/num_tokens/max       │ 23379.000000 │
│ train/gen/num_tokens/mean      │ 15816.187500 │
│ train/gen/num_tokens/std       │ 5066.818497  │
│ train/group/rmi_exec_corr/mean │ -0.108655    │
│ train/group/rmi_exec_corr/std  │ 0.424653     │
│ train/loss                     │ -0.332116    │
│ train/nnm_loss                 │ -0.054485    │
│ train/nnm_nuclear_norm         │ 46.494045    │
│ train/num_groups               │ 8.000000     │
│ train/num_rollouts             │ 64.000000    │
│ train/num_rollouts_total       │ 64.000000    │
│ train/reward/exec/best         │ 1.265231     │
│ train/reward/exec/max          │ 1.265231     │
│ train/reward/exec/mean         │ 0.576414     │
│ train/reward/exec/min          │ 0.000000     │
│ train/reward/exec/std          │ 0.578552     │
│ train/reward/rmi/max           │ 0.014701     │
│ train/reward/rmi/mean          │ 0.012560     │
│ train/reward/rmi/min           │ 0.010273     │
│ train/reward/rmi/std           │ 0.000968     │
│ train/reward/total/best        │ 1.266374     │
│ train/reward/total/max         │ 1.266374     │
│ train/reward/total/mean        │ 0.577670     │
│ train/reward/total/min         │ 0.001062     │
│ train/reward/total/std         │ 0.578544     │
│ train/streaming_mi/stop_rate   │ 0.000000     │
│ train/streaming_mi/tokens_sav… │ 0.000000     │
│ train/streaming_mi/tokens_sav… │ 0.000000     │
│ train/two_phase/phase1_tokens… │ 15816.187500 │
│ train/two_phase/phase2_tokens… │ 0.000000     │
│ train/two_phase/prefill_rate   │ 0.000000     │
│ train/uncertainty/predictive_… │ 0.124694     │
│ train/uncertainty/predictive_… │ 0.095598     │
│ train/uncertainty/predictive_… │ 0.046077     │
│ train/uncertainty/predictive_… │ 0.018191     │
│ train/uncertainty/predictive_… │ 0.365021     │
│ train/uncertainty/predictive_… │ 0.361881     │
│ train/uncertainty/predictive_… │ 0.343252     │
│ train/uncertainty/predictive_… │ 0.004069     │
│ train/uncertainty/rmi/max      │ 0.004589     │
│ train/uncertainty/rmi/mean     │ 0.002489     │
│ train/uncertainty/rmi/min      │ 0.001828     │
│ train/uncertainty/rmi/std      │ 0.000431     │
│ train/uncertainty/rmi_top7/max │ 0.060619     │
│ train/uncertainty/rmi_top7/me… │ 0.029249     │
│ train/uncertainty/rmi_top7/min │ 0.022209     │
│ train/uncertainty/rmi_top7/std │ 0.005792     │
│ train/uncertainty/top7_mi_cod… │ 0.000000     │
│ train/uncertainty/top7_mi_cod… │ 0.000000     │
│ train/uncertainty/top7_mi_thi… │ 0.010411     │
│ train/uncertainty/top7_mi_thi… │ 0.001126     │
│ train/uncertainty/top7_pct_co… │ 0.000000     │
│ train/uncertainty/top7_pct_co… │ 0.000000     │
│ train/uncertainty/top7_pct_th… │ 0.840893     │
│ train/uncertainty/top7_pct_th… │ 0.132079     │
│ train/uncertainty/true_mi/max  │ 0.014701     │
│ train/uncertainty/true_mi/mean │ 0.012560     │
│ train/uncertainty/true_mi/min  │ 0.010273     │
│ train/uncertainty/true_mi/std  │ 0.000968     │
│ train/uncertainty/variance/max │ 0.019947     │
│ train/uncertainty/variance/me… │ 0.007277     │
│ train/uncertainty/variance/min │ 0.005013     │
│ train/uncertainty/variance/std │ 0.002036     │
│ train/uncertainty/variance_to… │ 0.272696     │
│ train/uncertainty/variance_to… │ 0.088158     │
│ train/uncertainty/variance_to… │ 0.061817     │
│ train/uncertainty/variance_to… │ 0.028944     │
└────────────────────────────────┴──────────────┘
tinker_cookbook.utils.ml_log:240 [[92mINFO[0m] Logging to: https://wandb.ai/kriaz-msee20seecs-nust/ugttt-rebuttal/runs/1r8hc8kt
__main__:2062 [[92mINFO[0m] [Epoch 3] R_exec=0.5764 (max=1.2652 best=1.2652) RMI=0.0126 beta=16264.79 corr=51.6% loss=-0.3321 nuc=46.494 groups=8/8 time=26844.0s
__main__:2073 [[92mINFO[0m] Checkpoint saved at epoch 3
__main__:1836 [[92mINFO[0m] [Epoch 4/6] Starting rollout phase: 8 groups × 8 rollouts
tinker_cookbook.rl.ensemble:1082 [[92mINFO[0m]   generate_batch_multi_adapter_two_phase: N=8 phase1_max=26000 streaming_mi=False kv_q=False
tinker_cookbook.rl.ensemble:1270 [[92mINFO[0m]     [gen/p1] step=2048/22782 active=8/8 mi_stopped=0
tinker_cookbook.rl.ensemble:1270 [[92mINFO[0m]     [gen/p1] step=4096/22782 active=8/8 mi_stopped=0
tinker_cookbook.rl.ensemble:1270 [[92mINFO[0m]     [gen/p1] step=6144/22782 active=8/8 mi_stopped=0
tinker_cookbook.rl.ensemble:1270 [[92mINFO[0m]     [gen/p1] step=8192/22782 active=8/8 mi_stopped=0
tinker_cookbook.rl.ensemble:1270 [[92mINFO[0m]     [gen/p1] step=10240/22782 active=8/8 mi_stopped=0
tinker_cookbook.rl.ensemble:1270 [[92mINFO[0m]     [gen/p1] step=12288/22782 active=8/8 mi_stopped=0
tinker_cookbook.rl.ensemble:1270 [[92mINFO[0m]     [gen/p1] step=14336/22782 active=7/8 mi_stopped=0
tinker_cookbook.rl.ensemble:1270 [[92mINFO[0m]     [gen/p1] step=16384/22782 active=6/8 mi_stopped=0
tinker_cookbook.rl.ensemble:1270 [[92mINFO[0m]     [gen/p1] step=18432/22782 active=2/8 mi_stopped=0
__main__:1078 [[92mINFO[0m]   Group 0: multi-adapter generation 8 seqs in 2538.8s
[36m(run_cases_remote pid=1188359)[0m [2026-07-31 04:33:09,387 E 1188359 1188733] core_worker_process.cc:825: Failed to establish connection to the metrics exporter agent. Metrics will not be exported. Exporter agent status: RpcError: Running out of retries to initialize the metrics agent. rpc_code: 14
[36m(run_cases_remote pid=1188356)[0m [2026-07-31 04:33:09,371 E 1188356 1188560] core_worker_process.cc:825: Failed to establish connection to the metrics exporter agent. Metrics will not be exported. Exporter agent status: RpcError: Running out of retries to initialize the metrics agent. rpc_code: 14
[36m(run_cases_remote pid=1188355)[0m [2026-07-31 04:33:09,365 E 1188355 1188505] core_worker_process.cc:825: Failed to establish connection to the metrics exporter agent. Metrics will not be exported. Exporter agent status: RpcError: Running out of retries to initialize the metrics agent. rpc_code: 14
[36m(run_single_case_remote pid=1189018)[0m [2026-07-31 04:33:11,148 E 1189018 1189310] core_worker_process.cc:825: Failed to establish connection to the metrics exporter agent. Metrics will not be exported. Exporter agent status: RpcError: Running out of retries to initialize the metrics agent. rpc_code: 14
[36m(run_single_case_remote pid=1189611)[0m [2026-07-31 04:33:14,127 E 1189611 1189662] core_worker_process.cc:825: Failed to establish connection to the metrics exporter agent. Metrics will not be exported. Exporter agent status: RpcError: Running out of retries to initialize the metrics agent. rpc_code: 14
__main__:1096 [[92mINFO[0m]   Group 0: batched ensemble scoring in 85.6s
[36m(run_cases_remote pid=1188359)[0m 2026-07-31 04:34:07,439 - WARNING - [GEN b0f5d03e] [RUN_CASES] Slow evaluation: 86.5s for 150 cases (avg 0.58s/case)
[36m(run_cases_remote pid=1188355)[0m 2026-07-31 04:34:09,871 - WARNING - [GEN 96c0dcaf] [RUN_CASES] Slow evaluation: 89.0s for 150 cases (avg 0.59s/case)
__main__:1108 [[92mINFO[0m]   Group 0: rewards computed in 104.6s
__main__:1150 [[92mINFO[0m]     [g0][r1/8] adapter=2 R_exec=1.2530 true_MI=0.01264 RMI=0.0126 R_total=1.2543 correct=1 tokens=16648
__main__:1150 [[92mINFO[0m]     [g0][r2/8] adapter=3 R_exec=1.2530 true_MI=0.01251 RMI=0.0125 R_total=1.2542 correct=1 tokens=17967
__main__:1150 [[92mINFO[0m]     [g0][r3/8] adapter=4 R_exec=1.2530 true_MI=0.01250 RMI=0.0125 R_total=1.2542 correct=1 tokens=14972
__main__:1150 [[92mINFO[0m]     [g0][r4/8] adapter=0 R_exec=1.2652 true_MI=0.01372 RMI=0.0137 R_total=1.2666 correct=1 tokens=18051
__main__:1150 [[92mINFO[0m]     [g0][r5/8] adapter=1 R_exec=0.0000 true_MI=0.01328 RMI=0.0133 R_total=0.0013 correct=0 tokens=18870
__main__:1150 [[92mINFO[0m]     [g0][r6/8] adapter=2 R_exec=1.2530 true_MI=0.01296 RMI=0.0130 R_total=1.2543 correct=1 tokens=13440
__main__:1150 [[92mINFO[0m]     [g0][r7/8] adapter=3 R_exec=1.0169 true_MI=0.01340 RMI=0.0134 R_total=1.0182 correct=1 tokens=19238
__main__:1150 [[92mINFO[0m]     [g0][r8/8] adapter=4 R_exec=1.0169 true_MI=0.01376 RMI=0.0138 R_total=1.0182 correct=1 tokens=17209
__main__:1167 [[92mINFO[0m]   [g0] group true_MI: mean=0.01310 std=0.00052 max=0.01376 normalized=[0.97 0.96 0.95 1.05 1.01 0.99 1.02 1.05]
tinker_cookbook.utils.ml_log:143 [[92mINFO[0m] Wrote metrics to logs/aws/wave4/ahc039-ugttt/metrics.jsonl
tinker_cookbook.utils.ml_log:240 [[92mINFO[0m] Logging to: https://wandb.ai/kriaz-msee20seecs-nust/ugttt-rebuttal/runs/1r8hc8kt
tinker_cookbook.utils.ml_log:143 [[92mINFO[0m] Wrote metrics to logs/aws/wave4/ahc039-ugttt/metrics.jsonl
[36m(run_cases_remote pid=1188354)[0m 2026-07-31 04:34:23,571 - WARNING - [GEN 9cee8c7e] [RUN_CASES] Slow evaluation: 102.6s for 150 cases (avg 0.68s/case)
tinker_cookbook.utils.ml_log:240 [[92mINFO[0m] Logging to: https://wandb.ai/kriaz-msee20seecs-nust/ugttt-rebuttal/runs/1r8hc8kt
tinker_cookbook.utils.ml_log:143 [[92mINFO[0m] Wrote metrics to logs/aws/wave4/ahc039-ugttt/metrics.jsonl
tinker_cookbook.utils.ml_log:240 [[92mINFO[0m] Logging to: https://wandb.ai/kriaz-msee20seecs-nust/ugttt-rebuttal/runs/1r8hc8kt
tinker_cookbook.utils.ml_log:143 [[92mINFO[0m] Wrote metrics to logs/aws/wave4/ahc039-ugttt/metrics.jsonl
tinker_cookbook.utils.ml_log:240 [[92mINFO[0m] Logging to: https://wandb.ai/kriaz-msee20seecs-nust/ugttt-rebuttal/runs/1r8hc8kt
tinker_cookbook.utils.ml_log:143 [[92mINFO[0m] Wrote metrics to logs/aws/wave4/ahc039-ugttt/metrics.jsonl
tinker_cookbook.utils.ml_log:240 [[92mINFO[0m] Logging to: https://wandb.ai/kriaz-msee20seecs-nust/ugttt-rebuttal/runs/1r8hc8kt
tinker_cookbook.utils.ml_log:143 [[92mINFO[0m] Wrote metrics to logs/aws/wave4/ahc039-ugttt/metrics.jsonl
tinker_cookbook.utils.ml_log:240 [[92mINFO[0m] Logging to: https://wandb.ai/kriaz-msee20seecs-nust/ugttt-rebuttal/runs/1r8hc8kt
tinker_cookbook.utils.ml_log:143 [[92mINFO[0m] Wrote metrics to logs/aws/wave4/ahc039-ugttt/metrics.jsonl
tinker_cookbook.utils.ml_log:240 [[92mINFO[0m] Logging to: https://wandb.ai/kriaz-msee20seecs-nust/ugttt-rebuttal/runs/1r8hc8kt
tinker_cookbook.utils.ml_log:143 [[92mINFO[0m] Wrote metrics to logs/aws/wave4/ahc039-ugttt/metrics.jsonl
tinker_cookbook.utils.ml_log:240 [[92mINFO[0m] Logging to: https://wandb.ai/kriaz-msee20seecs-nust/ugttt-rebuttal/runs/1r8hc8kt
__main__:1949 [[92mINFO[0m]   [4][1/8] KEPT | R_exec=1.0389 (max=1.2652) RMI=0.0131 R_total=1.0402 | 2643.4s | GPU: 18.8/19.7GB
tinker_cookbook.utils.ml_log:143 [[92mINFO[0m] Wrote metrics to logs/aws/wave4/ahc039-ugttt/metrics.jsonl
tinker_cookbook.utils.ml_log:240 [[92mINFO[0m] Logging to: https://wandb.ai/kriaz-msee20seecs-nust/ugttt-rebuttal/runs/1r8hc8kt
tinker_cookbook.rl.ensemble:1082 [[92mINFO[0m]   generate_batch_multi_adapter_two_phase: N=8 phase1_max=26000 streaming_mi=False kv_q=False
tinker_cookbook.rl.ensemble:1270 [[92mINFO[0m]     [gen/p1] step=2048/23105 active=8/8 mi_stopped=0
tinker_cookbook.rl.ensemble:1270 [[92mINFO[0m]     [gen/p1] step=4096/23105 active=8/8 mi_stopped=0
tinker_cookbook.rl.ensemble:1270 [[92mINFO[0m]     [gen/p1] step=6144/23105 active=8/8 mi_stopped=0
tinker_cookbook.rl.ensemble:1270 [[92mINFO[0m]     [gen/p1] step=8192/23105 active=8/8 mi_stopped=0
tinker_cookbook.rl.ensemble:1270 [[92mINFO[0m]     [gen/p1] step=10240/23105 active=8/8 mi_stopped=0
tinker_cookbook.rl.ensemble:1270 [[92mINFO[0m]     [gen/p1] step=12288/23105 active=8/8 mi_stopped=0
tinker_cookbook.rl.ensemble:1270 [[92mINFO[0m]     [gen/p1] step=14336/23105 active=8/8 mi_stopped=0
tinker_cookbook.rl.ensemble:1270 [[92mINFO[0m]     [gen/p1] step=16384/23105 active=5/8 mi_stopped=0
tinker_cookbook.rl.ensemble:1270 [[92mINFO[0m]     [gen/p1] step=18432/23105 active=5/8 mi_stopped=0
__main__:1078 [[92mINFO[0m]   Group 1: multi-adapter generation 8 seqs in 2737.9s
[36m(run_cases_remote pid=1202447)[0m [2026-07-31 05:20:31,896 E 1202447 1202852] core_worker_process.cc:825: Failed to establish connection to the metrics exporter agent. Metrics will not be exported. Exporter agent status: RpcError: Running out of retries to initialize the metrics agent. rpc_code: 14
[36m(run_cases_remote pid=1202445)[0m [2026-07-31 05:20:31,873 E 1202445 1202726] core_worker_process.cc:825: Failed to establish connection to the metrics exporter agent. Metrics will not be exported. Exporter agent status: RpcError: Running out of retries to initialize the metrics agent. rpc_code: 14
[36m(run_cases_remote pid=1202444)[0m [2026-07-31 05:20:31,862 E 1202444 1202587] core_worker_process.cc:825: Failed to establish connection to the metrics exporter agent. Metrics will not be exported. Exporter agent status: RpcError: Running out of retries to initialize the metrics agent. rpc_code: 14
[36m(run_single_case_remote pid=1203103)[0m [2026-07-31 05:20:33,437 E 1203103 1203271] core_worker_process.cc:825: Failed to establish connection to the metrics exporter agent. Metrics will not be exported. Exporter agent status: RpcError: Running out of retries to initialize the metrics agent. rpc_code: 14
[36m(run_single_case_remote pid=1203605)[0m [2026-07-31 05:20:36,720 E 1203605 1203640] core_worker_process.cc:825: Failed to establish connection to the metrics exporter agent. Metrics will not be exported. Exporter agent status: RpcError: Running out of retries to initialize the metrics agent. rpc_code: 14
[36m(run_cases_remote pid=1202447)[0m 2026-07-31 05:21:18,062 - WARNING - [GEN 2b20d3c6] [RUN_CASES] Early stop: Case 23 failed with TIME_LIMIT_EXCEEDED. Message: Time limit exceeded: CPU time exceeded: 2.170s > 2.0s
[36m(run_cases_remote pid=1202447)[0m 2026-07-31 05:21:18,063 - WARNING - [GEN 2b20d3c6] [RUN_CASES] Slow evaluation: 74.8s for 150 cases (avg 0.50s/case)
__main__:1096 [[92mINFO[0m]   Group 1: batched ensemble scoring in 89.3s
[36m(run_cases_remote pid=1202446)[0m 2026-07-31 05:21:54,528 - WARNING - [GEN 551256be] [RUN_CASES] Slow evaluation: 111.3s for 150 cases (avg 0.74s/case)
[36m(run_cases_remote pid=1202448)[0m 2026-07-31 05:24:41,398 - WARNING - [GEN e3b6ac3d] [RUN_CASES] Early stop: Case 122 failed with TIME_LIMIT_EXCEEDED. Message: Time limit exceeded: CPU limit exceeded (prlimit killed process)
[36m(run_cases_remote pid=1202448)[0m 2026-07-31 05:24:41,398 - WARNING - [GEN e3b6ac3d] [RUN_CASES] Slow evaluation: 277.9s for 150 cases (avg 1.85s/case)
[36m(run_cases_remote pid=1202444)[0m 2026-07-31 05:24:49,092 - WARNING - [GEN fa14af1d] [RUN_CASES] Slow evaluation: 285.9s for 150 cases (avg 1.91s/case)
[36m(run_cases_remote pid=1202445)[0m 2026-07-31 05:25:27,020 - WARNING - [GEN df5ce5c0] [RUN_CASES] Early stop: Case 71 failed with TIME_LIMIT_EXCEEDED. Message: Time limit exceeded: CPU limit exceeded (prlimit killed process)
[36m(run_cases_remote pid=1202445)[0m 2026-07-31 05:25:27,021 - WARNING - [GEN df5ce5c0] [RUN_CASES] Slow evaluation: 323.5s for 150 cases (avg 2.16s/case)
[36m(run_cases_remote pid=1202450)[0m 2026-07-31 05:25:28,308 - WARNING - [GEN b0beca0c] [RUN_CASES] Slow evaluation: 325.0s for 150 cases (avg 2.17s/case)
[36m(run_single_case_remote pid=1213071)[0m [2026-07-31 05:26:16,477 E 1213071 1213112] core_worker_process.cc:825: Failed to establish connection to the metrics exporter agent. Metrics will not be exported. Exporter agent status: RpcError: Running out of retries to initialize the metrics agent. rpc_code: 14
__main__:1108 [[92mINFO[0m]   Group 1: rewards computed in 404.4s
__main__:1150 [[92mINFO[0m]     [g1][r1/8] adapter=2 R_exec=0.0947 true_MI=0.01362 RMI=0.0136 R_total=0.0961 correct=1 tokens=20371
__main__:1150 [[92mINFO[0m]     [g1][r2/8] adapter=3 R_exec=1.2532 true_MI=0.01316 RMI=0.0132 R_total=1.2545 correct=1 tokens=16279
__main__:1150 [[92mINFO[0m]     [g1][r3/8] adapter=4 R_exec=0.0000 true_MI=0.01293 RMI=0.0129 R_total=0.0013 correct=0 tokens=19790
__main__:1150 [[92mINFO[0m]     [g1][r4/8] adapter=0 R_exec=0.0000 true_MI=0.01343 RMI=0.0134 R_total=0.0013 correct=0 tokens=19245
__main__:1150 [[92mINFO[0m]     [g1][r5/8] adapter=1 R_exec=0.0000 true_MI=0.01217 RMI=0.0122 R_total=0.0012 correct=0 tokens=19642
__main__:1150 [[92mINFO[0m]     [g1][r6/8] adapter=2 R_exec=0.0947 true_MI=0.01241 RMI=0.0124 R_total=0.0959 correct=1 tokens=16043
__main__:1150 [[92mINFO[0m]     [g1][r7/8] adapter=3 R_exec=0.0000 true_MI=0.01288 RMI=0.0129 R_total=0.0013 correct=0 tokens=14805
__main__:1150 [[92mINFO[0m]     [g1][r8/8] adapter=4 R_exec=0.0000 true_MI=0.01274 RMI=0.0127 R_total=0.0013 correct=0 tokens=18813
__main__:1167 [[92mINFO[0m]   [g1] group true_MI: mean=0.01292 std=0.00049 max=0.01362 normalized=[1.05 1.02 1.00 1.04 0.94 0.96 1.00 0.99]
tinker_cookbook.utils.ml_log:143 [[92mINFO[0m] Wrote metrics to logs/aws/wave4/ahc039-ugttt/metrics.jsonl
tinker_cookbook.utils.ml_log:240 [[92mINFO[0m] Logging to: https://wandb.ai/kriaz-msee20seecs-nust/ugttt-rebuttal/runs/1r8hc8kt
tinker_cookbook.utils.ml_log:143 [[92mINFO[0m] Wrote metrics to logs/aws/wave4/ahc039-ugttt/metrics.jsonl
tinker_cookbook.utils.ml_log:240 [[92mINFO[0m] Logging to: https://wandb.ai/kriaz-msee20seecs-nust/ugttt-rebuttal/runs/1r8hc8kt
tinker_cookbook.utils.ml_log:143 [[92mINFO[0m] Wrote metrics to logs/aws/wave4/ahc039-ugttt/metrics.jsonl
tinker_cookbook.utils.ml_log:240 [[92mINFO[0m] Logging to: https://wandb.ai/kriaz-msee20seecs-nust/ugttt-rebuttal/runs/1r8hc8kt
tinker_cookbook.utils.ml_log:143 [[92mINFO[0m] Wrote metrics to logs/aws/wave4/ahc039-ugttt/metrics.jsonl
tinker_cookbook.utils.ml_log:240 [[92mINFO[0m] Logging to: https://wandb.ai/kriaz-msee20seecs-nust/ugttt-rebuttal/runs/1r8hc8kt
tinker_cookbook.utils.ml_log:143 [[92mINFO[0m] Wrote metrics to logs/aws/wave4/ahc039-ugttt/metrics.jsonl
tinker_cookbook.utils.ml_log:240 [[92mINFO[0m] Logging to: https://wandb.ai/kriaz-msee20seecs-nust/ugttt-rebuttal/runs/1r8hc8kt
tinker_cookbook.utils.ml_log:143 [[92mINFO[0m] Wrote metrics to logs/aws/wave4/ahc039-ugttt/metrics.jsonl
tinker_cookbook.utils.ml_log:240 [[92mINFO[0m] Logging to: https://wandb.ai/kriaz-msee20seecs-nust/ugttt-rebuttal/runs/1r8hc8kt
tinker_cookbook.utils.ml_log:143 [[92mINFO[0m] Wrote metrics to logs/aws/wave4/ahc039-ugttt/metrics.jsonl
tinker_cookbook.utils.ml_log:240 [[92mINFO[0m] Logging to: https://wandb.ai/kriaz-msee20seecs-nust/ugttt-rebuttal/runs/1r8hc8kt
tinker_cookbook.utils.ml_log:143 [[92mINFO[0m] Wrote metrics to logs/aws/wave4/ahc039-ugttt/metrics.jsonl
tinker_cookbook.utils.ml_log:240 [[92mINFO[0m] Logging to: https://wandb.ai/kriaz-msee20seecs-nust/ugttt-rebuttal/runs/1r8hc8kt
__main__:1949 [[92mINFO[0m]   [4][2/8] KEPT | R_exec=0.1803 (max=1.2532) RMI=0.0129 R_total=0.1816 | 3142.4s | GPU: 18.8/19.8GB
tinker_cookbook.utils.ml_log:143 [[92mINFO[0m] Wrote metrics to logs/aws/wave4/ahc039-ugttt/metrics.jsonl
tinker_cookbook.utils.ml_log:240 [[92mINFO[0m] Logging to: https://wandb.ai/kriaz-msee20seecs-nust/ugttt-rebuttal/runs/1r8hc8kt
tinker_cookbook.rl.ensemble:1082 [[92mINFO[0m]   generate_batch_multi_adapter_two_phase: N=8 phase1_max=26000 streaming_mi=False kv_q=False
[36m(run_cases_remote pid=1202449)[0m 2026-07-31 05:26:45,958 - WARNING - [GEN 3b6dd779] [RUN_CASES] Early stop: Case 59 failed with TIME_LIMIT_EXCEEDED. Message: Time limit exceeded: CPU time exceeded: 2.100s > 2.0s
[36m(run_cases_remote pid=1202449)[0m 2026-07-31 05:26:45,959 - WARNING - [GEN 3b6dd779] [RUN_CASES] Slow evaluation: 402.4s for 150 cases (avg 2.68s/case)
tinker_cookbook.rl.ensemble:1270 [[92mINFO[0m]     [gen/p1] step=2048/22820 active=8/8 mi_stopped=0
tinker_cookbook.rl.ensemble:1270 [[92mINFO[0m]     [gen/p1] step=4096/22820 active=8/8 mi_stopped=0
tinker_cookbook.rl.ensemble:1270 [[92mINFO[0m]     [gen/p1] step=6144/22820 active=8/8 mi_stopped=0
tinker_cookbook.rl.ensemble:1270 [[92mINFO[0m]     [gen/p1] step=8192/22820 active=8/8 mi_stopped=0
tinker_cookbook.rl.ensemble:1270 [[92mINFO[0m]     [gen/p1] step=10240/22820 active=8/8 mi_stopped=0
tinker_cookbook.rl.ensemble:1270 [[92mINFO[0m]     [gen/p1] step=12288/22820 active=8/8 mi_stopped=0
tinker_cookbook.rl.ensemble:1270 [[92mINFO[0m]     [gen/p1] step=14336/22820 active=7/8 mi_stopped=0
tinker_cookbook.rl.ensemble:1270 [[92mINFO[0m]     [gen/p1] step=16384/22820 active=6/8 mi_stopped=0
tinker_cookbook.rl.ensemble:1270 [[92mINFO[0m]     [gen/p1] step=18432/22820 active=4/8 mi_stopped=0
tinker_cookbook.rl.ensemble:1270 [[92mINFO[0m]     [gen/p1] step=20480/22820 active=3/8 mi_stopped=0
tinker_cookbook.rl.ensemble:1270 [[92mINFO[0m]     [gen/p1] step=22528/22820 active=1/8 mi_stopped=0
__main__:1078 [[92mINFO[0m]   Group 2: multi-adapter generation 8 seqs in 3817.1s
__main__:1096 [[92mINFO[0m]   Group 2: batched ensemble scoring in 94.3s
__main__:1108 [[92mINFO[0m]   Group 2: rewards computed in 156.7s
__main__:1150 [[92mINFO[0m]     [g2][r1/8] adapter=2 R_exec=1.2530 true_MI=0.01402 RMI=0.0140 R_total=1.2544 correct=1 tokens=17020
__main__:1150 [[92mINFO[0m]     [g2][r2/8] adapter=3 R_exec=1.2530 true_MI=0.01269 RMI=0.0127 R_total=1.2543 correct=1 tokens=20724
__main__:1150 [[92mINFO[0m]     [g2][r3/8] adapter=4 R_exec=0.0000 true_MI=0.01244 RMI=0.0124 R_total=0.0012 correct=0 tokens=25186 p1=22820 p2=2344
__main__:1150 [[92mINFO[0m]     [g2][r4/8] adapter=0 R_exec=1.2530 true_MI=0.01218 RMI=0.0122 R_total=1.2542 correct=1 tokens=21600
__main__:1150 [[92mINFO[0m]     [g2][r5/8] adapter=1 R_exec=1.2530 true_MI=0.01260 RMI=0.0126 R_total=1.2542 correct=1 tokens=17869
__main__:1150 [[92mINFO[0m]     [g2][r6/8] adapter=2 R_exec=0.0000 true_MI=0.01401 RMI=0.0140 R_total=0.0014 correct=0 tokens=13870
__main__:1150 [[92mINFO[0m]     [g2][r7/8] adapter=3 R_exec=0.9855 true_MI=0.01377 RMI=0.0138 R_total=0.9868 correct=1 tokens=18581
__main__:1150 [[92mINFO[0m]     [g2][r8/8] adapter=4 R_exec=1.2530 true_MI=0.01356 RMI=0.0136 R_total=1.2543 correct=1 tokens=15176
__main__:1167 [[92mINFO[0m]   [g2] group true_MI: mean=0.01316 std=0.00076 max=0.01402 normalized=[1.07 0.96 0.95 0.93 0.96 1.06 1.05 1.03]
tinker_cookbook.utils.ml_log:143 [[92mINFO[0m] Wrote metrics to logs/aws/wave4/ahc039-ugttt/metrics.jsonl
tinker_cookbook.utils.ml_log:240 [[92mINFO[0m] Logging to: https://wandb.ai/kriaz-msee20seecs-nust/ugttt-rebuttal/runs/1r8hc8kt
tinker_cookbook.utils.ml_log:143 [[92mINFO[0m] Wrote metrics to logs/aws/wave4/ahc039-ugttt/metrics.jsonl
tinker_cookbook.utils.ml_log:240 [[92mINFO[0m] Logging to: https://wandb.ai/kriaz-msee20seecs-nust/ugttt-rebuttal/runs/1r8hc8kt
tinker_cookbook.utils.ml_log:143 [[92mINFO[0m] Wrote metrics to logs/aws/wave4/ahc039-ugttt/metrics.jsonl
tinker_cookbook.utils.ml_log:240 [[92mINFO[0m] Logging to: https://wandb.ai/kriaz-msee20seecs-nust/ugttt-rebuttal/runs/1r8hc8kt
tinker_cookbook.utils.ml_log:143 [[92mINFO[0m] Wrote metrics to logs/aws/wave4/ahc039-ugttt/metrics.jsonl
tinker_cookbook.utils.ml_log:240 [[92mINFO[0m] Logging to: https://wandb.ai/kriaz-msee20seecs-nust/ugttt-rebuttal/runs/1r8hc8kt
tinker_cookbook.utils.ml_log:143 [[92mINFO[0m] Wrote metrics to logs/aws/wave4/ahc039-ugttt/metrics.jsonl
tinker_cookbook.utils.ml_log:240 [[92mINFO[0m] Logging to: https://wandb.ai/kriaz-msee20seecs-nust/ugttt-rebuttal/runs/1r8hc8kt
tinker_cookbook.utils.ml_log:143 [[92mINFO[0m] Wrote metrics to logs/aws/wave4/ahc039-ugttt/metrics.jsonl
tinker_cookbook.utils.ml_log:240 [[92mINFO[0m] Logging to: https://wandb.ai/kriaz-msee20seecs-nust/ugttt-rebuttal/runs/1r8hc8kt
tinker_cookbook.utils.ml_log:143 [[92mINFO[0m] Wrote metrics to logs/aws/wave4/ahc039-ugttt/metrics.jsonl
tinker_cookbook.utils.ml_log:240 [[92mINFO[0m] Logging to: https://wandb.ai/kriaz-msee20seecs-nust/ugttt-rebuttal/runs/1r8hc8kt
tinker_cookbook.utils.ml_log:143 [[92mINFO[0m] Wrote metrics to logs/aws/wave4/ahc039-ugttt/metrics.jsonl
tinker_cookbook.utils.ml_log:240 [[92mINFO[0m] Logging to: https://wandb.ai/kriaz-msee20seecs-nust/ugttt-rebuttal/runs/1r8hc8kt
__main__:1949 [[92mINFO[0m]   [4][3/8] KEPT | R_exec=0.9063 (max=1.2530) RMI=0.0132 R_total=0.9076 | 3973.8s | GPU: 18.8/19.6GB
tinker_cookbook.utils.ml_log:143 [[92mINFO[0m] Wrote metrics to logs/aws/wave4/ahc039-ugttt/metrics.jsonl
tinker_cookbook.utils.ml_log:240 [[92mINFO[0m] Logging to: https://wandb.ai/kriaz-msee20seecs-nust/ugttt-rebuttal/runs/1r8hc8kt
tinker_cookbook.rl.ensemble:1082 [[92mINFO[0m]   generate_batch_multi_adapter_two_phase: N=8 phase1_max=26000 streaming_mi=False kv_q=False
tinker_cookbook.rl.ensemble:1270 [[92mINFO[0m]     [gen/p1] step=2048/21904 active=6/8 mi_stopped=0
tinker_cookbook.rl.ensemble:1270 [[92mINFO[0m]     [gen/p1] step=4096/21904 active=2/8 mi_stopped=0
tinker_cookbook.rl.ensemble:1270 [[92mINFO[0m]     [gen/p1] step=6144/21904 active=1/8 mi_stopped=0
tinker_cookbook.rl.ensemble:1270 [[92mINFO[0m]     [gen/p1] step=8192/21904 active=1/8 mi_stopped=0
tinker_cookbook.rl.ensemble:1270 [[92mINFO[0m]     [gen/p1] step=10240/21904 active=1/8 mi_stopped=0
tinker_cookbook.rl.ensemble:1270 [[92mINFO[0m]     [gen/p1] step=12288/21904 active=1/8 mi_stopped=0
tinker_cookbook.rl.ensemble:1270 [[92mINFO[0m]     [gen/p1] step=14336/21904 active=1/8 mi_stopped=0
__main__:1078 [[92mINFO[0m]   Group 3: multi-adapter generation 8 seqs in 1999.9s
__main__:1096 [[92mINFO[0m]   Group 3: batched ensemble scoring in 33.8s
__main__:1108 [[92mINFO[0m]   Group 3: rewards computed in 210.9s
__main__:1150 [[92mINFO[0m]     [g3][r1/8] adapter=2 R_exec=0.0000 true_MI=0.01402 RMI=0.0140 R_total=0.0014 correct=0 tokens=2740
__main__:1150 [[92mINFO[0m]     [g3][r2/8] adapter=3 R_exec=0.0000 true_MI=0.01568 RMI=0.0157 R_total=0.0016 correct=0 tokens=2910
__main__:1150 [[92mINFO[0m]     [g3][r3/8] adapter=4 R_exec=0.0000 true_MI=0.01271 RMI=0.0127 R_total=0.0013 correct=0 tokens=4910
__main__:1150 [[92mINFO[0m]     [g3][r4/8] adapter=0 R_exec=0.0000 true_MI=0.01449 RMI=0.0145 R_total=0.0014 correct=0 tokens=3503
__main__:1150 [[92mINFO[0m]     [g3][r5/8] adapter=1 R_exec=0.0000 true_MI=0.01161 RMI=0.0116 R_total=0.0012 correct=0 tokens=15991
__main__:1150 [[92mINFO[0m]     [g3][r6/8] adapter=2 R_exec=0.0000 true_MI=0.01501 RMI=0.0150 R_total=0.0015 correct=0 tokens=2014
__main__:1150 [[92mINFO[0m]     [g3][r7/8] adapter=3 R_exec=0.0000 true_MI=0.01685 RMI=0.0169 R_total=0.0017 correct=0 tokens=1233
__main__:1150 [[92mINFO[0m]     [g3][r8/8] adapter=4 R_exec=0.0000 true_MI=0.01360 RMI=0.0136 R_total=0.0014 correct=0 tokens=3199
__main__:1167 [[92mINFO[0m]   [g3] group true_MI: mean=0.01425 std=0.00166 max=0.01685 normalized=[0.98 1.10 0.89 1.02 0.81 1.05 1.18 0.95]
tinker_cookbook.utils.ml_log:143 [[92mINFO[0m] Wrote metrics to logs/aws/wave4/ahc039-ugttt/metrics.jsonl
tinker_cookbook.utils.ml_log:240 [[92mINFO[0m] Logging to: https://wandb.ai/kriaz-msee20seecs-nust/ugttt-rebuttal/runs/1r8hc8kt
tinker_cookbook.utils.ml_log:143 [[92mINFO[0m] Wrote metrics to logs/aws/wave4/ahc039-ugttt/metrics.jsonl
tinker_cookbook.utils.ml_log:240 [[92mINFO[0m] Logging to: https://wandb.ai/kriaz-msee20seecs-nust/ugttt-rebuttal/runs/1r8hc8kt
tinker_cookbook.utils.ml_log:143 [[92mINFO[0m] Wrote metrics to logs/aws/wave4/ahc039-ugttt/metrics.jsonl
tinker_cookbook.utils.ml_log:240 [[92mINFO[0m] Logging to: https://wandb.ai/kriaz-msee20seecs-nust/ugttt-rebuttal/runs/1r8hc8kt
tinker_cookbook.utils.ml_log:143 [[92mINFO[0m] Wrote metrics to logs/aws/wave4/ahc039-ugttt/metrics.jsonl
tinker_cookbook.utils.ml_log:240 [[92mINFO[0m] Logging to: https://wandb.ai/kriaz-msee20seecs-nust/ugttt-rebuttal/runs/1r8hc8kt
tinker_cookbook.utils.ml_log:143 [[92mINFO[0m] Wrote metrics to logs/aws/wave4/ahc039-ugttt/metrics.jsonl
tinker_cookbook.utils.ml_log:240 [[92mINFO[0m] Logging to: https://wandb.ai/kriaz-msee20seecs-nust/ugttt-rebuttal/runs/1r8hc8kt
tinker_cookbook.utils.ml_log:143 [[92mINFO[0m] Wrote metrics to logs/aws/wave4/ahc039-ugttt/metrics.jsonl
tinker_cookbook.utils.ml_log:240 [[92mINFO[0m] Logging to: https://wandb.ai/kriaz-msee20seecs-nust/ugttt-rebuttal/runs/1r8hc8kt
tinker_cookbook.utils.ml_log:143 [[92mINFO[0m] Wrote metrics to logs/aws/wave4/ahc039-ugttt/metrics.jsonl
tinker_cookbook.utils.ml_log:240 [[92mINFO[0m] Logging to: https://wandb.ai/kriaz-msee20seecs-nust/ugttt-rebuttal/runs/1r8hc8kt
tinker_cookbook.utils.ml_log:143 [[92mINFO[0m] Wrote metrics to logs/aws/wave4/ahc039-ugttt/metrics.jsonl
tinker_cookbook.utils.ml_log:240 [[92mINFO[0m] Logging to: https://wandb.ai/kriaz-msee20seecs-nust/ugttt-rebuttal/runs/1r8hc8kt
__main__:1949 [[92mINFO[0m]   [4][4/8] KEPT | R_exec=0.0000 (max=0.0000) RMI=0.0142 R_total=0.0014 | 2210.8s | GPU: 18.8/19.2GB
tinker_cookbook.utils.ml_log:143 [[92mINFO[0m] Wrote metrics to logs/aws/wave4/ahc039-ugttt/metrics.jsonl
tinker_cookbook.utils.ml_log:240 [[92mINFO[0m] Logging to: https://wandb.ai/kriaz-msee20seecs-nust/ugttt-rebuttal/runs/1r8hc8kt
tinker_cookbook.rl.ensemble:1082 [[92mINFO[0m]   generate_batch_multi_adapter_two_phase: N=8 phase1_max=26000 streaming_mi=False kv_q=False
tinker_cookbook.rl.ensemble:1270 [[92mINFO[0m]     [gen/p1] step=2048/21978 active=8/8 mi_stopped=0
tinker_cookbook.rl.ensemble:1270 [[92mINFO[0m]     [gen/p1] step=4096/21978 active=8/8 mi_stopped=0
tinker_cookbook.rl.ensemble:1270 [[92mINFO[0m]     [gen/p1] step=6144/21978 active=8/8 mi_stopped=0
tinker_cookbook.rl.ensemble:1270 [[92mINFO[0m]     [gen/p1] step=8192/21978 active=8/8 mi_stopped=0
tinker_cookbook.rl.ensemble:1270 [[92mINFO[0m]     [gen/p1] step=10240/21978 active=8/8 mi_stopped=0
tinker_cookbook.rl.ensemble:1270 [[92mINFO[0m]     [gen/p1] step=12288/21978 active=7/8 mi_stopped=0
tinker_cookbook.rl.ensemble:1270 [[92mINFO[0m]     [gen/p1] step=14336/21978 active=6/8 mi_stopped=0
tinker_cookbook.rl.ensemble:1270 [[92mINFO[0m]     [gen/p1] step=16384/21978 active=2/8 mi_stopped=0
tinker_cookbook.rl.ensemble:1270 [[92mINFO[0m]     [gen/p1] step=18432/21978 active=2/8 mi_stopped=0
tinker_cookbook.rl.ensemble:1270 [[92mINFO[0m]     [gen/p1] step=20480/21978 active=2/8 mi_stopped=0
__main__:1078 [[92mINFO[0m]   Group 4: multi-adapter generation 8 seqs in 3986.9s
__main__:1096 [[92mINFO[0m]   Group 4: batched ensemble scoring in 92.5s
__main__:1108 [[92mINFO[0m]   Group 4: rewards computed in 114.2s
__main__:1150 [[92mINFO[0m]     [g4][r1/8] adapter=2 R_exec=1.2475 true_MI=0.01402 RMI=0.0140 R_total=1.2489 correct=1 tokens=16164
__main__:1150 [[92mINFO[0m]     [g4][r2/8] adapter=3 R_exec=0.0000 true_MI=0.01252 RMI=0.0125 R_total=0.0013 correct=0 tokens=25146 p1=21978 p2=3146
__main__:1150 [[92mINFO[0m]     [g4][r3/8] adapter=4 R_exec=1.2475 true_MI=0.01392 RMI=0.0139 R_total=1.2489 correct=1 tokens=15106
__main__:1150 [[92mINFO[0m]     [g4][r4/8] adapter=0 R_exec=0.7822 true_MI=0.01438 RMI=0.0144 R_total=0.7836 correct=1 tokens=12212
__main__:1150 [[92mINFO[0m]     [g4][r5/8] adapter=1 R_exec=1.2475 true_MI=0.01305 RMI=0.0131 R_total=1.2488 correct=1 tokens=16206
__main__:1150 [[92mINFO[0m]     [g4][r6/8] adapter=2 R_exec=0.0000 true_MI=0.01372 RMI=0.0137 R_total=0.0014 correct=0 tokens=14148
__main__:1150 [[92mINFO[0m]     [g4][r7/8] adapter=3 R_exec=1.2530 true_MI=0.01097 RMI=0.0110 R_total=1.2541 correct=1 tokens=25398 p1=21978 p2=3398
__main__:1150 [[92mINFO[0m]     [g4][r8/8] adapter=4 R_exec=0.0000 true_MI=0.01401 RMI=0.0140 R_total=0.0014 correct=0 tokens=15416
__main__:1167 [[92mINFO[0m]   [g4] group true_MI: mean=0.01332 std=0.00112 max=0.01438 normalized=[1.05 0.94 1.04 1.08 0.98 1.03 0.82 1.05]
tinker_cookbook.utils.ml_log:143 [[92mINFO[0m] Wrote metrics to logs/aws/wave4/ahc039-ugttt/metrics.jsonl
tinker_cookbook.utils.ml_log:240 [[92mINFO[0m] Logging to: https://wandb.ai/kriaz-msee20seecs-nust/ugttt-rebuttal/runs/1r8hc8kt
tinker_cookbook.utils.ml_log:143 [[92mINFO[0m] Wrote metrics to logs/aws/wave4/ahc039-ugttt/metrics.jsonl
tinker_cookbook.utils.ml_log:240 [[92mINFO[0m] Logging to: https://wandb.ai/kriaz-msee20seecs-nust/ugttt-rebuttal/runs/1r8hc8kt
tinker_cookbook.utils.ml_log:143 [[92mINFO[0m] Wrote metrics to logs/aws/wave4/ahc039-ugttt/metrics.jsonl
tinker_cookbook.utils.ml_log:240 [[92mINFO[0m] Logging to: https://wandb.ai/kriaz-msee20seecs-nust/ugttt-rebuttal/runs/1r8hc8kt
tinker_cookbook.utils.ml_log:143 [[92mINFO[0m] Wrote metrics to logs/aws/wave4/ahc039-ugttt/metrics.jsonl
tinker_cookbook.utils.ml_log:240 [[92mINFO[0m] Logging to: https://wandb.ai/kriaz-msee20seecs-nust/ugttt-rebuttal/runs/1r8hc8kt
tinker_cookbook.utils.ml_log:143 [[92mINFO[0m] Wrote metrics to logs/aws/wave4/ahc039-ugttt/metrics.jsonl
tinker_cookbook.utils.ml_log:240 [[92mINFO[0m] Logging to: https://wandb.ai/kriaz-msee20seecs-nust/ugttt-rebuttal/runs/1r8hc8kt
tinker_cookbook.utils.ml_log:143 [[92mINFO[0m] Wrote metrics to logs/aws/wave4/ahc039-ugttt/metrics.jsonl
tinker_cookbook.utils.ml_log:240 [[92mINFO[0m] Logging to: https://wandb.ai/kriaz-msee20seecs-nust/ugttt-rebuttal/runs/1r8hc8kt
tinker_cookbook.utils.ml_log:143 [[92mINFO[0m] Wrote metrics to logs/aws/wave4/ahc039-ugttt/metrics.jsonl
tinker_cookbook.utils.ml_log:240 [[92mINFO[0m] Logging to: https://wandb.ai/kriaz-msee20seecs-nust/ugttt-rebuttal/runs/1r8hc8kt
tinker_cookbook.utils.ml_log:143 [[92mINFO[0m] Wrote metrics to logs/aws/wave4/ahc039-ugttt/metrics.jsonl
tinker_cookbook.utils.ml_log:240 [[92mINFO[0m] Logging to: https://wandb.ai/kriaz-msee20seecs-nust/ugttt-rebuttal/runs/1r8hc8kt
__main__:1949 [[92mINFO[0m]   [4][5/8] KEPT | R_exec=0.7222 (max=1.2530) RMI=0.0133 R_total=0.7235 | 4101.2s | GPU: 18.8/19.7GB
tinker_cookbook.utils.ml_log:143 [[92mINFO[0m] Wrote metrics to logs/aws/wave4/ahc039-ugttt/metrics.jsonl
tinker_cookbook.utils.ml_log:240 [[92mINFO[0m] Logging to: https://wandb.ai/kriaz-msee20seecs-nust/ugttt-rebuttal/runs/1r8hc8kt
tinker_cookbook.rl.ensemble:1082 [[92mINFO[0m]   generate_batch_multi_adapter_two_phase: N=8 phase1_max=26000 streaming_mi=False kv_q=False
tinker_cookbook.rl.ensemble:1270 [[92mINFO[0m]     [gen/p1] step=2048/23408 active=8/8 mi_stopped=0
tinker_cookbook.rl.ensemble:1270 [[92mINFO[0m]     [gen/p1] step=4096/23408 active=8/8 mi_stopped=0
tinker_cookbook.rl.ensemble:1270 [[92mINFO[0m]     [gen/p1] step=6144/23408 active=8/8 mi_stopped=0
tinker_cookbook.rl.ensemble:1270 [[92mINFO[0m]     [gen/p1] step=8192/23408 active=8/8 mi_stopped=0
tinker_cookbook.rl.ensemble:1270 [[92mINFO[0m]     [gen/p1] step=10240/23408 active=8/8 mi_stopped=0
tinker_cookbook.rl.ensemble:1270 [[92mINFO[0m]     [gen/p1] step=12288/23408 active=8/8 mi_stopped=0
tinker_cookbook.rl.ensemble:1270 [[92mINFO[0m]     [gen/p1] step=14336/23408 active=8/8 mi_stopped=0
tinker_cookbook.rl.ensemble:1270 [[92mINFO[0m]     [gen/p1] step=16384/23408 active=6/8 mi_stopped=0
tinker_cookbook.rl.ensemble:1270 [[92mINFO[0m]     [gen/p1] step=18432/23408 active=4/8 mi_stopped=0
tinker_cookbook.rl.ensemble:1270 [[92mINFO[0m]     [gen/p1] step=20480/23408 active=2/8 mi_stopped=0
__main__:1078 [[92mINFO[0m]   Group 5: multi-adapter generation 8 seqs in 3101.4s
__main__:1096 [[92mINFO[0m]   Group 5: batched ensemble scoring in 90.5s
__main__:1108 [[92mINFO[0m]   Group 5: rewards computed in 246.8s
__main__:1150 [[92mINFO[0m]     [g5][r1/8] adapter=2 R_exec=1.2664 true_MI=0.01186 RMI=0.0119 R_total=1.2676 correct=1 tokens=16261
__main__:1150 [[92mINFO[0m]     [g5][r2/8] adapter=3 R_exec=0.0000 true_MI=0.01298 RMI=0.0130 R_total=0.0013 correct=0 tokens=18648
__main__:1150 [[92mINFO[0m]     [g5][r3/8] adapter=4 R_exec=1.0169 true_MI=0.01290 RMI=0.0129 R_total=1.0182 correct=1 tokens=17832
__main__:1150 [[92mINFO[0m]     [g5][r4/8] adapter=0 R_exec=0.0000 true_MI=0.01342 RMI=0.0134 R_total=0.0013 correct=0 tokens=21312
__main__:1150 [[92mINFO[0m]     [g5][r5/8] adapter=1 R_exec=0.0000 true_MI=0.01342 RMI=0.0134 R_total=0.0013 correct=0 tokens=22370
__main__:1150 [[92mINFO[0m]     [g5][r6/8] adapter=2 R_exec=0.8982 true_MI=0.01182 RMI=0.0118 R_total=0.8994 correct=1 tokens=16194
__main__:1150 [[92mINFO[0m]     [g5][r7/8] adapter=3 R_exec=0.0000 true_MI=0.01256 RMI=0.0126 R_total=0.0013 correct=0 tokens=17943
__main__:1150 [[92mINFO[0m]     [g5][r8/8] adapter=4 R_exec=1.2362 true_MI=0.01393 RMI=0.0139 R_total=1.2376 correct=1 tokens=18864
__main__:1167 [[92mINFO[0m]   [g5] group true_MI: mean=0.01286 std=0.00075 max=0.01393 normalized=[0.92 1.01 1.00 1.04 1.04 0.92 0.98 1.08]
tinker_cookbook.utils.ml_log:143 [[92mINFO[0m] Wrote metrics to logs/aws/wave4/ahc039-ugttt/metrics.jsonl
tinker_cookbook.utils.ml_log:240 [[92mINFO[0m] Logging to: https://wandb.ai/kriaz-msee20seecs-nust/ugttt-rebuttal/runs/1r8hc8kt
tinker_cookbook.utils.ml_log:143 [[92mINFO[0m] Wrote metrics to logs/aws/wave4/ahc039-ugttt/metrics.jsonl
tinker_cookbook.utils.ml_log:240 [[92mINFO[0m] Logging to: https://wandb.ai/kriaz-msee20seecs-nust/ugttt-rebuttal/runs/1r8hc8kt
tinker_cookbook.utils.ml_log:143 [[92mINFO[0m] Wrote metrics to logs/aws/wave4/ahc039-ugttt/metrics.jsonl
tinker_cookbook.utils.ml_log:240 [[92mINFO[0m] Logging to: https://wandb.ai/kriaz-msee20seecs-nust/ugttt-rebuttal/runs/1r8hc8kt
tinker_cookbook.utils.ml_log:143 [[92mINFO[0m] Wrote metrics to logs/aws/wave4/ahc039-ugttt/metrics.jsonl
tinker_cookbook.utils.ml_log:240 [[92mINFO[0m] Logging to: https://wandb.ai/kriaz-msee20seecs-nust/ugttt-rebuttal/runs/1r8hc8kt
tinker_cookbook.utils.ml_log:143 [[92mINFO[0m] Wrote metrics to logs/aws/wave4/ahc039-ugttt/metrics.jsonl
tinker_cookbook.utils.ml_log:240 [[92mINFO[0m] Logging to: https://wandb.ai/kriaz-msee20seecs-nust/ugttt-rebuttal/runs/1r8hc8kt
tinker_cookbook.utils.ml_log:143 [[92mINFO[0m] Wrote metrics to logs/aws/wave4/ahc039-ugttt/metrics.jsonl
tinker_cookbook.utils.ml_log:240 [[92mINFO[0m] Logging to: https://wandb.ai/kriaz-msee20seecs-nust/ugttt-rebuttal/runs/1r8hc8kt
tinker_cookbook.utils.ml_log:143 [[92mINFO[0m] Wrote metrics to logs/aws/wave4/ahc039-ugttt/metrics.jsonl
tinker_cookbook.utils.ml_log:240 [[92mINFO[0m] Logging to: https://wandb.ai/kriaz-msee20seecs-nust/ugttt-rebuttal/runs/1r8hc8kt
tinker_cookbook.utils.ml_log:143 [[92mINFO[0m] Wrote metrics to logs/aws/wave4/ahc039-ugttt/metrics.jsonl
tinker_cookbook.utils.ml_log:240 [[92mINFO[0m] Logging to: https://wandb.ai/kriaz-msee20seecs-nust/ugttt-rebuttal/runs/1r8hc8kt
__main__:1949 [[92mINFO[0m]   [4][6/8] KEPT | R_exec=0.5522 (max=1.2664) RMI=0.0129 R_total=0.5535 | 3348.2s | GPU: 18.8/19.7GB
tinker_cookbook.utils.ml_log:143 [[92mINFO[0m] Wrote metrics to logs/aws/wave4/ahc039-ugttt/metrics.jsonl
tinker_cookbook.utils.ml_log:240 [[92mINFO[0m] Logging to: https://wandb.ai/kriaz-msee20seecs-nust/ugttt-rebuttal/runs/1r8hc8kt
tinker_cookbook.rl.ensemble:1082 [[92mINFO[0m]   generate_batch_multi_adapter_two_phase: N=8 phase1_max=26000 streaming_mi=False kv_q=False
tinker_cookbook.rl.ensemble:1270 [[92mINFO[0m]     [gen/p1] step=2048/22209 active=8/8 mi_stopped=0
tinker_cookbook.rl.ensemble:1270 [[92mINFO[0m]     [gen/p1] step=4096/22209 active=8/8 mi_stopped=0
tinker_cookbook.rl.ensemble:1270 [[92mINFO[0m]     [gen/p1] step=6144/22209 active=8/8 mi_stopped=0
tinker_cookbook.rl.ensemble:1270 [[92mINFO[0m]     [gen/p1] step=8192/22209 active=8/8 mi_stopped=0
tinker_cookbook.rl.ensemble:1270 [[92mINFO[0m]     [gen/p1] step=10240/22209 active=8/8 mi_stopped=0
tinker_cookbook.rl.ensemble:1270 [[92mINFO[0m]     [gen/p1] step=12288/22209 active=8/8 mi_stopped=0
tinker_cookbook.rl.ensemble:1270 [[92mINFO[0m]     [gen/p1] step=14336/22209 active=7/8 mi_stopped=0
tinker_cookbook.rl.ensemble:1270 [[92mINFO[0m]     [gen/p1] step=16384/22209 active=2/8 mi_stopped=0
tinker_cookbook.rl.ensemble:1270 [[92mINFO[0m]     [gen/p1] step=18432/22209 active=1/8 mi_stopped=0
tinker_cookbook.rl.ensemble:1270 [[92mINFO[0m]     [gen/p1] step=20480/22209 active=1/8 mi_stopped=0
__main__:1078 [[92mINFO[0m]   Group 6: multi-adapter generation 8 seqs in 3033.0s
__main__:1096 [[92mINFO[0m]   Group 6: batched ensemble scoring in 85.1s
__main__:1108 [[92mINFO[0m]   Group 6: rewards computed in 524.5s
__main__:1150 [[92mINFO[0m]     [g6][r1/8] adapter=2 R_exec=0.0000 true_MI=0.01297 RMI=0.0130 R_total=0.0013 correct=0 tokens=16284
__main__:1150 [[92mINFO[0m]     [g6][r2/8] adapter=3 R_exec=0.0000 true_MI=0.01267 RMI=0.0127 R_total=0.0013 correct=0 tokens=17264
__main__:1150 [[92mINFO[0m]     [g6][r3/8] adapter=4 R_exec=0.0000 true_MI=0.01267 RMI=0.0127 R_total=0.0013 correct=0 tokens=15804
__main__:1150 [[92mINFO[0m]     [g6][r4/8] adapter=0 R_exec=0.0000 true_MI=0.01333 RMI=0.0133 R_total=0.0013 correct=0 tokens=15975
__main__:1150 [[92mINFO[0m]     [g6][r5/8] adapter=1 R_exec=0.0000 true_MI=0.01318 RMI=0.0132 R_total=0.0013 correct=0 tokens=15924
__main__:1150 [[92mINFO[0m]     [g6][r6/8] adapter=2 R_exec=0.0000 true_MI=0.01391 RMI=0.0139 R_total=0.0014 correct=0 tokens=15239
__main__:1150 [[92mINFO[0m]     [g6][r7/8] adapter=3 R_exec=1.1898 true_MI=0.01347 RMI=0.0135 R_total=1.1912 correct=1 tokens=13225
__main__:1150 [[92mINFO[0m]     [g6][r8/8] adapter=4 R_exec=0.0000 true_MI=0.01344 RMI=0.0134 R_total=0.0013 correct=0 tokens=21376
__main__:1167 [[92mINFO[0m]   [g6] group true_MI: mean=0.01320 std=0.00042 max=0.01391 normalized=[0.98 0.96 0.96 1.01 1.00 1.05 1.02 1.02]
tinker_cookbook.utils.ml_log:143 [[92mINFO[0m] Wrote metrics to logs/aws/wave4/ahc039-ugttt/metrics.jsonl
tinker_cookbook.utils.ml_log:240 [[92mINFO[0m] Logging to: https://wandb.ai/kriaz-msee20seecs-nust/ugttt-rebuttal/runs/1r8hc8kt
tinker_cookbook.utils.ml_log:143 [[92mINFO[0m] Wrote metrics to logs/aws/wave4/ahc039-ugttt/metrics.jsonl
tinker_cookbook.utils.ml_log:240 [[92mINFO[0m] Logging to: https://wandb.ai/kriaz-msee20seecs-nust/ugttt-rebuttal/runs/1r8hc8kt
tinker_cookbook.utils.ml_log:143 [[92mINFO[0m] Wrote metrics to logs/aws/wave4/ahc039-ugttt/metrics.jsonl
tinker_cookbook.utils.ml_log:240 [[92mINFO[0m] Logging to: https://wandb.ai/kriaz-msee20seecs-nust/ugttt-rebuttal/runs/1r8hc8kt
tinker_cookbook.utils.ml_log:143 [[92mINFO[0m] Wrote metrics to logs/aws/wave4/ahc039-ugttt/metrics.jsonl
tinker_cookbook.utils.ml_log:240 [[92mINFO[0m] Logging to: https://wandb.ai/kriaz-msee20seecs-nust/ugttt-rebuttal/runs/1r8hc8kt
tinker_cookbook.utils.ml_log:143 [[92mINFO[0m] Wrote metrics to logs/aws/wave4/ahc039-ugttt/metrics.jsonl
tinker_cookbook.utils.ml_log:240 [[92mINFO[0m] Logging to: https://wandb.ai/kriaz-msee20seecs-nust/ugttt-rebuttal/runs/1r8hc8kt
tinker_cookbook.utils.ml_log:143 [[92mINFO[0m] Wrote metrics to logs/aws/wave4/ahc039-ugttt/metrics.jsonl
tinker_cookbook.utils.ml_log:240 [[92mINFO[0m] Logging to: https://wandb.ai/kriaz-msee20seecs-nust/ugttt-rebuttal/runs/1r8hc8kt
tinker_cookbook.utils.ml_log:143 [[92mINFO[0m] Wrote metrics to logs/aws/wave4/ahc039-ugttt/metrics.jsonl
tinker_cookbook.utils.ml_log:240 [[92mINFO[0m] Logging to: https://wandb.ai/kriaz-msee20seecs-nust/ugttt-rebuttal/runs/1r8hc8kt
tinker_cookbook.utils.ml_log:143 [[92mINFO[0m] Wrote metrics to logs/aws/wave4/ahc039-ugttt/metrics.jsonl
tinker_cookbook.utils.ml_log:240 [[92mINFO[0m] Logging to: https://wandb.ai/kriaz-msee20seecs-nust/ugttt-rebuttal/runs/1r8hc8kt
__main__:1949 [[92mINFO[0m]   [4][7/8] KEPT | R_exec=0.1487 (max=1.1898) RMI=0.0132 R_total=0.1501 | 3557.6s | GPU: 18.8/19.9GB
tinker_cookbook.utils.ml_log:143 [[92mINFO[0m] Wrote metrics to logs/aws/wave4/ahc039-ugttt/metrics.jsonl
tinker_cookbook.utils.ml_log:240 [[92mINFO[0m] Logging to: https://wandb.ai/kriaz-msee20seecs-nust/ugttt-rebuttal/runs/1r8hc8kt
tinker_cookbook.rl.ensemble:1082 [[92mINFO[0m]   generate_batch_multi_adapter_two_phase: N=8 phase1_max=26000 streaming_mi=False kv_q=False
tinker_cookbook.rl.ensemble:1270 [[92mINFO[0m]     [gen/p1] step=2048/22556 active=8/8 mi_stopped=0
tinker_cookbook.rl.ensemble:1270 [[92mINFO[0m]     [gen/p1] step=4096/22556 active=8/8 mi_stopped=0
tinker_cookbook.rl.ensemble:1270 [[92mINFO[0m]     [gen/p1] step=6144/22556 active=8/8 mi_stopped=0
tinker_cookbook.rl.ensemble:1270 [[92mINFO[0m]     [gen/p1] step=8192/22556 active=8/8 mi_stopped=0
tinker_cookbook.rl.ensemble:1270 [[92mINFO[0m]     [gen/p1] step=10240/22556 active=8/8 mi_stopped=0
tinker_cookbook.rl.ensemble:1270 [[92mINFO[0m]     [gen/p1] step=12288/22556 active=8/8 mi_stopped=0
tinker_cookbook.rl.ensemble:1270 [[92mINFO[0m]     [gen/p1] step=14336/22556 active=7/8 mi_stopped=0
tinker_cookbook.rl.ensemble:1270 [[92mINFO[0m]     [gen/p1] step=16384/22556 active=4/8 mi_stopped=0
tinker_cookbook.rl.ensemble:1270 [[92mINFO[0m]     [gen/p1] step=18432/22556 active=2/8 mi_stopped=0
__main__:1078 [[92mINFO[0m]   Group 7: multi-adapter generation 8 seqs in 2472.5s
__main__:1096 [[92mINFO[0m]   Group 7: batched ensemble scoring in 84.9s
__main__:1108 [[92mINFO[0m]   Group 7: rewards computed in 460.1s
__main__:1150 [[92mINFO[0m]     [g7][r1/8] adapter=2 R_exec=0.0000 true_MI=0.01237 RMI=0.0124 R_total=0.0012 correct=0 tokens=18781
__main__:1150 [[92mINFO[0m]     [g7][r2/8] adapter=3 R_exec=1.1898 true_MI=0.01325 RMI=0.0133 R_total=1.1912 correct=1 tokens=18165
__main__:1150 [[92mINFO[0m]     [g7][r3/8] adapter=4 R_exec=1.1898 true_MI=0.01312 RMI=0.0131 R_total=1.1912 correct=1 tokens=13389
__main__:1150 [[92mINFO[0m]     [g7][r4/8] adapter=0 R_exec=1.1898 true_MI=0.01301 RMI=0.0130 R_total=1.1911 correct=1 tokens=16221
__main__:1150 [[92mINFO[0m]     [g7][r5/8] adapter=1 R_exec=0.0000 true_MI=0.01429 RMI=0.0143 R_total=0.0014 correct=0 tokens=18408
__main__:1150 [[92mINFO[0m]     [g7][r6/8] adapter=2 R_exec=1.1898 true_MI=0.01258 RMI=0.0126 R_total=1.1911 correct=1 tokens=18519
__main__:1150 [[92mINFO[0m]     [g7][r7/8] adapter=3 R_exec=0.0000 true_MI=0.01298 RMI=0.0130 R_total=0.0013 correct=0 tokens=15371
__main__:1150 [[92mINFO[0m]     [g7][r8/8] adapter=4 R_exec=0.0000 true_MI=0.01222 RMI=0.0122 R_total=0.0012 correct=0 tokens=14902
__main__:1167 [[92mINFO[0m]   [g7] group true_MI: mean=0.01298 std=0.00064 max=0.01429 normalized=[0.95 1.02 1.01 1.00 1.10 0.97 1.00 0.94]
tinker_cookbook.utils.ml_log:143 [[92mINFO[0m] Wrote metrics to logs/aws/wave4/ahc039-ugttt/metrics.jsonl
tinker_cookbook.utils.ml_log:240 [[92mINFO[0m] Logging to: https://wandb.ai/kriaz-msee20seecs-nust/ugttt-rebuttal/runs/1r8hc8kt
tinker_cookbook.utils.ml_log:143 [[92mINFO[0m] Wrote metrics to logs/aws/wave4/ahc039-ugttt/metrics.jsonl
tinker_cookbook.utils.ml_log:240 [[92mINFO[0m] Logging to: https://wandb.ai/kriaz-msee20seecs-nust/ugttt-rebuttal/runs/1r8hc8kt
tinker_cookbook.utils.ml_log:143 [[92mINFO[0m] Wrote metrics to logs/aws/wave4/ahc039-ugttt/metrics.jsonl
tinker_cookbook.utils.ml_log:240 [[92mINFO[0m] Logging to: https://wandb.ai/kriaz-msee20seecs-nust/ugttt-rebuttal/runs/1r8hc8kt
tinker_cookbook.utils.ml_log:143 [[92mINFO[0m] Wrote metrics to logs/aws/wave4/ahc039-ugttt/metrics.jsonl
tinker_cookbook.utils.ml_log:240 [[92mINFO[0m] Logging to: https://wandb.ai/kriaz-msee20seecs-nust/ugttt-rebuttal/runs/1r8hc8kt
tinker_cookbook.utils.ml_log:143 [[92mINFO[0m] Wrote metrics to logs/aws/wave4/ahc039-ugttt/metrics.jsonl
tinker_cookbook.utils.ml_log:240 [[92mINFO[0m] Logging to: https://wandb.ai/kriaz-msee20seecs-nust/ugttt-rebuttal/runs/1r8hc8kt
tinker_cookbook.utils.ml_log:143 [[92mINFO[0m] Wrote metrics to logs/aws/wave4/ahc039-ugttt/metrics.jsonl
tinker_cookbook.utils.ml_log:240 [[92mINFO[0m] Logging to: https://wandb.ai/kriaz-msee20seecs-nust/ugttt-rebuttal/runs/1r8hc8kt
tinker_cookbook.utils.ml_log:143 [[92mINFO[0m] Wrote metrics to logs/aws/wave4/ahc039-ugttt/metrics.jsonl
tinker_cookbook.utils.ml_log:240 [[92mINFO[0m] Logging to: https://wandb.ai/kriaz-msee20seecs-nust/ugttt-rebuttal/runs/1r8hc8kt
tinker_cookbook.utils.ml_log:143 [[92mINFO[0m] Wrote metrics to logs/aws/wave4/ahc039-ugttt/metrics.jsonl
tinker_cookbook.utils.ml_log:240 [[92mINFO[0m] Logging to: https://wandb.ai/kriaz-msee20seecs-nust/ugttt-rebuttal/runs/1r8hc8kt
__main__:1949 [[92mINFO[0m]   [4][8/8] KEPT | R_exec=0.5949 (max=1.1898) RMI=0.0130 R_total=0.5962 | 2932.6s | GPU: 18.8/19.6GB
tinker_cookbook.utils.ml_log:143 [[92mINFO[0m] Wrote metrics to logs/aws/wave4/ahc039-ugttt/metrics.jsonl
tinker_cookbook.utils.ml_log:240 [[92mINFO[0m] Logging to: https://wandb.ai/kriaz-msee20seecs-nust/ugttt-rebuttal/runs/1r8hc8kt
__main__:1988 [[92mINFO[0m] [Epoch 4] Rollout phase done in 25910.1s. Training on 8/8 groups...
tinker_cookbook.utils.ml_log:143 [[92mINFO[0m] Wrote metrics to logs/aws/wave4/ahc039-ugttt/metrics.jsonl
tinker_cookbook.utils.ml_log:195 [[92mINFO[0m] 
┏━━━━━━━━━━━━━━━━━━━━━━━━━━━━━━━━┳━━━━━━━━━━━━━━━┓
┃ Metric                         ┃ Value         ┃
┡━━━━━━━━━━━━━━━━━━━━━━━━━━━━━━━━╇━━━━━━━━━━━━━━━┩
│ gpu/memory_allocated_gb        │ 18.828612     │
│ gpu/memory_peak_gb             │ 76.798070     │
│ gpu/memory_reserved_gb         │ 18.865979     │
│ kl_policy_base                 │ 0.002129      │
│ optim/entropy                  │ 0.443079      │
│ optim/kl_sample_train_v1       │ 0.004010      │
│ optim/kl_sample_train_v2       │ 0.004122      │
│ progress/done_frac             │ 0.833333      │
│ progress/epoch                 │ 4             │
│ rollout/groups_attempted       │ 8.000000      │
│ rollout/groups_filtered        │ 0.000000      │
│ rollout/groups_kept            │ 8.000000      │
│ rollout/intra_group_reward_std │ 0.434115      │
│ time/rollout                   │ 25910.094271  │
│ time/total                     │ 28095.124459  │
│ time/train                     │ 2184.899617   │
│ train/advantage/max            │ 10.890053     │
│ train/advantage/mean           │ 0.344782      │
│ train/advantage/min            │ -2.110097     │
│ train/advantage/std            │ 2.078152      │
│ train/beta/mean                │ 218182.366262 │
│ train/beta/std                 │ 387961.880349 │
│ train/correctness/mean         │ 0.468750      │
│ train/correctness/rate         │ 0.468750      │
│ train/ensemble/frac_high_disa… │ 0.499982      │
│ train/ensemble/max_token_disa… │ 10.139562     │
│ train/ensemble/member_logprob… │ 0.004464      │
│ train/ensemble/member_logprob… │ 0.001756      │
│ train/gamma_eff/mean           │ 0.625935      │
│ train/gen/num_tokens/max       │ 25398.000000  │
│ train/gen/num_tokens/mean      │ 15968.375000  │
│ train/gen/num_tokens/std       │ 5325.937900   │
│ train/group/rmi_exec_corr/mean │ -0.049354     │
│ train/group/rmi_exec_corr/std  │ 0.203820      │
│ train/loss                     │ -0.380448     │
│ train/nnm_loss                 │ -0.060296     │
│ train/nnm_nuclear_norm         │ 46.628619     │
│ train/num_groups               │ 8.000000      │
│ train/num_rollouts             │ 58.000000     │
│ train/num_rollouts_total       │ 64.000000     │
│ train/reward/exec/best         │ 1.266387      │
│ train/reward/exec/max          │ 1.266387      │
│ train/reward/exec/mean         │ 0.517944      │
│ train/reward/exec/min          │ 0.000000      │
│ train/reward/exec/std          │ 0.587514      │
│ train/reward/rmi/max           │ 0.016851      │
│ train/reward/rmi/mean          │ 0.013224      │
│ train/reward/rmi/min           │ 0.010968      │
│ train/reward/rmi/std           │ 0.000924      │
│ train/reward/total/best        │ 1.267573      │
│ train/reward/total/max         │ 1.267573      │
│ train/reward/total/mean        │ 0.519267      │
│ train/reward/total/min         │ 0.001161      │
│ train/reward/total/std         │ 0.587498      │
│ train/streaming_mi/stop_rate   │ 0.000000      │
│ train/streaming_mi/tokens_sav… │ 0.000000      │
│ train/streaming_mi/tokens_sav… │ 0.000000      │
│ train/two_phase/phase1_tokens… │ 15828.468750  │
│ train/two_phase/phase2_tokens… │ 138.875000    │
│ train/two_phase/prefill_rate   │ 0.046875      │
│ train/uncertainty/predictive_… │ 0.120350      │
│ train/uncertainty/predictive_… │ 0.097929      │
│ train/uncertainty/predictive_… │ 0.049328      │
│ train/uncertainty/predictive_… │ 0.016067      │
│ train/uncertainty/predictive_… │ 0.364983      │
│ train/uncertainty/predictive_… │ 0.362406      │
│ train/uncertainty/predictive_… │ 0.346270      │
│ train/uncertainty/predictive_… │ 0.003484      │
│ train/uncertainty/rmi/max      │ 0.003561      │
│ train/uncertainty/rmi/mean     │ 0.002498      │
│ train/uncertainty/rmi/min      │ 0.001690      │
│ train/uncertainty/rmi/std      │ 0.000312      │
│ train/uncertainty/rmi_top7/max │ 0.047561      │
│ train/uncertainty/rmi_top7/me… │ 0.028967      │
│ train/uncertainty/rmi_top7/min │ 0.021300      │
│ train/uncertainty/rmi_top7/std │ 0.004658      │
│ train/uncertainty/top7_mi_cod… │ 0.000473      │
│ train/uncertainty/top7_mi_cod… │ 0.002141      │
│ train/uncertainty/top7_mi_thi… │ 0.010788      │
│ train/uncertainty/top7_mi_thi… │ 0.001153      │
│ train/uncertainty/top7_pct_co… │ 0.000249      │
│ train/uncertainty/top7_pct_co… │ 0.001308      │
│ train/uncertainty/top7_pct_th… │ 0.839361      │
│ train/uncertainty/top7_pct_th… │ 0.147180      │
│ train/uncertainty/true_mi/max  │ 0.016851      │
│ train/uncertainty/true_mi/mean │ 0.013224      │
│ train/uncertainty/true_mi/min  │ 0.010968      │
│ train/uncertainty/true_mi/std  │ 0.000924      │
│ train/uncertainty/variance/max │ 0.012171      │
│ train/uncertainty/variance/me… │ 0.007007      │
│ train/uncertainty/variance/min │ 0.004729      │
│ train/uncertainty/variance/std │ 0.001206      │
│ train/uncertainty/variance_to… │ 0.165688      │
│ train/uncertainty/variance_to… │ 0.083277      │
│ train/uncertainty/variance_to… │ 0.060448      │
│ train/uncertainty/variance_to… │ 0.018523      │
└────────────────────────────────┴───────────────┘
tinker_cookbook.utils.ml_log:240 [[92mINFO[0m] Logging to: https://wandb.ai/kriaz-msee20seecs-nust/ugttt-rebuttal/runs/1r8hc8kt
__main__:2062 [[92mINFO[0m] [Epoch 4] R_exec=0.5179 (max=1.2664 best=1.2664) RMI=0.0132 beta=218182.37 corr=46.9% loss=-0.3804 nuc=46.629 groups=8/8 time=28095.1s
__main__:2073 [[92mINFO[0m] Checkpoint saved at epoch 4
__main__:1836 [[92mINFO[0m] [Epoch 5/6] Starting rollout phase: 8 groups × 8 rollouts
tinker_cookbook.rl.ensemble:1082 [[92mINFO[0m]   generate_batch_multi_adapter_two_phase: N=8 phase1_max=26000 streaming_mi=False kv_q=False
tinker_cookbook.rl.ensemble:1270 [[92mINFO[0m]     [gen/p1] step=2048/22583 active=8/8 mi_stopped=0
tinker_cookbook.rl.ensemble:1270 [[92mINFO[0m]     [gen/p1] step=4096/22583 active=8/8 mi_stopped=0
tinker_cookbook.rl.ensemble:1270 [[92mINFO[0m]     [gen/p1] step=6144/22583 active=8/8 mi_stopped=0
tinker_cookbook.rl.ensemble:1270 [[92mINFO[0m]     [gen/p1] step=8192/22583 active=8/8 mi_stopped=0
tinker_cookbook.rl.ensemble:1270 [[92mINFO[0m]     [gen/p1] step=10240/22583 active=8/8 mi_stopped=0
tinker_cookbook.rl.ensemble:1270 [[92mINFO[0m]     [gen/p1] step=12288/22583 active=8/8 mi_stopped=0
tinker_cookbook.rl.ensemble:1270 [[92mINFO[0m]     [gen/p1] step=14336/22583 active=8/8 mi_stopped=0
tinker_cookbook.rl.ensemble:1270 [[92mINFO[0m]     [gen/p1] step=16384/22583 active=8/8 mi_stopped=0
tinker_cookbook.rl.ensemble:1270 [[92mINFO[0m]     [gen/p1] step=18432/22583 active=6/8 mi_stopped=0
tinker_cookbook.rl.ensemble:1270 [[92mINFO[0m]     [gen/p1] step=20480/22583 active=3/8 mi_stopped=0
tinker_cookbook.rl.ensemble:1270 [[92mINFO[0m]     [gen/p1] step=22528/22583 active=1/8 mi_stopped=0
__main__:1078 [[92mINFO[0m]   Group 0: multi-adapter generation 8 seqs in 3955.0s
__main__:1096 [[92mINFO[0m]   Group 0: batched ensemble scoring in 102.4s
__main__:1108 [[92mINFO[0m]   Group 0: rewards computed in 328.7s
__main__:1150 [[92mINFO[0m]     [g0][r1/8] adapter=0 R_exec=1.2664 true_MI=0.01328 RMI=0.0133 R_total=1.2677 correct=1 tokens=17802
__main__:1150 [[92mINFO[0m]     [g0][r2/8] adapter=1 R_exec=0.0000 true_MI=0.01301 RMI=0.0130 R_total=0.0013 correct=0 tokens=25629 p1=22583 p2=3024
__main__:1150 [[92mINFO[0m]     [g0][r3/8] adapter=2 R_exec=1.0634 true_MI=0.01289 RMI=0.0129 R_total=1.0647 correct=1 tokens=21703
__main__:1150 [[92mINFO[0m]     [g0][r4/8] adapter=3 R_exec=1.1893 true_MI=0.01210 RMI=0.0121 R_total=1.1905 correct=1 tokens=19276
__main__:1150 [[92mINFO[0m]     [g0][r5/8] adapter=4 R_exec=0.0000 true_MI=0.01278 RMI=0.0128 R_total=0.0013 correct=0 tokens=18620
__main__:1150 [[92mINFO[0m]     [g0][r6/8] adapter=0 R_exec=0.0000 true_MI=0.01254 RMI=0.0125 R_total=0.0013 correct=0 tokens=17343
__main__:1150 [[92mINFO[0m]     [g0][r7/8] adapter=1 R_exec=1.2671 true_MI=0.01311 RMI=0.0131 R_total=1.2684 correct=1 tokens=21199
__main__:1150 [[92mINFO[0m]     [g0][r8/8] adapter=2 R_exec=0.9064 true_MI=0.01233 RMI=0.0123 R_total=0.9076 correct=1 tokens=19380
__main__:1167 [[92mINFO[0m]   [g0] group true_MI: mean=0.01275 std=0.00040 max=0.01328 normalized=[1.04 1.02 1.01 0.95 1.00 0.98 1.03 0.97]
tinker_cookbook.utils.ml_log:143 [[92mINFO[0m] Wrote metrics to logs/aws/wave4/ahc039-ugttt/metrics.jsonl
tinker_cookbook.utils.ml_log:240 [[92mINFO[0m] Logging to: https://wandb.ai/kriaz-msee20seecs-nust/ugttt-rebuttal/runs/1r8hc8kt
tinker_cookbook.utils.ml_log:143 [[92mINFO[0m] Wrote metrics to logs/aws/wave4/ahc039-ugttt/metrics.jsonl
tinker_cookbook.utils.ml_log:240 [[92mINFO[0m] Logging to: https://wandb.ai/kriaz-msee20seecs-nust/ugttt-rebuttal/runs/1r8hc8kt
tinker_cookbook.utils.ml_log:143 [[92mINFO[0m] Wrote metrics to logs/aws/wave4/ahc039-ugttt/metrics.jsonl
tinker_cookbook.utils.ml_log:240 [[92mINFO[0m] Logging to: https://wandb.ai/kriaz-msee20seecs-nust/ugttt-rebuttal/runs/1r8hc8kt
tinker_cookbook.utils.ml_log:143 [[92mINFO[0m] Wrote metrics to logs/aws/wave4/ahc039-ugttt/metrics.jsonl
tinker_cookbook.utils.ml_log:240 [[92mINFO[0m] Logging to: https://wandb.ai/kriaz-msee20seecs-nust/ugttt-rebuttal/runs/1r8hc8kt
tinker_cookbook.utils.ml_log:143 [[92mINFO[0m] Wrote metrics to logs/aws/wave4/ahc039-ugttt/metrics.jsonl
tinker_cookbook.utils.ml_log:240 [[92mINFO[0m] Logging to: https://wandb.ai/kriaz-msee20seecs-nust/ugttt-rebuttal/runs/1r8hc8kt
tinker_cookbook.utils.ml_log:143 [[92mINFO[0m] Wrote metrics to logs/aws/wave4/ahc039-ugttt/metrics.jsonl
tinker_cookbook.utils.ml_log:240 [[92mINFO[0m] Logging to: https://wandb.ai/kriaz-msee20seecs-nust/ugttt-rebuttal/runs/1r8hc8kt
tinker_cookbook.utils.ml_log:143 [[92mINFO[0m] Wrote metrics to logs/aws/wave4/ahc039-ugttt/metrics.jsonl
tinker_cookbook.utils.ml_log:240 [[92mINFO[0m] Logging to: https://wandb.ai/kriaz-msee20seecs-nust/ugttt-rebuttal/runs/1r8hc8kt
tinker_cookbook.utils.ml_log:143 [[92mINFO[0m] Wrote metrics to logs/aws/wave4/ahc039-ugttt/metrics.jsonl
tinker_cookbook.utils.ml_log:240 [[92mINFO[0m] Logging to: https://wandb.ai/kriaz-msee20seecs-nust/ugttt-rebuttal/runs/1r8hc8kt
__main__:1949 [[92mINFO[0m]   [5][1/8] KEPT | R_exec=0.7116 (max=1.2671) RMI=0.0128 R_total=0.7128 | 4283.8s | GPU: 18.8/19.8GB
tinker_cookbook.utils.ml_log:143 [[92mINFO[0m] Wrote metrics to logs/aws/wave4/ahc039-ugttt/metrics.jsonl
tinker_cookbook.utils.ml_log:240 [[92mINFO[0m] Logging to: https://wandb.ai/kriaz-msee20seecs-nust/ugttt-rebuttal/runs/1r8hc8kt
tinker_cookbook.rl.ensemble:1082 [[92mINFO[0m]   generate_batch_multi_adapter_two_phase: N=8 phase1_max=26000 streaming_mi=False kv_q=False
tinker_cookbook.rl.ensemble:1270 [[92mINFO[0m]     [gen/p1] step=2048/22752 active=8/8 mi_stopped=0
tinker_cookbook.rl.ensemble:1270 [[92mINFO[0m]     [gen/p1] step=4096/22752 active=8/8 mi_stopped=0
tinker_cookbook.rl.ensemble:1270 [[92mINFO[0m]     [gen/p1] step=6144/22752 active=8/8 mi_stopped=0
tinker_cookbook.rl.ensemble:1270 [[92mINFO[0m]     [gen/p1] step=8192/22752 active=8/8 mi_stopped=0
tinker_cookbook.rl.ensemble:1270 [[92mINFO[0m]     [gen/p1] step=10240/22752 active=8/8 mi_stopped=0
tinker_cookbook.rl.ensemble:1270 [[92mINFO[0m]     [gen/p1] step=12288/22752 active=7/8 mi_stopped=0
tinker_cookbook.rl.ensemble:1270 [[92mINFO[0m]     [gen/p1] step=14336/22752 active=6/8 mi_stopped=0
tinker_cookbook.rl.ensemble:1270 [[92mINFO[0m]     [gen/p1] step=16384/22752 active=3/8 mi_stopped=0
tinker_cookbook.rl.ensemble:1270 [[92mINFO[0m]     [gen/p1] step=18432/22752 active=1/8 mi_stopped=0
tinker_cookbook.rl.ensemble:1270 [[92mINFO[0m]     [gen/p1] step=20480/22752 active=1/8 mi_stopped=0
__main__:1078 [[92mINFO[0m]   Group 1: multi-adapter generation 8 seqs in 2838.4s
__main__:1096 [[92mINFO[0m]   Group 1: batched ensemble scoring in 80.5s
__main__:1108 [[92mINFO[0m]   Group 1: rewards computed in 123.9s
__main__:1150 [[92mINFO[0m]     [g1][r1/8] adapter=0 R_exec=1.2530 true_MI=0.01280 RMI=0.0128 R_total=1.2543 correct=1 tokens=20728
__main__:1150 [[92mINFO[0m]     [g1][r2/8] adapter=1 R_exec=0.0956 true_MI=0.01251 RMI=0.0125 R_total=0.0969 correct=1 tokens=15322
__main__:1150 [[92mINFO[0m]     [g1][r3/8] adapter=2 R_exec=0.9380 true_MI=0.01450 RMI=0.0145 R_total=0.9394 correct=1 tokens=11291
__main__:1150 [[92mINFO[0m]     [g1][r4/8] adapter=3 R_exec=1.2652 true_MI=0.01339 RMI=0.0134 R_total=1.2666 correct=1 tokens=14227
__main__:1150 [[92mINFO[0m]     [g1][r5/8] adapter=4 R_exec=1.2530 true_MI=0.01265 RMI=0.0127 R_total=1.2543 correct=1 tokens=14745
__main__:1150 [[92mINFO[0m]     [g1][r6/8] adapter=0 R_exec=1.2530 true_MI=0.01252 RMI=0.0125 R_total=1.2542 correct=1 tokens=15679
__main__:1150 [[92mINFO[0m]     [g1][r7/8] adapter=1 R_exec=1.2530 true_MI=0.01321 RMI=0.0132 R_total=1.2543 correct=1 tokens=17884
__main__:1150 [[92mINFO[0m]     [g1][r8/8] adapter=2 R_exec=1.2530 true_MI=0.01295 RMI=0.0129 R_total=1.2543 correct=1 tokens=17861
__main__:1167 [[92mINFO[0m]   [g1] group true_MI: mean=0.01307 std=0.00066 max=0.01450 normalized=[0.98 0.96 1.11 1.02 0.97 0.96 1.01 0.99]
tinker_cookbook.utils.ml_log:143 [[92mINFO[0m] Wrote metrics to logs/aws/wave4/ahc039-ugttt/metrics.jsonl
tinker_cookbook.utils.ml_log:240 [[92mINFO[0m] Logging to: https://wandb.ai/kriaz-msee20seecs-nust/ugttt-rebuttal/runs/1r8hc8kt
tinker_cookbook.utils.ml_log:143 [[92mINFO[0m] Wrote metrics to logs/aws/wave4/ahc039-ugttt/metrics.jsonl
tinker_cookbook.utils.ml_log:240 [[92mINFO[0m] Logging to: https://wandb.ai/kriaz-msee20seecs-nust/ugttt-rebuttal/runs/1r8hc8kt
tinker_cookbook.utils.ml_log:143 [[92mINFO[0m] Wrote metrics to logs/aws/wave4/ahc039-ugttt/metrics.jsonl
tinker_cookbook.utils.ml_log:240 [[92mINFO[0m] Logging to: https://wandb.ai/kriaz-msee20seecs-nust/ugttt-rebuttal/runs/1r8hc8kt
tinker_cookbook.utils.ml_log:143 [[92mINFO[0m] Wrote metrics to logs/aws/wave4/ahc039-ugttt/metrics.jsonl
tinker_cookbook.utils.ml_log:240 [[92mINFO[0m] Logging to: https://wandb.ai/kriaz-msee20seecs-nust/ugttt-rebuttal/runs/1r8hc8kt
tinker_cookbook.utils.ml_log:143 [[92mINFO[0m] Wrote metrics to logs/aws/wave4/ahc039-ugttt/metrics.jsonl
tinker_cookbook.utils.ml_log:240 [[92mINFO[0m] Logging to: https://wandb.ai/kriaz-msee20seecs-nust/ugttt-rebuttal/runs/1r8hc8kt
tinker_cookbook.utils.ml_log:143 [[92mINFO[0m] Wrote metrics to logs/aws/wave4/ahc039-ugttt/metrics.jsonl
tinker_cookbook.utils.ml_log:240 [[92mINFO[0m] Logging to: https://wandb.ai/kriaz-msee20seecs-nust/ugttt-rebuttal/runs/1r8hc8kt
tinker_cookbook.utils.ml_log:143 [[92mINFO[0m] Wrote metrics to logs/aws/wave4/ahc039-ugttt/metrics.jsonl
tinker_cookbook.utils.ml_log:240 [[92mINFO[0m] Logging to: https://wandb.ai/kriaz-msee20seecs-nust/ugttt-rebuttal/runs/1r8hc8kt
tinker_cookbook.utils.ml_log:143 [[92mINFO[0m] Wrote metrics to logs/aws/wave4/ahc039-ugttt/metrics.jsonl
tinker_cookbook.utils.ml_log:240 [[92mINFO[0m] Logging to: https://wandb.ai/kriaz-msee20seecs-nust/ugttt-rebuttal/runs/1r8hc8kt
__main__:1949 [[92mINFO[0m]   [5][2/8] KEPT | R_exec=1.0705 (max=1.2652) RMI=0.0131 R_total=1.0718 | 2962.4s | GPU: 18.8/19.7GB
tinker_cookbook.utils.ml_log:143 [[92mINFO[0m] Wrote metrics to logs/aws/wave4/ahc039-ugttt/metrics.jsonl
tinker_cookbook.utils.ml_log:240 [[92mINFO[0m] Logging to: https://wandb.ai/kriaz-msee20seecs-nust/ugttt-rebuttal/runs/1r8hc8kt
tinker_cookbook.rl.ensemble:1082 [[92mINFO[0m]   generate_batch_multi_adapter_two_phase: N=8 phase1_max=26000 streaming_mi=False kv_q=False
tinker_cookbook.rl.ensemble:1270 [[92mINFO[0m]     [gen/p1] step=2048/23450 active=8/8 mi_stopped=0
tinker_cookbook.rl.ensemble:1270 [[92mINFO[0m]     [gen/p1] step=4096/23450 active=8/8 mi_stopped=0
tinker_cookbook.rl.ensemble:1270 [[92mINFO[0m]     [gen/p1] step=6144/23450 active=8/8 mi_stopped=0
tinker_cookbook.rl.ensemble:1270 [[92mINFO[0m]     [gen/p1] step=8192/23450 active=8/8 mi_stopped=0
tinker_cookbook.rl.ensemble:1270 [[92mINFO[0m]     [gen/p1] step=10240/23450 active=8/8 mi_stopped=0
tinker_cookbook.rl.ensemble:1270 [[92mINFO[0m]     [gen/p1] step=12288/23450 active=8/8 mi_stopped=0
tinker_cookbook.rl.ensemble:1270 [[92mINFO[0m]     [gen/p1] step=14336/23450 active=7/8 mi_stopped=0
tinker_cookbook.rl.ensemble:1270 [[92mINFO[0m]     [gen/p1] step=16384/23450 active=5/8 mi_stopped=0
tinker_cookbook.rl.ensemble:1270 [[92mINFO[0m]     [gen/p1] step=18432/23450 active=2/8 mi_stopped=0
tinker_cookbook.rl.ensemble:1270 [[92mINFO[0m]     [gen/p1] step=20480/23450 active=2/8 mi_stopped=0
__main__:1078 [[92mINFO[0m]   Group 2: multi-adapter generation 8 seqs in 3116.0s
__main__:1096 [[92mINFO[0m]   Group 2: batched ensemble scoring in 86.1s
__main__:1108 [[92mINFO[0m]   Group 2: rewards computed in 202.0s
__main__:1150 [[92mINFO[0m]     [g2][r1/8] adapter=0 R_exec=0.0531 true_MI=0.01273 RMI=0.0127 R_total=0.0544 correct=1 tokens=22450
__main__:1150 [[92mINFO[0m]     [g2][r2/8] adapter=1 R_exec=0.1688 true_MI=0.01246 RMI=0.0125 R_total=0.1700 correct=1 tokens=18384
__main__:1150 [[92mINFO[0m]     [g2][r3/8] adapter=2 R_exec=1.2532 true_MI=0.01322 RMI=0.0132 R_total=1.2545 correct=1 tokens=14229
__main__:1150 [[92mINFO[0m]     [g2][r4/8] adapter=3 R_exec=0.0000 true_MI=0.01335 RMI=0.0134 R_total=0.0013 correct=0 tokens=16919
__main__:1150 [[92mINFO[0m]     [g2][r5/8] adapter=4 R_exec=1.2530 true_MI=0.01308 RMI=0.0131 R_total=1.2543 correct=1 tokens=16480
__main__:1150 [[92mINFO[0m]     [g2][r6/8] adapter=0 R_exec=0.0000 true_MI=0.01289 RMI=0.0129 R_total=0.0013 correct=0 tokens=15493
__main__:1150 [[92mINFO[0m]     [g2][r7/8] adapter=1 R_exec=0.9431 true_MI=0.01328 RMI=0.0133 R_total=0.9444 correct=1 tokens=21959
__main__:1150 [[92mINFO[0m]     [g2][r8/8] adapter=2 R_exec=0.0000 true_MI=0.01359 RMI=0.0136 R_total=0.0014 correct=0 tokens=16290
__main__:1167 [[92mINFO[0m]   [g2] group true_MI: mean=0.01307 std=0.00037 max=0.01359 normalized=[0.97 0.95 1.01 1.02 1.00 0.99 1.02 1.04]
tinker_cookbook.utils.ml_log:143 [[92mINFO[0m] Wrote metrics to logs/aws/wave4/ahc039-ugttt/metrics.jsonl
tinker_cookbook.utils.ml_log:240 [[92mINFO[0m] Logging to: https://wandb.ai/kriaz-msee20seecs-nust/ugttt-rebuttal/runs/1r8hc8kt
tinker_cookbook.utils.ml_log:143 [[92mINFO[0m] Wrote metrics to logs/aws/wave4/ahc039-ugttt/metrics.jsonl
tinker_cookbook.utils.ml_log:240 [[92mINFO[0m] Logging to: https://wandb.ai/kriaz-msee20seecs-nust/ugttt-rebuttal/runs/1r8hc8kt
tinker_cookbook.utils.ml_log:143 [[92mINFO[0m] Wrote metrics to logs/aws/wave4/ahc039-ugttt/metrics.jsonl
tinker_cookbook.utils.ml_log:240 [[92mINFO[0m] Logging to: https://wandb.ai/kriaz-msee20seecs-nust/ugttt-rebuttal/runs/1r8hc8kt
tinker_cookbook.utils.ml_log:143 [[92mINFO[0m] Wrote metrics to logs/aws/wave4/ahc039-ugttt/metrics.jsonl
tinker_cookbook.utils.ml_log:240 [[92mINFO[0m] Logging to: https://wandb.ai/kriaz-msee20seecs-nust/ugttt-rebuttal/runs/1r8hc8kt
tinker_cookbook.utils.ml_log:143 [[92mINFO[0m] Wrote metrics to logs/aws/wave4/ahc039-ugttt/metrics.jsonl
tinker_cookbook.utils.ml_log:240 [[92mINFO[0m] Logging to: https://wandb.ai/kriaz-msee20seecs-nust/ugttt-rebuttal/runs/1r8hc8kt
tinker_cookbook.utils.ml_log:143 [[92mINFO[0m] Wrote metrics to logs/aws/wave4/ahc039-ugttt/metrics.jsonl
tinker_cookbook.utils.ml_log:240 [[92mINFO[0m] Logging to: https://wandb.ai/kriaz-msee20seecs-nust/ugttt-rebuttal/runs/1r8hc8kt
tinker_cookbook.utils.ml_log:143 [[92mINFO[0m] Wrote metrics to logs/aws/wave4/ahc039-ugttt/metrics.jsonl
tinker_cookbook.utils.ml_log:240 [[92mINFO[0m] Logging to: https://wandb.ai/kriaz-msee20seecs-nust/ugttt-rebuttal/runs/1r8hc8kt
tinker_cookbook.utils.ml_log:143 [[92mINFO[0m] Wrote metrics to logs/aws/wave4/ahc039-ugttt/metrics.jsonl
tinker_cookbook.utils.ml_log:240 [[92mINFO[0m] Logging to: https://wandb.ai/kriaz-msee20seecs-nust/ugttt-rebuttal/runs/1r8hc8kt
__main__:1949 [[92mINFO[0m]   [5][3/8] KEPT | R_exec=0.4589 (max=1.2532) RMI=0.0131 R_total=0.4602 | 3318.1s | GPU: 18.8/19.6GB
tinker_cookbook.utils.ml_log:143 [[92mINFO[0m] Wrote metrics to logs/aws/wave4/ahc039-ugttt/metrics.jsonl
tinker_cookbook.utils.ml_log:240 [[92mINFO[0m] Logging to: https://wandb.ai/kriaz-msee20seecs-nust/ugttt-rebuttal/runs/1r8hc8kt
tinker_cookbook.rl.ensemble:1082 [[92mINFO[0m]   generate_batch_multi_adapter_two_phase: N=8 phase1_max=26000 streaming_mi=False kv_q=False
tinker_cookbook.rl.ensemble:1270 [[92mINFO[0m]     [gen/p1] step=2048/22828 active=8/8 mi_stopped=0
tinker_cookbook.rl.ensemble:1270 [[92mINFO[0m]     [gen/p1] step=4096/22828 active=8/8 mi_stopped=0
tinker_cookbook.rl.ensemble:1270 [[92mINFO[0m]     [gen/p1] step=6144/22828 active=8/8 mi_stopped=0
tinker_cookbook.rl.ensemble:1270 [[92mINFO[0m]     [gen/p1] step=8192/22828 active=8/8 mi_stopped=0
tinker_cookbook.rl.ensemble:1270 [[92mINFO[0m]     [gen/p1] step=10240/22828 active=8/8 mi_stopped=0
tinker_cookbook.rl.ensemble:1270 [[92mINFO[0m]     [gen/p1] step=12288/22828 active=8/8 mi_stopped=0
tinker_cookbook.rl.ensemble:1270 [[92mINFO[0m]     [gen/p1] step=14336/22828 active=8/8 mi_stopped=0
tinker_cookbook.rl.ensemble:1270 [[92mINFO[0m]     [gen/p1] step=16384/22828 active=3/8 mi_stopped=0
tinker_cookbook.rl.ensemble:1270 [[92mINFO[0m]     [gen/p1] step=18432/22828 active=3/8 mi_stopped=0
tinker_cookbook.rl.ensemble:1270 [[92mINFO[0m]     [gen/p1] step=20480/22828 active=2/8 mi_stopped=0
__main__:1078 [[92mINFO[0m]   Group 3: multi-adapter generation 8 seqs in 2886.3s
__main__:1096 [[92mINFO[0m]   Group 3: batched ensemble scoring in 85.7s
__main__:1108 [[92mINFO[0m]   Group 3: rewards computed in 100.2s
__main__:1150 [[92mINFO[0m]     [g3][r1/8] adapter=0 R_exec=0.0947 true_MI=0.01330 RMI=0.0133 R_total=0.0960 correct=1 tokens=15331
__main__:1150 [[92mINFO[0m]     [g3][r2/8] adapter=1 R_exec=1.2530 true_MI=0.01256 RMI=0.0126 R_total=1.2542 correct=1 tokens=15165
__main__:1150 [[92mINFO[0m]     [g3][r3/8] adapter=2 R_exec=1.2530 true_MI=0.01296 RMI=0.0130 R_total=1.2543 correct=1 tokens=14810
__main__:1150 [[92mINFO[0m]     [g3][r4/8] adapter=3 R_exec=0.0000 true_MI=0.01287 RMI=0.0129 R_total=0.0013 correct=0 tokens=21009
__main__:1150 [[92mINFO[0m]     [g3][r5/8] adapter=4 R_exec=1.2530 true_MI=0.01202 RMI=0.0120 R_total=1.2542 correct=1 tokens=20942
__main__:1150 [[92mINFO[0m]     [g3][r6/8] adapter=0 R_exec=0.0000 true_MI=0.01332 RMI=0.0133 R_total=0.0013 correct=0 tokens=15396
__main__:1150 [[92mINFO[0m]     [g3][r7/8] adapter=1 R_exec=1.2558 true_MI=0.01304 RMI=0.0130 R_total=1.2571 correct=1 tokens=18607
__main__:1150 [[92mINFO[0m]     [g3][r8/8] adapter=2 R_exec=1.2530 true_MI=0.01354 RMI=0.0135 R_total=1.2543 correct=1 tokens=15327
__main__:1167 [[92mINFO[0m]   [g3] group true_MI: mean=0.01295 std=0.00048 max=0.01354 normalized=[1.03 0.97 1.00 0.99 0.93 1.03 1.01 1.05]
tinker_cookbook.utils.ml_log:143 [[92mINFO[0m] Wrote metrics to logs/aws/wave4/ahc039-ugttt/metrics.jsonl
tinker_cookbook.utils.ml_log:240 [[92mINFO[0m] Logging to: https://wandb.ai/kriaz-msee20seecs-nust/ugttt-rebuttal/runs/1r8hc8kt
tinker_cookbook.utils.ml_log:143 [[92mINFO[0m] Wrote metrics to logs/aws/wave4/ahc039-ugttt/metrics.jsonl
tinker_cookbook.utils.ml_log:240 [[92mINFO[0m] Logging to: https://wandb.ai/kriaz-msee20seecs-nust/ugttt-rebuttal/runs/1r8hc8kt
tinker_cookbook.utils.ml_log:143 [[92mINFO[0m] Wrote metrics to logs/aws/wave4/ahc039-ugttt/metrics.jsonl
tinker_cookbook.utils.ml_log:240 [[92mINFO[0m] Logging to: https://wandb.ai/kriaz-msee20seecs-nust/ugttt-rebuttal/runs/1r8hc8kt
tinker_cookbook.utils.ml_log:143 [[92mINFO[0m] Wrote metrics to logs/aws/wave4/ahc039-ugttt/metrics.jsonl
tinker_cookbook.utils.ml_log:240 [[92mINFO[0m] Logging to: https://wandb.ai/kriaz-msee20seecs-nust/ugttt-rebuttal/runs/1r8hc8kt
tinker_cookbook.utils.ml_log:143 [[92mINFO[0m] Wrote metrics to logs/aws/wave4/ahc039-ugttt/metrics.jsonl
tinker_cookbook.utils.ml_log:240 [[92mINFO[0m] Logging to: https://wandb.ai/kriaz-msee20seecs-nust/ugttt-rebuttal/runs/1r8hc8kt
tinker_cookbook.utils.ml_log:143 [[92mINFO[0m] Wrote metrics to logs/aws/wave4/ahc039-ugttt/metrics.jsonl
tinker_cookbook.utils.ml_log:240 [[92mINFO[0m] Logging to: https://wandb.ai/kriaz-msee20seecs-nust/ugttt-rebuttal/runs/1r8hc8kt
tinker_cookbook.utils.ml_log:143 [[92mINFO[0m] Wrote metrics to logs/aws/wave4/ahc039-ugttt/metrics.jsonl
tinker_cookbook.utils.ml_log:240 [[92mINFO[0m] Logging to: https://wandb.ai/kriaz-msee20seecs-nust/ugttt-rebuttal/runs/1r8hc8kt
tinker_cookbook.utils.ml_log:143 [[92mINFO[0m] Wrote metrics to logs/aws/wave4/ahc039-ugttt/metrics.jsonl
tinker_cookbook.utils.ml_log:240 [[92mINFO[0m] Logging to: https://wandb.ai/kriaz-msee20seecs-nust/ugttt-rebuttal/runs/1r8hc8kt
__main__:1949 [[92mINFO[0m]   [5][4/8] KEPT | R_exec=0.7953 (max=1.2558) RMI=0.0130 R_total=0.7966 | 2986.6s | GPU: 18.8/19.6GB
tinker_cookbook.utils.ml_log:143 [[92mINFO[0m] Wrote metrics to logs/aws/wave4/ahc039-ugttt/metrics.jsonl
tinker_cookbook.utils.ml_log:240 [[92mINFO[0m] Logging to: https://wandb.ai/kriaz-msee20seecs-nust/ugttt-rebuttal/runs/1r8hc8kt
tinker_cookbook.rl.ensemble:1082 [[92mINFO[0m]   generate_batch_multi_adapter_two_phase: N=8 phase1_max=26000 streaming_mi=False kv_q=False
tinker_cookbook.rl.ensemble:1270 [[92mINFO[0m]     [gen/p1] step=2048/21904 active=6/8 mi_stopped=0
tinker_cookbook.rl.ensemble:1270 [[92mINFO[0m]     [gen/p1] step=4096/21904 active=2/8 mi_stopped=0
tinker_cookbook.rl.ensemble:1270 [[92mINFO[0m]     [gen/p1] step=6144/21904 active=2/8 mi_stopped=0
tinker_cookbook.rl.ensemble:1270 [[92mINFO[0m]     [gen/p1] step=8192/21904 active=2/8 mi_stopped=0
tinker_cookbook.rl.ensemble:1270 [[92mINFO[0m]     [gen/p1] step=10240/21904 active=1/8 mi_stopped=0
tinker_cookbook.rl.ensemble:1270 [[92mINFO[0m]     [gen/p1] step=12288/21904 active=1/8 mi_stopped=0
__main__:1078 [[92mINFO[0m]   Group 4: multi-adapter generation 8 seqs in 1443.6s
__main__:1096 [[92mINFO[0m]   Group 4: batched ensemble scoring in 34.9s
__main__:1108 [[92mINFO[0m]   Group 4: rewards computed in 78.9s
__main__:1150 [[92mINFO[0m]     [g4][r1/8] adapter=0 R_exec=1.1541 true_MI=0.01382 RMI=0.0138 R_total=1.1555 correct=1 tokens=2741
__main__:1150 [[92mINFO[0m]     [g4][r2/8] adapter=1 R_exec=0.0000 true_MI=0.01670 RMI=0.0167 R_total=0.0017 correct=0 tokens=1386
__main__:1150 [[92mINFO[0m]     [g4][r3/8] adapter=2 R_exec=0.0000 true_MI=0.01296 RMI=0.0130 R_total=0.0013 correct=0 tokens=3758
__main__:1150 [[92mINFO[0m]     [g4][r4/8] adapter=3 R_exec=0.0000 true_MI=0.01500 RMI=0.0150 R_total=0.0015 correct=0 tokens=1585
__main__:1150 [[92mINFO[0m]     [g4][r5/8] adapter=4 R_exec=0.0000 true_MI=0.01295 RMI=0.0129 R_total=0.0013 correct=0 tokens=3803
__main__:1150 [[92mINFO[0m]     [g4][r6/8] adapter=0 R_exec=1.2533 true_MI=0.01252 RMI=0.0125 R_total=1.2546 correct=1 tokens=10229
__main__:1150 [[92mINFO[0m]     [g4][r7/8] adapter=1 R_exec=1.1541 true_MI=0.01289 RMI=0.0129 R_total=1.1554 correct=1 tokens=12619
__main__:1150 [[92mINFO[0m]     [g4][r8/8] adapter=2 R_exec=0.0000 true_MI=0.01487 RMI=0.0149 R_total=0.0015 correct=0 tokens=2829
__main__:1167 [[92mINFO[0m]   [g4] group true_MI: mean=0.01396 std=0.00145 max=0.01670 normalized=[0.99 1.20 0.93 1.07 0.93 0.90 0.92 1.06]
tinker_cookbook.utils.ml_log:143 [[92mINFO[0m] Wrote metrics to logs/aws/wave4/ahc039-ugttt/metrics.jsonl
tinker_cookbook.utils.ml_log:240 [[92mINFO[0m] Logging to: https://wandb.ai/kriaz-msee20seecs-nust/ugttt-rebuttal/runs/1r8hc8kt
tinker_cookbook.utils.ml_log:143 [[92mINFO[0m] Wrote metrics to logs/aws/wave4/ahc039-ugttt/metrics.jsonl
tinker_cookbook.utils.ml_log:240 [[92mINFO[0m] Logging to: https://wandb.ai/kriaz-msee20seecs-nust/ugttt-rebuttal/runs/1r8hc8kt
tinker_cookbook.utils.ml_log:143 [[92mINFO[0m] Wrote metrics to logs/aws/wave4/ahc039-ugttt/metrics.jsonl
tinker_cookbook.utils.ml_log:240 [[92mINFO[0m] Logging to: https://wandb.ai/kriaz-msee20seecs-nust/ugttt-rebuttal/runs/1r8hc8kt
tinker_cookbook.utils.ml_log:143 [[92mINFO[0m] Wrote metrics to logs/aws/wave4/ahc039-ugttt/metrics.jsonl
tinker_cookbook.utils.ml_log:240 [[92mINFO[0m] Logging to: https://wandb.ai/kriaz-msee20seecs-nust/ugttt-rebuttal/runs/1r8hc8kt
tinker_cookbook.utils.ml_log:143 [[92mINFO[0m] Wrote metrics to logs/aws/wave4/ahc039-ugttt/metrics.jsonl
tinker_cookbook.utils.ml_log:240 [[92mINFO[0m] Logging to: https://wandb.ai/kriaz-msee20seecs-nust/ugttt-rebuttal/runs/1r8hc8kt
tinker_cookbook.utils.ml_log:143 [[92mINFO[0m] Wrote metrics to logs/aws/wave4/ahc039-ugttt/metrics.jsonl
tinker_cookbook.utils.ml_log:240 [[92mINFO[0m] Logging to: https://wandb.ai/kriaz-msee20seecs-nust/ugttt-rebuttal/runs/1r8hc8kt
tinker_cookbook.utils.ml_log:143 [[92mINFO[0m] Wrote metrics to logs/aws/wave4/ahc039-ugttt/metrics.jsonl
tinker_cookbook.utils.ml_log:240 [[92mINFO[0m] Logging to: https://wandb.ai/kriaz-msee20seecs-nust/ugttt-rebuttal/runs/1r8hc8kt
tinker_cookbook.utils.ml_log:143 [[92mINFO[0m] Wrote metrics to logs/aws/wave4/ahc039-ugttt/metrics.jsonl
tinker_cookbook.utils.ml_log:240 [[92mINFO[0m] Logging to: https://wandb.ai/kriaz-msee20seecs-nust/ugttt-rebuttal/runs/1r8hc8kt
__main__:1949 [[92mINFO[0m]   [5][5/8] KEPT | R_exec=0.4452 (max=1.2533) RMI=0.0140 R_total=0.4466 | 1522.5s | GPU: 18.8/19.2GB
tinker_cookbook.utils.ml_log:143 [[92mINFO[0m] Wrote metrics to logs/aws/wave4/ahc039-ugttt/metrics.jsonl
tinker_cookbook.utils.ml_log:240 [[92mINFO[0m] Logging to: https://wandb.ai/kriaz-msee20seecs-nust/ugttt-rebuttal/runs/1r8hc8kt
tinker_cookbook.rl.ensemble:1082 [[92mINFO[0m]   generate_batch_multi_adapter_two_phase: N=8 phase1_max=26000 streaming_mi=False kv_q=False
tinker_cookbook.rl.ensemble:1270 [[92mINFO[0m]     [gen/p1] step=2048/21904 active=8/8 mi_stopped=0
tinker_cookbook.rl.ensemble:1270 [[92mINFO[0m]     [gen/p1] step=4096/21904 active=5/8 mi_stopped=0
tinker_cookbook.rl.ensemble:1270 [[92mINFO[0m]     [gen/p1] step=6144/21904 active=4/8 mi_stopped=0
tinker_cookbook.rl.ensemble:1270 [[92mINFO[0m]     [gen/p1] step=8192/21904 active=4/8 mi_stopped=0
tinker_cookbook.rl.ensemble:1270 [[92mINFO[0m]     [gen/p1] step=10240/21904 active=2/8 mi_stopped=0
tinker_cookbook.rl.ensemble:1270 [[92mINFO[0m]     [gen/p1] step=12288/21904 active=2/8 mi_stopped=0
tinker_cookbook.rl.ensemble:1270 [[92mINFO[0m]     [gen/p1] step=14336/21904 active=1/8 mi_stopped=0
__main__:1078 [[92mINFO[0m]   Group 5: multi-adapter generation 8 seqs in 1723.6s
__main__:1096 [[92mINFO[0m]   Group 5: batched ensemble scoring in 46.4s
__main__:1108 [[92mINFO[0m]   Group 5: rewards computed in 115.2s
__main__:1150 [[92mINFO[0m]     [g5][r1/8] adapter=0 R_exec=0.0000 true_MI=0.01337 RMI=0.0134 R_total=0.0013 correct=0 tokens=9030
__main__:1150 [[92mINFO[0m]     [g5][r2/8] adapter=1 R_exec=0.0000 true_MI=0.01359 RMI=0.0136 R_total=0.0014 correct=0 tokens=3118
__main__:1150 [[92mINFO[0m]     [g5][r3/8] adapter=2 R_exec=0.0000 true_MI=0.01217 RMI=0.0122 R_total=0.0012 correct=0 tokens=4761
__main__:1150 [[92mINFO[0m]     [g5][r4/8] adapter=3 R_exec=0.0000 true_MI=0.01341 RMI=0.0134 R_total=0.0013 correct=0 tokens=2652
__main__:1150 [[92mINFO[0m]     [g5][r5/8] adapter=4 R_exec=0.0000 true_MI=0.01150 RMI=0.0115 R_total=0.0012 correct=0 tokens=14365
__main__:1150 [[92mINFO[0m]     [g5][r6/8] adapter=0 R_exec=0.0000 true_MI=0.01168 RMI=0.0117 R_total=0.0012 correct=0 tokens=13974
__main__:1150 [[92mINFO[0m]     [g5][r7/8] adapter=1 R_exec=0.0000 true_MI=0.01136 RMI=0.0114 R_total=0.0011 correct=0 tokens=8949
__main__:1150 [[92mINFO[0m]     [g5][r8/8] adapter=2 R_exec=0.0000 true_MI=0.01328 RMI=0.0133 R_total=0.0013 correct=0 tokens=3505
__main__:1167 [[92mINFO[0m]   [g5] group true_MI: mean=0.01254 std=0.00096 max=0.01359 normalized=[1.07 1.08 0.97 1.07 0.92 0.93 0.91 1.06]
tinker_cookbook.utils.ml_log:143 [[92mINFO[0m] Wrote metrics to logs/aws/wave4/ahc039-ugttt/metrics.jsonl
tinker_cookbook.utils.ml_log:240 [[92mINFO[0m] Logging to: https://wandb.ai/kriaz-msee20seecs-nust/ugttt-rebuttal/runs/1r8hc8kt
tinker_cookbook.utils.ml_log:143 [[92mINFO[0m] Wrote metrics to logs/aws/wave4/ahc039-ugttt/metrics.jsonl
tinker_cookbook.utils.ml_log:240 [[92mINFO[0m] Logging to: https://wandb.ai/kriaz-msee20seecs-nust/ugttt-rebuttal/runs/1r8hc8kt
tinker_cookbook.utils.ml_log:143 [[92mINFO[0m] Wrote metrics to logs/aws/wave4/ahc039-ugttt/metrics.jsonl
tinker_cookbook.utils.ml_log:240 [[92mINFO[0m] Logging to: https://wandb.ai/kriaz-msee20seecs-nust/ugttt-rebuttal/runs/1r8hc8kt
tinker_cookbook.utils.ml_log:143 [[92mINFO[0m] Wrote metrics to logs/aws/wave4/ahc039-ugttt/metrics.jsonl
tinker_cookbook.utils.ml_log:240 [[92mINFO[0m] Logging to: https://wandb.ai/kriaz-msee20seecs-nust/ugttt-rebuttal/runs/1r8hc8kt
tinker_cookbook.utils.ml_log:143 [[92mINFO[0m] Wrote metrics to logs/aws/wave4/ahc039-ugttt/metrics.jsonl
tinker_cookbook.utils.ml_log:240 [[92mINFO[0m] Logging to: https://wandb.ai/kriaz-msee20seecs-nust/ugttt-rebuttal/runs/1r8hc8kt
tinker_cookbook.utils.ml_log:143 [[92mINFO[0m] Wrote metrics to logs/aws/wave4/ahc039-ugttt/metrics.jsonl
tinker_cookbook.utils.ml_log:240 [[92mINFO[0m] Logging to: https://wandb.ai/kriaz-msee20seecs-nust/ugttt-rebuttal/runs/1r8hc8kt
tinker_cookbook.utils.ml_log:143 [[92mINFO[0m] Wrote metrics to logs/aws/wave4/ahc039-ugttt/metrics.jsonl
tinker_cookbook.utils.ml_log:240 [[92mINFO[0m] Logging to: https://wandb.ai/kriaz-msee20seecs-nust/ugttt-rebuttal/runs/1r8hc8kt
tinker_cookbook.utils.ml_log:143 [[92mINFO[0m] Wrote metrics to logs/aws/wave4/ahc039-ugttt/metrics.jsonl
tinker_cookbook.utils.ml_log:240 [[92mINFO[0m] Logging to: https://wandb.ai/kriaz-msee20seecs-nust/ugttt-rebuttal/runs/1r8hc8kt
__main__:1949 [[92mINFO[0m]   [5][6/8] KEPT | R_exec=0.0000 (max=0.0000) RMI=0.0125 R_total=0.0013 | 1838.8s | GPU: 18.8/19.2GB
tinker_cookbook.utils.ml_log:143 [[92mINFO[0m] Wrote metrics to logs/aws/wave4/ahc039-ugttt/metrics.jsonl
tinker_cookbook.utils.ml_log:240 [[92mINFO[0m] Logging to: https://wandb.ai/kriaz-msee20seecs-nust/ugttt-rebuttal/runs/1r8hc8kt
tinker_cookbook.rl.ensemble:1082 [[92mINFO[0m]   generate_batch_multi_adapter_two_phase: N=8 phase1_max=26000 streaming_mi=False kv_q=False
tinker_cookbook.rl.ensemble:1270 [[92mINFO[0m]     [gen/p1] step=2048/22747 active=8/8 mi_stopped=0
tinker_cookbook.rl.ensemble:1270 [[92mINFO[0m]     [gen/p1] step=4096/22747 active=8/8 mi_stopped=0
tinker_cookbook.rl.ensemble:1270 [[92mINFO[0m]     [gen/p1] step=6144/22747 active=8/8 mi_stopped=0
tinker_cookbook.rl.ensemble:1270 [[92mINFO[0m]     [gen/p1] step=8192/22747 active=8/8 mi_stopped=0
tinker_cookbook.rl.ensemble:1270 [[92mINFO[0m]     [gen/p1] step=10240/22747 active=8/8 mi_stopped=0
tinker_cookbook.rl.ensemble:1270 [[92mINFO[0m]     [gen/p1] step=12288/22747 active=8/8 mi_stopped=0
tinker_cookbook.rl.ensemble:1270 [[92mINFO[0m]     [gen/p1] step=14336/22747 active=8/8 mi_stopped=0
tinker_cookbook.rl.ensemble:1270 [[92mINFO[0m]     [gen/p1] step=16384/22747 active=6/8 mi_stopped=0
tinker_cookbook.rl.ensemble:1270 [[92mINFO[0m]     [gen/p1] step=18432/22747 active=1/8 mi_stopped=0
tinker_cookbook.rl.ensemble:1270 [[92mINFO[0m]     [gen/p1] step=20480/22747 active=1/8 mi_stopped=0
__main__:1078 [[92mINFO[0m]   Group 6: multi-adapter generation 8 seqs in 2923.4s
__main__:1096 [[92mINFO[0m]   Group 6: batched ensemble scoring in 86.5s
__main__:1108 [[92mINFO[0m]   Group 6: rewards computed in 115.6s
__main__:1150 [[92mINFO[0m]     [g6][r1/8] adapter=0 R_exec=1.2475 true_MI=0.01382 RMI=0.0138 R_total=1.2489 correct=1 tokens=14814
__main__:1150 [[92mINFO[0m]     [g6][r2/8] adapter=1 R_exec=1.2530 true_MI=0.01264 RMI=0.0126 R_total=1.2543 correct=1 tokens=21134
__main__:1150 [[92mINFO[0m]     [g6][r3/8] adapter=2 R_exec=0.0000 true_MI=0.01325 RMI=0.0132 R_total=0.0013 correct=0 tokens=16666
__main__:1150 [[92mINFO[0m]     [g6][r4/8] adapter=3 R_exec=0.0000 true_MI=0.01307 RMI=0.0131 R_total=0.0013 correct=0 tokens=17483
__main__:1150 [[92mINFO[0m]     [g6][r5/8] adapter=4 R_exec=0.0000 true_MI=0.01427 RMI=0.0143 R_total=0.0014 correct=0 tokens=16887
__main__:1150 [[92mINFO[0m]     [g6][r6/8] adapter=0 R_exec=1.2530 true_MI=0.01438 RMI=0.0144 R_total=1.2544 correct=1 tokens=16868
__main__:1150 [[92mINFO[0m]     [g6][r7/8] adapter=1 R_exec=0.0000 true_MI=0.01365 RMI=0.0137 R_total=0.0014 correct=0 tokens=15969
__main__:1150 [[92mINFO[0m]     [g6][r8/8] adapter=2 R_exec=1.2530 true_MI=0.01408 RMI=0.0141 R_total=1.2544 correct=1 tokens=17676
__main__:1167 [[92mINFO[0m]   [g6] group true_MI: mean=0.01364 std=0.00062 max=0.01438 normalized=[1.01 0.93 0.97 0.96 1.05 1.05 1.00 1.03]
tinker_cookbook.utils.ml_log:143 [[92mINFO[0m] Wrote metrics to logs/aws/wave4/ahc039-ugttt/metrics.jsonl
tinker_cookbook.utils.ml_log:240 [[92mINFO[0m] Logging to: https://wandb.ai/kriaz-msee20seecs-nust/ugttt-rebuttal/runs/1r8hc8kt
tinker_cookbook.utils.ml_log:143 [[92mINFO[0m] Wrote metrics to logs/aws/wave4/ahc039-ugttt/metrics.jsonl
tinker_cookbook.utils.ml_log:240 [[92mINFO[0m] Logging to: https://wandb.ai/kriaz-msee20seecs-nust/ugttt-rebuttal/runs/1r8hc8kt
tinker_cookbook.utils.ml_log:143 [[92mINFO[0m] Wrote metrics to logs/aws/wave4/ahc039-ugttt/metrics.jsonl
tinker_cookbook.utils.ml_log:240 [[92mINFO[0m] Logging to: https://wandb.ai/kriaz-msee20seecs-nust/ugttt-rebuttal/runs/1r8hc8kt
tinker_cookbook.utils.ml_log:143 [[92mINFO[0m] Wrote metrics to logs/aws/wave4/ahc039-ugttt/metrics.jsonl
tinker_cookbook.utils.ml_log:240 [[92mINFO[0m] Logging to: https://wandb.ai/kriaz-msee20seecs-nust/ugttt-rebuttal/runs/1r8hc8kt
tinker_cookbook.utils.ml_log:143 [[92mINFO[0m] Wrote metrics to logs/aws/wave4/ahc039-ugttt/metrics.jsonl
tinker_cookbook.utils.ml_log:240 [[92mINFO[0m] Logging to: https://wandb.ai/kriaz-msee20seecs-nust/ugttt-rebuttal/runs/1r8hc8kt
tinker_cookbook.utils.ml_log:143 [[92mINFO[0m] Wrote metrics to logs/aws/wave4/ahc039-ugttt/metrics.jsonl
tinker_cookbook.utils.ml_log:240 [[92mINFO[0m] Logging to: https://wandb.ai/kriaz-msee20seecs-nust/ugttt-rebuttal/runs/1r8hc8kt
tinker_cookbook.utils.ml_log:143 [[92mINFO[0m] Wrote metrics to logs/aws/wave4/ahc039-ugttt/metrics.jsonl
tinker_cookbook.utils.ml_log:240 [[92mINFO[0m] Logging to: https://wandb.ai/kriaz-msee20seecs-nust/ugttt-rebuttal/runs/1r8hc8kt
tinker_cookbook.utils.ml_log:143 [[92mINFO[0m] Wrote metrics to logs/aws/wave4/ahc039-ugttt/metrics.jsonl
tinker_cookbook.utils.ml_log:240 [[92mINFO[0m] Logging to: https://wandb.ai/kriaz-msee20seecs-nust/ugttt-rebuttal/runs/1r8hc8kt
__main__:1949 [[92mINFO[0m]   [5][7/8] KEPT | R_exec=0.6258 (max=1.2530) RMI=0.0136 R_total=0.6272 | 3039.1s | GPU: 18.8/19.7GB
tinker_cookbook.utils.ml_log:143 [[92mINFO[0m] Wrote metrics to logs/aws/wave4/ahc039-ugttt/metrics.jsonl
tinker_cookbook.utils.ml_log:240 [[92mINFO[0m] Logging to: https://wandb.ai/kriaz-msee20seecs-nust/ugttt-rebuttal/runs/1r8hc8kt
tinker_cookbook.rl.ensemble:1082 [[92mINFO[0m]   generate_batch_multi_adapter_two_phase: N=8 phase1_max=26000 streaming_mi=False kv_q=False
tinker_cookbook.rl.ensemble:1270 [[92mINFO[0m]     [gen/p1] step=2048/22100 active=8/8 mi_stopped=0
tinker_cookbook.rl.ensemble:1270 [[92mINFO[0m]     [gen/p1] step=4096/22100 active=8/8 mi_stopped=0
tinker_cookbook.rl.ensemble:1270 [[92mINFO[0m]     [gen/p1] step=6144/22100 active=8/8 mi_stopped=0
tinker_cookbook.rl.ensemble:1270 [[92mINFO[0m]     [gen/p1] step=8192/22100 active=8/8 mi_stopped=0
tinker_cookbook.rl.ensemble:1270 [[92mINFO[0m]     [gen/p1] step=10240/22100 active=8/8 mi_stopped=0
tinker_cookbook.rl.ensemble:1270 [[92mINFO[0m]     [gen/p1] step=12288/22100 active=8/8 mi_stopped=0
tinker_cookbook.rl.ensemble:1270 [[92mINFO[0m]     [gen/p1] step=14336/22100 active=6/8 mi_stopped=0
tinker_cookbook.rl.ensemble:1270 [[92mINFO[0m]     [gen/p1] step=16384/22100 active=4/8 mi_stopped=0
tinker_cookbook.rl.ensemble:1270 [[92mINFO[0m]     [gen/p1] step=18432/22100 active=1/8 mi_stopped=0
tinker_cookbook.rl.ensemble:1270 [[92mINFO[0m]     [gen/p1] step=20480/22100 active=1/8 mi_stopped=0
__main__:1078 [[92mINFO[0m]   Group 7: multi-adapter generation 8 seqs in 2991.0s
__main__:1096 [[92mINFO[0m]   Group 7: batched ensemble scoring in 83.7s
__main__:1108 [[92mINFO[0m]   Group 7: rewards computed in 83.8s
__main__:1150 [[92mINFO[0m]     [g7][r1/8] adapter=0 R_exec=1.2530 true_MI=0.01396 RMI=0.0140 R_total=1.2544 correct=1 tokens=12460
__main__:1150 [[92mINFO[0m]     [g7][r2/8] adapter=1 R_exec=0.0000 true_MI=0.01319 RMI=0.0132 R_total=0.0013 correct=0 tokens=21103
__main__:1150 [[92mINFO[0m]     [g7][r3/8] adapter=2 R_exec=1.0103 true_MI=0.01309 RMI=0.0131 R_total=1.0116 correct=1 tokens=16584
__main__:1150 [[92mINFO[0m]     [g7][r4/8] adapter=3 R_exec=0.0000 true_MI=0.01382 RMI=0.0138 R_total=0.0014 correct=0 tokens=12472
__main__:1150 [[92mINFO[0m]     [g7][r5/8] adapter=4 R_exec=0.0000 true_MI=0.01286 RMI=0.0129 R_total=0.0013 correct=0 tokens=17145
__main__:1150 [[92mINFO[0m]     [g7][r6/8] adapter=0 R_exec=1.2475 true_MI=0.01421 RMI=0.0142 R_total=1.2489 correct=1 tokens=17564
__main__:1150 [[92mINFO[0m]     [g7][r7/8] adapter=1 R_exec=1.2475 true_MI=0.01397 RMI=0.0140 R_total=1.2489 correct=1 tokens=15746
__main__:1150 [[92mINFO[0m]     [g7][r8/8] adapter=2 R_exec=1.2475 true_MI=0.01370 RMI=0.0137 R_total=1.2489 correct=1 tokens=14350
__main__:1167 [[92mINFO[0m]   [g7] group true_MI: mean=0.01360 std=0.00049 max=0.01421 normalized=[1.03 0.97 0.96 1.02 0.95 1.05 1.03 1.01]
tinker_cookbook.utils.ml_log:143 [[92mINFO[0m] Wrote metrics to logs/aws/wave4/ahc039-ugttt/metrics.jsonl
tinker_cookbook.utils.ml_log:240 [[92mINFO[0m] Logging to: https://wandb.ai/kriaz-msee20seecs-nust/ugttt-rebuttal/runs/1r8hc8kt
tinker_cookbook.utils.ml_log:143 [[92mINFO[0m] Wrote metrics to logs/aws/wave4/ahc039-ugttt/metrics.jsonl
tinker_cookbook.utils.ml_log:240 [[92mINFO[0m] Logging to: https://wandb.ai/kriaz-msee20seecs-nust/ugttt-rebuttal/runs/1r8hc8kt
tinker_cookbook.utils.ml_log:143 [[92mINFO[0m] Wrote metrics to logs/aws/wave4/ahc039-ugttt/metrics.jsonl
tinker_cookbook.utils.ml_log:240 [[92mINFO[0m] Logging to: https://wandb.ai/kriaz-msee20seecs-nust/ugttt-rebuttal/runs/1r8hc8kt
tinker_cookbook.utils.ml_log:143 [[92mINFO[0m] Wrote metrics to logs/aws/wave4/ahc039-ugttt/metrics.jsonl
tinker_cookbook.utils.ml_log:240 [[92mINFO[0m] Logging to: https://wandb.ai/kriaz-msee20seecs-nust/ugttt-rebuttal/runs/1r8hc8kt
tinker_cookbook.utils.ml_log:143 [[92mINFO[0m] Wrote metrics to logs/aws/wave4/ahc039-ugttt/metrics.jsonl
tinker_cookbook.utils.ml_log:240 [[92mINFO[0m] Logging to: https://wandb.ai/kriaz-msee20seecs-nust/ugttt-rebuttal/runs/1r8hc8kt
tinker_cookbook.utils.ml_log:143 [[92mINFO[0m] Wrote metrics to logs/aws/wave4/ahc039-ugttt/metrics.jsonl
tinker_cookbook.utils.ml_log:240 [[92mINFO[0m] Logging to: https://wandb.ai/kriaz-msee20seecs-nust/ugttt-rebuttal/runs/1r8hc8kt
tinker_cookbook.utils.ml_log:143 [[92mINFO[0m] Wrote metrics to logs/aws/wave4/ahc039-ugttt/metrics.jsonl
tinker_cookbook.utils.ml_log:240 [[92mINFO[0m] Logging to: https://wandb.ai/kriaz-msee20seecs-nust/ugttt-rebuttal/runs/1r8hc8kt
tinker_cookbook.utils.ml_log:143 [[92mINFO[0m] Wrote metrics to logs/aws/wave4/ahc039-ugttt/metrics.jsonl
tinker_cookbook.utils.ml_log:240 [[92mINFO[0m] Logging to: https://wandb.ai/kriaz-msee20seecs-nust/ugttt-rebuttal/runs/1r8hc8kt
__main__:1949 [[92mINFO[0m]   [5][8/8] KEPT | R_exec=0.7507 (max=1.2530) RMI=0.0136 R_total=0.7521 | 3074.9s | GPU: 18.8/19.6GB
tinker_cookbook.utils.ml_log:143 [[92mINFO[0m] Wrote metrics to logs/aws/wave4/ahc039-ugttt/metrics.jsonl
tinker_cookbook.utils.ml_log:240 [[92mINFO[0m] Logging to: https://wandb.ai/kriaz-msee20seecs-nust/ugttt-rebuttal/runs/1r8hc8kt
__main__:1988 [[92mINFO[0m] [Epoch 5] Rollout phase done in 23026.1s. Training on 8/8 groups...
tinker_cookbook.utils.ml_log:143 [[92mINFO[0m] Wrote metrics to logs/aws/wave4/ahc039-ugttt/metrics.jsonl
tinker_cookbook.utils.ml_log:195 [[92mINFO[0m] 
┏━━━━━━━━━━━━━━━━━━━━━━━━━━━━━━━━┳━━━━━━━━━━━━━━━┓
┃ Metric                         ┃ Value         ┃
┡━━━━━━━━━━━━━━━━━━━━━━━━━━━━━━━━╇━━━━━━━━━━━━━━━┩
│ gpu/memory_allocated_gb        │ 18.828612     │
│ gpu/memory_peak_gb             │ 76.798070     │
│ gpu/memory_reserved_gb         │ 18.865979     │
│ kl_policy_base                 │ 0.002620      │
│ optim/entropy                  │ 0.452133      │
│ optim/kl_sample_train_v1       │ 0.003480      │
│ optim/kl_sample_train_v2       │ 0.003653      │
│ progress/done_frac             │ 1.000000      │
│ progress/epoch                 │ 5             │
│ rollout/groups_attempted       │ 8.000000      │
│ rollout/groups_filtered        │ 0.000000      │
│ rollout/groups_kept            │ 8.000000      │
│ rollout/intra_group_reward_std │ 0.483696      │
│ time/rollout                   │ 23026.134585  │
│ time/total                     │ 25016.437275  │
│ time/train                     │ 1990.170276   │
│ train/advantage/max            │ 8.773836      │
│ train/advantage/mean           │ 0.254470      │
│ train/advantage/min            │ -2.761955     │
│ train/advantage/std            │ 1.879661      │
│ train/beta/mean                │ 131158.628974 │
│ train/beta/std                 │ 346751.208790 │
│ train/correctness/mean         │ 0.562500      │
│ train/correctness/rate         │ 0.562500      │
│ train/ensemble/frac_high_disa… │ 0.499986      │
│ train/ensemble/max_token_disa… │ 10.343875     │
│ train/ensemble/member_logprob… │ 0.004676      │
│ train/ensemble/member_logprob… │ 0.001865      │
│ train/gamma_eff/mean           │ 0.627414      │
│ train/gen/num_tokens/max       │ 25629.000000  │
│ train/gen/num_tokens/mean      │ 14557.890625  │
│ train/gen/num_tokens/std       │ 5856.889688   │
│ train/group/rmi_exec_corr/mean │ 0.029510      │
│ train/group/rmi_exec_corr/std  │ 0.340816      │
│ train/loss                     │ -0.276092     │
│ train/nnm_loss                 │ -0.059446     │
│ train/nnm_nuclear_norm         │ 46.764032     │
│ train/num_groups               │ 8.000000      │
│ train/num_rollouts             │ 59.000000     │
│ train/num_rollouts_total       │ 64.000000     │
│ train/reward/exec/best         │ 1.267076      │
│ train/reward/exec/max          │ 1.267076      │
│ train/reward/exec/mean         │ 0.607243      │
│ train/reward/exec/min          │ 0.000000      │
│ train/reward/exec/std          │ 0.599522      │
│ train/reward/rmi/max           │ 0.016703      │
│ train/reward/rmi/mean          │ 0.013200      │
│ train/reward/rmi/min           │ 0.011359      │
│ train/reward/rmi/std           │ 0.000844      │
│ train/reward/total/best        │ 1.268386      │
│ train/reward/total/max         │ 1.268386      │
│ train/reward/total/mean        │ 0.608563      │
│ train/reward/total/min         │ 0.001136      │
│ train/reward/total/std         │ 0.599522      │
│ train/streaming_mi/stop_rate   │ 0.000000      │
│ train/streaming_mi/tokens_sav… │ 0.000000      │
│ train/streaming_mi/tokens_sav… │ 0.000000      │
│ train/two_phase/phase1_tokens… │ 14510.296875  │
│ train/two_phase/phase2_tokens… │ 47.250000     │
│ train/two_phase/prefill_rate   │ 0.015625      │
│ train/uncertainty/predictive_… │ 0.118186      │
│ train/uncertainty/predictive_… │ 0.094827      │
│ train/uncertainty/predictive_… │ 0.040487      │
│ train/uncertainty/predictive_… │ 0.019763      │
│ train/uncertainty/predictive_… │ 0.364702      │
│ train/uncertainty/predictive_… │ 0.361030      │
│ train/uncertainty/predictive_… │ 0.335963      │
│ train/uncertainty/predictive_… │ 0.006255      │
│ train/uncertainty/rmi/max      │ 0.003551      │
│ train/uncertainty/rmi/mean     │ 0.002548      │
│ train/uncertainty/rmi/min      │ 0.002010      │
│ train/uncertainty/rmi/std      │ 0.000292      │
│ train/uncertainty/rmi_top7/max │ 0.045416      │
│ train/uncertainty/rmi_top7/me… │ 0.029798      │
│ train/uncertainty/rmi_top7/min │ 0.023603      │
│ train/uncertainty/rmi_top7/std │ 0.004619      │
│ train/uncertainty/top7_mi_cod… │ 0.000226      │
│ train/uncertainty/top7_mi_cod… │ 0.001792      │
│ train/uncertainty/top7_mi_thi… │ 0.010756      │
│ train/uncertainty/top7_mi_thi… │ 0.001179      │
│ train/uncertainty/top7_pct_co… │ 0.000231      │
│ train/uncertainty/top7_pct_co… │ 0.001830      │
│ train/uncertainty/top7_pct_th… │ 0.817449      │
│ train/uncertainty/top7_pct_th… │ 0.161322      │
│ train/uncertainty/true_mi/max  │ 0.016703      │
│ train/uncertainty/true_mi/mean │ 0.013200      │
│ train/uncertainty/true_mi/min  │ 0.011359      │
│ train/uncertainty/true_mi/std  │ 0.000844      │
│ train/uncertainty/variance/max │ 0.010592      │
│ train/uncertainty/variance/me… │ 0.007118      │
│ train/uncertainty/variance/min │ 0.005476      │
│ train/uncertainty/variance/std │ 0.000976      │
│ train/uncertainty/variance_to… │ 0.138033      │
│ train/uncertainty/variance_to… │ 0.085151      │
│ train/uncertainty/variance_to… │ 0.062784      │
│ train/uncertainty/variance_to… │ 0.015612      │
└────────────────────────────────┴───────────────┘
tinker_cookbook.utils.ml_log:240 [[92mINFO[0m] Logging to: https://wandb.ai/kriaz-msee20seecs-nust/ugttt-rebuttal/runs/1r8hc8kt
__main__:2062 [[92mINFO[0m] [Epoch 5] R_exec=0.6072 (max=1.2671 best=1.2671) RMI=0.0132 beta=131158.63 corr=56.2% loss=-0.2761 nuc=46.764 groups=8/8 time=25016.4s
__main__:2073 [[92mINFO[0m] Checkpoint saved at epoch 5
wandb: uploading data; updating run metadata
wandb: uploading data; uploading config.yaml
wandb: uploading data
wandb: uploading history steps 510-510, summary, console lines 2659-2763
wandb: uploading data
wandb: 
wandb: Run history:
wandb:  gpu/memory_allocated_gb ▁▁▁▁▁▁▁▁████████████████████████████
wandb:       gpu/memory_peak_gb ▁▇██
wandb:   gpu/memory_reserved_gb ▄▃▃▁▃▃▃▂▁▆▆▇█▆▅▆▇▁▇▇▆▃▆▇█▆▁▇▇▆▆▃▃▇▆▁
wandb:           kl_policy_base ▅█▁▆
wandb:            optim/entropy ▁▂▃█
wandb: optim/kl_sample_train_v1 █▁▆▂
wandb: optim/kl_sample_train_v2 █▁▇▂
wandb:       progress/done_frac ▁▃▆█
wandb:           progress/epoch ▁▁▁▁▁▁▁▁▄▄▄▄▄▄▄▄▄▅▅▅▅▅▅▅▅▅▇▇▇▇▇▇▇▇▇█
wandb:     rollout/_global_step ▁▁▁▁▂▂▂▂▃▃▃▃▃▃▃▄▄▄▄▄▅▅▅▅▅▆▆▆▆▆▇▇▇▇▇▇▇▇██
wandb:                     +128 ...
wandb: 
wandb: Run summary:
wandb:  gpu/memory_allocated_gb 18.82861
wandb:       gpu/memory_peak_gb 76.79807
wandb:   gpu/memory_reserved_gb 18.86598
wandb:           kl_policy_base 0.00262
wandb:            optim/entropy 0.45213
wandb: optim/kl_sample_train_v1 0.00348
wandb: optim/kl_sample_train_v2 0.00365
wandb:       progress/done_frac 1
wandb:           progress/epoch 5
wandb:     rollout/_global_step 383
wandb:                     +128 ...
wandb: 
wandb: 🚀 View run ahc039-ugttt at: https://wandb.ai/kriaz-msee20seecs-nust/ugttt-rebuttal/runs/1r8hc8kt
wandb: ⭐️ View project at: https://wandb.ai/kriaz-msee20seecs-nust/ugttt-rebuttal
wandb: Synced 5 W&B file(s), 0 media file(s), 0 artifact file(s) and 0 other file(s)
wandb: Find logs at: ./logs/aws/wave4/ahc039-ugttt/wandb/run-20260730_122743-1r8hc8kt/logs
__main__:2082 [[92mINFO[0m] Training complete
[W731 18:36:15.238177936 AllocatorConfig.cpp:28] Warning: PYTORCH_CUDA_ALLOC_CONF is deprecated, use PYTORCH_ALLOC_CONF instead (function operator())
